"query_type","query_value","worms_id","itis_id","matched_name","accepted_name","rank","status","checked_date","notes"
"aphia","1",1,,"Biota","Biota","Superdomain","accepted","2026-08-05",
"aphia","101",101,69459,"Gastropoda","Gastropoda","Class","accepted","2026-08-05","2026-08-05: itis_id 69459 via WoRMS external link"
"aphia","1015120",1015120,,"Monolene asaedae","Monolene asaedae","Species","accepted","2026-08-05",
"aphia","1018702",1018702,,"Kyphosus ocyurus","Kyphosus ocyurus","Species","accepted","2026-08-05",
"aphia","1018969",1018969,,"Hyporhamphus pacificus","Hyporhamphus pacificus","Species","accepted","2026-08-05",
"aphia","10193",10193,159786,"Elasmobranchii","Elasmobranchii","Class","accepted","2026-08-05","2026-08-05: itis_id 159786 via WoRMS external link"
"aphia","10194",10194,161061,"Actinopterygii","Actinopterygii","Gigaclass","accepted","2026-08-05","2026-08-05: itis_id 161061 via WoRMS external link"
"aphia","1019728",1019728,,"Kyphosus azureus","Kyphosus azureus","Species","accepted","2026-08-05",
"aphia","1021098",1021098,,"Sargocentron suborbitale","Sargocentron suborbitale","Species","accepted","2026-08-05",
"aphia","10215",10215,649684,"Torpediniformes","Torpediniformes","Order","accepted","2026-08-05","2026-08-05: itis_id 649684 via WoRMS external link"
"aphia","10292",10292,161107,"Elopiformes","Elopiformes","Order","accepted","2026-08-05","2026-08-05: itis_id 161107 via WoRMS external link"
"aphia","10295",10295,161123,"Anguilliformes","Anguilliformes","Order","accepted","2026-08-05","2026-08-05: itis_id 161123 via WoRMS external link"
"aphia","10297",10297,161694,"Clupeiformes","Clupeiformes","Order","accepted","2026-08-05","2026-08-05: itis_id 161694 via WoRMS external link"
"aphia","10304",10304,553133,"Osmeriformes","Osmeriformes","Order","accepted","2026-08-05","2026-08-05: itis_id 553133 via WoRMS external link"
"aphia","10306",10306,553138,"Stomiiformes","Stomiiformes","Order","accepted","2026-08-05","2026-08-05: itis_id 553138 via WoRMS external link"
"aphia","10308",10308,553127,"Aulopiformes","Aulopiformes","Order","accepted","2026-08-05","2026-08-05: itis_id 553127 via WoRMS external link"
"aphia","10309",10309,162368,"Myctophiformes","Myctophiformes","Order","accepted","2026-08-05","2026-08-05: itis_id 162368 via WoRMS external link"
"aphia","10310",10310,638685,"Lampriformes","Lampriformes","Order","accepted","2026-08-05","2026-08-05: itis_id 638685 via WoRMS external link"
"aphia","10313",10313,164665,"Gadiformes","Gadiformes","Order","accepted","2026-08-05","2026-08-05: itis_id 164665 via WoRMS external link"
"aphia","10314",10314,553139,"Ophidiiformes","Ophidiiformes","Order","accepted","2026-08-05","2026-08-05: itis_id 553139 via WoRMS external link"
"aphia","10315",10315,164411,"Batrachoidiformes","Batrachoidiformes","Order","accepted","2026-08-05","2026-08-05: itis_id 164411 via WoRMS external link"
"aphia","10316",10316,164495,"Lophiiformes","Lophiiformes","Order","accepted","2026-08-05","2026-08-05: itis_id 164495 via WoRMS external link"
"aphia","10317",10317,164456,"Gobiesociformes","Gobiesociformes","Order","accepted","2026-08-05","2026-08-05: itis_id 164456 via WoRMS external link"
"aphia","10318",10318,165429,"Atheriniformes","Atheriniformes","Order","accepted","2026-08-05","2026-08-05: itis_id 165429 via WoRMS external link"
"aphia","10320",10320,553128,"Beloniformes","Beloniformes","Order","accepted","2026-08-05","2026-08-05: itis_id 553128 via WoRMS external link"
"aphia","10322",10322,166083,"Beryciformes","Beryciformes","Order","accepted","2026-08-05","2026-08-05: itis_id 166083 via WoRMS external link"
"aphia","10327",10327,644840,"Syngnathiformes","Syngnathiformes","Order","accepted","2026-08-05","2026-08-05: itis_id 644840 via WoRMS external link"
"aphia","10331",10331,172702,"Pleuronectiformes","Pleuronectiformes","Order","accepted","2026-08-05","2026-08-05: itis_id 172702 via WoRMS external link"
"aphia","10332",10332,173112,"Tetraodontiformes","Tetraodontiformes","Order","accepted","2026-08-05","2026-08-05: itis_id 173112 via WoRMS external link"
"aphia","104075",104075,85413,"Aetideidae","Aetideidae","Family","accepted","2026-08-05","2026-08-05: itis_id 85413 via WoRMS external link"
"aphia","104079",104079,85259,"Calanidae","Calanidae","Family","accepted","2026-08-05","2026-08-05: itis_id 85259 via WoRMS external link"
"aphia","104080",104080,86019,"Candaciidae","Candaciidae","Family","accepted","2026-08-05","2026-08-05: itis_id 86019 via WoRMS external link"
"aphia","104085",104085,85299,"Eucalanidae","Eucalanidae","Family","accepted","2026-08-05","2026-08-05: itis_id 85299 via WoRMS external link"
"aphia","104086",104086,85524,"Euchaetidae","Euchaetidae","Family","accepted","2026-08-05","2026-08-05: itis_id 85524 via WoRMS external link"
"aphia","104087",104087,85907,"Heterorhabdidae","Heterorhabdidae","Family","accepted","2026-08-05","2026-08-05: itis_id 85907 via WoRMS external link"
"aphia","104088",104088,85883,"Lucicutiidae","Lucicutiidae","Family","accepted","2026-08-05","2026-08-05: itis_id 85883 via WoRMS external link"
"aphia","104092",104092,593501,"Metridinidae","Metridinidae","Family","accepted","2026-08-05","2026-08-05: itis_id 593501 via WoRMS external link"
"aphia","104097",104097,86038,"Pontellidae","Pontellidae","Family","accepted","2026-08-05","2026-08-05: itis_id 86038 via WoRMS external link"
"aphia","104103",104103,593500,"Scolecitrichidae","Scolecitrichidae","Family","accepted","2026-08-05","2026-08-05: itis_id 593500 via WoRMS external link"
"aphia","105718",105718,160829,"Torpedinidae","Torpedinidae","Family","accepted","2026-08-05","2026-08-05: itis_id 160829 via WoRMS external link"
"aphia","1057247",1057247,,"Euthyneura","Euthyneura","Infraclass","accepted","2026-08-05",
"aphia","1057249",1057249,,"Ringipleura","Ringipleura","Subterclass","accepted","2026-09-04",
"aphia","1057250",1057250,,"Tectipleura","Tectipleura","Subterclass","accepted","2026-08-05",
"aphia","106422",106422,88801,"Oithonidae","Oithonidae","Family","accepted","2026-08-05","2026-08-05: itis_id 88801 via WoRMS external link"
"aphia","1065",1065,82696,"Arthropoda","Arthropoda","Phylum","accepted","2026-08-05","2026-08-05: itis_id 82696 via WoRMS external link"
"aphia","1066",1066,83677,"Crustacea","Crustacea","Subphylum","accepted","2026-08-05","2026-08-05: itis_id 83677 via WoRMS external link"
"aphia","106669",106669,95600,"Dendrobranchiata","Dendrobranchiata","Suborder","accepted","2026-08-05","2026-08-05: itis_id 95600 via WoRMS external link"
"aphia","106670",106670,96105,"Pleocyemata","Pleocyemata","Suborder","accepted","2026-08-05","2026-08-05: itis_id 96105 via WoRMS external link"
"aphia","106671",106671,97698,"Anomura","Anomura","Infraorder","accepted","2026-08-05","2026-08-05: itis_id 97698 via WoRMS external link"
"aphia","106673",106673,98276,"Brachyura","Brachyura","Infraorder","accepted","2026-08-05","2026-08-05: itis_id 98276 via WoRMS external link"
"aphia","106674",106674,96106,"Caridea","Caridea","Infraorder","accepted","2026-08-05","2026-08-05: itis_id 96106 via WoRMS external link"
"aphia","106679",106679,,"Eubrachyura","Eubrachyura","Section","accepted","2026-08-05",
"aphia","106680",106680,,"Heterotremata","Heterotremata","Subsection","accepted","2026-08-05",
"aphia","106684",106684,206930,"Sergestoidea","Sergestoidea","Superfamily","accepted","2026-08-05","2026-08-05: itis_id 206930 via WoRMS external link"
"aphia","106685",106685,206948,"Galatheoidea","Galatheoidea","Superfamily","accepted","2026-08-05","2026-08-05: itis_id 206948 via WoRMS external link"
"aphia","106695",106695,206958,"Cancroidea","Cancroidea","Superfamily","accepted","2026-08-05","2026-08-05: itis_id 206958 via WoRMS external link"
"aphia","106717",106717,206938,"Pasiphaeoidea","Pasiphaeoidea","Superfamily","accepted","2026-08-05","2026-08-05: itis_id 206938 via WoRMS external link"
"aphia","106733",106733,97964,"Galatheidae","Galatheidae","Family","accepted","2026-08-05","2026-08-05: itis_id 97964 via WoRMS external link"
"aphia","106749",106749,98670,"Cancridae","Cancridae","Family","accepted","2026-08-05","2026-08-05: itis_id 98670 via WoRMS external link"
"aphia","106790",106790,96161,"Pasiphaeidae","Pasiphaeidae","Family","accepted","2026-08-05","2026-08-05: itis_id 96161 via WoRMS external link"
"aphia","106794",106794,97646,"Palinuridae","Palinuridae","Family","accepted","2026-08-05","2026-08-05: itis_id 97646 via WoRMS external link"
"aphia","107060",107060,97647,"Panulirus","Panulirus","Genus","accepted","2026-08-05","2026-08-05: itis_id 97647 via WoRMS external link"
"aphia","1071",1071,89787,"Malacostraca","Malacostraca","Class","accepted","2026-08-05","2026-08-05: itis_id 89787 via WoRMS external link"
"aphia","1078",1078,84195,"Ostracoda","Ostracoda","Class","accepted","2026-08-05","2026-08-05: itis_id 84195 via WoRMS external link"
"aphia","1080",1080,85257,"Copepoda","Copepoda","Class","accepted","2026-08-05","2026-08-05: itis_id 85257 via WoRMS external link"
"aphia","1082",1082,89433,"Cirripedia","Cirripedia","Subclass","accepted","2026-08-05","2026-08-05: itis_id 89433 via WoRMS external link"
"aphia","1086",1086,89801,"Eumalacostraca","Eumalacostraca","Subclass","accepted","2026-08-05","2026-08-05: itis_id 89801 via WoRMS external link"
"aphia","1089",1089,95495,"Eucarida","Eucarida","Superorder","accepted","2026-08-05","2026-08-05: itis_id 95495 via WoRMS external link"
"aphia","1090",1090,573755,"Peracarida","Peracarida","Superorder","accepted","2026-08-05","2026-08-05: itis_id 573755 via WoRMS external link"
"aphia","10919",10919,166271,"Zeiformes","Zeiformes","Order","accepted","2026-08-05","2026-08-05: itis_id 166271 via WoRMS external link"
"aphia","109391",109391,573275,"Gonyaulacales","Gonyaulacales","Order","accepted","2026-09-04","2026-09-04: itis_id 573275 via WoRMS external link"
"aphia","109392",109392,9994,"Gymnodiniales","Gymnodiniales","Order","accepted","2026-09-04","2026-09-04: itis_id 9994 via WoRMS external link"
"aphia","109393",109393,573278,"Noctilucales","Noctilucales","Order","accepted","2026-09-04","2026-09-04: itis_id 573278 via WoRMS external link"
"aphia","109394",109394,9995,"Peridiniales","Peridiniales","Order","accepted","2026-09-04","2026-09-04: itis_id 9995 via WoRMS external link"
"aphia","109396",109396,9875,"Prorocentrales","Prorocentrales","Order","accepted","2026-09-04","2026-09-04: itis_id 9875 via WoRMS external link"
"aphia","109404",109404,,"Dinophyceae incertae sedis","Dinophyceae incertae sedis","Order","temporary name","2026-09-04",
"aphia","109409",109409,183968,"Actiniscaceae","Actiniscaceae","Family","accepted","2026-09-04","2026-09-04: itis_id 183968 via WoRMS external link"
"aphia","109410",109410,9996,"Gymnodiniaceae","Gymnodiniaceae","Family","accepted","2026-09-04","2026-09-04: itis_id 9996 via WoRMS external link"
"aphia","109418",109418,10147,"Noctilucaceae","Noctilucaceae","Family","accepted","2026-09-04","2026-09-04: itis_id 10147 via WoRMS external link"
"aphia","109421",109421,10396,"Ceratiaceae","Ceratiaceae","Family","accepted","2026-09-04","2026-09-04: itis_id 10396 via WoRMS external link"
"aphia","109422",109422,573286,"Ceratocoryaceae","Ceratocoryaceae","Family","accepted","2026-09-04","2026-09-04: itis_id 573286 via WoRMS external link"
"aphia","109425",109425,10481,"Cladopyxidaceae","Cladopyxidaceae","Family","accepted","2026-09-04","2026-09-04: itis_id 10481 via WoRMS external link"
"aphia","109428",109428,10356,"Gonyaulacaceae","Gonyaulacaceae","Family","accepted","2026-09-04","2026-09-04: itis_id 10356 via WoRMS external link"
"aphia","109429",109429,10391,"Heterodiniaceae","Heterodiniaceae","Family","accepted","2026-09-04","2026-09-04: itis_id 10391 via WoRMS external link"
"aphia","109431",109431,573287,"Ostreopsidaceae","Ostreopsidaceae","Family","accepted","2026-09-04","2026-09-04: itis_id 573287 via WoRMS external link"
"aphia","109432",109432,10460,"Oxytoxaceae","Oxytoxaceae","Family","accepted","2026-09-04","2026-09-04: itis_id 10460 via WoRMS external link"
"aphia","109433",109433,10205,"Peridiniaceae","Peridiniaceae","Family","accepted","2026-09-04","2026-09-04: itis_id 10205 via WoRMS external link"
"aphia","109435",109435,,"Protoperidiniaceae","Protoperidiniaceae","Family","accepted","2026-09-04",
"aphia","109436",109436,10544,"Pyrophacaceae","Pyrophacaceae","Family","accepted","2026-09-04","2026-09-04: itis_id 10544 via WoRMS external link"
"aphia","109438",109438,2279,"Thoracosphaeraceae","Thoracosphaeraceae","Family","accepted","2026-09-04","2026-09-04: itis_id 2279 via WoRMS external link"
"aphia","109442",109442,9876,"Prorocentraceae","Prorocentraceae","Family","accepted","2026-09-04","2026-09-04: itis_id 9876 via WoRMS external link"
"aphia","109444",109444,573288,"Pyrocystaceae","Pyrocystaceae","Family","accepted","2026-09-04","2026-09-04: itis_id 573288 via WoRMS external link"
"aphia","109462",109462,9928,"Dinophysis","Dinophysis","Genus","accepted","2026-09-04","2026-09-04: itis_id 9928 via WoRMS external link"
"aphia","109466",109466,9929,"Phalacroma","Phalacroma","Genus","accepted","2026-09-04","2026-09-04: itis_id 9929 via WoRMS external link"
"aphia","109472",109472,183971,"Actiniscus","Actiniscus","Genus","accepted","2026-09-04","2026-09-04: itis_id 183971 via WoRMS external link"
"aphia","109478",109478,10155,"Ptychodiscus","Ptychodiscus","Genus","accepted","2026-09-04","2026-09-04: itis_id 10155 via WoRMS external link"
"aphia","109479",109479,10121,"Torodinium","Torodinium","Genus","accepted","2026-09-04","2026-09-04: itis_id 10121 via WoRMS external link"
"aphia","109487",109487,10143,"Pronoctiluca","Pronoctiluca","Genus","accepted","2026-09-04","2026-09-04: itis_id 10143 via WoRMS external link"
"aphia","109499",109499,331428,"Kofoidinium","Kofoidinium","Genus","accepted","2026-09-04","2026-09-04: itis_id 331428 via WoRMS external link"
"aphia","109500",109500,10148,"Noctiluca","Noctiluca","Genus","accepted","2026-09-04","2026-09-04: itis_id 10148 via WoRMS external link"
"aphia","109502",109502,,"Spatulodinium","Spatulodinium","Genus","accepted","2026-09-04",
"aphia","109506",109506,10397,"Ceratium","Ceratium","Genus","accepted","2026-09-04","2026-09-04: itis_id 10397 via WoRMS external link"
"aphia","109507",109507,183909,"Ceratocorys","Ceratocorys","Genus","accepted","2026-09-04","2026-09-04: itis_id 183909 via WoRMS external link"
"aphia","109512",109512,573299,"Palaeophalacroma","Palaeophalacroma","Genus","accepted","2026-09-04","2026-09-04: itis_id 573299 via WoRMS external link"
"aphia","109517",109517,10357,"Amphidoma","Amphidoma","Genus","accepted","2026-09-04","2026-09-04: itis_id 10357 via WoRMS external link"
"aphia","109519",109519,10359,"Gonyaulax","Gonyaulax","Genus","accepted","2026-09-04","2026-09-04: itis_id 10359 via WoRMS external link"
"aphia","109521",109521,573300,"Spiraulax","Spiraulax","Genus","accepted","2026-09-04","2026-09-04: itis_id 573300 via WoRMS external link"
"aphia","109522",109522,10394,"Heterodinium","Heterodinium","Genus","accepted","2026-09-04","2026-09-04: itis_id 10394 via WoRMS external link"
"aphia","109526",109526,183938,"Centrodinium","Centrodinium","Genus","accepted","2026-09-04","2026-09-04: itis_id 183938 via WoRMS external link"
"aphia","109527",109527,183946,"Corythodinium","Corythodinium","Genus","accepted","2026-09-04","2026-09-04: itis_id 183946 via WoRMS external link"
"aphia","109528",109528,10463,"Oxytoxum","Oxytoxum","Genus","accepted","2026-09-04","2026-09-04: itis_id 10463 via WoRMS external link"
"aphia","109543",109543,573307,"Peridiniella","Peridiniella","Genus","accepted","2026-09-04","2026-09-04: itis_id 573307 via WoRMS external link"
"aphia","109548",109548,10495,"Blepharocysta","Blepharocysta","Genus","accepted","2026-09-04","2026-09-04: itis_id 10495 via WoRMS external link"
"aphia","109549",109549,10212,"Peridinium","Peridinium","Genus","accepted","2026-09-04","2026-09-04: itis_id 10212 via WoRMS external link"
"aphia","109550",109550,10498,"Podolampas","Podolampas","Genus","accepted","2026-09-04","2026-09-04: itis_id 10498 via WoRMS external link"
"aphia","109553",109553,10340,"Protoperidinium","Protoperidinium","Genus","accepted","2026-09-04","2026-09-04: itis_id 10340 via WoRMS external link"
"aphia","109555",109555,10161,"Pyrophacus","Pyrophacus","Genus","accepted","2026-09-04","2026-09-04: itis_id 10161 via WoRMS external link"
"aphia","109558",109558,2280,"Thoracosphaera","Thoracosphaera","Genus","accepted","2026-09-04","2026-09-04: itis_id 2280 via WoRMS external link"
"aphia","109564",109564,9919,"Mesoporos","Mesoporos","Genus","accepted","2026-09-04","2026-09-04: itis_id 9919 via WoRMS external link"
"aphia","109566",109566,9877,"Prorocentrum","Prorocentrum","Genus","accepted","2026-09-04","2026-09-04: itis_id 9877 via WoRMS external link"
"aphia","109567",109567,10389,"Protoceratium","Protoceratium","Genus","accepted","2026-09-04","2026-09-04: itis_id 10389 via WoRMS external link"
"aphia","109571",109571,10551,"Pyrocystis","Pyrocystis","Genus","accepted","2026-09-04","2026-09-04: itis_id 10551 via WoRMS external link"
"aphia","109603",109603,9938,"Dinophysis acuminata","Dinophysis acuminata","Species","accepted","2026-09-04","2026-09-04: itis_id 9938 via WoRMS external link"
"aphia","109604",109604,9930,"Dinophysis acuta","Dinophysis acuta","Species","accepted","2026-09-04","2026-09-04: itis_id 9930 via WoRMS external link"
"aphia","109612",109612,9939,"Dinophysis caudata","Dinophysis caudata","Species","accepted","2026-09-04","2026-09-04: itis_id 9939 via WoRMS external link"
"aphia","109624",109624,9947,"Dinophysis fortii","Dinophysis fortii","Species","accepted","2026-09-04","2026-09-04: itis_id 9947 via WoRMS external link"
"aphia","109627",109627,9948,"Dinophysis hastata","Dinophysis hastata","Species","accepted","2026-09-04","2026-09-04: itis_id 9948 via WoRMS external link"
"aphia","109636",109636,573375,"Dinophysis mucronata","Dinophysis mucronata","Species","accepted","2026-09-04","2026-09-04: itis_id 573375 via WoRMS external link"
"aphia","109662",109662,9941,"Dinophysis tripos","Dinophysis tripos","Species","accepted","2026-09-04","2026-09-04: itis_id 9941 via WoRMS external link"
"aphia","109717",109717,183972,"Actiniscus pentasterias","Actiniscus pentasterias","Species","accepted","2026-09-04","2026-09-04: itis_id 183972 via WoRMS external link"
"aphia","109888",109888,331267,"Ptychodiscus noctiluca","Ptychodiscus noctiluca","Species","accepted","2026-09-04","2026-09-04: itis_id 331267 via WoRMS external link"
"aphia","109903",109903,10144,"Pronoctiluca pelagica","Pronoctiluca pelagica","Species","accepted","2026-09-04","2026-09-04: itis_id 10144 via WoRMS external link"
"aphia","109921",109921,10150,"Noctiluca scintillans","Noctiluca scintillans","Species","accepted","2026-09-04","2026-09-04: itis_id 10150 via WoRMS external link"
"aphia","109984",109984,550476,"Ceratocorys armata","Ceratocorys armata","Species","accepted","2026-09-04","2026-09-04: itis_id 550476 via WoRMS external link"
"aphia","1100",1100,85258,"Calanoida","Calanoida","Order","accepted","2026-08-05","2026-08-05: itis_id 85258 via WoRMS external link"
"aphia","110014",110014,10379,"Gonyaulax diegensis","Gonyaulax diegensis","Species","accepted","2026-09-04","2026-09-04: itis_id 10379 via WoRMS external link"
"aphia","110015",110015,573390,"Gonyaulax digitale","Gonyaulax digitale","Species","accepted","2026-09-04","2026-09-04: itis_id 573390 via WoRMS external link"
"aphia","110019",110019,615888,"Gonyaulax fragilis","Gonyaulax fragilis","Species","accepted","2026-09-04","2026-09-04: itis_id 615888 via WoRMS external link"
"aphia","110035",110035,10371,"Gonyaulax polygramma","Gonyaulax polygramma","Species","accepted","2026-09-04","2026-09-04: itis_id 10371 via WoRMS external link"
"aphia","110039",110039,10372,"Gonyaulax scrippsae","Gonyaulax scrippsae","Species","accepted","2026-09-04","2026-09-04: itis_id 10372 via WoRMS external link"
"aphia","110041",110041,10361,"Gonyaulax spinifera","Gonyaulax spinifera","Species","accepted","2026-09-04","2026-09-04: itis_id 10361 via WoRMS external link"
"aphia","110043",110043,573400,"Gonyaulax turbynei","Gonyaulax turbynei","Species","accepted","2026-09-04","2026-09-04: itis_id 573400 via WoRMS external link"
"aphia","110062",110062,,"Heterodinium minutum","Heterodinium minutum","Species","accepted","2026-09-04",
"aphia","110079",110079,,"Oxytoxum adriaticum","Oxytoxum adriaticum","Species","accepted","2026-09-04",
"aphia","110082",110082,573453,"Oxytoxum caudatum","Oxytoxum caudatum","Species","accepted","2026-09-04","2026-09-04: itis_id 573453 via WoRMS external link"
"aphia","110090",110090,550532,"Oxytoxum curvatum","Oxytoxum curvatum","Species","accepted","2026-09-04","2026-09-04: itis_id 550532 via WoRMS external link"
"aphia","110097",110097,550489,"Oxytoxum laticeps","Oxytoxum laticeps","Species","accepted","2026-09-04","2026-09-04: itis_id 550489 via WoRMS external link"
"aphia","1101",1101,88530,"Cyclopoida","Cyclopoida","Order","accepted","2026-08-05","2026-08-05: itis_id 88530 via WoRMS external link"
"aphia","110100",110100,573463,"Oxytoxum longum","Oxytoxum longum","Species","accepted","2026-09-04","2026-09-04: itis_id 573463 via WoRMS external link"
"aphia","110102",110102,573464,"Oxytoxum mediterraneum","Oxytoxum mediterraneum","Species","accepted","2026-09-04","2026-09-04: itis_id 573464 via WoRMS external link"
"aphia","110109",110109,10469,"Oxytoxum parvum","Oxytoxum parvum","Species","accepted","2026-09-04","2026-09-04: itis_id 10469 via WoRMS external link"
"aphia","110115",110115,10472,"Oxytoxum scolopax","Oxytoxum scolopax","Species","accepted","2026-09-04","2026-09-04: itis_id 10472 via WoRMS external link"
"aphia","110116",110116,10476,"Oxytoxum sphaeroideum","Oxytoxum sphaeroideum","Species","accepted","2026-09-04","2026-09-04: itis_id 10476 via WoRMS external link"
"aphia","11014",11014,167640,"Perciformes","Perciformes","Order","accepted","2026-08-05","2026-08-05: itis_id 167640 via WoRMS external link"
"aphia","110199",110199,10499,"Podolampas bipes","Podolampas bipes","Species","accepted","2026-09-04","2026-09-04: itis_id 10499 via WoRMS external link"
"aphia","1102",1102,86110,"Harpacticoida","Harpacticoida","Order","accepted","2026-08-05","2026-08-05: itis_id 86110 via WoRMS external link"
"aphia","110202",110202,,"Podolampas spinifera","Podolampas spinifera","Species","accepted","2026-09-04",
"aphia","110217",110217,10224,"Protoperidinium depressum","Protoperidinium depressum","Species","accepted","2026-09-04","2026-09-04: itis_id 10224 via WoRMS external link"
"aphia","110223",110223,10228,"Protoperidinium granii","Protoperidinium granii","Species","accepted","2026-09-04","2026-09-04: itis_id 10228 via WoRMS external link"
"aphia","110229",110229,10282,"Protoperidinium leonis","Protoperidinium leonis","Species","accepted","2026-09-04","2026-09-04: itis_id 10282 via WoRMS external link"
"aphia","110243",110243,573488,"Protoperidinium ovum","Protoperidinium ovum","Species","accepted","2026-09-04","2026-09-04: itis_id 573488 via WoRMS external link"
"aphia","110244",110244,10233,"Protoperidinium pallidum","Protoperidinium pallidum","Species","accepted","2026-09-04","2026-09-04: itis_id 10233 via WoRMS external link"
"aphia","110253",110253,,"Protoperidinium simulum","Protoperidinium simulum","Species","accepted","2026-09-04",
"aphia","110257",110257,,"Protoperidinium steinii","Protoperidinium steinii","Species","accepted","2026-09-04",
"aphia","110277",110277,2281,"Thoracosphaera heimii","Thoracosphaera heimii","Species","accepted","2026-09-04","2026-09-04: itis_id 2281 via WoRMS external link"
"aphia","110293",110293,9888,"Prorocentrum balticum","Prorocentrum balticum","Species","accepted","2026-09-04","2026-09-04: itis_id 9888 via WoRMS external link"
"aphia","110297",110297,9915,"Prorocentrum dactylus","Prorocentrum dactylus","Species","accepted","2026-09-04","2026-09-04: itis_id 9915 via WoRMS external link"
"aphia","110300",110300,9901,"Prorocentrum gracile","Prorocentrum gracile","Species","accepted","2026-09-04","2026-09-04: itis_id 9901 via WoRMS external link"
"aphia","110303",110303,9879,"Prorocentrum micans","Prorocentrum micans","Species","accepted","2026-09-04","2026-09-04: itis_id 9879 via WoRMS external link"
"aphia","110311",110311,9910,"Prorocentrum rostratum","Prorocentrum rostratum","Species","accepted","2026-09-04","2026-09-04: itis_id 9910 via WoRMS external link"
"aphia","110312",110312,9912,"Prorocentrum rotundatum","Prorocentrum rotundatum","Species","accepted","2026-09-04","2026-09-04: itis_id 9912 via WoRMS external link"
"aphia","110316",110316,9881,"Prorocentrum triestinum","Prorocentrum triestinum","Species","accepted","2026-09-04","2026-09-04: itis_id 9881 via WoRMS external link"
"aphia","110317",110317,9896,"Prorocentrum vaginulum","Prorocentrum vaginulum","Species","accepted","2026-09-04","2026-09-04: itis_id 9896 via WoRMS external link"
"aphia","110319",110319,573502,"Protoceratium areolatum","Protoceratium areolatum","Species","accepted","2026-09-04","2026-09-04: itis_id 573502 via WoRMS external link"
"aphia","110328",110328,10553,"Pyrocystis fusiformis","Pyrocystis fusiformis","Species","accepted","2026-09-04","2026-09-04: itis_id 10553 via WoRMS external link"
"aphia","110671",110671,95500,"Euphausiidae","Euphausiidae","Family","accepted","2026-08-05","2026-08-05: itis_id 95500 via WoRMS external link"
"aphia","110673",110673,95501,"Euphausia","Euphausia","Genus","accepted","2026-08-05","2026-08-05: itis_id 95501 via WoRMS external link"
"aphia","110675",110675,95535,"Nematobrachion","Nematobrachion","Genus","accepted","2026-08-05","2026-08-05: itis_id 95535 via WoRMS external link"
"aphia","110677",110677,95547,"Nyctiphanes","Nyctiphanes","Genus","accepted","2026-08-05","2026-08-05: itis_id 95547 via WoRMS external link"
"aphia","110678",110678,95556,"Stylocheiron","Stylocheiron","Genus","accepted","2026-08-05","2026-08-05: itis_id 95556 via WoRMS external link"
"aphia","110679",110679,95571,"Thysanoessa","Thysanoessa","Genus","accepted","2026-08-05","2026-08-05: itis_id 95571 via WoRMS external link"
"aphia","110680",110680,95582,"Thysanopoda","Thysanopoda","Genus","accepted","2026-08-05","2026-08-05: itis_id 95582 via WoRMS external link"
"aphia","110683",110683,95504,"Euphausia brevis","Euphausia brevis","Species","accepted","2026-08-05","2026-08-05: itis_id 95504 via WoRMS external link"
"aphia","110684",110684,95527,"Euphausia gibboides","Euphausia gibboides","Species","accepted","2026-08-05","2026-08-05: itis_id 95527 via WoRMS external link"
"aphia","110686",110686,95505,"Euphausia hemigibba","Euphausia hemigibba","Species","accepted","2026-08-05","2026-08-05: itis_id 95505 via WoRMS external link"
"aphia","110688",110688,95509,"Euphausia mutica","Euphausia mutica","Species","accepted","2026-08-05","2026-08-05: itis_id 95509 via WoRMS external link"
"aphia","110691",110691,95537,"Nematobrachion boopis","Nematobrachion boopis","Species","accepted","2026-08-05","2026-08-05: itis_id 95537 via WoRMS external link"
"aphia","110692",110692,95536,"Nematobrachion flexipes","Nematobrachion flexipes","Species","accepted","2026-08-05","2026-08-05: itis_id 95536 via WoRMS external link"
"aphia","110699",110699,95561,"Stylocheiron abbreviatum","Stylocheiron abbreviatum","Species","accepted","2026-08-05","2026-08-05: itis_id 95561 via WoRMS external link"
"aphia","110700",110700,95562,"Stylocheiron affine","Stylocheiron affine","Species","accepted","2026-08-05","2026-08-05: itis_id 95562 via WoRMS external link"
"aphia","110701",110701,95563,"Stylocheiron carinatum","Stylocheiron carinatum","Species","accepted","2026-08-05","2026-08-05: itis_id 95563 via WoRMS external link"
"aphia","110702",110702,95559,"Stylocheiron elongatum","Stylocheiron elongatum","Species","accepted","2026-08-05","2026-08-05: itis_id 95559 via WoRMS external link"
"aphia","110703",110703,95557,"Stylocheiron longicorne","Stylocheiron longicorne","Species","accepted","2026-08-05","2026-08-05: itis_id 95557 via WoRMS external link"
"aphia","110704",110704,95558,"Stylocheiron maximum","Stylocheiron maximum","Species","accepted","2026-08-05","2026-08-05: itis_id 95558 via WoRMS external link"
"aphia","110706",110706,660859,"Stylocheiron suhmii","Stylocheiron suhmii","Species","accepted","2026-08-05","2026-08-05: itis_id 660859 via WoRMS external link"
"aphia","110707",110707,95572,"Thysanoessa gregaria","Thysanoessa gregaria","Species","accepted","2026-08-05","2026-08-05: itis_id 95572 via WoRMS external link"
"aphia","110714",110714,95584,"Thysanopoda cornuta","Thysanopoda cornuta","Species","accepted","2026-08-05","2026-08-05: itis_id 95584 via WoRMS external link"
"aphia","110716",110716,95585,"Thysanopoda egregia","Thysanopoda egregia","Species","accepted","2026-08-05","2026-08-05: itis_id 95585 via WoRMS external link"
"aphia","110718",110718,660853,"Thysanopoda monacantha","Thysanopoda monacantha","Species","accepted","2026-08-05","2026-08-05: itis_id 660853 via WoRMS external link"
"aphia","110719",110719,95591,"Thysanopoda obtusifrons","Thysanopoda obtusifrons","Species","accepted","2026-08-05","2026-08-05: itis_id 95591 via WoRMS external link"
"aphia","110720",110720,95589,"Thysanopoda pectinata","Thysanopoda pectinata","Species","accepted","2026-08-05","2026-08-05: itis_id 95589 via WoRMS external link"
"aphia","1128",1128,95496,"Euphausiacea","Euphausiacea","Order","accepted","2026-08-05","2026-08-05: itis_id 95496 via WoRMS external link"
"aphia","1130",1130,95599,"Decapoda","Decapoda","Order","accepted","2026-08-05","2026-08-05: itis_id 95599 via WoRMS external link"
"aphia","1135",1135,93294,"Amphipoda","Amphipoda","Order","accepted","2026-08-05","2026-08-05: itis_id 93294 via WoRMS external link"
"aphia","115058",115058,1935,"Mischococcales","Mischococcales","Order","accepted","2026-08-05","2026-08-05: itis_id 1935 via WoRMS external link"
"aphia","115060",115060,2137,"Isochrysidales","Isochrysidales","Order","accepted","2026-09-04","2026-09-04: itis_id 2137 via WoRMS external link"
"aphia","115063",115063,1937,"Pleurochloridaceae","Pleurochloridaceae","Family","accepted","2026-08-05","2026-08-05: itis_id 1937 via WoRMS external link"
"aphia","115064",115064,,"Calyptrosphaeraceae","Calyptrosphaeraceae","Family","accepted","2026-09-04",
"aphia","115067",115067,,"Pontosphaeraceae","Pontosphaeraceae","Family","accepted","2026-09-04",
"aphia","115068",115068,,"Rhabdosphaeraceae","Rhabdosphaeraceae","Family","accepted","2026-09-04",
"aphia","115072",115072,2171,"Phaeocystaceae","Phaeocystaceae","Family","accepted","2026-08-05","2026-08-05: itis_id 2171 via WoRMS external link"
"aphia","115075",115075,1938,"Meringosphaera","Meringosphaera","Genus","accepted","2026-08-05","2026-08-05: itis_id 1938 via WoRMS external link"
"aphia","115081",115081,2222,"Ophiaster","Ophiaster","Genus","accepted","2026-09-04","2026-09-04: itis_id 2222 via WoRMS external link"
"aphia","115082",115082,2226,"Pontosphaera","Pontosphaera","Genus","accepted","2026-09-04","2026-09-04: itis_id 2226 via WoRMS external link"
"aphia","115083",115083,2187,"Acanthoica","Acanthoica","Genus","accepted","2026-09-04","2026-09-04: itis_id 2187 via WoRMS external link"
"aphia","115084",115084,2234,"Syracosphaera","Syracosphaera","Genus","accepted","2026-09-04","2026-09-04: itis_id 2234 via WoRMS external link"
"aphia","115088",115088,2172,"Phaeocystis","Phaeocystis","Genus","accepted","2026-08-05","2026-08-05: itis_id 2172 via WoRMS external link"
"aphia","11707",11707,82326,"Cephalopoda","Cephalopoda","Class","accepted","2026-08-05","2026-08-05: itis_id 82326 via WoRMS external link"
"aphia","11709",11709,82330,"Coleoidea","Coleoidea","Subclass","accepted","2026-08-05","2026-08-05: itis_id 82330 via WoRMS external link"
"aphia","11716",11716,82367,"Teuthida","Teuthida","Order","nomen dubium","2026-08-05","2026-08-05: itis_id 82367 via WoRMS external link"
"aphia","11718",11718,82589,"Octopoda","Octopoda","Order","accepted","2026-08-05","2026-08-05: itis_id 82589 via WoRMS external link"
"aphia","117200",117200,51265,"Velella","Velella","Genus","accepted","2026-08-05","2026-08-05: itis_id 51265 via WoRMS external link"
"aphia","11725",11725,82335,"Sepiolidae","Sepiolidae","Family","accepted","2026-08-05","2026-08-05: itis_id 82335 via WoRMS external link"
"aphia","11728",11728,,"Myopsida","Myopsida","Order","accepted","2026-08-05",
"aphia","11730",11730,82390,"Oegopsida","Oegopsida","Order","accepted","2026-08-05","2026-08-05: itis_id 82390 via WoRMS external link"
"aphia","11733",11733,,"Incirrata","Incirrata","Suborder","accepted","2026-08-05",
"aphia","11734",11734,82369,"Loliginidae","Loliginidae","Family","accepted","2026-08-05","2026-08-05: itis_id 82369 via WoRMS external link"
"aphia","11740",11740,82397,"Enoploteuthidae","Enoploteuthidae","Family","accepted","2026-08-05","2026-08-05: itis_id 82397 via WoRMS external link"
"aphia","11741",11741,82431,"Octopoteuthidae","Octopoteuthidae","Family","accepted","2026-08-05","2026-08-05: itis_id 82431 via WoRMS external link"
"aphia","11742",11742,82436,"Onychoteuthidae","Onychoteuthidae","Family","accepted","2026-08-05","2026-08-05: itis_id 82436 via WoRMS external link"
"aphia","11743",11743,82414,"Gonatidae","Gonatidae","Family","accepted","2026-08-05","2026-08-05: itis_id 82414 via WoRMS external link"
"aphia","11749",11749,82484,"Histioteuthidae","Histioteuthidae","Family","accepted","2026-08-05","2026-08-05: itis_id 82484 via WoRMS external link"
"aphia","11758",11758,82473,"Brachioteuthidae","Brachioteuthidae","Family","accepted","2026-08-05","2026-08-05: itis_id 82473 via WoRMS external link"
"aphia","11760",11760,82514,"Ommastrephidae","Ommastrephidae","Family","accepted","2026-08-05","2026-08-05: itis_id 82514 via WoRMS external link"
"aphia","11762",11762,82544,"Thysanoteuthidae","Thysanoteuthidae","Family","accepted","2026-08-05","2026-08-05: itis_id 82544 via WoRMS external link"
"aphia","11766",11766,82565,"Cycloteuthidae","Cycloteuthidae","Family","accepted","2026-08-05","2026-08-05: itis_id 82565 via WoRMS external link"
"aphia","11767",11767,82547,"Chiroteuthidae","Chiroteuthidae","Family","accepted","2026-08-05","2026-08-05: itis_id 82547 via WoRMS external link"
"aphia","11769",11769,82557,"Mastigoteuthidae","Mastigoteuthidae","Family","accepted","2026-08-05","2026-08-05: itis_id 82557 via WoRMS external link"
"aphia","11774",11774,82575,"Cranchiidae","Cranchiidae","Family","accepted","2026-08-05","2026-08-05: itis_id 82575 via WoRMS external link"
"aphia","11782",11782,82590,"Octopodidae","Octopodidae","Family","accepted","2026-08-05","2026-08-05: itis_id 82590 via WoRMS external link"
"aphia","117832",117832,51267,"Velella velella","Velella velella","Species","accepted","2026-08-05","2026-08-05: itis_id 51267 via WoRMS external link"
"aphia","11785",11785,82680,"Argonautidae","Argonautidae","Family","accepted","2026-08-05","2026-08-05: itis_id 82680 via WoRMS external link"
"aphia","11786",11786,82664,"Alloposidae","Alloposidae","Family","accepted","2026-08-05","2026-08-05: itis_id 82664 via WoRMS external link"
"aphia","11788",11788,82676,"Ocythoidae","Ocythoidae","Family","accepted","2026-08-05","2026-08-05: itis_id 82676 via WoRMS external link"
"aphia","11790",11790,82663,"Tremoctopodidae","Tremoctopodidae","Family","accepted","2026-08-05","2026-08-05: itis_id 82663 via WoRMS external link"
"aphia","118089",118089,103359,"Hemiptera","Hemiptera","Order","accepted","2026-08-05","2026-08-05: itis_id 103359 via WoRMS external link"
"aphia","119077",119077,10669,"Leucocryptos marina","Leucocryptos marina","Species","accepted","2026-08-05","2026-08-05: itis_id 10669 via WoRMS external link"
"aphia","1205",1205,95107,"Hyperiidea","Hyperiidea","Suborder","accepted","2026-08-05","2026-08-05: itis_id 95107 via WoRMS external link"
"aphia","1207",1207,93295,"Gammaridea",,"Suborder","unaccepted","2026-08-05","2026-08-05: itis_id 93295 via WoRMS external link"
"aphia","1248",1248,53856,"Ctenophora","Ctenophora","Phylum","accepted","2026-08-05","2026-08-05: itis_id 53856 via WoRMS external link"
"aphia","125426",125426,553181,"Chlopsidae","Chlopsidae","Family","accepted","2026-08-05","2026-08-05: itis_id 553181 via WoRMS external link"
"aphia","125427",125427,161324,"Congridae","Congridae","Family","accepted","2026-08-05","2026-08-05: itis_id 161324 via WoRMS external link"
"aphia","125428",125428,161599,"Derichthyidae","Derichthyidae","Family","accepted","2026-08-05","2026-08-05: itis_id 161599 via WoRMS external link"
"aphia","125431",125431,161160,"Muraenidae","Muraenidae","Family","accepted","2026-08-05","2026-08-05: itis_id 161160 via WoRMS external link"
"aphia","125432",125432,161612,"Nemichthyidae","Nemichthyidae","Family","accepted","2026-08-05","2026-08-05: itis_id 161612 via WoRMS external link"
"aphia","125433",125433,161301,"Nettastomatidae","Nettastomatidae","Family","accepted","2026-08-05","2026-08-05: itis_id 161301 via WoRMS external link"
"aphia","125434",125434,161419,"Ophichthidae","Ophichthidae","Family","accepted","2026-08-05","2026-08-05: itis_id 161419 via WoRMS external link"
"aphia","125435",125435,161603,"Serrivomeridae","Serrivomeridae","Family","accepted","2026-08-05","2026-08-05: itis_id 161603 via WoRMS external link"
"aphia","125439",125439,162523,"Alepisauridae","Alepisauridae","Family","accepted","2026-08-05","2026-08-05: itis_id 162523 via WoRMS external link"
"aphia","125440",125440,162532,"Anotopteridae","Anotopteridae","Family","accepted","2026-08-06","2026-08-06: itis_id 162532 via WoRMS external link"
"aphia","125441",125441,644666,"Aulopidae","Aulopidae","Family","accepted","2026-08-05","2026-08-05: itis_id 644666 via WoRMS external link"
"aphia","125442",125442,162427,"Chlorophthalmidae","Chlorophthalmidae","Family","accepted","2026-08-05","2026-08-05: itis_id 162427 via WoRMS external link"
"aphia","125443",125443,162535,"Evermannellidae","Evermannellidae","Family","accepted","2026-08-05","2026-08-05: itis_id 162535 via WoRMS external link"
"aphia","125444",125444,162453,"Ipnopidae","Ipnopidae","Family","accepted","2026-08-05","2026-08-05: itis_id 162453 via WoRMS external link"
"aphia","125445",125445,553189,"Notosudidae","Notosudidae","Family","accepted","2026-08-05","2026-08-05: itis_id 553189 via WoRMS external link"
"aphia","125446",125446,162520,"Omosudidae","Omosudidae","Family","accepted","2026-08-06","2026-08-06: itis_id 162520 via WoRMS external link"
"aphia","125447",125447,162463,"Paralepididae","Paralepididae","Family","accepted","2026-08-05","2026-08-05: itis_id 162463 via WoRMS external link"
"aphia","125448",125448,162548,"Scopelarchidae","Scopelarchidae","Family","accepted","2026-08-05","2026-08-05: itis_id 162548 via WoRMS external link"
"aphia","125449",125449,162374,"Synodontidae","Synodontidae","Family","accepted","2026-08-05","2026-08-05: itis_id 162374 via WoRMS external link"
"aphia","125450",125450,164412,"Batrachoididae","Batrachoididae","Family","accepted","2026-08-05","2026-08-05: itis_id 164412 via WoRMS external link"
"aphia","125451",125451,165546,"Belonidae","Belonidae","Family","accepted","2026-08-05","2026-08-05: itis_id 165546 via WoRMS external link"
"aphia","125452",125452,165431,"Exocoetidae","Exocoetidae","Family","accepted","2026-08-05","2026-08-05: itis_id 165431 via WoRMS external link"
"aphia","125453",125453,553172,"Hemiramphidae","Hemiramphidae","Family","accepted","2026-08-05","2026-08-05: itis_id 553172 via WoRMS external link"
"aphia","125454",125454,165607,"Scomberesocidae","Scomberesocidae","Family","accepted","2026-08-05","2026-08-05: itis_id 165607 via WoRMS external link"
"aphia","125456",125456,166153,"Berycidae","Berycidae","Family","accepted","2026-08-05","2026-08-05: itis_id 166153 via WoRMS external link"
"aphia","125457",125457,166131,"Diretmidae","Diretmidae","Family","accepted","2026-08-05","2026-08-05: itis_id 166131 via WoRMS external link"
"aphia","125458",125458,166170,"Holocentridae","Holocentridae","Family","accepted","2026-08-05","2026-08-05: itis_id 166170 via WoRMS external link"
"aphia","125460",125460,162785,"Cetomimidae","Cetomimidae","Family","accepted","2026-08-05","2026-08-05: itis_id 162785 via WoRMS external link"
"aphia","125464",125464,161700,"Clupeidae","Clupeidae","Family","accepted","2026-08-05","2026-08-05: itis_id 161700 via WoRMS external link"
"aphia","125465",125465,553173,"Engraulidae","Engraulidae","Family","accepted","2026-08-05","2026-08-05: itis_id 553173 via WoRMS external link"
"aphia","125468",125468,164694,"Bregmacerotidae","Bregmacerotidae","Family","accepted","2026-08-05","2026-08-05: itis_id 164694 via WoRMS external link"
"aphia","125469",125469,164701,"Gadidae","Gadidae","Family","accepted","2026-08-05","2026-08-05: itis_id 164701 via WoRMS external link"
"aphia","125471",125471,165332,"Macrouridae","Macrouridae","Family","accepted","2026-08-05","2026-08-05: itis_id 165332 via WoRMS external link"
"aphia","125472",125472,550564,"Melanonidae","Melanonidae","Family","accepted","2026-08-05","2026-08-05: itis_id 550564 via WoRMS external link"
"aphia","125473",125473,164789,"Merlucciidae","Merlucciidae","Family","accepted","2026-08-05","2026-08-05: itis_id 164789 via WoRMS external link"
"aphia","125474",125474,164670,"Moridae","Moridae","Family","accepted","2026-08-05","2026-08-05: itis_id 164670 via WoRMS external link"
"aphia","125477",125477,164457,"Gobiesocidae","Gobiesocidae","Family","accepted","2026-08-05","2026-08-05: itis_id 164457 via WoRMS external link"
"aphia","125478",125478,166323,"Lampridae","Lampridae","Family","accepted","2026-08-05","2026-08-05: itis_id 166323 via WoRMS external link"
"aphia","125479",125479,166332,"Lophotidae","Lophotidae","Family","accepted","2026-08-05","2026-08-05: itis_id 166332 via WoRMS external link"
"aphia","125480",125480,553194,"Radiicephalidae","Radiicephalidae","Family","accepted","2026-08-05","2026-08-05: itis_id 553194 via WoRMS external link"
"aphia","125482",125482,166358,"Stylephoridae","Stylephoridae","Family","accepted","2026-08-05","2026-08-05: itis_id 166358 via WoRMS external link"
"aphia","125483",125483,166339,"Trachipteridae","Trachipteridae","Family","accepted","2026-08-05","2026-08-05: itis_id 166339 via WoRMS external link"
"aphia","125484",125484,164518,"Antennariidae","Antennariidae","Family","accepted","2026-08-05","2026-08-05: itis_id 164518 via WoRMS external link"
"aphia","125485",125485,164658,"Caulophrynidae","Caulophrynidae","Family","accepted","2026-08-05","2026-08-05: itis_id 164658 via WoRMS external link"
"aphia","125486",125486,164650,"Centrophrynidae","Centrophrynidae","Family","accepted","2026-08-05","2026-08-05: itis_id 164650 via WoRMS external link"
"aphia","125487",125487,164653,"Ceratiidae","Ceratiidae","Family","accepted","2026-08-05","2026-08-05: itis_id 164653 via WoRMS external link"
"aphia","125488",125488,164569,"Chaunacidae","Chaunacidae","Family","accepted","2026-08-05","2026-08-05: itis_id 164569 via WoRMS external link"
"aphia","125490",125490,164642,"Gigantactinidae","Gigantactinidae","Family","accepted","2026-08-05","2026-08-05: itis_id 164642 via WoRMS external link"
"aphia","125491",125491,164620,"Himantolophidae","Himantolophidae","Family","accepted","2026-08-05","2026-08-05: itis_id 164620 via WoRMS external link"
"aphia","125492",125492,164661,"Linophrynidae","Linophrynidae","Family","accepted","2026-08-05","2026-08-05: itis_id 164661 via WoRMS external link"
"aphia","125493",125493,164497,"Lophiidae","Lophiidae","Family","accepted","2026-08-05","2026-08-05: itis_id 164497 via WoRMS external link"
"aphia","125494",125494,164611,"Melanocetidae","Melanocetidae","Family","accepted","2026-08-05","2026-08-05: itis_id 164611 via WoRMS external link"
"aphia","125495",125495,164573,"Ogcocephalidae","Ogcocephalidae","Family","accepted","2026-08-05","2026-08-05: itis_id 164573 via WoRMS external link"
"aphia","125496",125496,164625,"Oneirodidae","Oneirodidae","Family","accepted","2026-08-05","2026-08-05: itis_id 164625 via WoRMS external link"
"aphia","125498",125498,162575,"Myctophidae","Myctophidae","Family","accepted","2026-08-05","2026-08-05: itis_id 162575 via WoRMS external link"
"aphia","125499",125499,162772,"Neoscopelidae","Neoscopelidae","Family","accepted","2026-08-05","2026-08-05: itis_id 162772 via WoRMS external link"
"aphia","125503",125503,165140,"Bythitidae","Bythitidae","Family","accepted","2026-08-05","2026-08-05: itis_id 165140 via WoRMS external link"
"aphia","125504",125504,165094,"Carapidae","Carapidae","Family","accepted","2026-08-05","2026-08-05: itis_id 165094 via WoRMS external link"
"aphia","125505",125505,164807,"Ophidiidae","Ophidiidae","Family","accepted","2026-08-05","2026-08-05: itis_id 164807 via WoRMS external link"
"aphia","125507",125507,162303,"Alepocephalidae","Alepocephalidae","Family","accepted","2026-08-05","2026-08-05: itis_id 162303 via WoRMS external link"
"aphia","125508",125508,162057,"Argentinidae","Argentinidae","Family","accepted","2026-08-05","2026-08-05: itis_id 162057 via WoRMS external link"
"aphia","125509",125509,162080,"Bathylagidae","Bathylagidae","Family","accepted","2026-08-05","2026-08-05: itis_id 162080 via WoRMS external link"
"aphia","125511",125511,553195,"Microstomatidae","Microstomatidae","Family","accepted","2026-08-05","2026-08-05: itis_id 553195 via WoRMS external link"
"aphia","125512",125512,162099,"Opisthoproctidae","Opisthoproctidae","Family","accepted","2026-08-05","2026-08-05: itis_id 162099 via WoRMS external link"
"aphia","125513",125513,162028,"Osmeridae","Osmeridae","Family","accepted","2026-08-05","2026-08-05: itis_id 162028 via WoRMS external link"
"aphia","125514",125514,553188,"Platytroctidae","Platytroctidae","Family","accepted","2026-08-05","2026-08-05: itis_id 553188 via WoRMS external link"
"aphia","125515",125515,172250,"Acanthuridae","Acanthuridae","Family","accepted","2026-08-05","2026-08-05: itis_id 172250 via WoRMS external link"
"aphia","125516",125516,171670,"Ammodytidae","Ammodytidae","Family","accepted","2026-08-05","2026-08-05: itis_id 171670 via WoRMS external link"
"aphia","125517",125517,171335,"Anarhichadidae","Anarhichadidae","Family","accepted","2026-08-05","2026-08-05: itis_id 171335 via WoRMS external link"
"aphia","125518",125518,168196,"Apogonidae","Apogonidae","Family","accepted","2026-08-05","2026-08-05: itis_id 168196 via WoRMS external link"
"aphia","125519",125519,171124,"Blenniidae","Blenniidae","Family","accepted","2026-08-05","2026-08-05: itis_id 171124 via WoRMS external link"
"aphia","125520",125520,170287,"Bramidae","Bramidae","Family","accepted","2026-08-05","2026-08-05: itis_id 170287 via WoRMS external link"
"aphia","125522",125522,171691,"Callionymidae","Callionymidae","Family","accepted","2026-08-05","2026-08-05: itis_id 171691 via WoRMS external link"
"aphia","125523",125523,168584,"Carangidae","Carangidae","Family","accepted","2026-08-05","2026-08-05: itis_id 168584 via WoRMS external link"
"aphia","125524",125524,168820,"Caristiidae","Caristiidae","Family","accepted","2026-08-05","2026-08-05: itis_id 168820 via WoRMS external link"
"aphia","125526",125526,172508,"Centrolophidae","Centrolophidae","Family","accepted","2026-08-05","2026-08-05: itis_id 172508 via WoRMS external link"
"aphia","125528",125528,169554,"Chaetodontidae","Chaetodontidae","Family","accepted","2026-08-05","2026-08-05: itis_id 169554 via WoRMS external link"
"aphia","125529",125529,171084,"Chiasmodontidae","Chiasmodontidae","Family","accepted","2026-08-05","2026-08-05: itis_id 171084 via WoRMS external link"
"aphia","125530",125530,171396,"Clinidae","Clinidae","Family","accepted","2026-08-05","2026-08-05: itis_id 171396 via WoRMS external link"
"aphia","125531",125531,168789,"Coryphaenidae","Coryphaenidae","Family","accepted","2026-08-05","2026-08-05: itis_id 168789 via WoRMS external link"
"aphia","125533",125533,168567,"Echeneidae","Echeneidae","Family","accepted","2026-08-05","2026-08-05: itis_id 168567 via WoRMS external link"
"aphia","125535",125535,553217,"Epigonidae","Epigonidae","Family","accepted","2026-08-05","2026-08-05: itis_id 553217 via WoRMS external link"
"aphia","125536",125536,172354,"Gempylidae","Gempylidae","Family","accepted","2026-08-05","2026-08-05: itis_id 172354 via WoRMS external link"
"aphia","125537",125537,171746,"Gobiidae","Gobiidae","Family","accepted","2026-08-05","2026-08-05: itis_id 171746 via WoRMS external link"
"aphia","125538",125538,169055,"Haemulidae","Haemulidae","Family","accepted","2026-08-05","2026-08-05: itis_id 169055 via WoRMS external link"
"aphia","125539",125539,172486,"Istiophoridae","Istiophoridae","Family","accepted","2026-08-05","2026-08-05: itis_id 172486 via WoRMS external link"
"aphia","125540",125540,169503,"Kyphosidae","Kyphosidae","Family","accepted","2026-08-05","2026-08-05: itis_id 169503 via WoRMS external link"
"aphia","125541",125541,170477,"Labridae","Labridae","Family","accepted","2026-08-05","2026-08-05: itis_id 170477 via WoRMS external link"
"aphia","125543",125543,169005,"Lobotidae","Lobotidae","Family","accepted","2026-08-05","2026-08-05: itis_id 169005 via WoRMS external link"
"aphia","125544",125544,172483,"Luvaridae","Luvaridae","Family","accepted","2026-08-05","2026-08-05: itis_id 172483 via WoRMS external link"
"aphia","125546",125546,170333,"Mugilidae","Mugilidae","Family","accepted","2026-08-05","2026-08-05: itis_id 170333 via WoRMS external link"
"aphia","125547",125547,169406,"Mullidae","Mullidae","Family","accepted","2026-08-05","2026-08-05: itis_id 169406 via WoRMS external link"
"aphia","125548",125548,172535,"Nomeidae","Nomeidae","Family","accepted","2026-08-05","2026-08-05: itis_id 172535 via WoRMS external link"
"aphia","125550",125550,171632,"Pholidae","Pholidae","Family","accepted","2026-08-05","2026-08-05: itis_id 171632 via WoRMS external link"
"aphia","125551",125551,170445,"Polynemidae","Polynemidae","Family","accepted","2026-08-05","2026-08-05: itis_id 170445 via WoRMS external link"
"aphia","125553",125553,170044,"Pomacentridae","Pomacentridae","Family","accepted","2026-08-05","2026-08-05: itis_id 170044 via WoRMS external link"
"aphia","125555",125555,168176,"Priacanthidae","Priacanthidae","Family","accepted","2026-08-05","2026-08-05: itis_id 168176 via WoRMS external link"
"aphia","125558",125558,169237,"Sciaenidae","Sciaenidae","Family","accepted","2026-08-05","2026-08-05: itis_id 169237 via WoRMS external link"
"aphia","125559",125559,172398,"Scombridae","Scombridae","Family","accepted","2026-08-05","2026-08-05: itis_id 172398 via WoRMS external link"
"aphia","125560",125560,550867,"Scombrolabracidae","Scombrolabracidae","Family","accepted","2026-08-05","2026-08-05: itis_id 550867 via WoRMS external link"
"aphia","125561",125561,167674,"Serranidae","Serranidae","Family","accepted","2026-08-05","2026-08-05: itis_id 167674 via WoRMS external link"
"aphia","125564",125564,169180,"Sparidae","Sparidae","Family","accepted","2026-08-05","2026-08-05: itis_id 169180 via WoRMS external link"
"aphia","125565",125565,170424,"Sphyraenidae","Sphyraenidae","Family","accepted","2026-08-05","2026-08-05: itis_id 170424 via WoRMS external link"
"aphia","125566",125566,171554,"Stichaeidae","Stichaeidae","Family","accepted","2026-08-05","2026-08-05: itis_id 171554 via WoRMS external link"
"aphia","125567",125567,172563,"Stromateidae","Stromateidae","Family","accepted","2026-08-05","2026-08-05: itis_id 172563 via WoRMS external link"
"aphia","125569",125569,172578,"Tetragonuridae","Tetragonuridae","Family","accepted","2026-08-05","2026-08-05: itis_id 172578 via WoRMS external link"
"aphia","125571",125571,172378,"Trichiuridae","Trichiuridae","Family","accepted","2026-08-05","2026-08-05: itis_id 172378 via WoRMS external link"
"aphia","125573",125573,171053,"Uranoscopidae","Uranoscopidae","Family","accepted","2026-08-05","2026-08-05: itis_id 171053 via WoRMS external link"
"aphia","125575",125575,165215,"Zoarcidae","Zoarcidae","Family","accepted","2026-08-05","2026-08-05: itis_id 165215 via WoRMS external link"
"aphia","125576",125576,172714,"Bothidae","Bothidae","Family","accepted","2026-08-05","2026-08-05: itis_id 172714 via WoRMS external link"
"aphia","125578",125578,173060,"Cynoglossidae","Cynoglossidae","Family","accepted","2026-08-05","2026-08-05: itis_id 173060 via WoRMS external link"
"aphia","125579",125579,172859,"Pleuronectidae","Pleuronectidae","Family","accepted","2026-08-05","2026-08-05: itis_id 172859 via WoRMS external link"
"aphia","125581",125581,172980,"Soleidae","Soleidae","Family","accepted","2026-08-05","2026-08-05: itis_id 172980 via WoRMS external link"
"aphia","125583",125583,161630,"Cyematidae","Cyematidae","Family","accepted","2026-08-05","2026-08-05: itis_id 161630 via WoRMS external link"
"aphia","125584",125584,161650,"Eurypharyngidae","Eurypharyngidae","Family","accepted","2026-08-05","2026-08-05: itis_id 161650 via WoRMS external link"
"aphia","125586",125586,161644,"Saccopharyngidae","Saccopharyngidae","Family","accepted","2026-08-05","2026-08-05: itis_id 161644 via WoRMS external link"
"aphia","125588",125588,167426,"Agonidae","Agonidae","Family","accepted","2026-08-05","2026-08-05: itis_id 167426 via WoRMS external link"
"aphia","125589",125589,167196,"Cottidae","Cottidae","Family","accepted","2026-08-05","2026-08-05: itis_id 167196 via WoRMS external link"
"aphia","125590",125590,167483,"Cyclopteridae","Cyclopteridae","Family","accepted","2026-08-05","2026-08-05: itis_id 167483 via WoRMS external link"
"aphia","125594",125594,167410,"Psychrolutidae","Psychrolutidae","Family","accepted","2026-08-05","2026-08-05: itis_id 167410 via WoRMS external link"
"aphia","125595",125595,166704,"Scorpaenidae","Scorpaenidae","Family","accepted","2026-08-05","2026-08-05: itis_id 166704 via WoRMS external link"
"aphia","125596",125596,643436,"Sebastidae","Sebastidae","Family","accepted","2026-08-05","2026-08-05: itis_id 643436 via WoRMS external link"
"aphia","125598",125598,166972,"Triglidae","Triglidae","Family","accepted","2026-08-05","2026-08-05: itis_id 166972 via WoRMS external link"
"aphia","125599",125599,166092,"Melamphaidae","Melamphaidae","Family","accepted","2026-08-05","2026-08-05: itis_id 166092 via WoRMS external link"
"aphia","125601",125601,162163,"Gonostomatidae","Gonostomatidae","Family","accepted","2026-08-05","2026-08-05: itis_id 162163 via WoRMS external link"
"aphia","125602",125602,622313,"Phosichthyidae","Phosichthyidae","Family","accepted","2026-08-05","2026-08-05: itis_id 622313 via WoRMS external link"
"aphia","125603",125603,162212,"Sternoptychidae","Sternoptychidae","Family","accepted","2026-08-05","2026-08-05: itis_id 162212 via WoRMS external link"
"aphia","125604",125604,162282,"Stomiidae","Stomiidae","Family","accepted","2026-08-05","2026-08-05: itis_id 162282 via WoRMS external link"
"aphia","125605",125605,166433,"Centriscidae","Centriscidae","Family","accepted","2026-08-05","2026-08-05: itis_id 166433 via WoRMS external link"
"aphia","125606",125606,166443,"Syngnathidae","Syngnathidae","Family","accepted","2026-08-05","2026-08-05: itis_id 166443 via WoRMS external link"
"aphia","125607",125607,173128,"Balistidae","Balistidae","Family","accepted","2026-08-05","2026-08-05: itis_id 173128 via WoRMS external link"
"aphia","125608",125608,173382,"Diodontidae","Diodontidae","Family","accepted","2026-08-05","2026-08-05: itis_id 173382 via WoRMS external link"
"aphia","125609",125609,173412,"Molidae","Molidae","Family","accepted","2026-08-05","2026-08-05: itis_id 173412 via WoRMS external link"
"aphia","125610",125610,203428,"Monacanthidae","Monacanthidae","Family","accepted","2026-08-05","2026-08-05: itis_id 203428 via WoRMS external link"
"aphia","125611",125611,173235,"Ostraciidae","Ostraciidae","Family","accepted","2026-08-05","2026-08-05: itis_id 173235 via WoRMS external link"
"aphia","125612",125612,173283,"Tetraodontidae","Tetraodontidae","Family","accepted","2026-08-05","2026-08-05: itis_id 173283 via WoRMS external link"
"aphia","125621",125621,161157,"Chlopsis","Chlopsis","Genus","accepted","2026-08-05","2026-08-05: itis_id 161157 via WoRMS external link"
"aphia","125622",125622,161343,"Ariosoma","Ariosoma","Genus","accepted","2026-08-05","2026-08-05: itis_id 161343 via WoRMS external link"
"aphia","125625",125625,161359,"Gnathophis","Gnathophis","Genus","accepted","2026-08-05","2026-08-05: itis_id 161359 via WoRMS external link"
"aphia","125626",125626,161395,"Heteroconger","Heteroconger","Genus","accepted","2026-08-05","2026-08-05: itis_id 161395 via WoRMS external link"
"aphia","125627",125627,161368,"Paraconger","Paraconger","Genus","accepted","2026-08-05","2026-08-05: itis_id 161368 via WoRMS external link"
"aphia","125629",125629,161600,"Derichthys","Derichthys","Genus","accepted","2026-08-05","2026-08-05: itis_id 161600 via WoRMS external link"
"aphia","125636",125636,161185,"Gymnothorax","Gymnothorax","Genus","accepted","2026-08-05","2026-08-05: itis_id 161185 via WoRMS external link"
"aphia","125638",125638,161614,"Avocettina","Avocettina","Genus","accepted","2026-08-05","2026-08-05: itis_id 161614 via WoRMS external link"
"aphia","125639",125639,161621,"Nemichthys","Nemichthys","Genus","accepted","2026-08-05","2026-08-05: itis_id 161621 via WoRMS external link"
"aphia","125640",125640,161302,"Facciolella","Facciolella","Genus","accepted","2026-08-05","2026-08-05: itis_id 161302 via WoRMS external link"
"aphia","125647",125647,161458,"Ophichthus","Ophichthus","Genus","accepted","2026-08-05","2026-08-05: itis_id 161458 via WoRMS external link"
"aphia","125650",125650,161604,"Serrivomer","Serrivomer","Genus","accepted","2026-08-05","2026-08-05: itis_id 161604 via WoRMS external link"
"aphia","125661",125661,162524,"Alepisaurus","Alepisaurus","Genus","accepted","2026-08-05","2026-08-05: itis_id 162524 via WoRMS external link"
"aphia","125662",125662,162533,"Anotopterus","Anotopterus","Genus","accepted","2026-08-05","2026-08-05: itis_id 162533 via WoRMS external link"
"aphia","125663",125663,162370,"Aulopus","Aulopus","Genus","accepted","2026-08-05","2026-08-05: itis_id 162370 via WoRMS external link"
"aphia","125664",125664,162428,"Chlorophthalmus","Chlorophthalmus","Genus","accepted","2026-08-05","2026-08-05: itis_id 162428 via WoRMS external link"
"aphia","125665",125665,162536,"Coccorella","Coccorella","Genus","accepted","2026-08-05","2026-08-05: itis_id 162536 via WoRMS external link"
"aphia","125666",125666,162541,"Evermannella","Evermannella","Genus","accepted","2026-08-05","2026-08-05: itis_id 162541 via WoRMS external link"
"aphia","125669",125669,162439,"Bathypterois","Bathypterois","Genus","accepted","2026-08-05","2026-08-05: itis_id 162439 via WoRMS external link"
"aphia","125671",125671,644676,"Ahliesaurus","Ahliesaurus","Genus","accepted","2026-08-05","2026-08-05: itis_id 644676 via WoRMS external link"
"aphia","125672",125672,162565,"Scopelosaurus","Scopelosaurus","Genus","accepted","2026-08-05","2026-08-05: itis_id 162565 via WoRMS external link"
"aphia","125673",125673,162521,"Omosudis","Omosudis","Genus","accepted","2026-08-05","2026-08-05: itis_id 162521 via WoRMS external link"
"aphia","125674",125674,162469,"Arctozenus","Arctozenus","Genus","accepted","2026-08-05","2026-08-05: itis_id 162469 via WoRMS external link"
"aphia","125675",125675,162476,"Lestidiops","Lestidiops","Genus","accepted","2026-08-05","2026-08-05: itis_id 162476 via WoRMS external link"
"aphia","125677",125677,644673,"Magnisudis","Magnisudis","Genus","accepted","2026-08-05","2026-08-05: itis_id 644673 via WoRMS external link"
"aphia","125679",125679,,"Sudis","Sudis","Genus","accepted","2026-08-05",
"aphia","125680",125680,162517,"Uncisudis","Uncisudis","Genus","accepted","2026-08-05","2026-08-05: itis_id 162517 via WoRMS external link"
"aphia","125681",125681,162549,"Benthalbella","Benthalbella","Genus","accepted","2026-08-05","2026-08-05: itis_id 162549 via WoRMS external link"
"aphia","125682",125682,644679,"Rosenblattichthys","Rosenblattichthys","Genus","accepted","2026-08-05","2026-08-05: itis_id 644679 via WoRMS external link"
"aphia","125683",125683,162553,"Scopelarchus","Scopelarchus","Genus","accepted","2026-08-05","2026-08-05: itis_id 162553 via WoRMS external link"
"aphia","125686",125686,162375,"Synodus","Synodus","Genus","accepted","2026-08-05","2026-08-05: itis_id 162375 via WoRMS external link"
"aphia","125690",125690,165570,"Tylosurus","Tylosurus","Genus","accepted","2026-08-05","2026-08-05: itis_id 165570 via WoRMS external link"
"aphia","125691",125691,165433,"Cheilopogon","Cheilopogon","Genus","accepted","2026-08-05","2026-08-05: itis_id 165433 via WoRMS external link"
"aphia","125692",125692,165506,"Exocoetus","Exocoetus","Genus","accepted","2026-08-05","2026-08-05: itis_id 165506 via WoRMS external link"
"aphia","125693",125693,165515,"Hirundichthys","Hirundichthys","Genus","accepted","2026-08-05","2026-08-05: itis_id 165515 via WoRMS external link"
"aphia","125694",125694,165521,"Parexocoetus","Parexocoetus","Genus","accepted","2026-08-05","2026-08-05: itis_id 165521 via WoRMS external link"
"aphia","125695",125695,165459,"Hemiramphus","Hemiramphus","Genus","accepted","2026-08-05","2026-08-05: itis_id 165459 via WoRMS external link"
"aphia","125696",125696,165473,"Hyporhamphus","Hyporhamphus","Genus","accepted","2026-08-05","2026-08-05: itis_id 165473 via WoRMS external link"
"aphia","125698",125698,165611,"Scomberesox","Scomberesox","Genus","accepted","2026-08-05","2026-08-05: itis_id 165611 via WoRMS external link"
"aphia","125699",125699,166151,"Anoplogaster","Anoplogaster","Genus","accepted","2026-08-05","2026-08-05: itis_id 166151 via WoRMS external link"
"aphia","125700",125700,166154,"Beryx","Beryx","Genus","accepted","2026-08-05","2026-08-05: itis_id 166154 via WoRMS external link"
"aphia","125701",125701,622096,"Diretmichthys","Diretmichthys","Genus","accepted","2026-08-05","2026-08-05: itis_id 622096 via WoRMS external link"
"aphia","125702",125702,622097,"Diretmoides","Diretmoides","Genus","accepted","2026-08-05","2026-08-05: itis_id 622097 via WoRMS external link"
"aphia","125703",125703,166132,"Diretmus","Diretmus","Genus","accepted","2026-08-05","2026-08-05: itis_id 166132 via WoRMS external link"
"aphia","125704",125704,166257,"Sargocentron","Sargocentron","Genus","accepted","2026-08-05","2026-08-05: itis_id 166257 via WoRMS external link"
"aphia","125711",125711,162814,"Eutaeniophorus","Eutaeniophorus","Genus","accepted","2026-08-05","2026-08-05: itis_id 162814 via WoRMS external link"
"aphia","125716",125716,161721,"Clupea","Clupea","Genus","accepted","2026-08-05","2026-08-05: itis_id 161721 via WoRMS external link"
"aphia","125724",125724,161827,"Engraulis","Engraulis","Genus","accepted","2026-08-05","2026-08-05: itis_id 161827 via WoRMS external link"
"aphia","125727",125727,164695,"Bregmaceros","Bregmaceros","Genus","accepted","2026-08-05","2026-08-05: itis_id 164695 via WoRMS external link"
"aphia","125732",125732,164710,"Gadus","Gadus","Genus","accepted","2026-08-05","2026-08-05: itis_id 164710 via WoRMS external link"
"aphia","125748",125748,165333,"Coryphaenoides","Coryphaenoides","Genus","accepted","2026-08-05","2026-08-05: itis_id 165333 via WoRMS external link"
"aphia","125754",125754,165393,"Nezumia","Nezumia","Genus","accepted","2026-08-05","2026-08-05: itis_id 165393 via WoRMS external link"
"aphia","125760",125760,164745,"Melanonus","Melanonus","Genus","accepted","2026-08-05","2026-08-05: itis_id 164745 via WoRMS external link"
"aphia","125762",125762,164790,"Merluccius","Merluccius","Genus","accepted","2026-08-05","2026-08-05: itis_id 164790 via WoRMS external link"
"aphia","125767",125767,164674,"Laemonema","Laemonema","Genus","accepted","2026-08-05","2026-08-05: itis_id 164674 via WoRMS external link"
"aphia","125770",125770,164678,"Physiculus","Physiculus","Genus","accepted","2026-08-05","2026-08-05: itis_id 164678 via WoRMS external link"
"aphia","125783",125783,166324,"Lampris","Lampris","Genus","accepted","2026-08-05","2026-08-05: itis_id 166324 via WoRMS external link"
"aphia","125785",125785,615907,"Radiicephalus","Radiicephalus","Genus","accepted","2026-08-05","2026-08-05: itis_id 615907 via WoRMS external link"
"aphia","125787",125787,166359,"Stylephorus","Stylephorus","Genus","accepted","2026-08-05","2026-08-05: itis_id 166359 via WoRMS external link"
"aphia","125788",125788,166340,"Trachipterus","Trachipterus","Genus","accepted","2026-08-05","2026-08-05: itis_id 166340 via WoRMS external link"
"aphia","125789",125789,166352,"Zu","Zu","Genus","accepted","2026-08-05","2026-08-05: itis_id 166352 via WoRMS external link"
"aphia","125790",125790,164522,"Antennarius","Antennarius","Genus","accepted","2026-08-05","2026-08-05: itis_id 164522 via WoRMS external link"
"aphia","125792",125792,164660,"Caulophryne","Caulophryne","Genus","accepted","2026-08-05","2026-08-05: itis_id 164660 via WoRMS external link"
"aphia","125793",125793,164651,"Centrophryne","Centrophryne","Genus","accepted","2026-08-05","2026-08-05: itis_id 164651 via WoRMS external link"
"aphia","125794",125794,164654,"Ceratias","Ceratias","Genus","accepted","2026-08-05","2026-08-05: itis_id 164654 via WoRMS external link"
"aphia","125795",125795,164656,"Cryptopsaras","Cryptopsaras","Genus","accepted","2026-08-05","2026-08-05: itis_id 164656 via WoRMS external link"
"aphia","125796",125796,164570,"Chaunax","Chaunax","Genus","accepted","2026-08-05","2026-08-05: itis_id 164570 via WoRMS external link"
"aphia","125798",125798,164643,"Gigantactis","Gigantactis","Genus","accepted","2026-08-05","2026-08-05: itis_id 164643 via WoRMS external link"
"aphia","125799",125799,164623,"Himantolophus","Himantolophus","Genus","accepted","2026-08-05","2026-08-05: itis_id 164623 via WoRMS external link"
"aphia","125801",125801,164662,"Linophryne","Linophryne","Genus","accepted","2026-08-05","2026-08-05: itis_id 164662 via WoRMS external link"
"aphia","125803",125803,164612,"Melanocetus","Melanocetus","Genus","accepted","2026-08-05","2026-08-05: itis_id 164612 via WoRMS external link"
"aphia","125805",125805,164626,"Chaenophryne","Chaenophryne","Genus","accepted","2026-08-05","2026-08-05: itis_id 164626 via WoRMS external link"
"aphia","125807",125807,164635,"Dolopichthys","Dolopichthys","Genus","accepted","2026-08-05","2026-08-05: itis_id 164635 via WoRMS external link"
"aphia","125809",125809,622771,"Lophodolos","Lophodolos","Genus","accepted","2026-08-05","2026-08-05: itis_id 622771 via WoRMS external link"
"aphia","125811",125811,164629,"Oneirodes","Oneirodes","Genus","accepted","2026-08-05","2026-08-05: itis_id 164629 via WoRMS external link"
"aphia","125815",125815,162679,"Benthosema","Benthosema","Genus","accepted","2026-08-05","2026-08-05: itis_id 162679 via WoRMS external link"
"aphia","125816",125816,162761,"Bolinichthys","Bolinichthys","Genus","accepted","2026-08-05","2026-08-05: itis_id 162761 via WoRMS external link"
"aphia","125817",125817,162731,"Centrobranchus","Centrobranchus","Genus","accepted","2026-08-05","2026-08-05: itis_id 162731 via WoRMS external link"
"aphia","125818",125818,162576,"Ceratoscopelus","Ceratoscopelus","Genus","accepted","2026-08-05","2026-08-05: itis_id 162576 via WoRMS external link"
"aphia","125819",125819,162583,"Diaphus","Diaphus","Genus","accepted","2026-08-05","2026-08-05: itis_id 162583 via WoRMS external link"
"aphia","125820",125820,162675,"Diogenichthys","Diogenichthys","Genus","accepted","2026-08-05","2026-08-05: itis_id 162675 via WoRMS external link"
"aphia","125821",125821,162736,"Electrona","Electrona","Genus","accepted","2026-08-05","2026-08-05: itis_id 162736 via WoRMS external link"
"aphia","125822",125822,162711,"Gonichthys","Gonichthys","Genus","accepted","2026-08-05","2026-08-05: itis_id 162711 via WoRMS external link"
"aphia","125823",125823,162692,"Hygophum","Hygophum","Genus","accepted","2026-08-05","2026-08-05: itis_id 162692 via WoRMS external link"
"aphia","125824",125824,162702,"Lampadena","Lampadena","Genus","accepted","2026-08-05","2026-08-05: itis_id 162702 via WoRMS external link"
"aphia","125825",125825,162632,"Lampanyctus","Lampanyctus","Genus","accepted","2026-08-05","2026-08-05: itis_id 162632 via WoRMS external link"
"aphia","125828",125828,162714,"Loweina","Loweina","Genus","accepted","2026-08-05","2026-08-05: itis_id 162714 via WoRMS external link"
"aphia","125829",125829,,"Myctophum","Myctophum","Genus","accepted","2026-08-05",
"aphia","125830",125830,162728,"Notolychnus","Notolychnus","Genus","accepted","2026-08-05","2026-08-05: itis_id 162728 via WoRMS external link"
"aphia","125831",125831,162653,"Notoscopelus","Notoscopelus","Genus","accepted","2026-08-05","2026-08-05: itis_id 162653 via WoRMS external link"
"aphia","125832",125832,162684,"Protomyctophum","Protomyctophum","Genus","accepted","2026-08-05","2026-08-05: itis_id 162684 via WoRMS external link"
"aphia","125833",125833,162666,"Symbolophorus","Symbolophorus","Genus","accepted","2026-08-05","2026-08-05: itis_id 162666 via WoRMS external link"
"aphia","125834",125834,162739,"Taaningichthys","Taaningichthys","Genus","accepted","2026-08-05","2026-08-05: itis_id 162739 via WoRMS external link"
"aphia","125836",125836,162776,"Scopelengys","Scopelengys","Genus","accepted","2026-08-05","2026-08-05: itis_id 162776 via WoRMS external link"
"aphia","125849",125849,164898,"Cataetyx","Cataetyx","Genus","accepted","2026-08-05","2026-08-05: itis_id 164898 via WoRMS external link"
"aphia","125854",125854,165114,"Echiodon","Echiodon","Genus","accepted","2026-08-05","2026-08-05: itis_id 165114 via WoRMS external link"
"aphia","125861",125861,164932,"Lamprogrammus","Lamprogrammus","Genus","accepted","2026-08-05","2026-08-05: itis_id 164932 via WoRMS external link"
"aphia","125863",125863,164839,"Ophidion","Ophidion","Genus","accepted","2026-08-05","2026-08-05: itis_id 164839 via WoRMS external link"
"aphia","125865",125865,164810,"Spectrunculus","Spectrunculus","Genus","accepted","2026-08-05","2026-08-05: itis_id 164810 via WoRMS external link"
"aphia","125868",125868,162308,"Alepocephalus","Alepocephalus","Genus","accepted","2026-08-05","2026-08-05: itis_id 162308 via WoRMS external link"
"aphia","125870",125870,162348,"Bajacalifornia","Bajacalifornia","Genus","accepted","2026-08-05","2026-08-05: itis_id 162348 via WoRMS external link"
"aphia","125871",125871,162366,"Bathylaco","Bathylaco","Genus","accepted","2026-08-05","2026-08-05: itis_id 162366 via WoRMS external link"
"aphia","125883",125883,162337,"Talismania","Talismania","Genus","accepted","2026-08-05","2026-08-05: itis_id 162337 via WoRMS external link"
"aphia","125885",125885,162061,"Argentina","Argentina","Genus","accepted","2026-08-05","2026-08-05: itis_id 162061 via WoRMS external link"
"aphia","125888",125888,162081,"Bathylagus","Bathylagus","Genus","accepted","2026-08-05","2026-08-05: itis_id 162081 via WoRMS external link"
"aphia","125889",125889,623311,"Dolicholagus","Dolicholagus","Genus","accepted","2026-08-05","2026-08-05: itis_id 623311 via WoRMS external link"
"aphia","125890",125890,623312,"Melanolagus","Melanolagus","Genus","accepted","2026-08-05","2026-08-05: itis_id 623312 via WoRMS external link"
"aphia","125892",125892,162093,"Microstoma","Microstoma","Genus","accepted","2026-08-05","2026-08-05: itis_id 162093 via WoRMS external link"
"aphia","125893",125893,162058,"Nansenia","Nansenia","Genus","accepted","2026-08-05","2026-08-05: itis_id 162058 via WoRMS external link"
"aphia","125894",125894,162108,"Bathylychnops","Bathylychnops","Genus","accepted","2026-08-05","2026-08-05: itis_id 162108 via WoRMS external link"
"aphia","125895",125895,162102,"Dolichopteryx","Dolichopteryx","Genus","accepted","2026-08-05","2026-08-05: itis_id 162102 via WoRMS external link"
"aphia","125901",125901,182858,"Holtbyrnia","Holtbyrnia","Genus","accepted","2026-08-05","2026-08-05: itis_id 182858 via WoRMS external link"
"aphia","125903",125903,623314,"Mentodus","Mentodus","Genus","accepted","2026-08-05","2026-08-05: itis_id 623314 via WoRMS external link"
"aphia","125906",125906,162304,"Sagamichthys","Sagamichthys","Genus","accepted","2026-08-05","2026-08-05: itis_id 162304 via WoRMS external link"
"aphia","125908",125908,172251,"Acanthurus","Acanthurus","Genus","accepted","2026-08-05","2026-08-05: itis_id 172251 via WoRMS external link"
"aphia","125909",125909,171671,"Ammodytes","Ammodytes","Genus","accepted","2026-08-05","2026-08-05: itis_id 171671 via WoRMS external link"
"aphia","125913",125913,168197,"Apogon","Apogon","Genus","accepted","2026-08-05","2026-08-05: itis_id 168197 via WoRMS external link"
"aphia","125919",125919,171202,"Ophioblennius","Ophioblennius","Genus","accepted","2026-08-05","2026-08-05: itis_id 171202 via WoRMS external link"
"aphia","125924",125924,170288,"Brama","Brama","Genus","accepted","2026-08-05","2026-08-05: itis_id 170288 via WoRMS external link"
"aphia","125925",125925,170307,"Pteraclis","Pteraclis","Genus","accepted","2026-08-05","2026-08-05: itis_id 170307 via WoRMS external link"
"aphia","125928",125928,170310,"Taractichthys","Taractichthys","Genus","accepted","2026-08-05","2026-08-05: itis_id 170310 via WoRMS external link"
"aphia","125932",125932,171725,"Synchiropus","Synchiropus","Genus","accepted","2026-08-05","2026-08-05: itis_id 171725 via WoRMS external link"
"aphia","125933",125933,168600,"Alectis","Alectis","Genus","accepted","2026-08-05","2026-08-05: itis_id 168600 via WoRMS external link"
"aphia","125936",125936,168605,"Caranx","Caranx","Genus","accepted","2026-08-05","2026-08-05: itis_id 168605 via WoRMS external link"
"aphia","125937",125937,168723,"Decapterus","Decapterus","Genus","accepted","2026-08-05","2026-08-05: itis_id 168723 via WoRMS external link"
"aphia","125938",125938,168737,"Elagatis","Elagatis","Genus","accepted","2026-08-05","2026-08-05: itis_id 168737 via WoRMS external link"
"aphia","125940",125940,168741,"Naucrates","Naucrates","Genus","accepted","2026-08-05","2026-08-05: itis_id 168741 via WoRMS external link"
"aphia","125942",125942,168676,"Selar","Selar","Genus","accepted","2026-08-05","2026-08-05: itis_id 168676 via WoRMS external link"
"aphia","125943",125943,168679,"Selene","Selene","Genus","accepted","2026-08-05","2026-08-05: itis_id 168679 via WoRMS external link"
"aphia","125944",125944,168688,"Seriola","Seriola","Genus","accepted","2026-08-05","2026-08-05: itis_id 168688 via WoRMS external link"
"aphia","125945",125945,168707,"Trachinotus","Trachinotus","Genus","accepted","2026-08-05","2026-08-05: itis_id 168707 via WoRMS external link"
"aphia","125946",125946,168585,"Trachurus","Trachurus","Genus","accepted","2026-08-05","2026-08-05: itis_id 168585 via WoRMS external link"
"aphia","125947",125947,168821,"Caristius","Caristius","Genus","accepted","2026-08-05","2026-08-05: itis_id 168821 via WoRMS external link"
"aphia","125954",125954,169555,"Chaetodon","Chaetodon","Genus","accepted","2026-08-05","2026-08-05: itis_id 169555 via WoRMS external link"
"aphia","125956",125956,171085,"Chiasmodon","Chiasmodon","Genus","accepted","2026-08-05","2026-08-05: itis_id 171085 via WoRMS external link"
"aphia","125957",125957,171087,"Kali","Kali","Genus","accepted","2026-08-05","2026-08-05: itis_id 171087 via WoRMS external link"
"aphia","125958",125958,171093,"Pseudoscopelus","Pseudoscopelus","Genus","accepted","2026-08-05","2026-08-05: itis_id 171093 via WoRMS external link"
"aphia","125960",125960,168790,"Coryphaena","Coryphaena","Genus","accepted","2026-08-05","2026-08-05: itis_id 168790 via WoRMS external link"
"aphia","125963",125963,168577,"Phtheirichthys","Phtheirichthys","Genus","accepted","2026-08-05","2026-08-05: itis_id 168577 via WoRMS external link"
"aphia","125964",125964,168568,"Remora","Remora","Genus","accepted","2026-08-05","2026-08-05: itis_id 168568 via WoRMS external link"
"aphia","125967",125967,168295,"Epigonus","Epigonus","Genus","accepted","2026-08-05","2026-08-05: itis_id 168295 via WoRMS external link"
"aphia","125969",125969,172375,"Diplospinus","Diplospinus","Genus","accepted","2026-08-05","2026-08-05: itis_id 172375 via WoRMS external link"
"aphia","125970",125970,172359,"Gempylus","Gempylus","Genus","accepted","2026-08-05","2026-08-05: itis_id 172359 via WoRMS external link"
"aphia","125971",125971,172361,"Lepidocybium","Lepidocybium","Genus","accepted","2026-08-05","2026-08-05: itis_id 172361 via WoRMS external link"
"aphia","125972",125972,172367,"Nealotus","Nealotus","Genus","accepted","2026-08-05","2026-08-05: itis_id 172367 via WoRMS external link"
"aphia","125973",125973,172369,"Nesiarchus","Nesiarchus","Genus","accepted","2026-08-05","2026-08-05: itis_id 172369 via WoRMS external link"
"aphia","125975",125975,172363,"Ruvettus","Ruvettus","Genus","accepted","2026-08-05","2026-08-05: itis_id 172363 via WoRMS external link"
"aphia","125998",125998,171945,"Oxyurichthys","Oxyurichthys","Genus","accepted","2026-08-05","2026-08-05: itis_id 171945 via WoRMS external link"
"aphia","126011",126011,169091,"Pomadasys","Pomadasys","Genus","accepted","2026-08-05","2026-08-05: itis_id 169091 via WoRMS external link"
"aphia","126012",126012,172487,"Istiophorus","Istiophorus","Genus","accepted","2026-08-05","2026-08-05: itis_id 172487 via WoRMS external link"
"aphia","126015",126015,169504,"Kyphosus","Kyphosus","Genus","accepted","2026-08-05","2026-08-05: itis_id 169504 via WoRMS external link"
"aphia","126017",126017,170482,"Bodianus","Bodianus","Genus","accepted","2026-08-05","2026-08-05: itis_id 170482 via WoRMS external link"
"aphia","126024",126024,170567,"Thalassoma","Thalassoma","Genus","accepted","2026-08-05","2026-08-05: itis_id 170567 via WoRMS external link"
"aphia","126025",126025,613036,"Xyrichtys","Xyrichtys","Genus","accepted","2026-08-05","2026-08-05: itis_id 613036 via WoRMS external link"
"aphia","126027",126027,169006,"Lobotes","Lobotes","Genus","accepted","2026-08-05","2026-08-05: itis_id 169006 via WoRMS external link"
"aphia","126028",126028,172484,"Luvarus","Luvarus","Genus","accepted","2026-08-05","2026-08-05: itis_id 172484 via WoRMS external link"
"aphia","126032",126032,170334,"Mugil","Mugil","Genus","accepted","2026-08-05","2026-08-05: itis_id 170334 via WoRMS external link"
"aphia","126037",126037,172545,"Cubiceps","Cubiceps","Genus","accepted","2026-08-05","2026-08-05: itis_id 172545 via WoRMS external link"
"aphia","126038",126038,172553,"Nomeus","Nomeus","Genus","accepted","2026-08-05","2026-08-05: itis_id 172553 via WoRMS external link"
"aphia","126039",126039,172555,"Psenes","Psenes","Genus","accepted","2026-08-05","2026-08-05: itis_id 172555 via WoRMS external link"
"aphia","126040",126040,168331,"Howella","Howella","Genus","accepted","2026-08-05","2026-08-05: itis_id 168331 via WoRMS external link"
"aphia","126041",126041,171637,"Pholis","Pholis","Genus","accepted","2026-08-05","2026-08-05: itis_id 171637 via WoRMS external link"
"aphia","126044",126044,170045,"Abudefduf","Abudefduf","Genus","accepted","2026-08-05","2026-08-05: itis_id 170045 via WoRMS external link"
"aphia","126045",126045,170079,"Chromis","Chromis","Genus","accepted","2026-08-05","2026-08-05: itis_id 170079 via WoRMS external link"
"aphia","126055",126055,169297,"Umbrina","Umbrina","Genus","accepted","2026-08-05","2026-08-05: itis_id 169297 via WoRMS external link"
"aphia","126056",126056,172450,"Acanthocybium","Acanthocybium","Genus","accepted","2026-08-05","2026-08-05: itis_id 172450 via WoRMS external link"
"aphia","126057",126057,172454,"Auxis","Auxis","Genus","accepted","2026-08-05","2026-08-05: itis_id 172454 via WoRMS external link"
"aphia","126058",126058,172399,"Euthynnus","Euthynnus","Genus","accepted","2026-08-05","2026-08-05: itis_id 172399 via WoRMS external link"
"aphia","126059",126059,172475,"Katsuwonus","Katsuwonus","Genus","accepted","2026-08-05","2026-08-05: itis_id 172475 via WoRMS external link"
"aphia","126062",126062,172407,"Sarda","Sarda","Genus","accepted","2026-08-05","2026-08-05: itis_id 172407 via WoRMS external link"
"aphia","126063",126063,172411,"Scomber","Scomber","Genus","accepted","2026-08-05","2026-08-05: itis_id 172411 via WoRMS external link"
"aphia","126064",126064,172434,"Scomberomorus","Scomberomorus","Genus","accepted","2026-08-05","2026-08-05: itis_id 172434 via WoRMS external link"
"aphia","126065",126065,172418,"Thunnus","Thunnus","Genus","accepted","2026-08-05","2026-08-05: itis_id 172418 via WoRMS external link"
"aphia","126066",126066,172365,"Scombrolabrax","Scombrolabrax","Genus","accepted","2026-08-05","2026-08-05: itis_id 172365 via WoRMS external link"
"aphia","126068",126068,167694,"Epinephelus","Epinephelus","Genus","accepted","2026-08-05","2026-08-05: itis_id 167694 via WoRMS external link"
"aphia","126070",126070,167849,"Serranus","Serranus","Genus","accepted","2026-08-05","2026-08-05: itis_id 167849 via WoRMS external link"
"aphia","126084",126084,170425,"Sphyraena","Sphyraena","Genus","accepted","2026-08-05","2026-08-05: itis_id 170425 via WoRMS external link"
"aphia","126086",126086,171565,"Chirolophis","Chirolophis","Genus","accepted","2026-08-05","2026-08-05: itis_id 171565 via WoRMS external link"
"aphia","126093",126093,172579,"Tetragonurus","Tetragonurus","Genus","accepted","2026-08-05","2026-08-05: itis_id 172579 via WoRMS external link"
"aphia","126095",126095,172388,"Aphanopus","Aphanopus","Genus","accepted","2026-08-05","2026-08-05: itis_id 172388 via WoRMS external link"
"aphia","126097",126097,172390,"Lepidopus","Lepidopus","Genus","accepted","2026-08-05","2026-08-05: itis_id 172390 via WoRMS external link"
"aphia","126098",126098,172384,"Trichiurus","Trichiurus","Genus","accepted","2026-08-05","2026-08-05: itis_id 172384 via WoRMS external link"
"aphia","126103",126103,165230,"Lycenchelys","Lycenchelys","Genus","accepted","2026-08-05","2026-08-05: itis_id 165230 via WoRMS external link"
"aphia","126106",126106,165294,"Melanostigma","Melanostigma","Genus","accepted","2026-08-05","2026-08-05: itis_id 165294 via WoRMS external link"
"aphia","126110",126110,172758,"Bothus","Bothus","Genus","accepted","2026-08-05","2026-08-05: itis_id 172758 via WoRMS external link"
"aphia","126113",126113,173061,"Symphurus","Symphurus","Genus","accepted","2026-08-05","2026-08-05: itis_id 173061 via WoRMS external link"
"aphia","126114",126114,172872,"Glyptocephalus","Glyptocephalus","Genus","accepted","2026-08-05","2026-08-05: itis_id 172872 via WoRMS external link"
"aphia","126115",126115,172874,"Hippoglossoides","Hippoglossoides","Genus","accepted","2026-08-05","2026-08-05: itis_id 172874 via WoRMS external link"
"aphia","126116",126116,172931,"Hippoglossus","Hippoglossus","Genus","accepted","2026-08-05","2026-08-05: itis_id 172931 via WoRMS external link"
"aphia","126118",126118,172886,"Microstomus","Microstomus","Genus","accepted","2026-08-05","2026-08-05: itis_id 172886 via WoRMS external link"
"aphia","126119",126119,172892,"Platichthys","Platichthys","Genus","accepted","2026-08-05","2026-08-05: itis_id 172892 via WoRMS external link"
"aphia","126121",126121,172929,"Reinhardtius","Reinhardtius","Genus","accepted","2026-08-05","2026-08-05: itis_id 172929 via WoRMS external link"
"aphia","126135",126135,161631,"Cyema","Cyema","Genus","accepted","2026-08-05","2026-08-05: itis_id 161631 via WoRMS external link"
"aphia","126136",126136,161651,"Eurypharynx","Eurypharynx","Genus","accepted","2026-08-05","2026-08-05: itis_id 161651 via WoRMS external link"
"aphia","126138",126138,161645,"Saccopharynx","Saccopharynx","Genus","accepted","2026-08-05","2026-08-05: itis_id 161645 via WoRMS external link"
"aphia","126156",126156,167488,"Careproctus","Careproctus","Genus","accepted","2026-08-05","2026-08-05: itis_id 167488 via WoRMS external link"
"aphia","126160",126160,167550,"Liparis","Liparis","Genus","accepted","2026-08-05","2026-08-05: itis_id 167550 via WoRMS external link"
"aphia","126169",126169,167411,"Psychrolutes","Psychrolutes","Genus","accepted","2026-08-05","2026-08-05: itis_id 167411 via WoRMS external link"
"aphia","126170",126170,166798,"Pontinus","Pontinus","Genus","accepted","2026-08-05","2026-08-05: itis_id 166798 via WoRMS external link"
"aphia","126171",126171,166811,"Scorpaena","Scorpaena","Genus","accepted","2026-08-05","2026-08-05: itis_id 166811 via WoRMS external link"
"aphia","126172",126172,166861,"Scorpaenodes","Scorpaenodes","Genus","accepted","2026-08-05","2026-08-05: itis_id 166861 via WoRMS external link"
"aphia","126175",126175,166705,"Sebastes","Sebastes","Genus","accepted","2026-08-05","2026-08-05: itis_id 166705 via WoRMS external link"
"aphia","126181",126181,166093,"Melamphaes","Melamphaes","Genus","accepted","2026-08-05","2026-08-05: itis_id 166093 via WoRMS external link"
"aphia","126182",126182,166107,"Poromitra","Poromitra","Genus","accepted","2026-08-05","2026-08-05: itis_id 166107 via WoRMS external link"
"aphia","126183",126183,166112,"Scopeloberyx","Scopeloberyx","Genus","accepted","2026-08-05","2026-08-05: itis_id 166112 via WoRMS external link"
"aphia","126184",126184,166115,"Scopelogadus","Scopelogadus","Genus","accepted","2026-08-05","2026-08-05: itis_id 166115 via WoRMS external link"
"aphia","126187",126187,162164,"Cyclothone","Cyclothone","Genus","accepted","2026-08-05","2026-08-05: itis_id 162164 via WoRMS external link"
"aphia","126188",126188,162179,"Diplophos","Diplophos","Genus","accepted","2026-08-05","2026-08-05: itis_id 162179 via WoRMS external link"
"aphia","126189",126189,162182,"Gonostoma","Gonostoma","Genus","accepted","2026-08-05","2026-08-05: itis_id 162182 via WoRMS external link"
"aphia","126190",126190,162229,"Margrethia","Margrethia","Genus","accepted","2026-08-05","2026-08-05: itis_id 162229 via WoRMS external link"
"aphia","126191",126191,162198,"Ichthyococcus","Ichthyococcus","Genus","accepted","2026-08-05","2026-08-05: itis_id 162198 via WoRMS external link"
"aphia","126194",126194,162192,"Vinciguerria","Vinciguerria","Genus","accepted","2026-08-05","2026-08-05: itis_id 162192 via WoRMS external link"
"aphia","126196",126196,162213,"Argyropelecus","Argyropelecus","Genus","accepted","2026-08-05","2026-08-05: itis_id 162213 via WoRMS external link"
"aphia","126197",126197,162186,"Maurolicus","Maurolicus","Genus","accepted","2026-08-05","2026-08-05: itis_id 162186 via WoRMS external link"
"aphia","126199",126199,162226,"Sternoptyx","Sternoptyx","Genus","accepted","2026-08-05","2026-08-05: itis_id 162226 via WoRMS external link"
"aphia","126200",126200,162202,"Valenciennellus","Valenciennellus","Genus","accepted","2026-08-05","2026-08-05: itis_id 162202 via WoRMS external link"
"aphia","126201",126201,162273,"Aristostomias","Aristostomias","Genus","accepted","2026-08-05","2026-08-05: itis_id 162273 via WoRMS external link"
"aphia","126202",126202,162234,"Astronesthes","Astronesthes","Genus","accepted","2026-08-05","2026-08-05: itis_id 162234 via WoRMS external link"
"aphia","126203",126203,162243,"Bathophilus","Bathophilus","Genus","accepted","2026-08-05","2026-08-05: itis_id 162243 via WoRMS external link"
"aphia","126204",126204,162239,"Borostomias","Borostomias","Genus","accepted","2026-08-05","2026-08-05: itis_id 162239 via WoRMS external link"
"aphia","126205",126205,162278,"Chauliodus","Chauliodus","Genus","accepted","2026-08-05","2026-08-05: itis_id 162278 via WoRMS external link"
"aphia","126211",126211,162299,"Idiacanthus","Idiacanthus","Genus","accepted","2026-08-05","2026-08-05: itis_id 162299 via WoRMS external link"
"aphia","126212",126212,162254,"Leptostomias","Leptostomias","Genus","accepted","2026-08-05","2026-08-05: itis_id 162254 via WoRMS external link"
"aphia","126214",126214,162257,"Melanostomias","Melanostomias","Genus","accepted","2026-08-05","2026-08-05: itis_id 162257 via WoRMS external link"
"aphia","126217",126217,162295,"Photonectes","Photonectes","Genus","accepted","2026-08-05","2026-08-05: itis_id 162295 via WoRMS external link"
"aphia","126220",126220,162286,"Stomias","Stomias","Genus","accepted","2026-08-05","2026-08-05: itis_id 162286 via WoRMS external link"
"aphia","126222",126222,551495,"Macroramphosus","Macroramphosus","Genus","accepted","2026-08-05","2026-08-05: itis_id 551495 via WoRMS external link"
"aphia","126224",126224,166487,"Hippocampus","Hippocampus","Genus","accepted","2026-08-05","2026-08-05: itis_id 166487 via WoRMS external link"
"aphia","126227",126227,166444,"Syngnathus","Syngnathus","Genus","accepted","2026-08-05","2026-08-05: itis_id 166444 via WoRMS external link"
"aphia","126228",126228,173137,"Balistes","Balistes","Genus","accepted","2026-08-05","2026-08-05: itis_id 173137 via WoRMS external link"
"aphia","126229",126229,173168,"Canthidermis","Canthidermis","Genus","accepted","2026-08-05","2026-08-05: itis_id 173168 via WoRMS external link"
"aphia","126230",126230,173383,"Chilomycterus","Chilomycterus","Genus","accepted","2026-08-05","2026-08-05: itis_id 173383 via WoRMS external link"
"aphia","126231",126231,173390,"Diodon","Diodon","Genus","accepted","2026-08-05","2026-08-05: itis_id 173390 via WoRMS external link"
"aphia","126233",126233,173413,"Mola","Mola","Genus","accepted","2026-08-05","2026-08-05: itis_id 173413 via WoRMS external link"
"aphia","126235",126235,173129,"Aluterus","Aluterus","Genus","accepted","2026-08-05","2026-08-05: itis_id 173129 via WoRMS external link"
"aphia","126241",126241,173289,"Sphoeroides","Sphoeroides","Genus","accepted","2026-08-05","2026-08-05: itis_id 173289 via WoRMS external link"
"aphia","126245",126245,166276,"Zenion","Zenion","Genus","accepted","2026-08-05","2026-08-05: itis_id 166276 via WoRMS external link"
"aphia","126291",126291,161601,"Derichthys serpentinus","Derichthys serpentinus","Species","accepted","2026-08-05","2026-08-05: itis_id 161601 via WoRMS external link"
"aphia","126304",126304,161619,"Avocettina infans","Avocettina infans","Species","accepted","2026-08-05","2026-08-05: itis_id 161619 via WoRMS external link"
"aphia","126306",126306,161624,"Nemichthys scolopaceus","Nemichthys scolopaceus","Species","accepted","2026-08-05","2026-08-05: itis_id 161624 via WoRMS external link"
"aphia","126319",126319,635762,"Serrivomer beanii","Serrivomer beanii","Species","accepted","2026-08-05","2026-08-05: itis_id 635762 via WoRMS external link"
"aphia","126333",126333,162527,"Alepisaurus ferox","Alepisaurus ferox","Species","accepted","2026-08-05","2026-08-05: itis_id 162527 via WoRMS external link"
"aphia","126334",126334,162534,"Anotopterus pharao","Anotopterus pharao","Species","accepted","2026-08-05","2026-08-05: itis_id 162534 via WoRMS external link"
"aphia","126337",126337,162537,"Coccorella atlantica","Coccorella atlantica","Species","accepted","2026-08-05","2026-08-05: itis_id 162537 via WoRMS external link"
"aphia","126339",126339,162544,"Evermannella indica","Evermannella indica","Species","accepted","2026-08-05","2026-08-05: itis_id 162544 via WoRMS external link"
"aphia","126350",126350,162569,"Scopelosaurus smithii","Scopelosaurus smithii","Species","accepted","2026-08-05","2026-08-05: itis_id 162569 via WoRMS external link"
"aphia","126352",126352,644687,"Arctozenus risso","Arctozenus risso","Species","accepted","2026-08-05","2026-08-05: itis_id 644687 via WoRMS external link"
"aphia","126359",126359,644691,"Magnisudis atlantica","Magnisudis atlantica","Species","accepted","2026-08-05","2026-08-05: itis_id 644691 via WoRMS external link"
"aphia","126364",126364,644716,"Uncisudis quadrimaculata","Uncisudis quadrimaculata","Species","accepted","2026-08-05","2026-08-05: itis_id 644716 via WoRMS external link"
"aphia","126365",126365,162552,"Benthalbella infans","Benthalbella infans","Species","accepted","2026-08-05","2026-08-05: itis_id 162552 via WoRMS external link"
"aphia","126366",126366,644709,"Rosenblattichthys hubbsi","Rosenblattichthys hubbsi","Species","accepted","2026-08-05","2026-08-05: itis_id 644709 via WoRMS external link"
"aphia","126367",126367,162555,"Scopelarchus analis","Scopelarchus analis","Species","accepted","2026-08-05","2026-08-05: itis_id 162555 via WoRMS external link"
"aphia","126368",126368,162558,"Scopelarchus michaelsarsi","Scopelarchus michaelsarsi","Species","accepted","2026-08-05","2026-08-05: itis_id 162558 via WoRMS external link"
"aphia","126382",126382,616688,"Cheilopogon heterurus","Cheilopogon heterurus","Species","accepted","2026-08-05","2026-08-05: itis_id 616688 via WoRMS external link"
"aphia","126383",126383,616685,"Cheilopogon pinnatibarbatus","Cheilopogon pinnatibarbatus","Species","accepted","2026-08-05","2026-08-05: itis_id 616685 via WoRMS external link"
"aphia","126385",126385,165508,"Exocoetus volitans","Exocoetus volitans","Species","accepted","2026-08-05","2026-08-05: itis_id 165508 via WoRMS external link"
"aphia","126386",126386,616693,"Hirundichthys rondeletii","Hirundichthys rondeletii","Species","accepted","2026-08-05","2026-08-05: itis_id 616693 via WoRMS external link"
"aphia","126387",126387,165517,"Hirundichthys speculiger","Hirundichthys speculiger","Species","accepted","2026-08-05","2026-08-05: itis_id 165517 via WoRMS external link"
"aphia","126392",126392,165612,"Scomberesox saurus","Scomberesox saurus","Species","accepted","2026-08-05","2026-08-05: itis_id 165612 via WoRMS external link"
"aphia","126393",126393,166152,"Anoplogaster cornuta","Anoplogaster cornuta","Species","accepted","2026-08-05","2026-08-05: itis_id 166152 via WoRMS external link"
"aphia","126395",126395,166156,"Beryx splendens","Beryx splendens","Species","accepted","2026-08-05","2026-08-05: itis_id 166156 via WoRMS external link"
"aphia","126396",126396,622111,"Diretmichthys parini","Diretmichthys parini","Species","accepted","2026-08-05","2026-08-05: itis_id 622111 via WoRMS external link"
"aphia","126397",126397,622112,"Diretmoides pauciradiatus","Diretmoides pauciradiatus","Species","accepted","2026-08-05","2026-08-05: itis_id 622112 via WoRMS external link"
"aphia","126398",126398,166133,"Diretmus argenteus","Diretmus argenteus","Species","accepted","2026-08-05","2026-08-05: itis_id 166133 via WoRMS external link"
"aphia","126409",126409,162815,"Eutaeniophorus festivus","Eutaeniophorus festivus","Species","accepted","2026-08-05","2026-08-05: itis_id 162815 via WoRMS external link"
"aphia","126483",126483,164746,"Melanonus zugmayeri","Melanonus zugmayeri","Species","accepted","2026-08-05","2026-08-05: itis_id 164746 via WoRMS external link"
"aphia","126522",126522,166326,"Lampris guttatus","Lampris guttatus","Species","accepted","2026-08-05","2026-08-05: itis_id 166326 via WoRMS external link"
"aphia","126524",126524,615910,"Radiicephalus elongatus","Radiicephalus elongatus","Species","accepted","2026-08-05","2026-08-05: itis_id 615910 via WoRMS external link"
"aphia","126526",126526,166360,"Stylephorus chordatus","Stylephorus chordatus","Species","accepted","2026-08-05","2026-08-05: itis_id 166360 via WoRMS external link"
"aphia","126529",126529,166353,"Zu cristatus","Zu cristatus","Species","accepted","2026-08-05","2026-08-05: itis_id 166353 via WoRMS external link"
"aphia","126536",126536,164652,"Centrophryne spinulosa","Centrophryne spinulosa","Species","accepted","2026-08-05","2026-08-05: itis_id 164652 via WoRMS external link"
"aphia","126537",126537,164655,"Ceratias holboelli","Ceratias holboelli","Species","accepted","2026-08-05","2026-08-05: itis_id 164655 via WoRMS external link"
"aphia","126538",126538,623188,"Cryptopsaras couesii","Cryptopsaras couesii","Species","accepted","2026-08-05","2026-08-05: itis_id 623188 via WoRMS external link"
"aphia","126556",126556,622873,"Melanocetus johnsonii","Melanocetus johnsonii","Species","accepted","2026-08-05","2026-08-05: itis_id 622873 via WoRMS external link"
"aphia","126572",126572,622880,"Oneirodes eschrichtii","Oneirodes eschrichtii","Species","accepted","2026-08-05","2026-08-05: itis_id 622880 via WoRMS external link"
"aphia","126581",126581,162682,"Benthosema suborbitale","Benthosema suborbitale","Species","accepted","2026-08-05","2026-08-05: itis_id 162682 via WoRMS external link"
"aphia","126584",126584,162732,"Centrobranchus nigroocellatus","Centrobranchus nigroocellatus","Species","accepted","2026-08-05","2026-08-05: itis_id 162732 via WoRMS external link"
"aphia","126586",126586,623722,"Ceratoscopelus warmingii","Ceratoscopelus warmingii","Species","accepted","2026-08-05","2026-08-05: itis_id 623722 via WoRMS external link"
"aphia","126599",126599,162676,"Diogenichthys atlanticus","Diogenichthys atlanticus","Species","accepted","2026-08-05","2026-08-05: itis_id 162676 via WoRMS external link"
"aphia","126600",126600,623732,"Electrona risso","Electrona risso","Species","accepted","2026-08-05","2026-08-05: itis_id 623732 via WoRMS external link"
"aphia","126603",126603,623714,"Hygophum hygomii","Hygophum hygomii","Species","accepted","2026-08-05","2026-08-05: itis_id 623714 via WoRMS external link"
"aphia","126604",126604,623875,"Hygophum reinhardtii","Hygophum reinhardtii","Species","accepted","2026-08-05","2026-08-05: itis_id 623875 via WoRMS external link"
"aphia","126609",126609,162703,"Lampadena urophaos","Lampadena urophaos","Species","accepted","2026-08-05","2026-08-05: itis_id 162703 via WoRMS external link"
"aphia","126625",126625,162717,"Loweina rara","Loweina rara","Species","accepted","2026-08-05","2026-08-05: itis_id 162717 via WoRMS external link"
"aphia","126626",126626,162726,"Myctophum nitidulum","Myctophum nitidulum","Species","accepted","2026-08-05","2026-08-05: itis_id 162726 via WoRMS external link"
"aphia","126629",126629,162729,"Notolychnus valdiviae","Notolychnus valdiviae","Species","accepted","2026-08-05","2026-08-05: itis_id 162729 via WoRMS external link"
"aphia","126632",126632,162742,"Taaningichthys minimus","Taaningichthys minimus","Species","accepted","2026-08-05","2026-08-05: itis_id 162742 via WoRMS external link"
"aphia","126636",126636,162777,"Scopelengys tristis","Scopelengys tristis","Species","accepted","2026-08-05","2026-08-05: itis_id 162777 via WoRMS external link"
"aphia","126672",126672,164933,"Lamprogrammus niger","Lamprogrammus niger","Species","accepted","2026-08-05","2026-08-05: itis_id 164933 via WoRMS external link"
"aphia","126678",126678,622862,"Spectrunculus grandis","Spectrunculus grandis","Species","accepted","2026-08-05","2026-08-05: itis_id 622862 via WoRMS external link"
"aphia","126688",126688,162367,"Bathylaco nigricans","Bathylaco nigricans","Species","accepted","2026-08-05","2026-08-05: itis_id 162367 via WoRMS external link"
"aphia","1267",1267,48738,"Cnidaria","Cnidaria","Phylum","accepted","2026-08-05","2026-08-05: itis_id 48738 via WoRMS external link"
"aphia","126720",126720,623331,"Dolicholagus longirostris","Dolicholagus longirostris","Species","accepted","2026-08-05","2026-08-05: itis_id 623331 via WoRMS external link"
"aphia","126721",126721,623332,"Melanolagus bericoides","Melanolagus bericoides","Species","accepted","2026-08-05","2026-08-05: itis_id 623332 via WoRMS external link"
"aphia","126724",126724,162094,"Microstoma microstoma","Microstoma microstoma","Species","accepted","2026-08-05","2026-08-05: itis_id 162094 via WoRMS external link"
"aphia","126730",126730,162109,"Bathylychnops exilis","Bathylychnops exilis","Species","accepted","2026-08-05","2026-08-05: itis_id 162109 via WoRMS external link"
"aphia","126731",126731,162103,"Dolichopteryx longipes","Dolichopteryx longipes","Species","accepted","2026-08-05","2026-08-05: itis_id 162103 via WoRMS external link"
"aphia","126809",126809,168738,"Elagatis bipinnulata","Elagatis bipinnulata","Species","accepted","2026-08-05","2026-08-05: itis_id 168738 via WoRMS external link"
"aphia","126811",126811,168742,"Naucrates ductor","Naucrates ductor","Species","accepted","2026-08-05","2026-08-05: itis_id 168742 via WoRMS external link"
"aphia","126818",126818,168691,"Seriola rivoliana","Seriola rivoliana","Species","accepted","2026-08-05","2026-08-05: itis_id 168691 via WoRMS external link"
"aphia","126840",126840,171086,"Chiasmodon niger","Chiasmodon niger","Species","accepted","2026-08-05","2026-08-05: itis_id 171086 via WoRMS external link"
"aphia","126845",126845,168792,"Coryphaena equiselis","Coryphaena equiselis","Species","accepted","2026-08-05","2026-08-05: itis_id 168792 via WoRMS external link"
"aphia","126846",126846,168791,"Coryphaena hippurus","Coryphaena hippurus","Species","accepted","2026-08-05","2026-08-05: itis_id 168791 via WoRMS external link"
"aphia","126849",126849,168578,"Phtheirichthys lineatus","Phtheirichthys lineatus","Species","accepted","2026-08-05","2026-08-05: itis_id 168578 via WoRMS external link"
"aphia","126861",126861,172376,"Diplospinus multistriatus","Diplospinus multistriatus","Species","accepted","2026-08-05","2026-08-05: itis_id 172376 via WoRMS external link"
"aphia","126862",126862,172360,"Gempylus serpens","Gempylus serpens","Species","accepted","2026-08-05","2026-08-05: itis_id 172360 via WoRMS external link"
"aphia","126863",126863,172362,"Lepidocybium flavobrunneum","Lepidocybium flavobrunneum","Species","accepted","2026-08-05","2026-08-05: itis_id 172362 via WoRMS external link"
"aphia","126864",126864,172368,"Nealotus tripes","Nealotus tripes","Species","accepted","2026-08-05","2026-08-05: itis_id 172368 via WoRMS external link"
"aphia","126865",126865,172370,"Nesiarchus nasutus","Nesiarchus nasutus","Species","accepted","2026-08-05","2026-08-05: itis_id 172370 via WoRMS external link"
"aphia","126867",126867,172364,"Ruvettus pretiosus","Ruvettus pretiosus","Species","accepted","2026-08-05","2026-08-05: itis_id 172364 via WoRMS external link"
"aphia","126973",126973,169007,"Lobotes surinamensis","Lobotes surinamensis","Species","accepted","2026-08-05","2026-08-05: itis_id 169007 via WoRMS external link"
"aphia","126974",126974,172485,"Luvarus imperialis","Luvarus imperialis","Species","accepted","2026-08-05","2026-08-05: itis_id 172485 via WoRMS external link"
"aphia","126983",126983,170335,"Mugil cephalus","Mugil cephalus","Species","accepted","2026-08-05","2026-08-05: itis_id 170335 via WoRMS external link"
"aphia","126991",126991,172554,"Nomeus gronovii","Nomeus gronovii","Species","accepted","2026-08-05","2026-08-05: itis_id 172554 via WoRMS external link"
"aphia","126992",126992,172557,"Psenes maculatus","Psenes maculatus","Species","accepted","2026-08-05","2026-08-05: itis_id 172557 via WoRMS external link"
"aphia","126993",126993,172558,"Psenes pellucidus","Psenes pellucidus","Species","accepted","2026-08-05","2026-08-05: itis_id 172558 via WoRMS external link"
"aphia","127014",127014,172451,"Acanthocybium solandri","Acanthocybium solandri","Species","accepted","2026-08-05","2026-08-05: itis_id 172451 via WoRMS external link"
"aphia","127015",127015,172455,"Auxis rochei","Auxis rochei","Species","accepted","2026-08-05","2026-08-05: itis_id 172455 via WoRMS external link"
"aphia","127016",127016,172456,"Auxis thazard","Auxis thazard","Species","accepted","2026-08-05","2026-08-05: itis_id 172456 via WoRMS external link"
"aphia","127018",127018,172401,"Katsuwonus pelamis","Katsuwonus pelamis","Species","accepted","2026-08-05","2026-08-05: itis_id 172401 via WoRMS external link"
"aphia","127022",127022,172412,"Scomber japonicus","Scomber japonicus","Species","accepted","2026-08-05","2026-08-05: itis_id 172412 via WoRMS external link"
"aphia","127027",127027,172423,"Thunnus albacares","Thunnus albacares","Species","accepted","2026-08-05","2026-08-05: itis_id 172423 via WoRMS external link"
"aphia","127030",127030,172366,"Scombrolabrax heterolepis","Scombrolabrax heterolepis","Species","accepted","2026-08-05","2026-08-05: itis_id 172366 via WoRMS external link"
"aphia","127079",127079,172581,"Tetragonurus atlanticus","Tetragonurus atlanticus","Species","accepted","2026-08-05","2026-08-05: itis_id 172581 via WoRMS external link"
"aphia","127080",127080,172580,"Tetragonurus cuvieri","Tetragonurus cuvieri","Species","accepted","2026-08-05","2026-08-05: itis_id 172580 via WoRMS external link"
"aphia","127089",127089,172385,"Trichiurus lepturus","Trichiurus lepturus","Species","accepted","2026-08-05","2026-08-05: itis_id 172385 via WoRMS external link"
"aphia","127144",127144,172930,"Reinhardtius hippoglossoides","Reinhardtius hippoglossoides","Species","accepted","2026-08-05","2026-08-05: itis_id 172930 via WoRMS external link"
"aphia","127164",127164,161632,"Cyema atrum","Cyema atrum","Species","accepted","2026-08-05","2026-08-05: itis_id 161632 via WoRMS external link"
"aphia","127165",127165,161653,"Eurypharynx pelecanoides","Eurypharynx pelecanoides","Species","accepted","2026-08-05","2026-08-05: itis_id 161653 via WoRMS external link"
"aphia","127269",127269,166103,"Melamphaes simus","Melamphaes simus","Species","accepted","2026-08-05","2026-08-05: itis_id 166103 via WoRMS external link"
"aphia","127273",127273,166108,"Poromitra crassiceps","Poromitra crassiceps","Species","accepted","2026-08-05","2026-08-05: itis_id 166108 via WoRMS external link"
"aphia","127274",127274,166110,"Poromitra megalops","Poromitra megalops","Species","accepted","2026-08-05","2026-08-05: itis_id 166110 via WoRMS external link"
"aphia","127276",127276,182909,"Scopeloberyx robustus","Scopeloberyx robustus","Species","accepted","2026-08-05","2026-08-05: itis_id 182909 via WoRMS external link"
"aphia","127279",127279,166117,"Scopelogadus mizolepis","Scopelogadus mizolepis","Species","accepted","2026-08-05","2026-08-05: itis_id 166117 via WoRMS external link"
"aphia","127282",127282,162172,"Cyclothone acclinidens","Cyclothone acclinidens","Species","accepted","2026-08-05","2026-08-05: itis_id 162172 via WoRMS external link"
"aphia","127288",127288,162167,"Cyclothone pallida","Cyclothone pallida","Species","accepted","2026-08-05","2026-08-05: itis_id 162167 via WoRMS external link"
"aphia","127289",127289,162175,"Cyclothone pseudopallida","Cyclothone pseudopallida","Species","accepted","2026-08-05","2026-08-05: itis_id 162175 via WoRMS external link"
"aphia","127292",127292,162181,"Diplophos taenia","Diplophos taenia","Species","accepted","2026-08-05","2026-08-05: itis_id 162181 via WoRMS external link"
"aphia","127293",127293,162183,"Gonostoma atlanticum","Gonostoma atlanticum","Species","accepted","2026-08-05","2026-08-05: itis_id 162183 via WoRMS external link"
"aphia","127297",127297,622694,"Margrethia obtusirostra","Margrethia obtusirostra","Species","accepted","2026-08-05","2026-08-05: itis_id 622694 via WoRMS external link"
"aphia","127302",127302,162193,"Vinciguerria attenuata","Vinciguerria attenuata","Species","accepted","2026-08-05","2026-08-05: itis_id 162193 via WoRMS external link"
"aphia","127303",127303,162194,"Vinciguerria nimbaria","Vinciguerria nimbaria","Species","accepted","2026-08-05","2026-08-05: itis_id 162194 via WoRMS external link"
"aphia","127304",127304,162195,"Vinciguerria poweriae","Vinciguerria poweriae","Species","accepted","2026-08-05","2026-08-05: itis_id 162195 via WoRMS external link"
"aphia","127307",127307,162216,"Argyropelecus affinis","Argyropelecus affinis","Species","accepted","2026-08-05","2026-08-05: itis_id 162216 via WoRMS external link"
"aphia","127309",127309,162219,"Argyropelecus hemigymnus","Argyropelecus hemigymnus","Species","accepted","2026-08-05","2026-08-05: itis_id 162219 via WoRMS external link"
"aphia","127312",127312,162187,"Maurolicus muelleri","Maurolicus muelleri","Species","accepted","2026-08-05","2026-08-05: itis_id 162187 via WoRMS external link"
"aphia","127314",127314,162227,"Sternoptyx diaphana","Sternoptyx diaphana","Species","accepted","2026-08-05","2026-08-05: itis_id 162227 via WoRMS external link"
"aphia","127315",127315,162228,"Sternoptyx pseudobscura","Sternoptyx pseudobscura","Species","accepted","2026-08-05","2026-08-05: itis_id 162228 via WoRMS external link"
"aphia","127316",127316,162203,"Valenciennellus tripunctulatus","Valenciennellus tripunctulatus","Species","accepted","2026-08-05","2026-08-05: itis_id 162203 via WoRMS external link"
"aphia","127322",127322,622363,"Astronesthes gemmifer","Astronesthes gemmifer","Species","accepted","2026-08-05","2026-08-05: itis_id 622363 via WoRMS external link"
"aphia","127329",127329,622372,"Bathophilus brevis","Bathophilus brevis","Species","accepted","2026-08-05","2026-08-05: itis_id 622372 via WoRMS external link"
"aphia","127338",127338,162281,"Chauliodus sloani","Chauliodus sloani","Species","accepted","2026-08-05","2026-08-05: itis_id 162281 via WoRMS external link"
"aphia","127354",127354,162300,"Idiacanthus fasciola","Idiacanthus fasciola","Species","accepted","2026-08-05","2026-08-05: itis_id 162300 via WoRMS external link"
"aphia","127365",127365,622394,"Melanostomias valdiviae","Melanostomias valdiviae","Species","accepted","2026-08-05","2026-08-05: itis_id 622394 via WoRMS external link"
"aphia","127370",127370,162296,"Photonectes margarita","Photonectes margarita","Species","accepted","2026-08-05","2026-08-05: itis_id 162296 via WoRMS external link"
"aphia","127398",127398,173169,"Canthidermis maculata","Canthidermis maculata","Species","accepted","2026-08-05","2026-08-05: itis_id 173169 via WoRMS external link"
"aphia","127401",127401,615870,"Diodon eydouxii","Diodon eydouxii","Species","accepted","2026-08-05","2026-08-05: itis_id 615870 via WoRMS external link"
"aphia","127402",127402,173392,"Diodon holocanthus","Diodon holocanthus","Species","accepted","2026-08-05","2026-08-05: itis_id 173392 via WoRMS external link"
"aphia","127403",127403,173391,"Diodon hystrix","Diodon hystrix","Species","accepted","2026-08-05","2026-08-05: itis_id 173391 via WoRMS external link"
"aphia","127405",127405,173414,"Mola mola","Mola mola","Species","accepted","2026-08-05","2026-08-05: itis_id 173414 via WoRMS external link"
"aphia","1278",1278,563886,"Hexapoda","Hexapoda","Subphylum","accepted","2026-08-05","2026-08-05: itis_id 563886 via WoRMS external link"
"aphia","1307",1307,99208,"Insecta","Insecta","Class","accepted","2026-08-05","2026-08-05: itis_id 99208 via WoRMS external link"
"aphia","1310251",1310251,,"Mesovagus","Mesovagus","Genus","accepted","2026-08-05",
"aphia","1310442",1310442,,"Octactis speculum","Octactis speculum","Species","accepted","2026-09-04",
"aphia","1321884",1321884,,"Argentiniformes","Argentiniformes","Order","accepted","2026-08-05",
"aphia","1337",1337,48739,"Hydrozoa","Hydrozoa","Class","accepted","2026-08-05","2026-08-05: itis_id 48739 via WoRMS external link"
"aphia","1342533",1342533,,"Halobatini","Halobatini","Tribe","accepted","2026-08-05",
"aphia","1348513",1348513,,"Synthliboramphus scrippsi","Synthliboramphus scrippsi","Species","accepted","2026-09-04",
"aphia","13551",13551,48741,"Anthoathecata","Anthoathecata","Order","accepted","2026-08-05","2026-08-05: itis_id 48741 via WoRMS external link"
"aphia","136754",149565,2354,"Pyxidicula","Rhopalodia","Genus","accepted","2026-09-04","2026-09-04: itis_id 2354 via WoRMS external link; WoRMS Pyxidicula unaccepted -> Rhopalodia (worms:149565)"
"aphia","136974",136974,180545,"Mustelidae","Mustelidae","Family","accepted","2026-08-05","2026-08-05: itis_id 180545 via WoRMS external link"
"aphia","136976",136976,180640,"Phocidae","Phocidae","Family","accepted","2026-08-05","2026-08-05: itis_id 180640 via WoRMS external link"
"aphia","136979",136979,180522,"Balaenopteridae","Balaenopteridae","Family","accepted","2026-08-05","2026-08-05: itis_id 180522 via WoRMS external link"
"aphia","136980",136980,180415,"Delphinidae","Delphinidae","Family","accepted","2026-08-05","2026-08-05: itis_id 180415 via WoRMS external link"
"aphia","136981",136981,180519,"Eschrichtiidae","Eschrichtiidae","Family","accepted","2026-08-05","2026-08-05: itis_id 180519 via WoRMS external link"
"aphia","136982",136982,621144,"Kogiidae","Kogiidae","Family","accepted","2026-08-05","2026-08-05: itis_id 621144 via WoRMS external link"
"aphia","136984",136984,552307,"Phocoenidae","Phocoenidae","Family","accepted","2026-08-05","2026-08-05: itis_id 552307 via WoRMS external link"
"aphia","136985",136985,180486,"Physeteridae","Physeteridae","Family","accepted","2026-08-05","2026-08-05: itis_id 180486 via WoRMS external link"
"aphia","136986",136986,,"Ziphiidae","Ziphiidae","Family","accepted","2026-08-05",
"aphia","136987",136987,176967,"Alcidae","Alcidae","Family","accepted","2026-09-04","2026-09-04: itis_id 176967 via WoRMS external link"
"aphia","136999",136999,173828,"Cheloniidae","Cheloniidae","Family","accepted","2026-08-05","2026-08-05: itis_id 173828 via WoRMS external link"
"aphia","137010",137010,180641,"Phoca","Phoca","Genus","accepted","2026-08-05","2026-08-05: itis_id 180641 via WoRMS external link"
"aphia","137013",137013,180523,"Balaenoptera","Balaenoptera","Genus","accepted","2026-08-05","2026-08-05: itis_id 180523 via WoRMS external link"
"aphia","137014",137014,180529,"Megaptera","Megaptera","Genus","accepted","2026-08-05","2026-08-05: itis_id 180529 via WoRMS external link"
"aphia","137015",137015,180437,"Delphinus","Delphinus","Genus","accepted","2026-08-05","2026-08-05: itis_id 180437 via WoRMS external link"
"aphia","137017",137017,180464,"Globicephala","Globicephala","Genus","accepted","2026-08-05","2026-08-05: itis_id 180464 via WoRMS external link"
"aphia","137018",137018,180456,"Grampus","Grampus","Genus","accepted","2026-08-05","2026-08-05: itis_id 180456 via WoRMS external link"
"aphia","137021",137021,180468,"Orcinus","Orcinus","Genus","accepted","2026-08-05","2026-08-05: itis_id 180468 via WoRMS external link"
"aphia","137023",137023,180462,"Pseudorca","Pseudorca","Genus","accepted","2026-08-05","2026-08-05: itis_id 180462 via WoRMS external link"
"aphia","137024",137024,180428,"Stenella","Stenella","Genus","accepted","2026-08-05","2026-08-05: itis_id 180428 via WoRMS external link"
"aphia","137026",137026,180425,"Tursiops","Tursiops","Genus","accepted","2026-08-05","2026-08-05: itis_id 180425 via WoRMS external link"
"aphia","137027",137027,180520,"Eschrichtius","Eschrichtius","Genus","accepted","2026-08-05","2026-08-05: itis_id 180520 via WoRMS external link"
"aphia","137031",137031,180472,"Phocoena","Phocoena","Genus","accepted","2026-08-05","2026-08-05: itis_id 180472 via WoRMS external link"
"aphia","137032",137032,180487,"Physeter","Physeter","Genus","accepted","2026-08-05","2026-08-05: itis_id 180487 via WoRMS external link"
"aphia","137035",137035,180497,"Ziphius","Ziphius","Genus","accepted","2026-08-05","2026-08-05: itis_id 180497 via WoRMS external link"
"aphia","137058",137058,174662,"Hydrobates","Hydrobates","Genus","accepted","2026-09-04","2026-09-04: itis_id 174662 via WoRMS external link"
"aphia","137060",137060,174624,"Oceanodroma","Oceanodroma","Genus","accepted","2026-09-04","2026-09-04: itis_id 174624 via WoRMS external link"
"aphia","1370609",1370609,,"Chromodoridoidea","Chromodoridoidea","Superfamily","accepted","2026-09-04",
"aphia","137066",137066,173829,"Caretta","Caretta","Genus","accepted","2026-09-03","2026-09-03: itis_id 173829 via WoRMS external link"
"aphia","137067",137067,173832,"Chelonia","Chelonia","Genus","accepted","2026-08-05","2026-08-05: itis_id 173832 via WoRMS external link"
"aphia","137069",137069,173838,"Lepidochelys","Lepidochelys","Genus","accepted","2026-08-05","2026-08-05: itis_id 173838 via WoRMS external link"
"aphia","1370771",1370771,,"Coccolithophyceae incertae sedis","Coccolithophyceae incertae sedis","Order","temporary name","2026-09-04",
"aphia","137084",137084,180649,"Phoca vitulina","Phoca vitulina","Species","accepted","2026-08-05","2026-08-05: itis_id 180649 via WoRMS external link"
"aphia","137087",137087,180524,"Balaenoptera acutorostrata","Balaenoptera acutorostrata","Species","accepted","2026-08-05","2026-08-05: itis_id 180524 via WoRMS external link"
"aphia","137088",137088,180526,"Balaenoptera borealis","Balaenoptera borealis","Species","accepted","2026-08-05","2026-08-05: itis_id 180526 via WoRMS external link"
"aphia","137090",137090,180528,"Balaenoptera musculus","Balaenoptera musculus","Species","accepted","2026-08-05","2026-08-05: itis_id 180528 via WoRMS external link"
"aphia","137091",137091,180527,"Balaenoptera physalus","Balaenoptera physalus","Species","accepted","2026-08-05","2026-08-05: itis_id 180527 via WoRMS external link"
"aphia","137092",137092,180530,"Megaptera novaeangliae","Megaptera novaeangliae","Species","accepted","2026-08-05","2026-08-05: itis_id 180530 via WoRMS external link"
"aphia","137094",137094,180438,"Delphinus delphis","Delphinus delphis","Species","accepted","2026-08-05","2026-08-05: itis_id 180438 via WoRMS external link"
"aphia","137096",137096,180466,"Globicephala macrorhynchus","Globicephala macrorhynchus","Species","accepted","2026-08-05","2026-08-05: itis_id 180466 via WoRMS external link"
"aphia","137098",137098,180457,"Grampus griseus","Grampus griseus","Species","accepted","2026-08-05","2026-08-05: itis_id 180457 via WoRMS external link"
"aphia","1371",1371,718928,"Siphonophorae","Siphonophorae","Order","accepted","2026-08-05","2026-08-05: itis_id 718928 via WoRMS external link"
"aphia","137102",137102,180469,"Orcinus orca","Orcinus orca","Species","accepted","2026-08-05","2026-08-05: itis_id 180469 via WoRMS external link"
"aphia","137104",137104,180463,"Pseudorca crassidens","Pseudorca crassidens","Species","accepted","2026-08-05","2026-08-05: itis_id 180463 via WoRMS external link"
"aphia","137107",137107,180434,"Stenella coeruleoalba","Stenella coeruleoalba","Species","accepted","2026-08-05","2026-08-05: itis_id 180434 via WoRMS external link"
"aphia","137111",137111,180426,"Tursiops truncatus","Tursiops truncatus","Species","accepted","2026-08-05","2026-08-05: itis_id 180426 via WoRMS external link"
"aphia","137112",137112,180521,"Eschrichtius robustus","Eschrichtius robustus","Species","accepted","2026-08-05","2026-08-05: itis_id 180521 via WoRMS external link"
"aphia","137113",137113,180491,"Kogia breviceps","Kogia breviceps","Species","accepted","2026-08-05","2026-08-05: itis_id 180491 via WoRMS external link"
"aphia","137117",137117,180473,"Phocoena phocoena","Phocoena phocoena","Species","accepted","2026-08-05","2026-08-05: itis_id 180473 via WoRMS external link"
"aphia","137119",137119,180488,"Physeter macrocephalus","Physeter macrocephalus","Species","accepted","2026-08-05","2026-08-05: itis_id 180488 via WoRMS external link"
"aphia","137127",137127,180498,"Ziphius cavirostris","Ziphius cavirostris","Species","accepted","2026-08-05","2026-08-05: itis_id 180498 via WoRMS external link"
"aphia","137205",137205,173830,"Caretta caretta","Caretta caretta","Species","accepted","2026-09-03","2026-09-03: itis_id 173830 via WoRMS external link"
"aphia","137206",137206,173833,"Chelonia mydas","Chelonia mydas","Species","accepted","2026-08-05","2026-08-05: itis_id 173833 via WoRMS external link"
"aphia","137212",137212,159637,"Doliolida","Doliolida","Order","accepted","2026-08-05","2026-08-05: itis_id 159637 via WoRMS external link"
"aphia","137213",137213,,"Pyrosomatida","Pyrosomatida","Order","accepted","2026-08-05",
"aphia","137214",137214,159643,"Salpida","Salpida","Order","accepted","2026-08-05","2026-08-05: itis_id 159643 via WoRMS external link"
"aphia","137216",137216,655939,"Pyrosomatidae","Pyrosomatidae","Family","accepted","2026-08-05","2026-08-05: itis_id 655939 via WoRMS external link"
"aphia","137224",137224,159635,"Pyrosoma","Pyrosoma","Genus","accepted","2026-08-05","2026-08-05: itis_id 159635 via WoRMS external link"
"aphia","137643",137643,205737,"Haliphron","Haliphron","Genus","accepted","2026-08-05","2026-08-05: itis_id 205737 via WoRMS external link"
"aphia","137649",137649,555773,"Ancistrocheirus","Ancistrocheirus","Genus","accepted","2026-08-05","2026-08-05: itis_id 555773 via WoRMS external link"
"aphia","137676",137676,82681,"Argonauta","Argonauta","Genus","accepted","2026-08-05","2026-08-05: itis_id 82681 via WoRMS external link"
"aphia","137695",137695,82654,"Japetella","Japetella","Genus","accepted","2026-08-05","2026-08-05: itis_id 82654 via WoRMS external link"
"aphia","137697",137697,82474,"Brachioteuthis","Brachioteuthis","Genus","accepted","2026-08-05","2026-08-05: itis_id 82474 via WoRMS external link"
"aphia","137777",137777,82548,"Chiroteuthis","Chiroteuthis","Genus","accepted","2026-08-05","2026-08-05: itis_id 82548 via WoRMS external link"
"aphia","137785",137785,555777,"Chtenopteryx","Chtenopteryx","Genus","accepted","2026-08-05","2026-08-05: itis_id 555777 via WoRMS external link"
"aphia","137848",137848,205734,"Galiteuthis","Galiteuthis","Genus","accepted","2026-08-05","2026-08-05: itis_id 205734 via WoRMS external link"
"aphia","137849",137849,205732,"Helicocranchia","Helicocranchia","Genus","accepted","2026-08-05","2026-08-05: itis_id 205732 via WoRMS external link"
"aphia","137850",137850,555778,"Leachia","Leachia","Genus","accepted","2026-08-05","2026-08-05: itis_id 555778 via WoRMS external link"
"aphia","137851",137851,555779,"Liocranchia","Liocranchia","Genus","accepted","2026-08-05","2026-08-05: itis_id 555779 via WoRMS external link"
"aphia","137852",137852,555782,"Megalocranchia","Megalocranchia","Genus","accepted","2026-08-05","2026-08-05: itis_id 555782 via WoRMS external link"
"aphia","137865",137865,82566,"Cycloteuthis","Cycloteuthis","Genus","accepted","2026-08-05","2026-08-05: itis_id 82566 via WoRMS external link"
"aphia","137930",137930,82406,"Abralia","Abralia","Genus","accepted","2026-08-05","2026-08-05: itis_id 82406 via WoRMS external link"
"aphia","137931",137931,82398,"Abraliopsis","Abraliopsis","Genus","accepted","2026-08-05","2026-08-05: itis_id 82398 via WoRMS external link"
"aphia","138036",138036,82418,"Gonatus","Gonatus","Genus","accepted","2026-08-05","2026-08-05: itis_id 82418 via WoRMS external link"
"aphia","138074",138074,82485,"Histioteuthis","Histioteuthis","Genus","accepted","2026-08-05","2026-08-05: itis_id 82485 via WoRMS external link"
"aphia","1381154",1381154,,"Tripos teres","Tripos teres","Species","accepted","2026-09-04",
"aphia","1381346",1381346,,"Oithonida","Oithonida","Suborder","accepted","2026-08-05",
"aphia","1381349",1381349,,"Ergasilida","Ergasilida","Suborder","accepted","2026-08-05",
"aphia","138168",138168,82558,"Mastigoteuthis","Mastigoteuthis","Genus","accepted","2026-08-05","2026-08-05: itis_id 82558 via WoRMS external link"
"aphia","138268",138268,82595,"Octopus","Octopus","Genus","accepted","2026-08-05","2026-08-05: itis_id 82595 via WoRMS external link"
"aphia","138271",138271,82432,"Octopoteuthis","Octopoteuthis","Genus","accepted","2026-08-05","2026-08-05: itis_id 82432 via WoRMS external link"
"aphia","138273",138273,82677,"Ocythoe","Ocythoe","Genus","accepted","2026-08-05","2026-08-05: itis_id 82677 via WoRMS external link"
"aphia","138279",138279,82525,"Ommastrephes","Ommastrephes","Genus","accepted","2026-08-05","2026-08-05: itis_id 82525 via WoRMS external link"
"aphia","138280",138280,555797,"Sthenoteuthis","Sthenoteuthis","Genus","accepted","2026-08-05","2026-08-05: itis_id 555797 via WoRMS external link"
"aphia","138291",138291,82439,"Onychoteuthis","Onychoteuthis","Genus","accepted","2026-08-05","2026-08-05: itis_id 82439 via WoRMS external link"
"aphia","138292",138292,82443,"Onykia","Onykia","Genus","accepted","2026-08-05","2026-08-05: itis_id 82443 via WoRMS external link"
"aphia","138422",138422,82404,"Pterygioteuthis","Pterygioteuthis","Genus","accepted","2026-08-05","2026-08-05: itis_id 82404 via WoRMS external link"
"aphia","138423",138423,555803,"Pyroteuthis","Pyroteuthis","Genus","accepted","2026-08-05","2026-08-05: itis_id 555803 via WoRMS external link"
"aphia","138478",138478,205715,"Heteroteuthis","Heteroteuthis","Genus","accepted","2026-08-05","2026-08-05: itis_id 205715 via WoRMS external link"
"aphia","138563",138563,82667,"Tremoctopus","Tremoctopus","Genus","accepted","2026-08-05","2026-08-05: itis_id 82667 via WoRMS external link"
"aphia","138747",138747,556106,"Ancistrocheirus lesueurii","Ancistrocheirus lesueurii","Species","accepted","2026-08-05","2026-08-05: itis_id 556106 via WoRMS external link"
"aphia","138803",138803,82683,"Argonauta argo","Argonauta argo","Species","accepted","2026-08-05","2026-08-05: itis_id 82683 via WoRMS external link"
"aphia","138849",138849,82655,"Japetella diaphana","Japetella diaphana","Species","accepted","2026-08-05","2026-08-05: itis_id 82655 via WoRMS external link"
"aphia","139424",139424,205733,"Helicocranchia pfefferi","Helicocranchia pfefferi","Species","accepted","2026-08-05","2026-08-05: itis_id 205733 via WoRMS external link"
"aphia","139472",139472,82567,"Cycloteuthis sirventi","Cycloteuthis sirventi","Species","accepted","2026-08-05","2026-08-05: itis_id 82567 via WoRMS external link"
"aphia","140610",140610,82678,"Ocythoe tuberculata","Ocythoe tuberculata","Species","accepted","2026-08-05","2026-08-05: itis_id 82678 via WoRMS external link"
"aphia","140649",140649,82440,"Onychoteuthis banksii","Onychoteuthis banksii","Species","accepted","2026-08-05","2026-08-05: itis_id 82440 via WoRMS external link"
"aphia","1410",1410,,"Foraminifera","Foraminifera","Phylum","accepted","2026-08-05",
"aphia","141097",141097,82405,"Pterygioteuthis giardi","Pterygioteuthis giardi","Species","accepted","2026-08-05","2026-08-05: itis_id 82405 via WoRMS external link"
"aphia","141694",141694,82668,"Tremoctopus violaceus","Tremoctopus violaceus","Species","accepted","2026-08-05","2026-08-05: itis_id 82668 via WoRMS external link"
"aphia","1454580",1454580,,"Sepioloidea","Sepioloidea","Superfamily","accepted","2026-08-05",
"aphia","1454589",1454589,,"Bathyteuthida","Bathyteuthida","Order","accepted","2026-08-05",
"aphia","1454592",1454592,,"Cranchioidea","Cranchioidea","Superfamily","accepted","2026-08-05",
"aphia","1454594",1454594,,"Chiroteuthoidea","Chiroteuthoidea","Superfamily","accepted","2026-08-05",
"aphia","146142",146142,155469,"Bryozoa","Bryozoa","Phylum","accepted","2026-08-05","2026-08-05: itis_id 155469 via WoRMS external link"
"aphia","146199",146199,2186,"Syracosphaeraceae","Syracosphaeraceae","Family","accepted","2026-09-04","2026-09-04: itis_id 2186 via WoRMS external link"
"aphia","146200",146200,,"Noelaerhabdaceae","Noelaerhabdaceae","Family","accepted","2026-09-04",
"aphia","146203",146203,,"Dinoflagellata","Dinoflagellata","Infraphylum","accepted","2026-08-05",
"aphia","146232",146232,,"Dictyochophyceae","Dictyochophyceae","Class","accepted","2026-08-05",
"aphia","146249",146249,573293,"Ptychodiscaceae","Ptychodiscaceae","Family","accepted","2026-09-04","2026-09-04: itis_id 573293 via WoRMS external link"
"aphia","146252",146252,573294,"Kofoidiniaceae","Kofoidiniaceae","Family","accepted","2026-09-04","2026-09-04: itis_id 573294 via WoRMS external link"
"aphia","146419",146419,331030,"Vertebrata","Vertebrata","Subphylum","accepted","2026-08-05","2026-08-05: itis_id 331030 via WoRMS external link"
"aphia","146420",146420,203347,"Tunicata","Tunicata","Subphylum","accepted","2026-08-05","2026-08-05: itis_id 203347 via WoRMS external link"
"aphia","146421",146421,159664,"Appendicularia","Appendicularia","Class","accepted","2026-08-05","2026-08-05: itis_id 159664 via WoRMS external link"
"aphia","146537",146537,,"Cyanobacteria","Cyanobacteria","Phylum","accepted","2026-08-05",
"aphia","146542",146542,602,"Cyanophyceae","Cyanophyceae","Class","accepted","2026-08-05","2026-08-05: itis_id 602 via WoRMS external link"
"aphia","146547",146547,861,"Nostocales","Nostocales","Order","accepted","2026-08-05","2026-08-05: itis_id 861 via WoRMS external link"
"aphia","146651",146651,1229,"Rivulariaceae","Rivulariaceae","Family","accepted","2026-08-05","2026-08-05: itis_id 1229 via WoRMS external link"
"aphia","14672",14672,,"Octopodoidea","Octopodoidea","Superfamily","accepted","2026-08-05",
"aphia","14673",14673,,"Argonautoidea","Argonautoidea","Superfamily","accepted","2026-08-05",
"aphia","14712",14712,,"Heterobranchia","Heterobranchia","Subclass","accepted","2026-08-05",
"aphia","148723",148723,180404,"Odontoceti","Odontoceti","Superfamily","accepted","2026-08-05","2026-08-05: itis_id 180404 via WoRMS external link"
"aphia","148724",148724,552298,"Mysticeti","Mysticeti","Superfamily","accepted","2026-08-05","2026-08-05: itis_id 552298 via WoRMS external link"
"aphia","148736",148736,180614,"Pinnipedia","Pinnipedia","Infraorder","accepted","2026-08-05","2026-08-05: itis_id 180614 via WoRMS external link"
"aphia","148741",148741,948943,"Cryptodira","Cryptodira","Suborder","accepted","2026-08-05","2026-08-05: itis_id 948943 via WoRMS external link"
"aphia","148794",148794,174619,"Hydrobatidae","Hydrobatidae","Family","accepted","2026-09-04","2026-09-04: itis_id 174619 via WoRMS external link"
"aphia","1488279",137192,,"Hydrobates leucorhoa","Oceanodroma leucorhoa","Species","accepted","2026-09-04","2026-09-04: WoRMS Hydrobates leucorhoa unaccepted -> Oceanodroma leucorhoa (worms:137192)"
"aphia","148891",148891,564017,"Torpedininae","Torpedininae","Subfamily","accepted","2026-08-05","2026-08-05: itis_id 564017 via WoRMS external link"
"aphia","148899",148899,2287,"Bacillariophyceae","Bacillariophyceae","Class","accepted","2026-08-05","2026-08-05: itis_id 2287 via WoRMS external link"
"aphia","148902",148902,,"Bacillariophycidae","Bacillariophycidae","Subclass","accepted","2026-09-04",
"aphia","148903",148903,590745,"Thalassiosirales","Thalassiosirales","Order","accepted","2026-09-04","2026-09-04: itis_id 590745 via WoRMS external link"
"aphia","148904",148904,2400,"Thalassiosiraceae","Thalassiosiraceae","Family","accepted","2026-09-04","2026-09-04: itis_id 2400 via WoRMS external link"
"aphia","148912",148912,2484,"Thalassiosira","Thalassiosira","Genus","accepted","2026-09-04","2026-09-04: itis_id 2484 via WoRMS external link"
"aphia","148915",148915,590749,"Coscinodiscales","Coscinodiscales","Order","accepted","2026-09-04","2026-09-04: itis_id 590749 via WoRMS external link"
"aphia","148916",148916,2545,"Coscinodiscaceae","Coscinodiscaceae","Family","accepted","2026-09-04","2026-09-04: itis_id 2545 via WoRMS external link"
"aphia","148917",148917,2546,"Coscinodiscus","Coscinodiscus","Genus","accepted","2026-09-04","2026-09-04: itis_id 2546 via WoRMS external link"
"aphia","148922",148922,2503,"Thalassiosira eccentrica","Thalassiosira eccentrica","Species","unassessed","2026-09-04","2026-09-04: itis_id 2503 via WoRMS external link"
"aphia","148926",148926,2540,"Coscinosira","Coscinosira","Genus","accepted","2026-09-04","2026-09-04: itis_id 2540 via WoRMS external link"
"aphia","148938",148938,590768,"Ethmodiscales","Ethmodiscales","Order","accepted","2026-09-04","2026-09-04: itis_id 590768 via WoRMS external link"
"aphia","148939",148939,590816,"Ethmodiscaceae","Ethmodiscaceae","Family","accepted","2026-09-04","2026-09-04: itis_id 590816 via WoRMS external link"
"aphia","148940",148940,2614,"Ethmodiscus","Ethmodiscus","Genus","accepted","2026-09-04","2026-09-04: itis_id 2614 via WoRMS external link"
"aphia","148941",148941,,"Ethmodiscus punctiger","Ethmodiscus punctiger","Species","unassessed","2026-09-04",
"aphia","148943",148943,590803,"Hemidiscaceae","Hemidiscaceae","Family","accepted","2026-09-04","2026-09-04: itis_id 590803 via WoRMS external link"
"aphia","148944",148944,2655,"Actinocyclus","Actinocyclus","Genus","accepted","2026-09-04","2026-09-04: itis_id 2655 via WoRMS external link"
"aphia","148946",148946,590800,"Heliopeltaceae","Heliopeltaceae","Family","accepted","2026-09-04","2026-09-04: itis_id 590800 via WoRMS external link"
"aphia","148947",148947,2618,"Actinoptychus","Actinoptychus","Genus","accepted","2026-09-04","2026-09-04: itis_id 2618 via WoRMS external link"
"aphia","148951",148951,590750,"Fragilariales","Fragilariales","Order","accepted","2026-09-04","2026-09-04: itis_id 590750 via WoRMS external link"
"aphia","148952",148952,590787,"Fragilariaceae","Fragilariaceae","Family","accepted","2026-09-04","2026-09-04: itis_id 590787 via WoRMS external link"
"aphia","148953",148953,3116,"Asterionella","Asterionella","Genus","accepted","2026-09-04","2026-09-04: itis_id 3116 via WoRMS external link"
"aphia","148955",148955,3118,"Asterionella glacialis","Asterionella glacialis","Species","unassessed","2026-09-04","2026-09-04: itis_id 3118 via WoRMS external link"
"aphia","148963",148963,,"Odontella","Odontella","Genus","accepted","2026-09-04",
"aphia","148965",148965,590747,"Biddulphiales","Biddulphiales","Order","accepted","2026-09-04","2026-09-04: itis_id 590747 via WoRMS external link"
"aphia","148966",148966,2677,"Biddulphiaceae","Biddulphiaceae","Family","accepted","2026-09-04","2026-09-04: itis_id 2677 via WoRMS external link"
"aphia","148967",148967,2678,"Biddulphia","Biddulphia","Genus","accepted","2026-09-04","2026-09-04: itis_id 2678 via WoRMS external link"
"aphia","148971",148971,590736,"Coscinodiscophycidae","Coscinodiscophycidae","Subclass","accepted","2026-09-04","2026-09-04: itis_id 590736 via WoRMS external link"
"aphia","148978",148978,590763,"Fragilariophycidae","Fragilariophycidae","Subclass","accepted","2026-09-04","2026-09-04: itis_id 590763 via WoRMS external link"
"aphia","148980",148980,2536,"Porosira","Porosira","Genus","accepted","2026-09-04","2026-09-04: itis_id 2536 via WoRMS external link"
"aphia","148984",148984,572759,"Chaetocerotaceae","Chaetocerotaceae","Family","accepted","2026-09-04","2026-09-04: itis_id 572759 via WoRMS external link"
"aphia","148985",148985,2758,"Chaetoceros","Chaetoceros","Genus","accepted","2026-09-04","2026-09-04: itis_id 2758 via WoRMS external link"
"aphia","148992",148992,2555,"Coscinodiscus concinnus","Coscinodiscus concinnus","Species","accepted","2026-09-04","2026-09-04: itis_id 2555 via WoRMS external link"
"aphia","149001",149001,590751,"Bacillariales","Bacillariales","Order","accepted","2026-09-04","2026-09-04: itis_id 590751 via WoRMS external link"
"aphia","149002",149002,572758,"Bacillariaceae","Bacillariaceae","Family","accepted","2026-09-04","2026-09-04: itis_id 572758 via WoRMS external link"
"aphia","149003",149003,5316,"Cylindrotheca","Cylindrotheca","Genus","accepted","2026-09-04","2026-09-04: itis_id 5316 via WoRMS external link"
"aphia","149004",149004,5318,"Cylindrotheca closterium","Cylindrotheca closterium","Species","accepted","2026-09-04","2026-09-04: itis_id 5318 via WoRMS external link"
"aphia","149015",149015,590737,"Naviculales","Naviculales","Order","accepted","2026-09-04","2026-09-04: itis_id 590737 via WoRMS external link"
"aphia","149020",149020,590771,"Lithodesmiales","Lithodesmiales","Order","accepted","2026-09-04","2026-09-04: itis_id 590771 via WoRMS external link"
"aphia","149021",149021,590822,"Lithodesmiaceae","Lithodesmiaceae","Family","accepted","2026-09-04","2026-09-04: itis_id 590822 via WoRMS external link"
"aphia","149024",149024,590742,"Rhopalodiales","Rhopalodiales","Order","accepted","2026-09-04","2026-09-04: itis_id 590742 via WoRMS external link"
"aphia","149025",149025,590778,"Rhopalodiaceae","Rhopalodiaceae","Family","accepted","2026-09-04","2026-09-04: itis_id 590778 via WoRMS external link"
"aphia","149031",149031,3648,"Naviculaceae","Naviculaceae","Family","accepted","2026-09-04","2026-09-04: itis_id 3648 via WoRMS external link"
"aphia","149032",149032,590774,"Pleurosigmataceae","Pleurosigmataceae","Family","accepted","2026-09-04","2026-09-04: itis_id 590774 via WoRMS external link"
"aphia","149033",149033,4622,"Gyrosigma","Gyrosigma","Genus","accepted","2026-09-04","2026-09-04: itis_id 4622 via WoRMS external link"
"aphia","149036",149036,590770,"Leptocylindrales","Leptocylindrales","Order","accepted","2026-09-04","2026-09-04: itis_id 590770 via WoRMS external link"
"aphia","149037",149037,590820,"Leptocylindraceae","Leptocylindraceae","Family","accepted","2026-09-04","2026-09-04: itis_id 590820 via WoRMS external link"
"aphia","149038",149038,2394,"Leptocylindrus","Leptocylindrus","Genus","accepted","2026-09-04","2026-09-04: itis_id 2394 via WoRMS external link"
"aphia","149040",149040,590738,"Melosirales","Melosirales","Order","accepted","2026-09-04","2026-09-04: itis_id 590738 via WoRMS external link"
"aphia","149045",149045,5070,"Nitzschia","Nitzschia","Genus","accepted","2026-09-04","2026-09-04: itis_id 5070 via WoRMS external link"
"aphia","149048",149048,590756,"Triceratiales","Triceratiales","Order","accepted","2026-09-04","2026-09-04: itis_id 590756 via WoRMS external link"
"aphia","149049",149049,590799,"Triceratiaceae","Triceratiaceae","Family","accepted","2026-09-04","2026-09-04: itis_id 590799 via WoRMS external link"
"aphia","149058",149058,590819,"Hyalodiscaceae","Hyalodiscaceae","Family","accepted","2026-09-04","2026-09-04: itis_id 590819 via WoRMS external link"
"aphia","149059",149059,2384,"Podosira","Podosira","Genus","accepted","2026-09-04","2026-09-04: itis_id 2384 via WoRMS external link"
"aphia","149067",149067,590741,"Rhizosoleniales","Rhizosoleniales","Order","accepted","2026-09-04","2026-09-04: itis_id 590741 via WoRMS external link"
"aphia","149068",149068,2878,"Rhizosoleniaceae","Rhizosoleniaceae","Family","accepted","2026-09-04","2026-09-04: itis_id 2878 via WoRMS external link"
"aphia","149069",149069,2879,"Rhizosolenia","Rhizosolenia","Genus","accepted","2026-09-04","2026-09-04: itis_id 2879 via WoRMS external link"
"aphia","149072",149072,590780,"Skeletonemaceae","Skeletonemaceae","Family","accepted","2026-09-04","2026-09-04: itis_id 590780 via WoRMS external link"
"aphia","149073",149073,2401,"Skeletonema","Skeletonema","Genus","accepted","2026-09-04","2026-09-04: itis_id 2401 via WoRMS external link"
"aphia","149074",149074,2402,"Skeletonema costatum","Skeletonema costatum","Species","accepted","2026-09-04","2026-09-04: itis_id 2402 via WoRMS external link"
"aphia","149090",149090,590765,"Thalassionematales","Thalassionematales","Order","accepted","2026-09-04","2026-09-04: itis_id 590765 via WoRMS external link"
"aphia","149091",149091,573597,"Thalassionemataceae","Thalassionemataceae","Family","accepted","2026-09-04","2026-09-04: itis_id 573597 via WoRMS external link"
"aphia","149092",149092,3138,"Thalassionema","Thalassionema","Genus","accepted","2026-09-04","2026-09-04: itis_id 3138 via WoRMS external link"
"aphia","149093",149093,3139,"Thalassionema nitzschioides","Thalassionema nitzschioides","Species","accepted","2026-09-04","2026-09-04: itis_id 3139 via WoRMS external link"
"aphia","149101",149101,2495,"Thalassiosira subtilis","Thalassiosira subtilis","Species","unassessed","2026-09-04","2026-09-04: itis_id 2495 via WoRMS external link"
"aphia","149102",149102,2490,"Thalassiosira gravida","Thalassiosira gravida","Species","accepted","2026-09-04","2026-09-04: itis_id 2490 via WoRMS external link"
"aphia","149104",149104,,"Roperia","Roperia","Genus","accepted","2026-09-04",
"aphia","149105",149105,2653,"Roperia tesselata","Roperia tesselata","Species","accepted","2026-09-04","2026-09-04: itis_id 2653 via WoRMS external link"
"aphia","149106",149106,2395,"Leptocylindrus danicus","Leptocylindrus danicus","Species","unassessed","2026-09-04","2026-09-04: itis_id 2395 via WoRMS external link"
"aphia","149107",149107,590769,"Corethrales","Corethrales","Order","accepted","2026-09-04","2026-09-04: itis_id 590769 via WoRMS external link"
"aphia","149108",149108,590817,"Corethraceae","Corethraceae","Family","accepted","2026-09-04","2026-09-04: itis_id 590817 via WoRMS external link"
"aphia","149109",149109,2386,"Corethron","Corethron","Genus","accepted","2026-09-04","2026-09-04: itis_id 2386 via WoRMS external link"
"aphia","149110",149110,2387,"Corethron criophilum","Corethron criophilum","Species","unassessed","2026-09-04","2026-09-04: itis_id 2387 via WoRMS external link"
"aphia","149111",149111,2921,"Guinardia","Guinardia","Genus","accepted","2026-09-04","2026-09-04: itis_id 2921 via WoRMS external link"
"aphia","149114",149114,2891,"Rhizosolenia delicatula","Rhizosolenia delicatula","Species","unassessed","2026-09-04","2026-09-04: itis_id 2891 via WoRMS external link"
"aphia","149116",149116,2897,"Rhizosolenia imbricata","Rhizosolenia imbricata","Species","accepted","2026-09-04","2026-09-04: itis_id 2897 via WoRMS external link"
"aphia","149118",149118,2862,"Bacteriastrum","Bacteriastrum","Genus","accepted","2026-09-04","2026-09-04: itis_id 2862 via WoRMS external link"
"aphia","149119",149119,2866,"Bacteriastrum hyalinum","Bacteriastrum hyalinum","Species","accepted","2026-09-04","2026-09-04: itis_id 2866 via WoRMS external link"
"aphia","149120",149120,2789,"Chaetoceros danicus","Chaetoceros danicus","Species","unassessed","2026-09-04","2026-09-04: itis_id 2789 via WoRMS external link"
"aphia","149122",149122,2797,"Chaetoceros didymus","Chaetoceros didymus","Species","accepted","2026-09-04","2026-09-04: itis_id 2797 via WoRMS external link"
"aphia","149123",149123,2827,"Chaetoceros socialis","Chaetoceros socialis","Species","accepted","2026-09-04","2026-09-04: itis_id 2827 via WoRMS external link"
"aphia","149124",149124,2774,"Chaetoceros borealis","Chaetoceros borealis","Species","accepted","2026-09-04","2026-09-04: itis_id 2774 via WoRMS external link"
"aphia","149125",149125,2830,"Chaetoceros teres","Chaetoceros teres","Species","accepted","2026-09-04","2026-09-04: itis_id 2830 via WoRMS external link"
"aphia","149126",149126,2791,"Chaetoceros decipiens","Chaetoceros decipiens","Species","accepted","2026-09-04","2026-09-04: itis_id 2791 via WoRMS external link"
"aphia","149129",149129,2780,"Chaetoceros compressus","Chaetoceros compressus","Species","accepted","2026-09-04","2026-09-04: itis_id 2780 via WoRMS external link"
"aphia","149130",149130,2730,"Eucampia","Eucampia","Genus","accepted","2026-09-04","2026-09-04: itis_id 2730 via WoRMS external link"
"aphia","149133",149133,590823,"Lauderiaceae","Lauderiaceae","Family","accepted","2026-09-04","2026-09-04: itis_id 590823 via WoRMS external link"
"aphia","149134",149134,2530,"Lauderia","Lauderia","Genus","accepted","2026-09-04","2026-09-04: itis_id 2530 via WoRMS external link"
"aphia","149135",149135,2533,"Lauderia annulata","Lauderia annulata","Species","unassessed","2026-09-04","2026-09-04: itis_id 2533 via WoRMS external link"
"aphia","149140",149140,4674,"Amphiprora","Amphiprora","Genus","accepted","2026-09-04","2026-09-04: itis_id 4674 via WoRMS external link"
"aphia","149142",149142,3649,"Navicula","Navicula","Genus","accepted","2026-09-04","2026-09-04: itis_id 3649 via WoRMS external link"
"aphia","149150",149150,5080,"Nitzschia longissima","Nitzschia longissima","Species","accepted","2026-09-04","2026-09-04: itis_id 5080 via WoRMS external link"
"aphia","149158",149158,2567,"Coscinodiscus radiatus","Coscinodiscus radiatus","Species","unassessed","2026-09-04","2026-09-04: itis_id 2567 via WoRMS external link"
"aphia","149159",149159,2552,"Coscinodiscus centralis","Coscinodiscus centralis","Species","unassessed","2026-09-04","2026-09-04: itis_id 2552 via WoRMS external link"
"aphia","149167",149167,610079,"Proboscia","Proboscia","Genus","accepted","2026-09-04","2026-09-04: itis_id 610079 via WoRMS external link"
"aphia","149168",149168,610099,"Proboscia alata","Proboscia alata","Species","unassessed","2026-09-04","2026-09-04: itis_id 610099 via WoRMS external link"
"aphia","149181",149181,4592,"Pleurosigma","Pleurosigma","Genus","accepted","2026-09-04","2026-09-04: itis_id 4592 via WoRMS external link"
"aphia","149182",149182,4603,"Pleurosigma normanii","Pleurosigma normanii","Species","accepted","2026-09-04","2026-09-04: itis_id 4603 via WoRMS external link"
"aphia","149210",149210,573599,"Haslea","Haslea","Genus","accepted","2026-09-04","2026-09-04: itis_id 573599 via WoRMS external link"
"aphia","149221",149221,2787,"Chaetoceros curvisetus","Chaetoceros curvisetus","Species","accepted","2026-09-04","2026-09-04: itis_id 2787 via WoRMS external link"
"aphia","149228",149228,2809,"Chaetoceros laciniosus","Chaetoceros laciniosus","Species","accepted","2026-09-04","2026-09-04: itis_id 2809 via WoRMS external link"
"aphia","149231",985165,2892,"Rhizosolenia fragilissima","Rhizosolenia fragilissima f. fragilissima","Species","accepted","2026-09-04","2026-09-04: itis_id 2892 via WoRMS external link; WoRMS Rhizosolenia fragilissima unaccepted -> Rhizosolenia fragilissima f. fragilissima (worms:985165)"
"aphia","149234",149234,590759,"Hemiaulales","Hemiaulales","Order","accepted","2026-09-04","2026-09-04: itis_id 590759 via WoRMS external link"
"aphia","149235",149235,2747,"Hemiaulaceae","Hemiaulaceae","Family","accepted","2026-09-04","2026-09-04: itis_id 2747 via WoRMS external link"
"aphia","149236",149236,2753,"Cerataulina","Cerataulina","Genus","accepted","2026-09-04","2026-09-04: itis_id 2753 via WoRMS external link"
"aphia","149241",149241,2759,"Chaetoceros affinis","Chaetoceros affinis","Species","accepted","2026-09-04","2026-09-04: itis_id 2759 via WoRMS external link"
"aphia","149254",149254,590821,"Stephanopyxidaceae","Stephanopyxidaceae","Family","accepted","2026-09-04","2026-09-04: itis_id 590821 via WoRMS external link"
"aphia","149266",149266,,"Coscinodiscus curvatulus","Coscinodiscus curvatulus","Species","accepted","2026-09-04",
"aphia","149271",149271,2557,"Coscinodiscus granii","Coscinodiscus granii","Species","accepted","2026-09-04","2026-09-04: itis_id 2557 via WoRMS external link"
"aphia","149288",149288,2769,"Chaetoceros atlanticus","Chaetoceros atlanticus","Species","accepted","2026-09-04","2026-09-04: itis_id 2769 via WoRMS external link"
"aphia","149289",149289,2785,"Chaetoceros costatus","Chaetoceros costatus","Species","unassessed","2026-09-04","2026-09-04: itis_id 2785 via WoRMS external link"
"aphia","149292",149292,2763,"Chaetoceros anastomosans","Chaetoceros anastomosans","Species","accepted","2026-09-04","2026-09-04: itis_id 2763 via WoRMS external link"
"aphia","149298",149298,2834,"Chaetoceros vistulae","Chaetoceros vistulae","Species","unassessed","2026-09-04","2026-09-04: itis_id 2834 via WoRMS external link"
"aphia","149311",149311,2901,"Rhizosolenia robusta","Rhizosolenia robusta","Species","unassessed","2026-09-04","2026-09-04: itis_id 2901 via WoRMS external link"
"aphia","149313",149313,5071,"Fragilariopsis","Fragilariopsis","Genus","accepted","2026-09-04","2026-09-04: itis_id 5071 via WoRMS external link"
"aphia","149341",149341,590808,"Licmophoraceae","Licmophoraceae","Family","accepted","2026-09-04","2026-09-04: itis_id 590808 via WoRMS external link"
"aphia","149342",149342,3155,"Licmophora","Licmophora","Genus","accepted","2026-09-04","2026-09-04: itis_id 3155 via WoRMS external link"
"aphia","149619",149619,2755,"Cerataulina pelagica","Cerataulina pelagica","Species","accepted","2026-09-04","2026-09-04: itis_id 2755 via WoRMS external link"
"aphia","149620",149620,590763,"Licmophorales","Licmophorales","Order","accepted","2026-09-04","2026-09-04: itis_id 590763 via WoRMS external link"
"aphia","149629",149629,2904,"Rhizosolenia styliformis","Rhizosolenia styliformis","Species","accepted","2026-09-04","2026-09-04: itis_id 2904 via WoRMS external link"
"aphia","149630",149630,2371,"Stephanopyxis","Stephanopyxis","Genus","accepted","2026-09-04","2026-09-04: itis_id 2371 via WoRMS external link"
"aphia","149631",149631,2374,"Stephanopyxis turris","Stephanopyxis turris","Species","accepted","2026-09-04","2026-09-04: itis_id 2374 via WoRMS external link"
"aphia","149642",149642,590786,"Amphipleuraceae","Amphipleuraceae","Family","accepted","2026-09-04","2026-09-04: itis_id 590786 via WoRMS external link"
"aphia","151134",151134,103358,"Heteroptera","Heteroptera","Suborder","accepted","2026-08-05","2026-08-05: itis_id 103358 via WoRMS external link"
"aphia","151152",151152,,"Pterygota","Pterygota","Infraclass","accepted","2026-08-05",
"aphia","151157",151157,169282,"Micropogonias","Micropogonias","Genus","accepted","2026-08-05","2026-08-05: itis_id 169282 via WoRMS external link"
"aphia","151159",151159,551209,"Clupea pallasii","Clupea pallasii","Species","accepted","2026-08-05","2026-08-05: itis_id 551209 via WoRMS external link"
"aphia","151388",151388,170945,"Bathymasteridae","Bathymasteridae","Family","accepted","2026-08-05","2026-08-05: itis_id 170945 via WoRMS external link"
"aphia","151391",151391,553223,"Cryptacanthodidae","Cryptacanthodidae","Family","accepted","2026-08-05","2026-08-05: itis_id 553223 via WoRMS external link"
"aphia","151400",151400,171661,"Icosteidae","Icosteidae","Family","accepted","2026-08-05","2026-08-05: itis_id 171661 via WoRMS external link"
"aphia","151407",151407,171080,"Champsodontidae","Champsodontidae","Family","accepted","2026-08-05","2026-08-05: itis_id 171080 via WoRMS external link"
"aphia","151410",151410,171022,"Creediidae","Creediidae","Family","accepted","2026-08-05","2026-08-05: itis_id 171022 via WoRMS external link"
"aphia","151413",151413,553226,"Pinguipedidae","Pinguipedidae","Family","accepted","2026-08-05","2026-08-05: itis_id 553226 via WoRMS external link"
"aphia","151414",151414,553227,"Labrisomidae","Labrisomidae","Family","accepted","2026-08-05","2026-08-05: itis_id 553227 via WoRMS external link"
"aphia","151415",151415,171550,"Chaenopsidae","Chaenopsidae","Family","accepted","2026-08-05","2026-08-05: itis_id 171550 via WoRMS external link"
"aphia","151416",151416,171036,"Dactyloscopidae","Dactyloscopidae","Family","accepted","2026-08-05","2026-08-05: itis_id 171036 via WoRMS external link"
"aphia","151420",151420,172171,"Eleotridae","Eleotridae","Family","accepted","2026-08-05","2026-08-05: itis_id 172171 via WoRMS external link"
"aphia","151423",151423,172161,"Microdesmidae","Microdesmidae","Family","accepted","2026-08-05","2026-08-05: itis_id 172161 via WoRMS external link"
"aphia","151426",151426,553178,"Ephippidae","Ephippidae","Family","accepted","2026-08-05","2026-08-05: itis_id 553178 via WoRMS external link"
"aphia","151429",151429,553232,"Amarsipidae","Amarsipidae","Family","accepted","2026-08-05","2026-08-05: itis_id 553232 via WoRMS external link"
"aphia","151431",151431,167642,"Centropomidae","Centropomidae","Family","accepted","2026-08-05","2026-08-05: itis_id 167642 via WoRMS external link"
"aphia","151437",151437,641835,"Symphysanodontidae","Symphysanodontidae","Family","accepted","2026-08-05","2026-08-05: itis_id 641835 via WoRMS external link"
"aphia","151443",151443,170920,"Opistognathidae","Opistognathidae","Family","accepted","2026-08-05","2026-08-05: itis_id 170920 via WoRMS external link"
"aphia","151447",151447,168537,"Malacanthidae","Malacanthidae","Family","accepted","2026-08-05","2026-08-05: itis_id 168537 via WoRMS external link"
"aphia","151450",151450,553219,"Nematistiidae","Nematistiidae","Family","accepted","2026-08-05","2026-08-05: itis_id 553219 via WoRMS external link"
"aphia","151453",151453,168845,"Lutjanidae","Lutjanidae","Family","accepted","2026-08-05","2026-08-05: itis_id 168845 via WoRMS external link"
"aphia","151456",151456,169013,"Gerreidae","Gerreidae","Family","accepted","2026-08-05","2026-08-05: itis_id 169013 via WoRMS external link"
"aphia","151470",151470,553237,"Pomacanthidae","Pomacanthidae","Family","accepted","2026-08-05","2026-08-05: itis_id 553237 via WoRMS external link"
"aphia","151475",151475,170222,"Cirrhitidae","Cirrhitidae","Family","accepted","2026-08-05","2026-08-05: itis_id 170222 via WoRMS external link"
"aphia","151477",151477,170252,"Cheilodactylidae","Cheilodactylidae","Family","accepted","2026-08-05","2026-08-05: itis_id 170252 via WoRMS external link"
"aphia","1517375",1517375,,"Chondrichthyes","Chondrichthyes","Parvphylum","accepted","2026-08-05",
"aphia","151739",151739,165214,"Zoarcoidei","Zoarcoidei","Suborder","accepted","2026-08-05","2026-08-05: itis_id 165214 via WoRMS external link"
"aphia","1517449",1517449,,"Alepocephaliformes","Alepocephaliformes","Order","accepted","2026-08-05",
"aphia","1517478",1517478,,"Stylephoriformes","Stylephoriformes","Order","accepted","2026-08-05",
"aphia","151748",151748,172353,"Scombroidei","Scombroidei","Suborder","accepted","2026-08-05","2026-08-05: itis_id 172353 via WoRMS external link"
"aphia","1517487",1517487,,"Trachichthyiformes","Trachichthyiformes","Order","accepted","2026-08-05",
"aphia","1517488",1517488,,"Holocentriformes","Holocentriformes","Order","accepted","2026-08-05",
"aphia","1517490",1517490,,"Scombriformes","Scombriformes","Order","accepted","2026-08-05",
"aphia","1517496",1517496,,"Callionymiformes","Callionymiformes","Order","accepted","2026-08-05",
"aphia","1517498",1517498,,"Mulliformes","Mulliformes","Order","accepted","2026-08-05",
"aphia","1517500",1517500,,"Gobiiformes","Gobiiformes","Order","accepted","2026-08-05",
"aphia","151751",151751,167641,"Percoidei","Percoidei","Suborder","accepted","2026-08-05","2026-08-05: itis_id 167641 via WoRMS external link"
"aphia","1517511",1517511,,"Carangaria incertae sedis","Carangaria incertae sedis","Order","temporary name","2026-08-05",
"aphia","151752",151752,636573,"Ptereleotrinae","Ptereleotrinae","Subfamily","accepted","2026-08-05","2026-08-05: itis_id 636573 via WoRMS external link"
"aphia","1517532",1517532,,"Carangiformes","Carangiformes","Order","accepted","2026-08-05",
"aphia","1517542",1517542,,"Blenniiformes","Blenniiformes","Order","accepted","2026-08-05",
"aphia","1517546",1517546,,"Ovalentaria incertae sedis","Ovalentaria incertae sedis","Order","temporary name","2026-08-05",
"aphia","1517548",1517548,,"Acanthuriformes","Acanthuriformes","Order","accepted","2026-08-05",
"aphia","1517557",1517557,,"Centrarchiformes","Centrarchiformes","Order","accepted","2026-08-05",
"aphia","1517559",1517559,,"Scorpididae","Scorpididae","Family","accepted","2026-08-05",
"aphia","1517567",1517567,,"Acropomatiformes","Acropomatiformes","Order","accepted","2026-08-05",
"aphia","1517577",1517577,,"Eupercaria incertae sedis","Eupercaria incertae sedis","Order","temporary name","2026-08-05",
"aphia","1517585",1517585,,"Cebidichthyidae","Cebidichthyidae","Family","accepted","2026-08-05",
"aphia","1517599",1517599,,"Zaniolepididae","Zaniolepididae","Family","accepted","2026-08-05",
"aphia","151773",151773,645319,"Latilinae","Latilinae","Subfamily","accepted","2026-08-05","2026-08-05: itis_id 645319 via WoRMS external link"
"aphia","151776",151776,645322,"Girellinae","Girellinae","Subfamily","accepted","2026-08-05","2026-08-05: itis_id 645322 via WoRMS external link"
"aphia","151787",151787,647767,"Scarinae","Scarinae","Subfamily","accepted","2026-08-05","2026-08-05: itis_id 647767 via WoRMS external link"
"aphia","151793",151793,636572,"Microdesminae","Microdesminae","Subfamily","accepted","2026-08-05","2026-08-05: itis_id 636572 via WoRMS external link"
"aphia","151794",151794,646729,"Aphanopodinae","Aphanopodinae","Subfamily","accepted","2026-08-05","2026-08-05: itis_id 646729 via WoRMS external link"
"aphia","151798",151798,646731,"Trichiurinae","Trichiurinae","Subfamily","accepted","2026-08-05","2026-08-05: itis_id 646731 via WoRMS external link"
"aphia","151804",151804,553134,"Albuliformes","Albuliformes","Order","accepted","2026-08-05","2026-08-05: itis_id 553134 via WoRMS external link"
"aphia","151805",151805,161119,"Albulidae","Albulidae","Family","accepted","2026-08-05","2026-08-05: itis_id 161119 via WoRMS external link"
"aphia","151806",151806,635300,"Albulinae","Albulinae","Subfamily","accepted","2026-08-05","2026-08-05: itis_id 635300 via WoRMS external link"
"aphia","151813",151813,161136,"Moringuidae","Moringuidae","Family","accepted","2026-08-05","2026-08-05: itis_id 161136 via WoRMS external link"
"aphia","151816",151816,553182,"Colocongridae","Colocongridae","Family","accepted","2026-08-05","2026-08-05: itis_id 553182 via WoRMS external link"
"aphia","151819",151819,635308,"Heterocongrinae","Heterocongrinae","Subfamily","accepted","2026-08-05","2026-08-05: itis_id 635308 via WoRMS external link"
"aphia","151820",151820,635309,"Bathymyrinae","Bathymyrinae","Subfamily","accepted","2026-08-05","2026-08-05: itis_id 635309 via WoRMS external link"
"aphia","151821",151821,635307,"Ophichthinae","Ophichthinae","Subfamily","accepted","2026-08-05","2026-08-05: itis_id 635307 via WoRMS external link"
"aphia","151822",151822,635310,"Congrinae","Congrinae","Subfamily","accepted","2026-08-05","2026-08-05: itis_id 635310 via WoRMS external link"
"aphia","151824",151824,635306,"Myrophinae","Myrophinae","Subfamily","accepted","2026-08-05","2026-08-05: itis_id 635306 via WoRMS external link"
"aphia","151829",151829,635303,"Muraeninae","Muraeninae","Subfamily","accepted","2026-08-05","2026-08-05: itis_id 635303 via WoRMS external link"
"aphia","151850",151850,630582,"Atherinopsinae","Atherinopsinae","Subfamily","accepted","2026-08-05","2026-08-05: itis_id 630582 via WoRMS external link"
"aphia","151854",151854,162820,"Giganturidae","Giganturidae","Family","accepted","2026-08-05","2026-08-05: itis_id 162820 via WoRMS external link"
"aphia","151856",125449,650230,"Synodontinae","Synodontidae","Subfamily","accepted","2026-08-05","2026-08-05: itis_id 650230 via WoRMS external link; WoRMS Synodontinae unaccepted -> Synodontidae (worms:125449)"
"aphia","1519020",1519020,,"Euprymnini","Euprymnini","Tribe","accepted","2026-08-05",
"aphia","152352",152352,161030,"Osteichthyes","Osteichthyes","Parvphylum","accepted","2026-08-05","2026-08-05: itis_id 161030 via WoRMS external link"
"aphia","1524320",1524320,,"Mesovagus berryi","Mesovagus berryi","Species","accepted","2026-08-05",
"aphia","1525474",1525474,,"Lampanyctus bristori","Lampanyctus bristori","Species","accepted","2026-08-05",
"aphia","1525480",1525480,,"Lampanyctus hawaiiensis","Lampanyctus hawaiiensis","Species","accepted","2026-08-05",
"aphia","1525495",1525495,,"Dasyscopelus obtusirostris","Dasyscopelus obtusirostris","Species","accepted","2026-08-05",
"aphia","1525496",1525496,,"Dasyscopelus selenops","Dasyscopelus selenops","Species","accepted","2026-08-05",
"aphia","1525960",1525960,,"Dasyscopelus spinosus","Dasyscopelus spinosus","Species","accepted","2026-08-05",
"aphia","153101",153101,82685,"Amphitretidae","Amphitretidae","Family","accepted","2026-08-05","2026-08-05: itis_id 82685 via WoRMS external link"
"aphia","153689",153689,161109,"Elopidae","Elopidae","Family","accepted","2026-08-05","2026-08-05: itis_id 161109 via WoRMS external link"
"aphia","154158",154158,164610,"Ceratioidei","Ceratioidei","Suborder","accepted","2026-08-05","2026-08-05: itis_id 164610 via WoRMS external link"
"aphia","154168",154168,553179,"Paralichthyidae","Paralichthyidae","Family","accepted","2026-08-05","2026-08-05: itis_id 553179 via WoRMS external link"
"aphia","154170",154170,553234,"Samaridae","Samaridae","Family","accepted","2026-08-05","2026-08-05: itis_id 553234 via WoRMS external link"
"aphia","154171",154171,202070,"Achiridae","Achiridae","Family","accepted","2026-08-05","2026-08-05: itis_id 202070 via WoRMS external link"
"aphia","154212",154212,162830,"Gonorynchiformes","Gonorynchiformes","Order","accepted","2026-08-05","2026-08-05: itis_id 162830 via WoRMS external link"
"aphia","154224",154224,622314,"Maurolicinae","Maurolicinae","Subfamily","accepted","2026-08-05","2026-08-05: itis_id 622314 via WoRMS external link"
"aphia","154225",154225,622315,"Sternoptychinae","Sternoptychinae","Subfamily","accepted","2026-08-05","2026-08-05: itis_id 622315 via WoRMS external link"
"aphia","154226",154226,622321,"Chauliodontinae","Chauliodontinae","Subfamily","accepted","2026-08-05","2026-08-05: itis_id 622321 via WoRMS external link"
"aphia","154227",154227,622317,"Stomiinae","Stomiinae","Subfamily","accepted","2026-08-05","2026-08-05: itis_id 622317 via WoRMS external link"
"aphia","154228",154228,622316,"Astronesthinae","Astronesthinae","Subfamily","accepted","2026-08-05","2026-08-05: itis_id 622316 via WoRMS external link"
"aphia","154229",154229,622318,"Melanostomiinae","Melanostomiinae","Subfamily","accepted","2026-08-05","2026-08-05: itis_id 622318 via WoRMS external link"
"aphia","154230",154230,622319,"Idiacanthinae","Idiacanthinae","Subfamily","accepted","2026-08-05","2026-08-05: itis_id 622319 via WoRMS external link"
"aphia","154232",154232,550565,"Macrourinae","Macrourinae","Subfamily","accepted","2026-08-05","2026-08-05: itis_id 550565 via WoRMS external link"
"aphia","154235",154235,550571,"Merlucciinae","Merlucciinae","Subfamily","accepted","2026-08-05","2026-08-05: itis_id 550571 via WoRMS external link"
"aphia","154247",154247,166703,"Scorpaenoidei","Scorpaenoidei","Suborder","accepted","2026-08-05","2026-08-05: itis_id 166703 via WoRMS external link"
"aphia","154403",154403,644846,"Macroramphosinae","Macroramphosinae","Subfamily","accepted","2026-08-05","2026-08-05: itis_id 644846 via WoRMS external link"
"aphia","154405",154405,644844,"Syngnathinae","Syngnathinae","Subfamily","accepted","2026-08-05","2026-08-05: itis_id 644844 via WoRMS external link"
"aphia","154407",154407,643443,"Sebastinae","Sebastinae","Subfamily","accepted","2026-08-05","2026-08-05: itis_id 643443 via WoRMS external link"
"aphia","154408",154408,643444,"Sebastolobinae","Sebastolobinae","Subfamily","accepted","2026-08-05","2026-08-05: itis_id 643444 via WoRMS external link"
"aphia","154409",154409,643442,"Scorpaeninae","Scorpaeninae","Subfamily","accepted","2026-08-05","2026-08-05: itis_id 643442 via WoRMS external link"
"aphia","154415",154415,167108,"Hexagrammidae","Hexagrammidae","Family","accepted","2026-08-05","2026-08-05: itis_id 167108 via WoRMS external link"
"aphia","154417",154417,167185,"Cottoidei","Cottoidei","Suborder","accepted","2026-08-05","2026-08-05: itis_id 167185 via WoRMS external link"
"aphia","154432",154432,162836,"Chanidae","Chanidae","Family","accepted","2026-08-05","2026-08-05: itis_id 162836 via WoRMS external link"
"aphia","154468",154468,167266,"Enophrys","Enophrys","Genus","accepted","2026-08-05","2026-08-05: itis_id 167266 via WoRMS external link"
"aphia","154576",154576,166409,"Aulostomidae","Aulostomidae","Family","accepted","2026-08-05","2026-08-05: itis_id 166409 via WoRMS external link"
"aphia","154577",154577,166414,"Fistulariidae","Fistulariidae","Family","accepted","2026-08-05","2026-08-05: itis_id 166414 via WoRMS external link"
"aphia","1545783",1545783,,"Enoploteuthoidea","Enoploteuthoidea","Superfamily","accepted","2026-08-05",
"aphia","1545786",1902561,,"Octopoteuthoidea","Lepidoteuthoidea","Superfamily","accepted","2026-08-05","2026-08-05: WoRMS Octopoteuthoidea unaccepted -> Lepidoteuthoidea (worms:1902561)"
"aphia","1545787",1545787,,"Oegopsida incertae sedis","Oegopsida incertae sedis","Superfamily","temporary name","2026-08-05",
"aphia","154666",154666,167121,"Anoplopomatidae","Anoplopomatidae","Family","accepted","2026-08-05","2026-08-05: itis_id 167121 via WoRMS external link"
"aphia","154687",154687,615941,"Pleuronectinae","Pleuronectinae","Subfamily","accepted","2026-08-05","2026-08-05: itis_id 615941 via WoRMS external link"
"aphia","154689",154689,615943,"Symphurinae","Symphurinae","Subfamily","accepted","2026-08-05","2026-08-05: itis_id 615943 via WoRMS external link"
"aphia","154693",154693,622320,"Malacosteinae","Malacosteinae","Subfamily","accepted","2026-08-05","2026-08-05: itis_id 622320 via WoRMS external link"
"aphia","154739",154739,622724,"Ophidiinae","Ophidiinae","Subfamily","accepted","2026-08-05","2026-08-05: itis_id 622724 via WoRMS external link"
"aphia","154740",154740,622725,"Neobythitinae","Neobythitinae","Subfamily","accepted","2026-08-05","2026-08-05: itis_id 622725 via WoRMS external link"
"aphia","154741",154741,622721,"Carapinae","Carapinae","Subfamily","accepted","2026-08-05","2026-08-05: itis_id 622721 via WoRMS external link"
"aphia","154745",154745,642443,"Gobiesocinae","Gobiesocinae","Subfamily","accepted","2026-08-05","2026-08-05: itis_id 642443 via WoRMS external link"
"aphia","154750",154750,,"Hexagramminae","Hexagramminae","Subfamily","accepted","2026-08-05",
"aphia","154752",154752,,"Ophiodontinae","Ophiodontinae","Subfamily","accepted","2026-08-05",
"aphia","154781",154781,172893,"Platichthys stellatus","Platichthys stellatus","Species","accepted","2026-08-05","2026-08-05: itis_id 172893 via WoRMS external link"
"aphia","154831",154831,162168,"Cyclothone signata","Cyclothone signata","Species","accepted","2026-08-05","2026-08-05: itis_id 162168 via WoRMS external link"
"aphia","155876",155876,610005,"Neocopepoda","Neocopepoda","Infraclass","accepted","2026-08-05","2026-08-05: itis_id 610005 via WoRMS external link"
"aphia","155877",155877,610007,"Gymnoplea","Gymnoplea","Superorder","accepted","2026-08-05","2026-08-05: itis_id 610007 via WoRMS external link"
"aphia","155879",155879,610008,"Podoplea","Podoplea","Superorder","accepted","2026-08-05","2026-08-05: itis_id 610008 via WoRMS external link"
"aphia","156505",156505,9934,"Phalacroma rotundatum","Phalacroma rotundatum","Species","accepted","2026-09-04","2026-09-04: itis_id 9934 via WoRMS external link"
"aphia","156607",156607,2781,"Chaetoceros concavicornis","Chaetoceros concavicornis","Species","accepted","2026-09-04","2026-09-04: itis_id 2781 via WoRMS external link"
"aphia","156609",156609,2783,"Chaetoceros constrictus","Chaetoceros constrictus","Species","accepted","2026-09-04","2026-09-04: itis_id 2783 via WoRMS external link"
"aphia","156617",156617,2811,"Chaetoceros lorenzianus","Chaetoceros lorenzianus","Species","accepted","2026-09-04","2026-09-04: itis_id 2811 via WoRMS external link"
"aphia","156621",156621,2829,"Chaetoceros subtilis","Chaetoceros subtilis","Species","accepted","2026-09-04","2026-09-04: itis_id 2829 via WoRMS external link"
"aphia","156629",156629,2560,"Coscinodiscus marginatus","Coscinodiscus marginatus","Species","unassessed","2026-09-04","2026-09-04: itis_id 2560 via WoRMS external link"
"aphia","156632",156632,2571,"Coscinodiscus wailesii","Coscinodiscus wailesii","Species","unassessed","2026-09-04","2026-09-04: itis_id 2571 via WoRMS external link"
"aphia","157033",157033,555708,"Sepiolida","Sepiolida","Order","accepted","2026-08-05","2026-08-05: itis_id 555708 via WoRMS external link"
"aphia","157050",157050,590739,"Mastogloiales","Mastogloiales","Order","accepted","2026-09-04","2026-09-04: itis_id 590739 via WoRMS external link"
"aphia","157051",157051,590775,"Mastogloiaceae","Mastogloiaceae","Family","accepted","2026-09-04","2026-09-04: itis_id 590775 via WoRMS external link"
"aphia","157052",157052,4549,"Mastogloia","Mastogloia","Genus","accepted","2026-09-04","2026-09-04: itis_id 4549 via WoRMS external link"
"aphia","157081",157081,3131,"Thalassiothrix","Thalassiothrix","Genus","accepted","2026-09-04","2026-09-04: itis_id 3131 via WoRMS external link"
"aphia","157083",157083,3134,"Thalassiothrix longissima","Thalassiothrix longissima","Species","unassessed","2026-09-04","2026-09-04: itis_id 3134 via WoRMS external link"
"aphia","1571909",1571909,,"Sagmatias obliquidens","Sagmatias obliquidens","Species","accepted","2026-08-05",
"aphia","157256",157256,1802,"Dictyochales","Dictyochales","Order","accepted","2026-09-04","2026-09-04: itis_id 1802 via WoRMS external link"
"aphia","157257",157257,1803,"Dictyochaceae","Dictyochaceae","Family","accepted","2026-09-04","2026-09-04: itis_id 1803 via WoRMS external link"
"aphia","157258",157258,1804,"Dictyocha","Dictyocha","Genus","accepted","2026-09-04","2026-09-04: itis_id 1804 via WoRMS external link"
"aphia","157438",157438,,"Helicotheca","Helicotheca","Genus","accepted","2026-09-04",
"aphia","157463",157463,1805,"Dictyocha fibula","Dictyocha fibula","Species","accepted","2026-09-04","2026-09-04: itis_id 1805 via WoRMS external link"
"aphia","1577329",1577329,,"Brachygenys californiensis","Brachygenys californiensis","Species","accepted","2026-08-05",
"aphia","157873",157873,161110,"Elops","Elops","Genus","accepted","2026-08-05","2026-08-05: itis_id 161110 via WoRMS external link"
"aphia","157878",157878,161120,"Albula","Albula","Genus","accepted","2026-08-05","2026-08-05: itis_id 161120 via WoRMS external link"
"aphia","1580692",1580692,,"Azurina atrilobata","Azurina atrilobata","Species","accepted","2026-08-05",
"aphia","158570",158570,635342,"Rhynchoconger","Rhynchoconger","Genus","accepted","2026-08-05","2026-08-05: itis_id 635342 via WoRMS external link"
"aphia","158579",158579,161142,"Neoconger","Neoconger","Genus","accepted","2026-08-05","2026-08-05: itis_id 161142 via WoRMS external link"
"aphia","158589",158589,161289,"Hoplunnis","Hoplunnis","Genus","accepted","2026-08-05","2026-08-05: itis_id 161289 via WoRMS external link"
"aphia","158641",158641,161451,"Myrophis","Myrophis","Genus","accepted","2026-08-05","2026-08-05: itis_id 161451 via WoRMS external link"
"aphia","158692",158692,161742,"Etrumeus","Etrumeus","Genus","accepted","2026-08-05","2026-08-05: itis_id 161742 via WoRMS external link"
"aphia","158694",158694,161747,"Opisthonema","Opisthonema","Genus","accepted","2026-08-05","2026-08-05: itis_id 161747 via WoRMS external link"
"aphia","158697",158697,161837,"Anchoa","Anchoa","Genus","accepted","2026-08-05","2026-08-05: itis_id 161837 via WoRMS external link"
"aphia","158749",158749,162501,"Stemonosudis","Stemonosudis","Genus","accepted","2026-08-05","2026-08-05: itis_id 162501 via WoRMS external link"
"aphia","158752",158752,162505,"Sudis atrox","Sudis atrox","Species","accepted","2026-08-05","2026-08-05: itis_id 162505 via WoRMS external link"
"aphia","158754",158754,162562,"Scopelarchoides","Scopelarchoides","Genus","accepted","2026-08-05","2026-08-05: itis_id 162562 via WoRMS external link"
"aphia","158761",158761,164823,"Lepophidium","Lepophidium","Genus","accepted","2026-08-05","2026-08-05: itis_id 164823 via WoRMS external link"
"aphia","158783",158783,164413,"Porichthys","Porichthys","Genus","accepted","2026-08-05","2026-08-05: itis_id 164413 via WoRMS external link"
"aphia","158785",158785,164458,"Gobiesox","Gobiesox","Genus","accepted","2026-08-05","2026-08-05: itis_id 164458 via WoRMS external link"
"aphia","158786",158786,172715,"Citharichthys","Citharichthys","Genus","accepted","2026-08-05","2026-08-05: itis_id 172715 via WoRMS external link"
"aphia","158794",158794,172775,"Cyclopsetta","Cyclopsetta","Genus","accepted","2026-08-05","2026-08-05: itis_id 172775 via WoRMS external link"
"aphia","158797",158797,172728,"Etropus","Etropus","Genus","accepted","2026-08-05","2026-08-05: itis_id 172728 via WoRMS external link"
"aphia","158799",158799,172729,"Etropus crossotus","Etropus crossotus","Species","accepted","2026-08-05","2026-08-05: itis_id 172729 via WoRMS external link"
"aphia","158806",158806,169057,"Haemulon","Haemulon","Genus","accepted","2026-08-05","2026-08-05: itis_id 169057 via WoRMS external link"
"aphia","158809",158809,169076,"Orthopristis","Orthopristis","Genus","accepted","2026-08-05","2026-08-05: itis_id 169076 via WoRMS external link"
"aphia","158812",158812,172488,"Istiophorus platypterus","Istiophorus platypterus","Species","accepted","2026-08-05","2026-08-05: itis_id 172488 via WoRMS external link"
"aphia","158813",158813,170501,"Halichoeres","Halichoeres","Genus","accepted","2026-08-05","2026-08-05: itis_id 170501 via WoRMS external link"
"aphia","158823",158823,172734,"Paralichthys","Paralichthys","Genus","accepted","2026-08-05","2026-08-05: itis_id 172734 via WoRMS external link"
"aphia","158831",158831,172782,"Hippoglossina","Hippoglossina","Genus","accepted","2026-08-05","2026-08-05: itis_id 172782 via WoRMS external link"
"aphia","158834",158834,182866,"Yarrella","Yarrella","Genus","accepted","2026-08-05","2026-08-05: itis_id 182866 via WoRMS external link"
"aphia","158835",158835,622360,"Yarrella blackfordi","Yarrella blackfordi","Species","accepted","2026-08-05","2026-08-05: itis_id 622360 via WoRMS external link"
"aphia","158836",158836,162214,"Argyropelecus lychnus","Argyropelecus lychnus","Species","accepted","2026-08-05","2026-08-05: itis_id 162214 via WoRMS external link"
"aphia","158837",158837,162221,"Argyropelecus sladeni","Argyropelecus sladeni","Species","accepted","2026-08-05","2026-08-05: itis_id 162221 via WoRMS external link"
"aphia","158857",158857,162821,"Gigantura","Gigantura","Genus","accepted","2026-08-05","2026-08-05: itis_id 162821 via WoRMS external link"
"aphia","158858",158858,644689,"Gigantura indica","Gigantura indica","Species","accepted","2026-08-05","2026-08-05: itis_id 644689 via WoRMS external link"
"aphia","158870",158870,162464,"Lestidium","Lestidium","Genus","accepted","2026-08-05","2026-08-05: itis_id 162464 via WoRMS external link"
"aphia","158872",158872,162515,"Lestrolepis","Lestrolepis","Genus","accepted","2026-08-05","2026-08-05: itis_id 162515 via WoRMS external link"
"aphia","158873",158873,162516,"Lestrolepis intermedia","Lestrolepis intermedia","Species","accepted","2026-08-05","2026-08-05: itis_id 162516 via WoRMS external link"
"aphia","158875",158875,172790,"Syacium","Syacium","Genus","accepted","2026-08-05","2026-08-05: itis_id 172790 via WoRMS external link"
"aphia","158883",158883,162419,"Trachinocephalus","Trachinocephalus","Genus","accepted","2026-08-05","2026-08-05: itis_id 162419 via WoRMS external link"
"aphia","158884",158884,162420,"Trachinocephalus myops","Trachinocephalus myops","Species","accepted","2026-08-05","2026-08-05: itis_id 162420 via WoRMS external link"
"aphia","158896",158896,162706,"Lampadena luminosa","Lampadena luminosa","Species","accepted","2026-08-05","2026-08-05: itis_id 162706 via WoRMS external link"
"aphia","158897",158897,162643,"Lampanyctus nobilis","Lampanyctus nobilis","Species","accepted","2026-08-05","2026-08-05: itis_id 162643 via WoRMS external link"
"aphia","158898",158898,623716,"Lampanyctus tenuiformis","Lampanyctus tenuiformis","Species","accepted","2026-08-05","2026-08-05: itis_id 623716 via WoRMS external link"
"aphia","158899",158899,162752,"Lobianchia","Lobianchia","Genus","accepted","2026-08-05","2026-08-05: itis_id 162752 via WoRMS external link"
"aphia","158901",158901,623876,"Lobianchia gemellarii","Lobianchia gemellarii","Species","accepted","2026-08-05","2026-08-05: itis_id 623876 via WoRMS external link"
"aphia","158914",158914,162657,"Notoscopelus caudispinosus","Notoscopelus caudispinosus","Species","accepted","2026-08-05","2026-08-05: itis_id 162657 via WoRMS external link"
"aphia","158916",158916,162654,"Notoscopelus resplendens","Notoscopelus resplendens","Species","accepted","2026-08-05","2026-08-05: itis_id 162654 via WoRMS external link"
"aphia","158921",158921,166349,"Desmodema","Desmodema","Genus","accepted","2026-08-05","2026-08-05: itis_id 166349 via WoRMS external link"
"aphia","158927",158927,164718,"Microgadus","Microgadus","Genus","accepted","2026-08-05","2026-08-05: itis_id 164718 via WoRMS external link"
"aphia","158959",158959,622867,"Coryphaenoides leptolepis","Coryphaenoides leptolepis","Species","accepted","2026-08-05","2026-08-05: itis_id 622867 via WoRMS external link"
"aphia","159024",159024,180490,"Kogia","Kogia","Genus","accepted","2026-08-05","2026-08-05: itis_id 180490 via WoRMS external link"
"aphia","159065",159065,164817,"Brotula","Brotula","Genus","accepted","2026-08-05","2026-08-05: itis_id 164817 via WoRMS external link"
"aphia","1590705",1590705,,"Sundstroemia","Sundstroemia","Genus","accepted","2026-09-04",
"aphia","1590706",1590706,,"Sundstroemia setigera","Sundstroemia setigera","Species","accepted","2026-09-04",
"aphia","159208",159208,172785,"Monolene","Monolene","Genus","accepted","2026-08-05","2026-08-05: itis_id 172785 via WoRMS external link"
"aphia","159223",159223,167799,"Hemanthias","Hemanthias","Genus","accepted","2026-08-05","2026-08-05: itis_id 167799 via WoRMS external link"
"aphia","159240",159240,,"Calamus","Calamus","Genus","accepted","2026-08-05",
"aphia","159244",159244,165547,"Ablennes","Ablennes","Genus","accepted","2026-08-05","2026-08-05: itis_id 165547 via WoRMS external link"
"aphia","159246",159246,165548,"Ablennes hians","Ablennes hians","Species","accepted","2026-08-05","2026-08-05: itis_id 165548 via WoRMS external link"
"aphia","159250",159250,171054,"Astroscopus","Astroscopus","Genus","accepted","2026-08-05","2026-08-05: itis_id 171054 via WoRMS external link"
"aphia","159253",159253,,"Strongylura","Strongylura","Genus","accepted","2026-08-05",
"aphia","159254",159254,171060,"Kathetostoma","Kathetostoma","Genus","accepted","2026-08-05","2026-08-05: itis_id 171060 via WoRMS external link"
"aphia","159274",159274,165502,"Euleptorhamphus","Euleptorhamphus","Genus","accepted","2026-08-05","2026-08-05: itis_id 165502 via WoRMS external link"
"aphia","159281",159281,165474,"Hyporhamphus unifasciatus","Hyporhamphus unifasciatus","Species","accepted","2026-08-05","2026-08-05: itis_id 165474 via WoRMS external link"
"aphia","159293",159293,168188,"Pristigenys","Pristigenys","Genus","accepted","2026-08-05","2026-08-05: itis_id 168188 via WoRMS external link"
"aphia","159297",159297,170859,"Nicholsina","Nicholsina","Genus","accepted","2026-08-05","2026-08-05: itis_id 170859 via WoRMS external link"
"aphia","159299",159299,,"Scarus","Scarus","Genus","accepted","2026-08-05",
"aphia","159304",159304,169238,"Cynoscion","Cynoscion","Genus","accepted","2026-08-05","2026-08-05: itis_id 169238 via WoRMS external link"
"aphia","159319",159319,169268,"Larimus","Larimus","Genus","accepted","2026-08-05","2026-08-05: itis_id 169268 via WoRMS external link"
"aphia","159324",159324,169273,"Menticirrhus","Menticirrhus","Genus","accepted","2026-08-05","2026-08-05: itis_id 169273 via WoRMS external link"
"aphia","159349",159349,167791,"Diplectrum","Diplectrum","Genus","accepted","2026-08-05","2026-08-05: itis_id 167791 via WoRMS external link"
"aphia","159355",159355,172778,"Engyophrys","Engyophrys","Genus","accepted","2026-08-05","2026-08-05: itis_id 172778 via WoRMS external link"
"aphia","159383",159383,166210,"Myripristis","Myripristis","Genus","accepted","2026-08-05","2026-08-05: itis_id 166210 via WoRMS external link"
"aphia","159400",159400,168539,"Caulolatilus","Caulolatilus","Genus","accepted","2026-08-05","2026-08-05: itis_id 168539 via WoRMS external link"
"aphia","159407",159407,172163,"Microdesmus","Microdesmus","Genus","accepted","2026-08-05","2026-08-05: itis_id 172163 via WoRMS external link"
"aphia","159416",159416,170336,"Mugil curema","Mugil curema","Species","accepted","2026-08-05","2026-08-05: itis_id 170336 via WoRMS external link"
"aphia","159424",159424,172546,"Cubiceps pauciradiatus","Cubiceps pauciradiatus","Species","accepted","2026-08-05","2026-08-05: itis_id 172546 via WoRMS external link"
"aphia","159427",159427,172556,"Psenes cyanophrys","Psenes cyanophrys","Species","accepted","2026-08-05","2026-08-05: itis_id 172556 via WoRMS external link"
"aphia","159438",159438,166415,"Fistularia","Fistularia","Genus","accepted","2026-08-05","2026-08-05: itis_id 166415 via WoRMS external link"
"aphia","159462",159462,167122,"Anoplopoma","Anoplopoma","Genus","accepted","2026-08-05","2026-08-05: itis_id 167122 via WoRMS external link"
"aphia","159463",159463,167123,"Anoplopoma fimbria","Anoplopoma fimbria","Species","accepted","2026-08-05","2026-08-05: itis_id 167123 via WoRMS external link"
"aphia","159481",159481,168669,"Chloroscombrus","Chloroscombrus","Genus","accepted","2026-08-05","2026-08-05: itis_id 168669 via WoRMS external link"
"aphia","159491",159491,173134,"Aluterus scriptus","Aluterus scriptus","Species","accepted","2026-08-05","2026-08-05: itis_id 173134 via WoRMS external link"
"aphia","159569",159569,166973,"Prionotus","Prionotus","Genus","accepted","2026-08-05","2026-08-05: itis_id 166973 via WoRMS external link"
"aphia","159603",159603,171155,"Hypsoblennius","Hypsoblennius","Genus","accepted","2026-08-05","2026-08-05: itis_id 171155 via WoRMS external link"
"aphia","159629",159629,168602,"Alectis ciliaris","Alectis ciliaris","Species","accepted","2026-08-05","2026-08-05: itis_id 168602 via WoRMS external link"
"aphia","159638",159638,168739,"Hemicaranx","Hemicaranx","Genus","accepted","2026-08-05","2026-08-05: itis_id 168739 via WoRMS external link"
"aphia","159642",159642,168672,"Oligoplites","Oligoplites","Genus","accepted","2026-08-05","2026-08-05: itis_id 168672 via WoRMS external link"
"aphia","159645",159645,168673,"Oligoplites saurus","Oligoplites saurus","Species","accepted","2026-08-05","2026-08-05: itis_id 168673 via WoRMS external link"
"aphia","159646",159646,168677,"Selar crumenophthalmus","Selar crumenophthalmus","Species","accepted","2026-08-05","2026-08-05: itis_id 168677 via WoRMS external link"
"aphia","159674",159674,171606,"Cryptacanthodes","Cryptacanthodes","Genus","accepted","2026-08-05","2026-08-05: itis_id 171606 via WoRMS external link"
"aphia","159699",159699,171917,"Dormitator","Dormitator","Genus","accepted","2026-08-05","2026-08-05: itis_id 171917 via WoRMS external link"
"aphia","159702",159702,169538,"Chaetodipterus","Chaetodipterus","Genus","accepted","2026-08-05","2026-08-05: itis_id 169538 via WoRMS external link"
"aphia","159731",159731,169014,"Eucinostomus","Eucinostomus","Genus","accepted","2026-08-05","2026-08-05: itis_id 169014 via WoRMS external link"
"aphia","159746",159746,170925,"Opistognathus","Opistognathus","Genus","accepted","2026-08-05","2026-08-05: itis_id 170925 via WoRMS external link"
"aphia","159791",159791,168846,"Lutjanus","Lutjanus","Genus","accepted","2026-08-05","2026-08-05: itis_id 168846 via WoRMS external link"
"aphia","159825",159825,172564,"Peprilus","Peprilus","Genus","accepted","2026-08-05","2026-08-05: itis_id 172564 via WoRMS external link"
"aphia","159830",159830,167907,"Symphysanodon","Symphysanodon","Genus","accepted","2026-08-05","2026-08-05: itis_id 167907 via WoRMS external link"
"aphia","159844",159844,641850,"Bathysphyraenops","Bathysphyraenops","Genus","accepted","2026-08-05","2026-08-05: itis_id 641850 via WoRMS external link"
"aphia","159845",159845,641881,"Bathysphyraenops simplex","Bathysphyraenops simplex","Species","accepted","2026-08-05","2026-08-05: itis_id 641881 via WoRMS external link"
"aphia","159849",159849,170446,"Polydactylus","Polydactylus","Genus","accepted","2026-08-05","2026-08-05: itis_id 170446 via WoRMS external link"
"aphia","160268",160268,103801,"Gerridae","Gerridae","Family","accepted","2026-08-05","2026-08-05: itis_id 103801 via WoRMS external link"
"aphia","160521",160521,2804,"Chaetoceros eibenii","Chaetoceros eibenii","Species","unassessed","2026-09-04","2026-09-04: itis_id 2804 via WoRMS external link"
"aphia","160530",160530,,"Rhizosolenia flaccida","Rhizosolenia flaccida","Species","unassessed","2026-09-04",
"aphia","160595",160595,9581,"Pterosperma","Pterosperma","Genus","accepted","2026-08-05","2026-08-05: itis_id 9581 via WoRMS external link"
"aphia","1607504",1607504,,"Grimothea planipes","Grimothea planipes","Species","accepted","2026-08-05",
"aphia","1617137",1617137,,"Gasterosteoidei","Gasterosteoidei","Suborder","accepted","2026-08-05",
"aphia","1617139",1617139,,"Uranoscopoidei","Uranoscopoidei","Suborder","accepted","2026-08-05",
"aphia","1618557",1618557,,"Dorosomatidae","Dorosomatidae","Family","accepted","2026-08-05",
"aphia","1618558",1618558,,"Alosidae","Alosidae","Family","accepted","2026-08-05",
"aphia","162250",162250,590758,"Asterolamprales","Asterolamprales","Order","accepted","2026-09-04","2026-09-04: itis_id 590758 via WoRMS external link"
"aphia","162251",162251,2632,"Asterolampraceae","Asterolampraceae","Family","accepted","2026-09-04","2026-09-04: itis_id 2632 via WoRMS external link"
"aphia","162254",162254,2633,"Asteromphalus","Asteromphalus","Genus","accepted","2026-09-04","2026-09-04: itis_id 2633 via WoRMS external link"
"aphia","162258",162258,2634,"Asteromphalus heptactis","Asteromphalus heptactis","Species","accepted","2026-09-04","2026-09-04: itis_id 2634 via WoRMS external link"
"aphia","162810",162810,,"Actinocyclus senarius","Actinocyclus senarius","Species","unassessed","2026-09-04",
"aphia","162916",162916,2865,"Bacteriastrum elongatum","Bacteriastrum elongatum","Species","accepted","2026-09-04","2026-09-04: itis_id 2865 via WoRMS external link"
"aphia","162969",162969,,"Zygoceros","Zygoceros","Genus","accepted","2026-09-04",
"aphia","1629883",1629883,,"Cancrinae","Cancrinae","Subfamily","accepted","2026-08-05",
"aphia","163041",163041,,"Syndendrium","Syndendrium","Genus","accepted","2026-09-04",
"aphia","163042",163042,,"Syndendrium diadema","Syndendrium diadema","Species","unassessed","2026-09-04",
"aphia","163112",163112,2822,"Chaetoceros radicans","Chaetoceros radicans","Species","unassessed","2026-09-04","2026-09-04: itis_id 2822 via WoRMS external link"
"aphia","163226",163226,,"Lauderia pumila","Lauderia pumila","Species","unassessed","2026-09-04",
"aphia","163242",163242,2890,"Rhizosolenia cylindrus","Rhizosolenia cylindrus","Species","unassessed","2026-09-04","2026-09-04: itis_id 2890 via WoRMS external link"
"aphia","163248",163248,2748,"Hemiaulus","Hemiaulus","Genus","accepted","2026-09-04","2026-09-04: itis_id 2748 via WoRMS external link"
"aphia","163249",163249,2749,"Hemiaulus hauckii","Hemiaulus hauckii","Species","unassessed","2026-09-04","2026-09-04: itis_id 2749 via WoRMS external link"
"aphia","163250",163250,2751,"Hemiaulus sinensis","Hemiaulus sinensis","Species","unassessed","2026-09-04","2026-09-04: itis_id 2751 via WoRMS external link"
"aphia","163261",163261,,"Lauderia mediterranea","Lauderia mediterranea","Species","unassessed","2026-09-04",
"aphia","163288",163288,,"Zygoceros rhombus","Zygoceros rhombus","Species","unassessed","2026-09-04",
"aphia","163342",163342,,"Pseudosolenia","Pseudosolenia","Genus","accepted","2026-09-04",
"aphia","163344",163344,,"Pseudosolenia calcar-avis","Pseudosolenia calcar-avis","Species","accepted","2026-09-04",
"aphia","163348",163348,2909,"Rhizosolenia semispina","Rhizosolenia semispina","Species","unassessed","2026-09-04","2026-09-04: itis_id 2909 via WoRMS external link"
"aphia","16351",16351,613022,"Capitata","Capitata","Suborder","accepted","2026-08-05","2026-08-05: itis_id 613022 via WoRMS external link"
"aphia","1639586",1639586,,"Braarudosphaerales","Braarudosphaerales","Order","accepted","2026-09-04",
"aphia","164",164,78062,"Gymnosomata","Gymnosomata","Suborder","accepted","2026-08-05","2026-08-05: itis_id 78062 via WoRMS external link"
"aphia","164053",164053,10552,"Pyrocystis lunula","Pyrocystis lunula","Species","accepted","2026-09-04","2026-09-04: itis_id 10552 via WoRMS external link"
"aphia","164108",164108,2864,"Bacteriastrum delicatulum","Bacteriastrum delicatulum","Species","accepted","2026-09-04","2026-09-04: itis_id 2864 via WoRMS external link"
"aphia","1642962",1642962,,"Lingulodiniaceae","Lingulodiniaceae","Family","accepted","2026-09-04",
"aphia","1648767",1648767,,"Prasinophytina","Prasinophytina","Subphylum (Subdivision)","accepted","2026-08-05",
"aphia","1649781",1649781,,"Hansarsia","Hansarsia","Genus","accepted","2026-08-05",
"aphia","1649783",1649783,,"Hansarsia atlantica","Hansarsia atlantica","Species","accepted","2026-08-05",
"aphia","1649784",1649784,,"Hansarsia difficilis","Hansarsia difficilis","Species","accepted","2026-08-05",
"aphia","1649787",1649787,,"Hansarsia gracilis","Hansarsia gracilis","Species","accepted","2026-08-05",
"aphia","1649790",1649790,,"Hansarsia microps","Hansarsia microps","Species","accepted","2026-08-05",
"aphia","1649791",1649791,,"Hansarsia tenella","Hansarsia tenella","Species","accepted","2026-08-05",
"aphia","1664972",1664972,,"Cyclococcolithoideae","Cyclococcolithoideae","Subfamily","accepted","2026-09-04",
"aphia","1702292",1702292,,"Bodianus pulcher","Bodianus pulcher","Species","accepted","2026-08-05",
"aphia","1715920",1715920,,"Jordaniidae","Jordaniidae","Family","accepted","2026-08-05",
"aphia","172813",172813,9574,"Pterospermataceae","Pterospermataceae","Family","accepted","2026-08-05","2026-08-05: itis_id 9574 via WoRMS external link"
"aphia","1731399",1731399,,"Haptophytina","Haptophytina","Subphylum","accepted","2026-08-05",
"aphia","1732560",1732560,,"Dinophysales","Dinophysales","Order","accepted","2026-09-04",
"aphia","17330",17330,9514,"Pyramimonadales","Pyramimonadales","Order","accepted","2026-08-05","2026-08-05: itis_id 9514 via WoRMS external link"
"aphia","1739459",1739459,,"Oceanodroma socorroensis","Oceanodroma socorroensis","Species","accepted","2026-09-04",
"aphia","1739467",1739467,,"Hydrobates leucorhoa chapmani",,"Subspecies","unassessed","2026-09-04",
"aphia","1740301",1740301,,"Medusozoa","Medusozoa","Subphylum","accepted","2026-08-05",
"aphia","1741194",1741194,,"Negibacteria","Negibacteria","Subkingdom","accepted","2026-08-05",
"aphia","1750630",1750630,,"Cephalopholis colonus","Cephalopholis colonus","Species","accepted","2026-08-05",
"aphia","1758484",1758484,,"Anthiadidae","Anthiadidae","Family","accepted","2026-08-05",
"aphia","1762",1762,78156,"Nudibranchia","Nudibranchia","Order","accepted","2026-09-04","2026-09-04: itis_id 78156 via WoRMS external link"
"aphia","17638",17638,,"Cryptophyta","Cryptophyta","Phylum","accepted","2026-08-05",
"aphia","17651",17651,10668,"Leucocryptos","Leucocryptos","Genus","accepted","2026-08-05","2026-08-05: itis_id 10668 via WoRMS external link"
"aphia","1776907",1776907,,"Epinephelidae","Epinephelidae","Family","accepted","2026-08-05",
"aphia","1778369",1778369,,"Lingulaulax","Lingulaulax","Genus","accepted","2026-09-04",
"aphia","1778370",1778370,,"Lingulaulax polyedra","Lingulaulax polyedra","Species","accepted","2026-09-04",
"aphia","17793",17793,1883,"Xanthophyceae","Xanthophyceae","Class","accepted","2026-08-05","2026-08-05: itis_id 1883 via WoRMS external link"
"aphia","178207",178207,,"Chaetoceros neogracilis","Chaetoceros neogracilis","Species","accepted","2026-09-04",
"aphia","178241",178241,2831,"Chaetoceros tetrastichon","Chaetoceros tetrastichon","Species","unassessed","2026-09-04","2026-09-04: itis_id 2831 via WoRMS external link"
"aphia","178597",178597,2247,"Coccolithaceae","Coccolithaceae","Family","accepted","2026-09-04","2026-09-04: itis_id 2247 via WoRMS external link"
"aphia","178598",178598,2248,"Coccolithus","Coccolithus","Genus","accepted","2026-09-04","2026-09-04: itis_id 2248 via WoRMS external link"
"aphia","178600",178600,2249,"Coccolithus pelagicus",,"Species","uncertain","2026-09-04","2026-09-04: itis_id 2249 via WoRMS external link"
"aphia","179787",975336,2923,"Guinardia blavyana","Guinardia blavyana var. blavyana","Species","accepted","2026-09-04","2026-09-04: itis_id 2923 via WoRMS external link; WoRMS Guinardia blavyana unaccepted -> Guinardia blavyana var. blavyana (worms:975336)"
"aphia","1801920",1801920,,"Brotulidae","Brotulidae","Family","accepted","2026-08-05",
"aphia","180366",180366,2667,"Hemidiscus","Hemidiscus","Genus","accepted","2026-09-04","2026-09-04: itis_id 2667 via WoRMS external link"
"aphia","180367",180367,2668,"Hemidiscus cuneiformis","Hemidiscus cuneiformis","Species","accepted","2026-09-04","2026-09-04: itis_id 2668 via WoRMS external link"
"aphia","181377",181377,82469,"Chtenopteryx sicula","Chtenopteryx sicula","Species","accepted","2026-08-05","2026-08-05: itis_id 82469 via WoRMS external link"
"aphia","181382",181382,82527,"Ommastrephes bartramii","Ommastrephes bartramii","Species","accepted","2026-08-05","2026-08-05: itis_id 82527 via WoRMS external link"
"aphia","181385",181385,82576,"Cranchia","Cranchia","Genus","accepted","2026-08-05","2026-08-05: itis_id 82576 via WoRMS external link"
"aphia","181386",181386,82578,"Cranchia scabra","Cranchia scabra","Species","accepted","2026-08-05","2026-08-05: itis_id 82578 via WoRMS external link"
"aphia","1821",1821,158852,"Chordata","Chordata","Phylum","accepted","2026-08-05","2026-08-05: itis_id 158852 via WoRMS external link"
"aphia","1828",1828,157978,"Gnathostomata","Gnathostomata","Infraphylum","accepted","2026-08-05","2026-08-05: itis_id 157978 via WoRMS external link"
"aphia","1829294",1052385,,"Doridida","Doridina","Suborder","accepted","2026-09-04","2026-09-04: WoRMS Doridida unaccepted -> Doridina (worms:1052385)"
"aphia","1831",1831,914181,"Tetrapoda","Tetrapoda","Megaclass","accepted","2026-08-05","2026-08-05: itis_id 914181 via WoRMS external link"
"aphia","1835429",1835429,,"Brachioteuthoidea","Brachioteuthoidea","Superfamily","accepted","2026-08-05",
"aphia","1836",1836,174371,"Aves","Aves","Class","accepted","2026-09-04","2026-09-04: itis_id 174371 via WoRMS external link"
"aphia","1837",1837,179913,"Mammalia","Mammalia","Class","accepted","2026-08-05","2026-08-05: itis_id 179913 via WoRMS external link"
"aphia","1838",1838,173747,"Reptilia","Reptilia","Superclass","accepted","2026-08-05","2026-08-05: itis_id 173747 via WoRMS external link"
"aphia","1841861",1841861,,"Hypsigenyinae","Hypsigenyinae","Subfamily","accepted","2026-08-05",
"aphia","1841903",1841903,,"Cirrhilabrinae","Cirrhilabrinae","Subfamily","accepted","2026-08-05",
"aphia","1843780",1843780,,"Clepticini","Clepticini","Tribe","accepted","2026-08-05",
"aphia","1843798",1843798,,"Julidinae","Julidinae","Subfamily","accepted","2026-08-05",
"aphia","1844755",1844755,,"Scarini","Scarini","Tribe","accepted","2026-08-05",
"aphia","1844756",1844756,,"Sparisomatini","Sparisomatini","Tribe","accepted","2026-08-05",
"aphia","1848003",1848003,,"Engraulinae","Engraulinae","Subfamily","accepted","2026-08-05",
"aphia","1848544",1848544,,"Osmeroidei","Osmeroidei","Suborder","accepted","2026-08-05",
"aphia","1848547",1848547,,"Vinciguerriidae","Vinciguerriidae","Family","accepted","2026-08-05",
"aphia","1848548",1848548,,"Diplophidae","Diplophidae","Family","accepted","2026-08-05",
"aphia","1848549",1848549,,"Yarrellidae","Yarrellidae","Family","accepted","2026-08-05",
"aphia","1848550",1848550,,"Ichthyococcidae","Ichthyococcidae","Family","accepted","2026-08-05",
"aphia","1848715",1848715,,"Aulopoidei","Aulopoidei","Suborder","accepted","2026-08-05",
"aphia","1848718",1848722,,"Bathysauroidei","Alepisauroidei","Suborder","accepted","2026-08-05","2026-08-05: WoRMS Bathysauroidei unaccepted -> Alepisauroidei (worms:1848722)"
"aphia","1848721",1848721,,"Paralepidinae","Paralepidinae","Subfamily","accepted","2026-08-05",
"aphia","1848722",1848722,,"Alepisauroidei","Alepisauroidei","Suborder","accepted","2026-08-05",
"aphia","1848724",1848724,,"Sudidae","Sudidae","Family","accepted","2026-08-05",
"aphia","1849087",1849087,,"Stephanoberycoidei","Stephanoberycoidei","Suborder","accepted","2026-08-05",
"aphia","1849092",1849092,,"Berycoidei","Berycoidei","Suborder","accepted","2026-08-05",
"aphia","1849266",1849266,,"Tetraodontoidei","Tetraodontoidei","Suborder","accepted","2026-08-05",
"aphia","1849267",1849267,,"Balistoidei","Balistoidei","Suborder","accepted","2026-08-05",
"aphia","1849275",1849275,,"Lophioidei","Lophioidei","Suborder","accepted","2026-08-05",
"aphia","1849276",1849276,,"Ogcocephaloidei","Ogcocephaloidei","Suborder","accepted","2026-08-05",
"aphia","1849277",1849277,,"Antennarioidei","Antennarioidei","Suborder","accepted","2026-08-05",
"aphia","1849278",1849278,,"Chaunacoidei","Chaunacoidei","Suborder","accepted","2026-08-05",
"aphia","1859206",1859206,,"Apogoniformes","Apogoniformes","Order","accepted","2026-08-05",
"aphia","1860107",1860107,,"Gymnoscopelinae","Gymnoscopelinae","Subfamily","accepted","2026-08-05",
"aphia","1860108",1860108,,"Notolychninae","Notolychninae","Subfamily","accepted","2026-08-05",
"aphia","1860109",1860109,,"Diaphinae","Diaphinae","Subfamily","accepted","2026-08-05",
"aphia","1874154",1874154,,"Hemilepidotidae","Hemilepidotidae","Family","accepted","2026-08-05",
"aphia","1888085",1888085,,"Dasyscopelus lychnobius","Dasyscopelus lychnobius","Species","accepted","2026-08-05",
"aphia","1888428",1888428,,"Lestidiops macrura","Lestidiops macrura","Species","accepted","2026-08-05",
"aphia","1901802",1901802,,"Synodontoidei","Synodontoidei","Suborder","accepted","2026-08-05",
"aphia","19494",19494,718924,"Hydroidolina","Hydroidolina","Subclass","accepted","2026-08-05","2026-08-05: itis_id 718924 via WoRMS external link"
"aphia","19542",19542,9874,"Dinophyceae","Dinophyceae","Class","accepted","2026-08-05","2026-08-05: itis_id 9874 via WoRMS external link"
"aphia","196290",196290,78270,"Actinocyclidae","Actinocyclidae","Family","accepted","2026-09-04","2026-09-04: itis_id 78270 via WoRMS external link"
"aphia","196347",196347,2655,"Actinocyclus","Actinocyclus","Genus","accepted","2026-09-04","2026-09-04: itis_id 2655 via WoRMS external link"
"aphia","196803",196803,2734,"Climacodium","Climacodium","Genus","accepted","2026-09-04","2026-09-04: itis_id 2734 via WoRMS external link"
"aphia","2",2,202423,"Animalia","Animalia","Kingdom","accepted","2026-08-05","2026-08-05: itis_id 202423 via WoRMS external link"
"aphia","203822",203822,613171,"Stegastes","Stegastes","Genus","accepted","2026-08-05","2026-08-05: itis_id 613171 via WoRMS external link"
"aphia","203850",203850,170871,"Calotomus","Calotomus","Genus","accepted","2026-08-05","2026-08-05: itis_id 170871 via WoRMS external link"
"aphia","203852",203852,643104,"Luzonichthys","Luzonichthys","Genus","accepted","2026-08-05","2026-08-05: itis_id 643104 via WoRMS external link"
"aphia","203854",203854,636225,"Cirripectes","Cirripectes","Genus","accepted","2026-08-05","2026-08-05: itis_id 636225 via WoRMS external link"
"aphia","203947",203947,630370,"Ammodytoides","Ammodytoides","Genus","accepted","2026-08-05","2026-08-05: itis_id 630370 via WoRMS external link"
"aphia","203953",203953,635345,"Bathycongrus","Bathycongrus","Genus","accepted","2026-08-05","2026-08-05: itis_id 635345 via WoRMS external link"
"aphia","203974",203974,161728,"Sardinops","Sardinops","Genus","accepted","2026-08-05","2026-08-05: itis_id 161728 via WoRMS external link"
"aphia","203993",203993,168752,"Gnathanodon","Gnathanodon","Genus","accepted","2026-08-05","2026-08-05: itis_id 168752 via WoRMS external link"
"aphia","204081",204081,165519,"Oxyporhamphus","Oxyporhamphus","Genus","accepted","2026-08-05","2026-08-05: itis_id 165519 via WoRMS external link"
"aphia","204083",204083,170958,"Parapercis","Parapercis","Genus","accepted","2026-08-05","2026-08-05: itis_id 170958 via WoRMS external link"
"aphia","204105",204105,103825,"Halobates","Halobates","Genus","accepted","2026-08-05","2026-08-05: itis_id 103825 via WoRMS external link"
"aphia","204246",204246,171953,"Ptereleotris","Ptereleotris","Genus","accepted","2026-08-05","2026-08-05: itis_id 171953 via WoRMS external link"
"aphia","204335",204335,170128,"Plectroglyphidodon","Plectroglyphidodon","Genus","accepted","2026-08-05","2026-08-05: itis_id 170128 via WoRMS external link"
"aphia","204365",204365,171166,"Entomacrodus","Entomacrodus","Genus","accepted","2026-08-05","2026-08-05: itis_id 171166 via WoRMS external link"
"aphia","204480",204480,172816,"Engyprosopon","Engyprosopon","Genus","accepted","2026-08-05","2026-08-05: itis_id 172816 via WoRMS external link"
"aphia","204487",204487,161373,"Coloconger","Coloconger","Genus","accepted","2026-08-05","2026-08-05: itis_id 161373 via WoRMS external link"
"aphia","204522",204522,171827,"Gnatholepis","Gnatholepis","Genus","accepted","2026-08-05","2026-08-05: itis_id 171827 via WoRMS external link"
"aphia","204605",204605,161752,"Harengula","Harengula","Genus","accepted","2026-08-05","2026-08-05: itis_id 161752 via WoRMS external link"
"aphia","204635",204635,172305,"Ctenochaetus","Ctenochaetus","Genus","accepted","2026-08-05","2026-08-05: itis_id 172305 via WoRMS external link"
"aphia","204983",204983,171026,"Limnichthys","Limnichthys","Genus","accepted","2026-08-05","2026-08-05: itis_id 171026 via WoRMS external link"
"aphia","205070",205070,165523,"Prognichthys","Prognichthys","Genus","accepted","2026-08-05","2026-08-05: itis_id 165523 via WoRMS external link"
"aphia","205210",205210,169407,"Mulloidichthys","Mulloidichthys","Genus","accepted","2026-08-05","2026-08-05: itis_id 169407 via WoRMS external link"
"aphia","205227",205227,613121,"Oxycheilinus","Oxycheilinus","Genus","accepted","2026-08-05","2026-08-05: itis_id 613121 via WoRMS external link"
"aphia","205230",205230,172288,"Naso","Naso","Genus","accepted","2026-08-05","2026-08-05: itis_id 172288 via WoRMS external link"
"aphia","205260",205260,173271,"Lactoria","Lactoria","Genus","accepted","2026-08-05","2026-08-05: itis_id 173271 via WoRMS external link"
"aphia","205330",205330,166596,"Cosmocampus","Cosmocampus","Genus","accepted","2026-08-05","2026-08-05: itis_id 166596 via WoRMS external link"
"aphia","205363",205363,166410,"Aulostomus","Aulostomus","Genus","accepted","2026-08-05","2026-08-05: itis_id 166410 via WoRMS external link"
"aphia","205497",205497,170253,"Cheilodactylus","Cheilodactylus","Genus","accepted","2026-08-05","2026-08-05: itis_id 170253 via WoRMS external link"
"aphia","205532",205532,172166,"Gunnellichthys","Gunnellichthys","Genus","accepted","2026-08-05","2026-08-05: itis_id 172166 via WoRMS external link"
"aphia","205546",205546,171206,"Plagiotremus","Plagiotremus","Genus","accepted","2026-08-05","2026-08-05: itis_id 171206 via WoRMS external link"
"aphia","205592",205592,167999,"Pseudogramma","Pseudogramma","Genus","accepted","2026-08-05","2026-08-05: itis_id 167999 via WoRMS external link"
"aphia","205714",205714,170628,"Pseudocheilinus","Pseudocheilinus","Genus","accepted","2026-08-05","2026-08-05: itis_id 170628 via WoRMS external link"
"aphia","205817",205817,164503,"Lophiodes","Lophiodes","Genus","accepted","2026-08-05","2026-08-05: itis_id 164503 via WoRMS external link"
"aphia","205823",205823,169386,"Atractoscion","Atractoscion","Genus","accepted","2026-08-05","2026-08-05: itis_id 169386 via WoRMS external link"
"aphia","205908",205908,162765,"Triphoturus","Triphoturus","Genus","accepted","2026-08-05","2026-08-05: itis_id 162765 via WoRMS external link"
"aphia","206005",206005,162837,"Chanos","Chanos","Genus","accepted","2026-08-05","2026-08-05: itis_id 162837 via WoRMS external link"
"aphia","206066",206066,171081,"Champsodon","Champsodon","Genus","accepted","2026-08-05","2026-08-05: itis_id 171081 via WoRMS external link"
"aphia","206252",206252,165432,"Cypselurus","Cypselurus","Genus","accepted","2026-08-05","2026-08-05: itis_id 165432 via WoRMS external link"
"aphia","206299",206299,642446,"Amarsipus","Amarsipus","Genus","accepted","2026-08-05","2026-08-05: itis_id 642446 via WoRMS external link"
"aphia","206303",206303,168312,"Pseudamiops","Pseudamiops","Genus","accepted","2026-08-05","2026-08-05: itis_id 168312 via WoRMS external link"
"aphia","206311",206311,170764,"Iniistius","Iniistius","Genus","accepted","2026-08-05","2026-08-05: itis_id 170764 via WoRMS external link"
"aphia","206379",206379,169610,"Centropyge","Centropyge","Genus","accepted","2026-08-05","2026-08-05: itis_id 169610 via WoRMS external link"
"aphia","206484",206484,173249,"Ostracion","Ostracion","Genus","accepted","2026-08-05","2026-08-05: itis_id 173249 via WoRMS external link"
"aphia","206731",206731,172946,"Samariscus","Samariscus","Genus","accepted","2026-08-05","2026-08-05: itis_id 172946 via WoRMS external link"
"aphia","206732",206732,167954,"Cephalopholis","Cephalopholis","Genus","accepted","2026-08-05","2026-08-05: itis_id 167954 via WoRMS external link"
"aphia","206890",206890,165119,"Encheliophis","Encheliophis","Genus","accepted","2026-08-05","2026-08-05: itis_id 165119 via WoRMS external link"
"aphia","206943",206943,161878,"Encrasicholina","Encrasicholina","Genus","accepted","2026-08-05","2026-08-05: itis_id 161878 via WoRMS external link"
"aphia","20790",20790,51258,"Porpitidae","Porpitidae","Family","accepted","2026-08-05","2026-08-05: itis_id 51258 via WoRMS external link"
"aphia","2081",2081,158650,"Chaetognatha","Chaetognatha","Phylum","accepted","2026-08-05","2026-08-05: itis_id 158650 via WoRMS external link"
"aphia","212237",212237,166495,"Hippocampus kuda","Hippocampus kuda","Species","accepted","2026-08-05","2026-08-05: itis_id 166495 via WoRMS external link"
"aphia","212599",212599,174699,"Sula dactylatra","Sula dactylatra","Species","accepted","2026-09-04","2026-09-04: itis_id 174699 via WoRMS external link"
"aphia","212856",212856,170129,"Plectroglyphidodon imparipennis","Plectroglyphidodon imparipennis","Species","accepted","2026-08-05","2026-08-05: itis_id 170129 via WoRMS external link"
"aphia","217452",217452,161729,"Sardinops sagax","Sardinops sagax","Species","accepted","2026-08-05","2026-08-05: itis_id 161729 via WoRMS external link"
"aphia","217625",217625,162838,"Chanos chanos","Chanos chanos","Species","accepted","2026-08-05","2026-08-05: itis_id 162838 via WoRMS external link"
"aphia","217674",217674,162384,"Synodus binotatus","Synodus binotatus","Species","accepted","2026-08-05","2026-08-05: itis_id 162384 via WoRMS external link"
"aphia","217681",217681,623747,"Benthosema fibulatum","Benthosema fibulatum","Species","accepted","2026-08-05","2026-08-05: itis_id 623747 via WoRMS external link"
"aphia","217700",217700,623721,"Hygophum proximum","Hygophum proximum","Species","accepted","2026-08-05","2026-08-05: itis_id 623721 via WoRMS external link"
"aphia","217707",217707,182881,"Lampanyctus achirus","Lampanyctus achirus","Species","accepted","2026-08-05","2026-08-05: itis_id 182881 via WoRMS external link"
"aphia","217715",217715,162727,"Myctophum aurolaternatum","Myctophum aurolaternatum","Species","accepted","2026-08-05","2026-08-05: itis_id 162727 via WoRMS external link"
"aphia","217718",217718,162671,"Symbolophorus evermanni","Symbolophorus evermanni","Species","accepted","2026-08-05","2026-08-05: itis_id 162671 via WoRMS external link"
"aphia","217721",217721,623873,"Triphoturus nigrescens","Triphoturus nigrescens","Species","accepted","2026-08-05","2026-08-05: itis_id 623873 via WoRMS external link"
"aphia","217724",217724,162561,"Scopelarchus guentheri","Scopelarchus guentheri","Species","accepted","2026-08-05","2026-08-05: itis_id 162561 via WoRMS external link"
"aphia","217869",217869,165509,"Exocoetus monocirrhus","Exocoetus monocirrhus","Species","accepted","2026-08-05","2026-08-05: itis_id 165509 via WoRMS external link"
"aphia","217871",217871,165520,"Oxyporhamphus micropterus","Oxyporhamphus micropterus","Species","accepted","2026-08-05","2026-08-05: itis_id 165520 via WoRMS external link"
"aphia","217872",217872,165522,"Parexocoetus brachypterus","Parexocoetus brachypterus","Species","accepted","2026-08-05","2026-08-05: itis_id 165522 via WoRMS external link"
"aphia","217874",217874,165528,"Prognichthys sealei","Prognichthys sealei","Species","accepted","2026-08-05","2026-08-05: itis_id 165528 via WoRMS external link"
"aphia","217964",217964,166412,"Aulostomus chinensis","Aulostomus chinensis","Species","accepted","2026-08-05","2026-08-05: itis_id 166412 via WoRMS external link"
"aphia","218404",218404,168620,"Caranx sexfasciatus","Caranx sexfasciatus","Species","accepted","2026-08-05","2026-08-05: itis_id 168620 via WoRMS external link"
"aphia","218429",218429,168753,"Gnathanodon speciosus","Gnathanodon speciosus","Species","accepted","2026-08-05","2026-08-05: itis_id 168753 via WoRMS external link"
"aphia","218436",218436,168695,"Seriola lalandi","Seriola lalandi","Species","accepted","2026-08-05","2026-08-05: itis_id 168695 via WoRMS external link"
"aphia","219004",219004,170765,"Iniistius pavo","Iniistius pavo","Species","accepted","2026-08-05","2026-08-05: itis_id 170765 via WoRMS external link"
"aphia","219158",219158,170959,"Parapercis schauinslandii","Parapercis schauinslandii","Species","accepted","2026-08-05","2026-08-05: itis_id 170959 via WoRMS external link"
"aphia","219608",219608,637470,"Gunnellichthys curiosus","Gunnellichthys curiosus","Species","accepted","2026-08-05","2026-08-05: itis_id 637470 via WoRMS external link"
"aphia","219617",219617,171956,"Ptereleotris heteroptera","Ptereleotris heteroptera","Species","accepted","2026-08-05","2026-08-05: itis_id 171956 via WoRMS external link"
"aphia","219630",219630,172270,"Acanthurus triostegus","Acanthurus triostegus","Species","accepted","2026-08-05","2026-08-05: itis_id 172270 via WoRMS external link"
"aphia","219713",219713,172410,"Sarda orientalis","Sarda orientalis","Species","accepted","2026-08-05","2026-08-05: itis_id 172410 via WoRMS external link"
"aphia","219735",219735,642535,"Amarsipus carlsbergi","Amarsipus carlsbergi","Species","accepted","2026-08-05","2026-08-05: itis_id 642535 via WoRMS external link"
"aphia","219745",219745,642573,"Cubiceps baxteri","Cubiceps baxteri","Species","accepted","2026-08-05","2026-08-05: itis_id 642573 via WoRMS external link"
"aphia","219795",219795,172764,"Bothus pantherinus","Bothus pantherinus","Species","accepted","2026-08-05","2026-08-05: itis_id 172764 via WoRMS external link"
"aphia","219902",219902,173255,"Lactoria fornasini","Lactoria fornasini","Species","accepted","2026-08-05","2026-08-05: itis_id 173255 via WoRMS external link"
"aphia","219903",219903,173257,"Lactoria diaphana","Lactoria diaphana","Species","accepted","2026-08-05","2026-08-05: itis_id 173257 via WoRMS external link"
"aphia","219905",219905,173252,"Ostracion meleagris","Ostracion meleagris","Species","accepted","2026-08-05","2026-08-05: itis_id 173252 via WoRMS external link"
"aphia","219982",219982,161879,"Encrasicholina punctifer","Encrasicholina punctifer","Species","accepted","2026-08-05","2026-08-05: itis_id 161879 via WoRMS external link"
"aphia","220012",220012,165504,"Euleptorhamphus viridis","Euleptorhamphus viridis","Species","accepted","2026-08-05","2026-08-05: itis_id 165504 via WoRMS external link"
"aphia","220293",220293,173840,"Lepidochelys olivacea","Lepidochelys olivacea","Species","accepted","2026-08-05","2026-08-05: itis_id 173840 via WoRMS external link"
"aphia","220327",220327,644790,"Lestidiops indopacificus","Lestidiops indopacificus","Species","accepted","2026-08-05","2026-08-05: itis_id 644790 via WoRMS external link"
"aphia","220335",220335,644829,"Stemonosudis elegans","Stemonosudis elegans","Species","accepted","2026-08-05","2026-08-05: itis_id 644829 via WoRMS external link"
"aphia","221047",221047,95513,"Euphausia recurva","Euphausia recurva","Species","accepted","2026-08-05","2026-08-05: itis_id 95513 via WoRMS external link"
"aphia","221052",221052,95507,"Euphausia tenera","Euphausia tenera","Species","accepted","2026-08-05","2026-08-05: itis_id 95507 via WoRMS external link"
"aphia","221056",221056,95512,"Euphausia diomedeae","Euphausia diomedeae","Species","accepted","2026-08-05","2026-08-05: itis_id 95512 via WoRMS external link"
"aphia","221063",221063,95586,"Thysanopoda orientalis","Thysanopoda orientalis","Species","accepted","2026-08-05","2026-08-05: itis_id 95586 via WoRMS external link"
"aphia","221416",221416,170292,"Brama dussumieri","Brama dussumieri","Species","accepted","2026-08-05","2026-08-05: itis_id 170292 via WoRMS external link"
"aphia","221420",221420,170313,"Taractichthys steindachneri","Taractichthys steindachneri","Species","accepted","2026-08-05","2026-08-05: itis_id 170313 via WoRMS external link"
"aphia","221510",221510,622342,"Sigmops","Sigmops","Genus","accepted","2026-08-05","2026-08-05: itis_id 622342 via WoRMS external link"
"aphia","221512",221512,622362,"Sigmops elongatus","Sigmops elongatus","Species","accepted","2026-08-05","2026-08-05: itis_id 622362 via WoRMS external link"
"aphia","22388",22388,621146,"Thecostraca","Thecostraca","Class","accepted","2026-08-05","2026-08-05: itis_id 621146 via WoRMS external link"
"aphia","224570",224570,,"Caenogastropoda","Caenogastropoda","Subclass","accepted","2026-08-05",
"aphia","22626",22626,159632,"Thaliacea","Thaliacea","Class","accepted","2026-08-05","2026-08-05: itis_id 159632 via WoRMS external link"
"aphia","22986",22986,555713,"Ancistrocheiridae","Ancistrocheiridae","Family","accepted","2026-08-05","2026-08-05: itis_id 555713 via WoRMS external link"
"aphia","22990",22990,72838,"Atlantidae","Atlantidae","Family","accepted","2026-08-05","2026-08-05: itis_id 72838 via WoRMS external link"
"aphia","23004",23004,555714,"Chtenopterygidae","Chtenopterygidae","Family","accepted","2026-08-05","2026-08-05: itis_id 555714 via WoRMS external link"
"aphia","23020",23020,,"Euthecosomata","Euthecosomata","Suborder","accepted","2026-08-05",
"aphia","23021",23021,,"Pseudothecosomata","Pseudothecosomata","Suborder","accepted","2026-08-05",
"aphia","23109",23109,555715,"Pyroteuthidae","Pyroteuthidae","Family","accepted","2026-08-05","2026-08-05: itis_id 555715 via WoRMS external link"
"aphia","231386",231386,180615,"Otariidae","Otariidae","Family","accepted","2026-08-05","2026-08-05: itis_id 180615 via WoRMS external link"
"aphia","231390",231390,180628,"Arctocephalus","Arctocephalus","Genus","accepted","2026-08-05","2026-08-05: itis_id 180628 via WoRMS external link"
"aphia","231398",231398,180670,"Mirounga","Mirounga","Genus","accepted","2026-08-05","2026-08-05: itis_id 180670 via WoRMS external link"
"aphia","231400",231400,180453,"Lissodelphis","Lissodelphis","Genus","accepted","2026-08-05","2026-08-05: itis_id 180453 via WoRMS external link"
"aphia","231402",231402,180494,"Berardius","Berardius","Genus","accepted","2026-08-05","2026-08-05: itis_id 180494 via WoRMS external link"
"aphia","231770",231770,,"Brachidinium","Brachidinium","Genus","accepted","2026-09-04",
"aphia","231772",231772,,"Dinophysaceae","Dinophysaceae","Family","accepted","2026-09-04",
"aphia","231781",231781,573291,"Oxyphysaceae","Oxyphysaceae","Family","accepted","2026-09-04","2026-09-04: itis_id 573291 via WoRMS external link"
"aphia","231787",231787,,"Akashiwo","Akashiwo","Genus","accepted","2026-09-04",
"aphia","231795",231795,,"Protodiniferaceae","Protodiniferaceae","Family","accepted","2026-09-04",
"aphia","231796",231796,,"Amphidomataceae","Amphidomataceae","Family","accepted","2026-09-04",
"aphia","231806",231806,10494,"Podolampadaceae","Podolampadaceae","Family","accepted","2026-09-04","2026-09-04: itis_id 10494 via WoRMS external link"
"aphia","231814",231814,573282,"Thoracosphaerales","Thoracosphaerales","Order","accepted","2026-09-04","2026-09-04: itis_id 573282 via WoRMS external link"
"aphia","232115",232115,,"Brachidinium capitatum","Brachidinium capitatum","Species","accepted","2026-09-04",
"aphia","232277",232277,,"Pyrocystis acuta","Pyrocystis acuta","Species","accepted","2026-09-04",
"aphia","232376",232376,9902,"Prorocentrum cordatum","Prorocentrum cordatum","Species","accepted","2026-09-04","2026-09-04: itis_id 9902 via WoRMS external link"
"aphia","232460",232460,,"Phalacroma cuneus","Phalacroma cuneus","Species","accepted","2026-09-04",
"aphia","232546",232546,,"Akashiwo sanguinea","Akashiwo sanguinea","Species","accepted","2026-09-04",
"aphia","232625",232625,10501,"Podolampas palmipes","Podolampas palmipes","Species","accepted","2026-09-04","2026-09-04: itis_id 10501 via WoRMS external link"
"aphia","232882",232882,,"Protoperidinium tenuissimum","Protoperidinium tenuissimum","Species","accepted","2026-09-04",
"aphia","233079",233079,,"Protoperidinium orientale","Protoperidinium orientale","Species","accepted","2026-09-04",
"aphia","233180",233180,,"Pronoctiluca acuta","Pronoctiluca acuta","Species","accepted","2026-09-04",
"aphia","233201",233201,183931,"Amphidoma nucula","Amphidoma nucula","Species","accepted","2026-09-04","2026-09-04: itis_id 183931 via WoRMS external link"
"aphia","233246",233246,,"Ceratium divaricatum","Ceratium divaricatum","Species","accepted","2026-09-04",
"aphia","233359",233359,610155,"Palaeophalacroma unicinctum","Palaeophalacroma unicinctum","Species","accepted","2026-09-04","2026-09-04: itis_id 610155 via WoRMS external link"
"aphia","233369",233369,,"Peridiniella danica","Peridiniella danica","Species","accepted","2026-09-04",
"aphia","233476",233476,10231,"Peridinium minusculum","Peridinium minusculum","Species","accepted","2026-09-04","2026-09-04: itis_id 10231 via WoRMS external link"
"aphia","233495",233495,,"Gonyaulax areolata","Gonyaulax areolata","Species","accepted","2026-09-04",
"aphia","233754",233754,,"Corythodinium curvicaudatum","Corythodinium curvicaudatum","Species","accepted","2026-09-04",
"aphia","233756",233756,,"Corythodinium globosum","Corythodinium globosum","Species","accepted","2026-09-04",
"aphia","233868",233868,10465,"Oxytoxum variabile","Oxytoxum variabile","Species","accepted","2026-09-04","2026-09-04: itis_id 10465 via WoRMS external link"
"aphia","233871",233871,10474,"Oxytoxum turbo","Oxytoxum turbo","Species","accepted","2026-09-04","2026-09-04: itis_id 10474 via WoRMS external link"
"aphia","234519",234519,,"Liparidae","Liparidae","Family","accepted","2026-08-05",
"aphia","234546",234546,172509,"Icichthys","Icichthys","Genus","accepted","2026-08-05","2026-08-05: itis_id 172509 via WoRMS external link"
"aphia","234573",234573,165249,"Lycodapus","Lycodapus","Genus","accepted","2026-08-05","2026-08-05: itis_id 165249 via WoRMS external link"
"aphia","234630",234630,162305,"Sagamichthys abei","Sagamichthys abei","Species","accepted","2026-08-05","2026-08-05: itis_id 162305 via WoRMS external link"
"aphia","235802",235802,2190,"Acanthoica quattrospina","Acanthoica quattrospina","Species","accepted","2026-09-04","2026-09-04: itis_id 2190 via WoRMS external link"
"aphia","235823",235823,2257,"Gephyrocapsa","Gephyrocapsa","Genus","accepted","2026-09-04","2026-09-04: itis_id 2257 via WoRMS external link"
"aphia","235826",235826,,"Calyptrolithina","Calyptrolithina","Genus","accepted","2026-09-04",
"aphia","235827",235827,,"Calyptrolithophora","Calyptrolithophora","Genus","accepted","2026-09-04",
"aphia","235828",235828,2199,"Calyptrosphaera","Calyptrosphaera","Genus","accepted","2026-09-04","2026-09-04: itis_id 2199 via WoRMS external link"
"aphia","235832",235832,2275,"Braarudosphaeraceae","Braarudosphaeraceae","Family","accepted","2026-09-04","2026-09-04: itis_id 2275 via WoRMS external link"
"aphia","235833",235833,,"Calciosoleniaceae","Calciosoleniaceae","Family","accepted","2026-09-04",
"aphia","235834",235834,,"Ceratolithaceae","Ceratolithaceae","Family","accepted","2026-09-04",
"aphia","235841",235841,2207,"Helladosphaera","Helladosphaera","Genus","accepted","2026-09-04","2026-09-04: itis_id 2207 via WoRMS external link"
"aphia","235843",235843,,"Periphyllophora","Periphyllophora","Genus","accepted","2026-09-04",
"aphia","235849",235849,2276,"Braarudosphaera","Braarudosphaera","Genus","accepted","2026-09-04","2026-09-04: itis_id 2276 via WoRMS external link"
"aphia","235851",235851,2196,"Calciosolenia","Calciosolenia","Genus","accepted","2026-09-04","2026-09-04: itis_id 2196 via WoRMS external link"
"aphia","235852",235852,,"Ceratolithus","Ceratolithus","Genus","accepted","2026-09-04",
"aphia","235856",235856,610062,"Oolithotus","Oolithotus","Genus","accepted","2026-09-04","2026-09-04: itis_id 610062 via WoRMS external link"
"aphia","235857",235857,2271,"Umbilicosphaera","Umbilicosphaera","Genus","accepted","2026-09-04","2026-09-04: itis_id 2271 via WoRMS external link"
"aphia","235859",235859,,"Halopappus","Halopappus","Genus","accepted","2026-09-04",
"aphia","235877",235877,,"Periphyllophora mirabilis","Periphyllophora mirabilis","Species","accepted","2026-09-04",
"aphia","235891",235891,,"Calyptrolithophora gracillima","Calyptrolithophora gracillima","Species","accepted","2026-09-04",
"aphia","235910",235910,,"Algirosphaera","Algirosphaera","Genus","accepted","2026-09-04",
"aphia","235922",235922,,"Braarudosphaera bigelowii","Braarudosphaera bigelowii","Species","accepted","2026-09-04",
"aphia","235926",235926,2197,"Calciosolenia murrayi","Calciosolenia murrayi","Species","accepted","2026-09-04","2026-09-04: itis_id 2197 via WoRMS external link"
"aphia","235933",235933,,"Ceratolithus cristatus","Ceratolithus cristatus","Species","accepted","2026-09-04",
"aphia","235934",235934,,"Coronosphaera","Coronosphaera","Genus","accepted","2026-09-04",
"aphia","235937",235937,2267,"Umbellosphaera","Umbellosphaera","Genus","accepted","2026-09-04","2026-09-04: itis_id 2267 via WoRMS external link"
"aphia","235939",235939,,"Florisphaera","Florisphaera","Genus","accepted","2026-09-04",
"aphia","235944",235944,,"Coronosphaera mediterranea","Coronosphaera mediterranea","Species","accepted","2026-09-04",
"aphia","235951",235951,2255,"Discosphaera","Discosphaera","Genus","accepted","2026-09-04","2026-09-04: itis_id 2255 via WoRMS external link"
"aphia","235952",235952,,"Florisphaera profunda","Florisphaera profunda","Species","accepted","2026-09-04",
"aphia","235955",235955,2258,"Gephyrocapsa oceanica","Gephyrocapsa oceanica","Species","accepted","2026-09-04","2026-09-04: itis_id 2258 via WoRMS external link"
"aphia","235956",235956,,"Gephyrocapsa ornata","Gephyrocapsa ornata","Species","accepted","2026-09-04",
"aphia","235962",235962,610063,"Oolithotus fragilis","Oolithotus fragilis","Species","accepted","2026-09-04","2026-09-04: itis_id 610063 via WoRMS external link"
"aphia","235970",235970,,"Pontosphaera discopora","Pontosphaera discopora","Species","accepted","2026-09-04",
"aphia","235976",235976,,"Syracosphaera histrica","Syracosphaera histrica","Species","accepted","2026-09-04",
"aphia","235977",235977,,"Syracosphaera pirus","Syracosphaera pirus","Species","accepted","2026-09-04",
"aphia","235978",235978,,"Syracosphaera prolongata","Syracosphaera prolongata","Species","accepted","2026-09-04",
"aphia","235979",235979,2235,"Syracosphaera pulchra","Syracosphaera pulchra","Species","accepted","2026-09-04","2026-09-04: itis_id 2235 via WoRMS external link"
"aphia","235982",235982,2269,"Umbellosphaera irregularis","Umbellosphaera irregularis","Species","accepted","2026-09-04","2026-09-04: itis_id 2269 via WoRMS external link"
"aphia","235983",235983,2268,"Umbellosphaera tenuis","Umbellosphaera tenuis","Species","accepted","2026-09-04","2026-09-04: itis_id 2268 via WoRMS external link"
"aphia","235984",235984,,"Umbilicosphaera hulburtiana","Umbilicosphaera hulburtiana","Species","accepted","2026-09-04",
"aphia","235985",235985,,"Umbilicosphaera sibogae","Umbilicosphaera sibogae","Species","accepted","2026-09-04",
"aphia","236004",236004,,"Calyptrolithophora hasleana","Calyptrolithophora hasleana","Species","accepted","2026-09-04",
"aphia","236039",236039,2239,"Syracosphaera molischii","Syracosphaera molischii","Species","accepted","2026-09-04","2026-09-04: itis_id 2239 via WoRMS external link"
"aphia","236056",236056,,"Gephyrocapsa huxleyi","Gephyrocapsa huxleyi","Species","accepted","2026-09-04",
"aphia","236093",236093,,"Prymnesiophycidae","Prymnesiophycidae","Subclass","accepted","2026-08-05",
"aphia","236094",236094,,"Zygodiscales","Zygodiscales","Order","accepted","2026-09-04",
"aphia","236134",236134,165426,"Albatrossia","Albatrossia","Genus","accepted","2026-08-05","2026-08-05: itis_id 165426 via WoRMS external link"
"aphia","236135",236135,165427,"Albatrossia pectoralis","Albatrossia pectoralis","Species","accepted","2026-08-05","2026-08-05: itis_id 165427 via WoRMS external link"
"aphia","237851",237851,95502,"Euphausia pacifica","Euphausia pacifica","Species","accepted","2026-08-05","2026-08-05: itis_id 95502 via WoRMS external link"
"aphia","237852",237852,95524,"Euphausia distinguenda","Euphausia distinguenda","Species","accepted","2026-08-05","2026-08-05: itis_id 95524 via WoRMS external link"
"aphia","237853",237853,95510,"Euphausia eximia","Euphausia eximia","Species","accepted","2026-08-05","2026-08-05: itis_id 95510 via WoRMS external link"
"aphia","237856",237856,95525,"Euphausia lamelligera","Euphausia lamelligera","Species","accepted","2026-08-05","2026-08-05: itis_id 95525 via WoRMS external link"
"aphia","237864",237864,95551,"Nyctiphanes simplex","Nyctiphanes simplex","Species","accepted","2026-08-05","2026-08-05: itis_id 95551 via WoRMS external link"
"aphia","237869",237869,95569,"Tessarabrachion","Tessarabrachion","Genus","accepted","2026-08-05","2026-08-05: itis_id 95569 via WoRMS external link"
"aphia","237870",237870,95570,"Tessarabrachion oculatum","Tessarabrachion oculatum","Species","accepted","2026-08-05","2026-08-05: itis_id 95570 via WoRMS external link"
"aphia","237873",237873,95576,"Thysanoessa longipes","Thysanoessa longipes","Species","accepted","2026-08-05","2026-08-05: itis_id 95576 via WoRMS external link"
"aphia","237874",237874,95578,"Thysanoessa spinifera","Thysanoessa spinifera","Species","accepted","2026-08-05","2026-08-05: itis_id 95578 via WoRMS external link"
"aphia","237875",237875,95597,"Thysanopoda astylata","Thysanopoda astylata","Species","accepted","2026-08-05","2026-08-05: itis_id 95597 via WoRMS external link"
"aphia","238361",238361,555809,"Bolitaena","Bolitaena","Genus","accepted","2026-08-05","2026-08-05: itis_id 555809 via WoRMS external link"
"aphia","238752",238752,555776,"Planctoteuthis","Planctoteuthis","Genus","accepted","2026-08-05","2026-08-05: itis_id 555776 via WoRMS external link"
"aphia","240728",240728,614908,"Halichoeres californicus","Halichoeres californicus","Species","accepted","2026-08-05","2026-08-05: itis_id 614908 via WoRMS external link"
"aphia","240731",240731,167109,"Hexagrammos","Hexagrammos","Genus","accepted","2026-08-05","2026-08-05: itis_id 167109 via WoRMS external link"
"aphia","240732",240732,167110,"Hexagrammos decagrammus","Hexagrammos decagrammus","Species","accepted","2026-08-05","2026-08-05: itis_id 167110 via WoRMS external link"
"aphia","240735",240735,167111,"Hexagrammos lagocephalus","Hexagrammos lagocephalus","Species","accepted","2026-08-05","2026-08-05: itis_id 167111 via WoRMS external link"
"aphia","240737",240737,166773,"Sebastes chrysomelas","Sebastes chrysomelas","Species","accepted","2026-08-05","2026-08-05: itis_id 166773 via WoRMS external link"
"aphia","240741",240741,,"Oxylebiinae","Oxylebiinae","Subfamily","accepted","2026-08-05",
"aphia","240742",240742,167117,"Oxylebius","Oxylebius","Genus","accepted","2026-08-05","2026-08-05: itis_id 167117 via WoRMS external link"
"aphia","240743",240743,167118,"Oxylebius pictus","Oxylebius pictus","Species","accepted","2026-08-05","2026-08-05: itis_id 167118 via WoRMS external link"
"aphia","240744",240744,167115,"Ophiodon","Ophiodon","Genus","accepted","2026-08-05","2026-08-05: itis_id 167115 via WoRMS external link"
"aphia","240745",240745,167116,"Ophiodon elongatus","Ophiodon elongatus","Species","accepted","2026-08-05","2026-08-05: itis_id 167116 via WoRMS external link"
"aphia","242597",242597,180546,"Enhydra","Enhydra","Genus","accepted","2026-08-05","2026-08-05: itis_id 180546 via WoRMS external link"
"aphia","242598",242598,180547,"Enhydra lutris","Enhydra lutris","Species","accepted","2026-08-05","2026-08-05: itis_id 180547 via WoRMS external link"
"aphia","242608",242608,180496,"Berardius bairdii","Berardius bairdii","Species","accepted","2026-08-05","2026-08-05: itis_id 180496 via WoRMS external link"
"aphia","246038",246038,,"Doridoidei","Doridoidei","Infraorder","accepted","2026-09-04",
"aphia","248063",248063,615899,"Haslea wawrikae","Haslea wawrikae","Species","accepted","2026-09-04","2026-09-04: itis_id 615899 via WoRMS external link"
"aphia","248065",248065,2819,"Chaetoceros pendulus","Chaetoceros pendulus","Species","accepted","2026-09-04","2026-09-04: itis_id 2819 via WoRMS external link"
"aphia","248066",248066,2863,"Bacteriastrum comosum","Bacteriastrum comosum","Species","accepted","2026-09-04","2026-09-04: itis_id 2863 via WoRMS external link"
"aphia","248069",248069,2641,"Asterolampra","Asterolampra","Genus","accepted","2026-09-04","2026-09-04: itis_id 2641 via WoRMS external link"
"aphia","248070",248070,2642,"Asterolampra marylandica","Asterolampra marylandica","Species","accepted","2026-09-04","2026-09-04: itis_id 2642 via WoRMS external link"
"aphia","248088",248088,4611,"Pleurosigma directum","Pleurosigma directum","Species","accepted","2026-09-04","2026-09-04: itis_id 4611 via WoRMS external link"
"aphia","248338",248338,167276,"Hemilepidotus","Hemilepidotus","Genus","accepted","2026-08-05","2026-08-05: itis_id 167276 via WoRMS external link"
"aphia","254303",254303,167444,"Bathyagonus","Bathyagonus","Genus","accepted","2026-08-05","2026-08-05: itis_id 167444 via WoRMS external link"
"aphia","254339",254339,162029,"Hypomesus","Hypomesus","Genus","accepted","2026-08-05","2026-08-05: itis_id 162029 via WoRMS external link"
"aphia","254344",254344,167301,"Leptocottus","Leptocottus","Genus","accepted","2026-08-05","2026-08-05: itis_id 167301 via WoRMS external link"
"aphia","254345",254345,167302,"Leptocottus armatus","Leptocottus armatus","Species","accepted","2026-08-05","2026-08-05: itis_id 167302 via WoRMS external link"
"aphia","254349",254349,162095,"Leuroglossus","Leuroglossus","Genus","accepted","2026-08-05","2026-08-05: itis_id 162095 via WoRMS external link"
"aphia","254361",254361,623695,"Lampanyctinae","Lampanyctinae","Subfamily","accepted","2026-08-05","2026-08-05: itis_id 623695 via WoRMS external link"
"aphia","254362",254362,162663,"Stenobrachius","Stenobrachius","Genus","accepted","2026-08-05","2026-08-05: itis_id 162663 via WoRMS external link"
"aphia","254363",254363,162664,"Stenobrachius leucopsarus","Stenobrachius leucopsarus","Species","accepted","2026-08-05","2026-08-05: itis_id 162664 via WoRMS external link"
"aphia","254364",254364,162665,"Stenobrachius nannochir","Stenobrachius nannochir","Species","accepted","2026-08-05","2026-08-05: itis_id 162665 via WoRMS external link"
"aphia","254365",254365,167471,"Stellerina","Stellerina","Genus","accepted","2026-08-05","2026-08-05: itis_id 167471 via WoRMS external link"
"aphia","254366",254366,167472,"Stellerina xyosterna","Stellerina xyosterna","Species","accepted","2026-08-05","2026-08-05: itis_id 167472 via WoRMS external link"
"aphia","254373",254373,167463,"Sarritor","Sarritor","Genus","accepted","2026-08-05","2026-08-05: itis_id 167463 via WoRMS external link"
"aphia","254374",254374,167464,"Sarritor frenatus","Sarritor frenatus","Species","accepted","2026-08-05","2026-08-05: itis_id 167464 via WoRMS external link"
"aphia","254392",254392,172891,"Parophrys","Parophrys","Genus","accepted","2026-08-05","2026-08-05: itis_id 172891 via WoRMS external link"
"aphia","254393",254393,172921,"Parophrys vetulus","Parophrys vetulus","Species","accepted","2026-08-05","2026-08-05: itis_id 172921 via WoRMS external link"
"aphia","254448",254448,2837,"Chaetoceros aequatorialis","Chaetoceros aequatorialis","Species","unassessed","2026-09-04","2026-09-04: itis_id 2837 via WoRMS external link"
"aphia","254506",254506,167450,"Bathyagonus pentacanthus","Bathyagonus pentacanthus","Species","accepted","2026-08-05","2026-08-05: itis_id 167450 via WoRMS external link"
"aphia","254510",254510,171672,"Ammodytes hexapterus","Ammodytes hexapterus","Species","accepted","2026-08-05","2026-08-05: itis_id 171672 via WoRMS external link"
"aphia","254521",254521,167279,"Hemilepidotus hemilepidotus","Hemilepidotus hemilepidotus","Species","accepted","2026-08-05","2026-08-05: itis_id 167279 via WoRMS external link"
"aphia","254538",254538,164711,"Gadus macrocephalus","Gadus macrocephalus","Species","accepted","2026-08-05","2026-08-05: itis_id 164711 via WoRMS external link"
"aphia","254545",254545,167113,"Hexagrammos stelleri","Hexagrammos stelleri","Species","accepted","2026-08-05","2026-08-05: itis_id 167113 via WoRMS external link"
"aphia","254549",254549,167504,"Careproctus melanurus","Careproctus melanurus","Species","accepted","2026-08-05","2026-08-05: itis_id 167504 via WoRMS external link"
"aphia","254551",254551,162098,"Leuroglossus schmidti","Leuroglossus schmidti","Species","accepted","2026-08-05","2026-08-05: itis_id 162098 via WoRMS external link"
"aphia","254572",254572,162550,"Benthalbella dentata","Benthalbella dentata","Species","accepted","2026-08-05","2026-08-05: itis_id 162550 via WoRMS external link"
"aphia","254573",254573,166707,"Sebastes alutus","Sebastes alutus","Species","accepted","2026-08-05","2026-08-05: itis_id 166707 via WoRMS external link"
"aphia","254576",254576,171572,"Chirolophis decoratus","Chirolophis decoratus","Species","accepted","2026-08-05","2026-08-05: itis_id 171572 via WoRMS external link"
"aphia","254957",254957,552303,"Caniformia","Caniformia","Suborder","accepted","2026-08-05","2026-08-05: itis_id 552303 via WoRMS external link"
"aphia","254975",254975,180454,"Lissodelphis borealis","Lissodelphis borealis","Species","accepted","2026-08-05","2026-08-05: itis_id 180454 via WoRMS external link"
"aphia","254986",254986,180479,"Phocoenoides","Phocoenoides","Genus","accepted","2026-08-05","2026-08-05: itis_id 180479 via WoRMS external link"
"aphia","254987",254987,180480,"Phocoenoides dalli","Phocoenoides dalli","Species","accepted","2026-08-05","2026-08-05: itis_id 180480 via WoRMS external link"
"aphia","254996",254996,180626,"Callorhinus","Callorhinus","Genus","accepted","2026-08-05","2026-08-05: itis_id 180626 via WoRMS external link"
"aphia","254997",254997,180627,"Callorhinus ursinus","Callorhinus ursinus","Species","accepted","2026-08-05","2026-08-05: itis_id 180627 via WoRMS external link"
"aphia","254998",254998,180624,"Eumetopias","Eumetopias","Genus","accepted","2026-08-05","2026-08-05: itis_id 180624 via WoRMS external link"
"aphia","254999",254999,180625,"Eumetopias jubatus","Eumetopias jubatus","Species","accepted","2026-08-05","2026-08-05: itis_id 180625 via WoRMS external link"
"aphia","255002",255002,180620,"Zalophus","Zalophus","Genus","accepted","2026-08-05","2026-08-05: itis_id 180620 via WoRMS external link"
"aphia","255003",255003,180621,"Zalophus californianus","Zalophus californianus","Species","accepted","2026-08-05","2026-08-05: itis_id 180621 via WoRMS external link"
"aphia","255006",255006,180635,"Arctocephalus philippii","Arctocephalus philippii","Species","accepted","2026-08-05","2026-08-05: itis_id 180635 via WoRMS external link"
"aphia","255009",255009,552326,"Lutrinae","Lutrinae","Subfamily","accepted","2026-08-05","2026-08-05: itis_id 552326 via WoRMS external link"
"aphia","255018",255018,180672,"Mirounga angustirostris","Mirounga angustirostris","Species","accepted","2026-08-05","2026-08-05: itis_id 180672 via WoRMS external link"
"aphia","266995",266995,630579,"Atherinopsidae","Atherinopsidae","Family","accepted","2026-08-05","2026-08-05: itis_id 630579 via WoRMS external link"
"aphia","267002",267002,633879,"Anoplogastridae","Anoplogastridae","Family","accepted","2026-08-05","2026-08-05: itis_id 633879 via WoRMS external link"
"aphia","267013",267013,166402,"Aulorhynchidae","Aulorhynchidae","Family","accepted","2026-08-05","2026-08-05: itis_id 166402 via WoRMS external link"
"aphia","267023",267023,641836,"Howellidae","Howellidae","Family","accepted","2026-08-05","2026-08-05: itis_id 641836 via WoRMS external link"
"aphia","267051",267051,630585,"Menidiinae","Menidiinae","Subfamily","accepted","2026-08-05","2026-08-05: itis_id 630585 via WoRMS external link"
"aphia","267056",267056,622095,"Myripristinae","Myripristinae","Subfamily","accepted","2026-08-05","2026-08-05: itis_id 622095 via WoRMS external link"
"aphia","267057",267057,622094,"Holocentrinae","Holocentrinae","Subfamily","accepted","2026-08-05","2026-08-05: itis_id 622094 via WoRMS external link"
"aphia","267079",267079,642031,"Apogoninae","Apogoninae","Subfamily","accepted","2026-08-05","2026-08-05: itis_id 642031 via WoRMS external link"
"aphia","267092",151420,,"Eleotrinae","Eleotridae","Subfamily","accepted","2026-08-05","2026-08-05: WoRMS Eleotrinae unaccepted -> Eleotridae (worms:151420)"
"aphia","267094",267094,,"Gobiinae","Gobiinae","Subfamily","accepted","2026-08-05",
"aphia","267095",267095,,"Gobionellinae","Gobionellinae","Subfamily","accepted","2026-08-05",
"aphia","267103",267103,,"Cheilininae","Cheilininae","Subfamily","accepted","2026-08-05",
"aphia","267106",267106,,"Xyrichtyinae","Xyrichtyinae","Subfamily","accepted","2026-08-05",
"aphia","267118",267118,638248,"Scombrinae","Scombrinae","Subfamily","accepted","2026-08-05","2026-08-05: itis_id 638248 via WoRMS external link"
"aphia","267121",267121,,"Xiphisterinae","Xiphisterinae","Subfamily","accepted","2026-08-05",
"aphia","267122",267122,,"Chirolophinae","Chirolophinae","Subfamily","accepted","2026-08-05",
"aphia","267123",267123,,"Opisthocentrinae","Opisthocentrinae","Subfamily","accepted","2026-08-05",
"aphia","267126",267126,,"Gymnelinae","Gymnelinae","Subfamily","accepted","2026-08-05",
"aphia","267127",267127,,"Lycodinae","Lycodinae","Subfamily","accepted","2026-08-05",
"aphia","267132",267132,,"Bothragoninae","Bothragoninae","Subfamily","accepted","2026-08-05",
"aphia","267133",267133,,"Brachyopsinae","Brachyopsinae","Subfamily","accepted","2026-08-05",
"aphia","267135",267135,,"Agoninae","Agoninae","Subfamily","accepted","2026-08-05",
"aphia","267137",267137,,"Bathyagoninae","Bathyagoninae","Subfamily","accepted","2026-08-05",
"aphia","268191",268191,171881,"Acanthogobius","Acanthogobius","Genus","accepted","2026-08-05","2026-08-05: itis_id 171881 via WoRMS external link"
"aphia","2682",2682,176445,"Charadriiformes","Charadriiformes","Order","accepted","2026-09-04","2026-09-04: itis_id 176445 via WoRMS external link"
"aphia","268211",268211,172984,"Achirus","Achirus","Genus","accepted","2026-08-05","2026-08-05: itis_id 172984 via WoRMS external link"
"aphia","268237",268237,167427,"Agonopsis","Agonopsis","Genus","accepted","2026-08-05","2026-08-05: itis_id 167427 via WoRMS external link"
"aphia","268261",268261,171464,"Alloclinus","Alloclinus","Genus","accepted","2026-08-05","2026-08-05: itis_id 171464 via WoRMS external link"
"aphia","268306",268306,171344,"Anarrhichthys","Anarrhichthys","Genus","accepted","2026-08-05","2026-08-05: itis_id 171344 via WoRMS external link"
"aphia","268319",268319,169080,"Anisotremus","Anisotremus","Genus","accepted","2026-08-05","2026-08-05: itis_id 169080 via WoRMS external link"
"aphia","268327",268327,171562,"Anoplarchus","Anoplarchus","Genus","accepted","2026-08-05","2026-08-05: itis_id 171562 via WoRMS external link"
"aphia","268390",268390,167211,"Artedius","Artedius","Genus","accepted","2026-08-05","2026-08-05: itis_id 167211 via WoRMS external link"
"aphia","268393",268393,167217,"Ascelichthys","Ascelichthys","Genus","accepted","2026-08-05","2026-08-05: itis_id 167217 via WoRMS external link"
"aphia","268394",268394,172996,"Aseraggodes","Aseraggodes","Genus","accepted","2026-08-05","2026-08-05: itis_id 172996 via WoRMS external link"
"aphia","268412",268412,172396,"Assurger","Assurger","Genus","accepted","2026-08-05","2026-08-05: itis_id 172396 via WoRMS external link"
"aphia","268428",268428,172860,"Atheresthes","Atheresthes","Genus","accepted","2026-08-05","2026-08-05: itis_id 172860 via WoRMS external link"
"aphia","268430",268430,630593,"Atherinella","Atherinella","Genus","accepted","2026-08-05","2026-08-05: itis_id 630593 via WoRMS external link"
"aphia","268431",268431,165985,"Atherinops","Atherinops","Genus","accepted","2026-08-05","2026-08-05: itis_id 165985 via WoRMS external link"
"aphia","268432",268432,166011,"Atherinopsis","Atherinopsis","Genus","accepted","2026-08-05","2026-08-05: itis_id 166011 via WoRMS external link"
"aphia","268458",268458,166403,"Aulorhynchus","Aulorhynchus","Genus","accepted","2026-08-05","2026-08-05: itis_id 166403 via WoRMS external link"
"aphia","268472",268472,613168,"Azurina","Azurina","Genus","accepted","2026-08-05","2026-08-05: itis_id 613168 via WoRMS external link"
"aphia","268508",268508,623317,"Bathylagoides","Bathylagoides","Genus","accepted","2026-08-05","2026-08-05: itis_id 623317 via WoRMS external link"
"aphia","268562",268562,622778,"Borophryne","Borophryne","Genus","accepted","2026-08-05","2026-08-05: itis_id 622778 via WoRMS external link"
"aphia","268565",268565,643576,"Bothragonus","Bothragonus","Genus","accepted","2026-08-05","2026-08-05: itis_id 643576 via WoRMS external link"
"aphia","2686",2686,174512,"Procellariiformes","Procellariiformes","Order","accepted","2026-09-04","2026-09-04: itis_id 174512 via WoRMS external link"
"aphia","268602",268602,164808,"Brosmophycis","Brosmophycis","Genus","accepted","2026-08-05","2026-08-05: itis_id 164808 via WoRMS external link"
"aphia","268671",268671,171617,"Cebidichthys","Cebidichthys","Genus","accepted","2026-08-05","2026-08-05: itis_id 171617 via WoRMS external link"
"aphia","268680",268680,167643,"Centropomus","Centropomus","Genus","accepted","2026-08-05","2026-08-05: itis_id 167643 via WoRMS external link"
"aphia","268690",268690,172168,"Cerdale","Cerdale","Genus","accepted","2026-08-05","2026-08-05: itis_id 172168 via WoRMS external link"
"aphia","268692",268692,161860,"Cetengraulis","Cetengraulis","Genus","accepted","2026-08-05","2026-08-05: itis_id 161860 via WoRMS external link"
"aphia","2687",2687,180539,"Carnivora","Carnivora","Order","accepted","2026-08-05","2026-08-05: itis_id 180539 via WoRMS external link"
"aphia","268702",268702,171466,"Chaenopsis","Chaenopsis","Genus","accepted","2026-08-05","2026-08-05: itis_id 171466 via WoRMS external link"
"aphia","268728",268728,169357,"Cheilotrema","Cheilotrema","Genus","accepted","2026-08-05","2026-08-05: itis_id 169357 via WoRMS external link"
"aphia","268738",268738,164997,"Cherublemma","Cherublemma","Genus","accepted","2026-08-05","2026-08-05: itis_id 164997 via WoRMS external link"
"aphia","268740",268740,165005,"Chilara","Chilara","Genus","accepted","2026-08-05","2026-08-05: itis_id 165005 via WoRMS external link"
"aphia","268744",268744,635341,"Chiloconger","Chiloconger","Genus","accepted","2026-08-05","2026-08-05: itis_id 635341 via WoRMS external link"
"aphia","268755",268755,167379,"Chitonotus","Chitonotus","Genus","accepted","2026-08-05","2026-08-05: itis_id 167379 via WoRMS external link"
"aphia","268787",268787,636625,"Clarkichthys","Clarkichthys","Genus","accepted","2026-08-05","2026-08-05: itis_id 636625 via WoRMS external link"
"aphia","268793",268793,171747,"Clevelandia","Clevelandia","Genus","accepted","2026-08-05","2026-08-05: itis_id 171747 via WoRMS external link"
"aphia","268796",268796,167222,"Clinocottus","Clinocottus","Genus","accepted","2026-08-05","2026-08-05: itis_id 167222 via WoRMS external link"
"aphia","2688",2688,180403,"Cetacea","Cetacea","Infraorder","accepted","2026-08-05","2026-08-05: itis_id 180403 via WoRMS external link"
"aphia","268816",268816,165608,"Cololabis","Cololabis","Genus","accepted","2026-08-05","2026-08-05: itis_id 165608 via WoRMS external link"
"aphia","268827",268827,635389,"Congriscus","Congriscus","Genus","accepted","2026-08-05","2026-08-05: itis_id 635389 via WoRMS external link"
"aphia","268832",268832,169089,"Conodon","Conodon","Genus","accepted","2026-08-05","2026-08-05: itis_id 169089 via WoRMS external link"
"aphia","268890",268890,171471,"Cryptotrema","Cryptotrema","Genus","accepted","2026-08-05","2026-08-05: itis_id 171471 via WoRMS external link"
"aphia","268894",268894,171018,"Crystallodytes","Crystallodytes","Genus","accepted","2026-08-05","2026-08-05: itis_id 171018 via WoRMS external link"
"aphia","2689",2689,173749,"Testudines","Testudines","Order","accepted","2026-08-05","2026-08-05: itis_id 173749 via WoRMS external link"
"aphia","268947",268947,162231,"Danaphos","Danaphos","Genus","accepted","2026-08-05","2026-08-05: itis_id 162231 via WoRMS external link"
"aphia","269080",269080,172867,"Eopsetta","Eopsetta","Genus","accepted","2026-08-05","2026-08-05: itis_id 172867 via WoRMS external link"
"aphia","269106",269106,171877,"Erotelis","Erotelis","Genus","accepted","2026-08-05","2026-08-05: itis_id 171877 via WoRMS external link"
"aphia","269162",269162,165510,"Fodiator","Fodiator","Genus","accepted","2026-08-05","2026-08-05: itis_id 165510 via WoRMS external link"
"aphia","269199",269199,169256,"Genyonemus","Genyonemus","Genus","accepted","2026-08-05","2026-08-05: itis_id 169256 via WoRMS external link"
"aphia","269206",269206,171397,"Gibbonsia","Gibbonsia","Genus","accepted","2026-08-05","2026-08-05: itis_id 171397 via WoRMS external link"
"aphia","269211",269211,171037,"Gillellus","Gillellus","Genus","accepted","2026-08-05","2026-08-05: itis_id 171037 via WoRMS external link"
"aphia","269212",269212,171966,"Gillichthys","Gillichthys","Genus","accepted","2026-08-05","2026-08-05: itis_id 171966 via WoRMS external link"
"aphia","269217",269217,169514,"Girella","Girella","Genus","accepted","2026-08-05","2026-08-05: itis_id 169514 via WoRMS external link"
"aphia","269249",269249,171889,"Gobulus","Gobulus","Genus","accepted","2026-08-05","2026-08-05: itis_id 171889 via WoRMS external link"
"aphia","269400",269400,171475,"Heterostichus","Heterostichus","Genus","accepted","2026-08-05","2026-08-05: itis_id 171475 via WoRMS external link"
"aphia","269422",269422,168974,"Hoplopagrus","Hoplopagrus","Genus","accepted","2026-08-05","2026-08-05: itis_id 168974 via WoRMS external link"
"aphia","269471",269471,170119,"Hypsypops","Hypsypops","Genus","accepted","2026-08-05","2026-08-05: itis_id 170119 via WoRMS external link"
"aphia","269476",269476,167290,"Icelinus","Icelinus","Genus","accepted","2026-08-05","2026-08-05: itis_id 167290 via WoRMS external link"
"aphia","269481",269481,171662,"Icosteus","Icosteus","Genus","accepted","2026-08-05","2026-08-05: itis_id 171662 via WoRMS external link"
"aphia","269492",269492,171891,"Ilypnus","Ilypnus","Genus","accepted","2026-08-05","2026-08-05: itis_id 171891 via WoRMS external link"
"aphia","269520",269520,172878,"Isopsetta","Isopsetta","Genus","accepted","2026-08-05","2026-08-05: itis_id 172878 via WoRMS external link"
"aphia","269590",269590,171408,"Labrisomus","Labrisomus","Genus","accepted","2026-08-05","2026-08-05: itis_id 171408 via WoRMS external link"
"aphia","269634",269634,171761,"Lepidogobius","Lepidogobius","Genus","accepted","2026-08-05","2026-08-05: itis_id 171761 via WoRMS external link"
"aphia","269638",269638,172879,"Lepidopsetta","Lepidopsetta","Genus","accepted","2026-08-05","2026-08-05: itis_id 172879 via WoRMS external link"
"aphia","269681",269681,166013,"Leuresthes","Leuresthes","Genus","accepted","2026-08-05","2026-08-05: itis_id 166013 via WoRMS external link"
"aphia","269707",269707,623321,"Lipolagus","Lipolagus","Genus","accepted","2026-08-05","2026-08-05: itis_id 623321 via WoRMS external link"
"aphia","269759",269759,172885,"Lyopsetta","Lyopsetta","Genus","accepted","2026-08-05","2026-08-05: itis_id 172885 via WoRMS external link"
"aphia","269761",269761,171898,"Lythrypnus","Lythrypnus","Genus","accepted","2026-08-05","2026-08-05: itis_id 171898 via WoRMS external link"
"aphia","269769",269769,162100,"Macropinna","Macropinna","Genus","accepted","2026-08-05","2026-08-05: itis_id 162100 via WoRMS external link"
"aphia","269781",269781,171419,"Malacoctenus","Malacoctenus","Genus","accepted","2026-08-05","2026-08-05: itis_id 171419 via WoRMS external link"
"aphia","269815",269815,169521,"Medialuna","Medialuna","Genus","accepted","2026-08-05","2026-08-05: itis_id 169521 via WoRMS external link"
"aphia","269877",269877,170115,"Microspathodon","Microspathodon","Genus","accepted","2026-08-05","2026-08-05: itis_id 170115 via WoRMS external link"
"aphia","269892",269892,623290,"Mirorictus","Mirorictus","Genus","accepted","2026-08-05","2026-08-05: itis_id 623290 via WoRMS external link"
"aphia","269966",269966,167590,"Nectoliparis","Nectoliparis","Genus","accepted","2026-08-05","2026-08-05: itis_id 167590 via WoRMS external link"
"aphia","269979",269979,168743,"Nematistius","Nematistius","Genus","accepted","2026-08-05","2026-08-05: itis_id 168743 via WoRMS external link"
"aphia","269994",269994,171477,"Neoclinus","Neoclinus","Genus","accepted","2026-08-05","2026-08-05: itis_id 171477 via WoRMS external link"
"aphia","270070",270070,630609,"Odontesthes","Odontesthes","Genus","accepted","2026-08-05","2026-08-05: itis_id 630609 via WoRMS external link"
"aphia","270075",270075,167459,"Odontopyxis","Odontopyxis","Genus","accepted","2026-08-05","2026-08-05: itis_id 167459 via WoRMS external link"
"aphia","270085",270085,167332,"Oligocottus","Oligocottus","Genus","accepted","2026-08-05","2026-08-05: itis_id 167332 via WoRMS external link"
"aphia","270108",270108,622334,"Opostomias","Opostomias","Genus","accepted","2026-08-05","2026-08-05: itis_id 622334 via WoRMS external link"
"aphia","270126",270126,167387,"Orthonopias","Orthonopias","Genus","accepted","2026-08-05","2026-08-05: itis_id 167387 via WoRMS external link"
"aphia","270184",270184,172822,"Parabothus","Parabothus","Genus","accepted","2026-08-05","2026-08-05: itis_id 172822 via WoRMS external link"
"aphia","270190",270190,,"Paracaristius","Paracaristius","Genus","accepted","2026-08-05",
"aphia","270199",270199,171427,"Paraclinus","Paraclinus","Genus","accepted","2026-08-05","2026-08-05: itis_id 171427 via WoRMS external link"
"aphia","270221",270221,167830,"Paralabrax","Paralabrax","Genus","accepted","2026-08-05","2026-08-05: itis_id 167830 via WoRMS external link"
"aphia","270293",270293,167337,"Paricelinus","Paricelinus","Genus","accepted","2026-08-05","2026-08-05: itis_id 167337 via WoRMS external link"
"aphia","270310",270310,162770,"Parvilux","Parvilux","Genus","accepted","2026-08-05","2026-08-05: itis_id 162770 via WoRMS external link"
"aphia","270342",270342,615993,"Perissias","Perissias","Genus","accepted","2026-08-05","2026-08-05: itis_id 615993 via WoRMS external link"
"aphia","270451",270451,171591,"Plectobranchus","Plectobranchus","Genus","accepted","2026-08-05","2026-08-05: itis_id 171591 via WoRMS external link"
"aphia","270459",270459,172922,"Pleuronichthys","Pleuronichthys","Genus","accepted","2026-08-05","2026-08-05: itis_id 172922 via WoRMS external link"
"aphia","270475",270475,170688,"Polylepion","Polylepion","Genus","accepted","2026-08-05","2026-08-05: itis_id 170688 via WoRMS external link"
"aphia","270526",270526,167839,"Pronotogrammus","Pronotogrammus","Genus","accepted","2026-08-05","2026-08-05: itis_id 167839 via WoRMS external link"
"aphia","270555",270555,172927,"Psettichthys","Psettichthys","Genus","accepted","2026-08-05","2026-08-05: itis_id 172927 via WoRMS external link"
"aphia","270573",270573,623322,"Pseudobathylagus","Pseudobathylagus","Genus","accepted","2026-08-05","2026-08-05: itis_id 623322 via WoRMS external link"
"aphia","270682",270682,171909,"Quietula","Quietula","Genus","accepted","2026-08-05","2026-08-05: itis_id 171909 via WoRMS external link"
"aphia","270690",270690,167346,"Radulinus","Radulinus","Genus","accepted","2026-08-05","2026-08-05: itis_id 167346 via WoRMS external link"
"aphia","270703",270703,170952,"Rathbunella","Rathbunella","Genus","accepted","2026-08-05","2026-08-05: itis_id 170952 via WoRMS external link"
"aphia","270736",270736,636588,"Rhinogobiops","Rhinogobiops","Genus","accepted","2026-08-05","2026-08-05: itis_id 636588 via WoRMS external link"
"aphia","270760",270760,164465,"Rimicola","Rimicola","Genus","accepted","2026-08-05","2026-08-05: itis_id 164465 via WoRMS external link"
"aphia","270776",270776,169359,"Roncador","Roncador","Genus","accepted","2026-08-05","2026-08-05: itis_id 169359 via WoRMS external link"
"aphia","270777",270777,170950,"Ronquilus","Ronquilus","Genus","accepted","2026-08-05","2026-08-05: itis_id 170950 via WoRMS external link"
"aphia","270783",270783,167421,"Ruscarius","Ruscarius","Genus","accepted","2026-08-05","2026-08-05: itis_id 167421 via WoRMS external link"
"aphia","270817",270817,636246,"Scartichthys","Scartichthys","Genus","accepted","2026-08-05","2026-08-05: itis_id 636246 via WoRMS external link"
"aphia","270850",270850,,"Scorpaenichthys","Scorpaenichthys","Genus","accepted","2026-08-05",
"aphia","270859",270859,166782,"Sebastolobus","Sebastolobus","Genus","accepted","2026-08-05","2026-08-05: itis_id 166782 via WoRMS external link"
"aphia","270874",270874,169361,"Seriphus","Seriphus","Genus","accepted","2026-08-05","2026-08-05: itis_id 169361 via WoRMS external link"
"aphia","271019",271019,167364,"Synchirus","Synchirus","Genus","accepted","2026-08-05","2026-08-05: itis_id 167364 via WoRMS external link"
"aphia","271024",271024,162246,"Tactostoma","Tactostoma","Genus","accepted","2026-08-05","2026-08-05: itis_id 162246 via WoRMS external link"
"aphia","271040",271040,162672,"Tarletonbeania","Tarletonbeania","Genus","accepted","2026-08-05","2026-08-05: itis_id 162672 via WoRMS external link"
"aphia","271182",271182,171913,"Typhlogobius","Typhlogobius","Genus","accepted","2026-08-05","2026-08-05: itis_id 171913 via WoRMS external link"
"aphia","271224",271224,162209,"Woodsia","Woodsia","Genus","accepted","2026-08-05","2026-08-05: itis_id 162209 via WoRMS external link"
"aphia","271228",271228,167466,"Xeneretmus","Xeneretmus","Genus","accepted","2026-08-05","2026-08-05: itis_id 167466 via WoRMS external link"
"aphia","271229",271229,169119,"Xenichthys","Xenichthys","Genus","accepted","2026-08-05","2026-08-05: itis_id 169119 via WoRMS external link"
"aphia","271262",271262,172799,"Xystreurys","Xystreurys","Genus","accepted","2026-08-05","2026-08-05: itis_id 172799 via WoRMS external link"
"aphia","271271",271271,164596,"Zalieutes","Zalieutes","Genus","accepted","2026-08-05","2026-08-05: itis_id 164596 via WoRMS external link"
"aphia","271274",271274,167127,"Zaniolepis","Zaniolepis","Genus","accepted","2026-08-05","2026-08-05: itis_id 167127 via WoRMS external link"
"aphia","271722",271722,635894,"Ariosoma gilberti","Ariosoma gilberti","Species","accepted","2026-08-05","2026-08-05: itis_id 635894 via WoRMS external link"
"aphia","271725",271725,635690,"Ariosoma marginatum","Ariosoma marginatum","Species","accepted","2026-08-05","2026-08-05: itis_id 635690 via WoRMS external link"
"aphia","271755",271755,635714,"Gnathophis cinctus","Gnathophis cinctus","Species","accepted","2026-08-05","2026-08-05: itis_id 635714 via WoRMS external link"
"aphia","271778",271778,635966,"Heteroconger digueti","Heteroconger digueti","Species","accepted","2026-08-05","2026-08-05: itis_id 635966 via WoRMS external link"
"aphia","271789",271789,635695,"Paraconger californiensis","Paraconger californiensis","Species","accepted","2026-08-05","2026-08-05: itis_id 635695 via WoRMS external link"
"aphia","271856",271856,161194,"Gymnothorax mordax","Gymnothorax mordax","Species","accepted","2026-08-05","2026-08-05: itis_id 161194 via WoRMS external link"
"aphia","271904",271904,635681,"Avocettina bowersii","Avocettina bowersii","Species","accepted","2026-08-05","2026-08-05: itis_id 635681 via WoRMS external link"
"aphia","271908",271908,635857,"Facciolella gilbertii","Facciolella gilbertii","Species","accepted","2026-08-05","2026-08-05: itis_id 635857 via WoRMS external link"
"aphia","271991",271991,161469,"Ophichthus zophochir","Ophichthus zophochir","Species","accepted","2026-08-05","2026-08-05: itis_id 161469 via WoRMS external link"
"aphia","272005",272005,161609,"Serrivomer sector","Serrivomer sector","Species","accepted","2026-08-05","2026-08-05: itis_id 161609 via WoRMS external link"
"aphia","272041",272041,644741,"Aulopus bajacali","Aulopus bajacali","Species","accepted","2026-08-05","2026-08-05: itis_id 644741 via WoRMS external link"
"aphia","272063",272063,644723,"Evermannella ahlstromi","Evermannella ahlstromi","Species","accepted","2026-08-05","2026-08-05: itis_id 644723 via WoRMS external link"
"aphia","272078",272078,644705,"Ahliesaurus brevis","Ahliesaurus brevis","Species","accepted","2026-08-05","2026-08-05: itis_id 644705 via WoRMS external link"
"aphia","272082",272082,162567,"Scopelosaurus harryi","Scopelosaurus harryi","Species","accepted","2026-08-05","2026-08-05: itis_id 162567 via WoRMS external link"
"aphia","272084",272084,162570,"Scopelosaurus hoedti","Scopelosaurus hoedti","Species","accepted","2026-08-05","2026-08-05: itis_id 162570 via WoRMS external link"
"aphia","272085",272085,644826,"Scopelosaurus hubbsi","Scopelosaurus hubbsi","Species","accepted","2026-08-05","2026-08-05: itis_id 644826 via WoRMS external link"
"aphia","272087",272087,644694,"Omosudis lowii","Omosudis lowii","Species","accepted","2026-08-05","2026-08-05: itis_id 644694 via WoRMS external link"
"aphia","272094",272094,644724,"Lestidiops neles","Lestidiops neles","Species","accepted","2026-08-05","2026-08-05: itis_id 644724 via WoRMS external link"
"aphia","272095",272095,644725,"Lestidiops pacificus","Lestidiops pacificus","Species","accepted","2026-08-05","2026-08-05: itis_id 644725 via WoRMS external link"
"aphia","272096",272096,644717,"Lestidiops ringens","Lestidiops ringens","Species","accepted","2026-08-05","2026-08-05: itis_id 644717 via WoRMS external link"
"aphia","272101",272101,644693,"Uncisudis advena","Uncisudis advena","Species","accepted","2026-08-05","2026-08-05: itis_id 644693 via WoRMS external link"
"aphia","272103",272103,644721,"Benthalbella linguidens","Benthalbella linguidens","Species","accepted","2026-08-05","2026-08-05: itis_id 644721 via WoRMS external link"
"aphia","272106",272106,644711,"Rosenblattichthys volucris","Rosenblattichthys volucris","Species","accepted","2026-08-05","2026-08-05: itis_id 644711 via WoRMS external link"
"aphia","272107",272107,644730,"Scopelarchus stephensi","Scopelarchus stephensi","Species","accepted","2026-08-05","2026-08-05: itis_id 644730 via WoRMS external link"
"aphia","272124",272124,644732,"Synodus evermanni","Synodus evermanni","Species","accepted","2026-08-05","2026-08-05: itis_id 644732 via WoRMS external link"
"aphia","272130",272130,644734,"Synodus lacertinus","Synodus lacertinus","Species","accepted","2026-08-05","2026-08-05: itis_id 644734 via WoRMS external link"
"aphia","272132",272132,162378,"Synodus lucioceps","Synodus lucioceps","Species","accepted","2026-08-05","2026-08-05: itis_id 162378 via WoRMS external link"
"aphia","272139",272139,644735,"Synodus scituliceps","Synodus scituliceps","Species","accepted","2026-08-05","2026-08-05: itis_id 644735 via WoRMS external link"
"aphia","272140",272140,644736,"Synodus sechurae","Synodus sechurae","Species","accepted","2026-08-05","2026-08-05: itis_id 644736 via WoRMS external link"
"aphia","272147",272147,645131,"Tylosurus pacificus","Tylosurus pacificus","Species","accepted","2026-08-05","2026-08-05: itis_id 645131 via WoRMS external link"
"aphia","272153",272153,645237,"Cheilopogon dorsomacula","Cheilopogon dorsomacula","Species","accepted","2026-08-05","2026-08-05: itis_id 645237 via WoRMS external link"
"aphia","272166",272166,645246,"Cheilopogon xenopterus","Cheilopogon xenopterus","Species","accepted","2026-08-05","2026-08-05: itis_id 645246 via WoRMS external link"
"aphia","272170",272170,645257,"Hirundichthys marginatus","Hirundichthys marginatus","Species","accepted","2026-08-05","2026-08-05: itis_id 645257 via WoRMS external link"
"aphia","272176",272176,165464,"Hemiramphus depauperatus","Hemiramphus depauperatus","Species","accepted","2026-08-05","2026-08-05: itis_id 165464 via WoRMS external link"
"aphia","272178",272178,165463,"Hemiramphus saltator","Hemiramphus saltator","Species","accepted","2026-08-05","2026-08-05: itis_id 165463 via WoRMS external link"
"aphia","272195",272195,165477,"Hyporhamphus rosae","Hyporhamphus rosae","Species","accepted","2026-08-05","2026-08-05: itis_id 165477 via WoRMS external link"
"aphia","272286",272286,161828,"Engraulis mordax","Engraulis mordax","Species","accepted","2026-08-05","2026-08-05: itis_id 161828 via WoRMS external link"
"aphia","272287",272287,551340,"Engraulis ringens","Engraulis ringens","Species","accepted","2026-08-05","2026-08-05: itis_id 551340 via WoRMS external link"
"aphia","272290",272290,550687,"Bregmaceros bathymaster","Bregmaceros bathymaster","Species","accepted","2026-08-05","2026-08-05: itis_id 550687 via WoRMS external link"
"aphia","272313",272313,165334,"Coryphaenoides acrolepis","Coryphaenoides acrolepis","Species","accepted","2026-08-05","2026-08-05: itis_id 165334 via WoRMS external link"
"aphia","272458",272458,164792,"Merluccius productus","Merluccius productus","Species","accepted","2026-08-05","2026-08-05: itis_id 164792 via WoRMS external link"
"aphia","272479",272479,623030,"Laemonema verecundum","Laemonema verecundum","Species","accepted","2026-08-05","2026-08-05: itis_id 623030 via WoRMS external link"
"aphia","272504",272504,550848,"Physiculus nematopus","Physiculus nematopus","Species","accepted","2026-08-05","2026-08-05: itis_id 550848 via WoRMS external link"
"aphia","272510",272510,164681,"Physiculus rastrelliger","Physiculus rastrelliger","Species","accepted","2026-08-05","2026-08-05: itis_id 164681 via WoRMS external link"
"aphia","272531",272531,166341,"Trachipterus altivelis","Trachipterus altivelis","Species","accepted","2026-08-05","2026-08-05: itis_id 166341 via WoRMS external link"
"aphia","272532",272532,166343,"Trachipterus fukuzakii","Trachipterus fukuzakii","Species","accepted","2026-08-05","2026-08-05: itis_id 166343 via WoRMS external link"
"aphia","272546",272546,649743,"Caulophryne pelagica","Caulophryne pelagica","Species","accepted","2026-08-05","2026-08-05: itis_id 649743 via WoRMS external link"
"aphia","272619",272619,690540,"Lophodolos indicus","Lophodolos indicus","Species","accepted","2026-08-05","2026-08-05: itis_id 690540 via WoRMS external link"
"aphia","272648",272648,623748,"Benthosema panamense","Benthosema panamense","Species","accepted","2026-08-05","2026-08-05: itis_id 623748 via WoRMS external link"
"aphia","272649",272649,623739,"Bolinichthys distofax","Bolinichthys distofax","Species","accepted","2026-08-05","2026-08-05: itis_id 623739 via WoRMS external link"
"aphia","272650",272650,623750,"Bolinichthys longipes","Bolinichthys longipes","Species","accepted","2026-08-05","2026-08-05: itis_id 623750 via WoRMS external link"
"aphia","272653",272653,162734,"Centrobranchus andreae","Centrobranchus andreae","Species","accepted","2026-08-05","2026-08-05: itis_id 162734 via WoRMS external link"
"aphia","272656",272656,162577,"Ceratoscopelus townsendi","Ceratoscopelus townsendi","Species","accepted","2026-08-05","2026-08-05: itis_id 162577 via WoRMS external link"
"aphia","272657",272657,162586,"Diaphus anderseni","Diaphus anderseni","Species","accepted","2026-08-05","2026-08-05: itis_id 162586 via WoRMS external link"
"aphia","272677",272677,623780,"Diaphus kuroshio","Diaphus kuroshio","Species","accepted","2026-08-05","2026-08-05: itis_id 623780 via WoRMS external link"
"aphia","272684",272684,623790,"Diaphus pacificus","Diaphus pacificus","Species","accepted","2026-08-05","2026-08-05: itis_id 623790 via WoRMS external link"
"aphia","272694",272694,162584,"Diaphus theta","Diaphus theta","Species","accepted","2026-08-05","2026-08-05: itis_id 162584 via WoRMS external link"
"aphia","272701",272701,162677,"Diogenichthys laternatus","Diogenichthys laternatus","Species","accepted","2026-08-05","2026-08-05: itis_id 162677 via WoRMS external link"
"aphia","272702",272702,623813,"Gonichthys tenuiculus","Gonichthys tenuiculus","Species","accepted","2026-08-05","2026-08-05: itis_id 623813 via WoRMS external link"
"aphia","272704",272704,162695,"Hygophum atratum","Hygophum atratum","Species","accepted","2026-08-05","2026-08-05: itis_id 162695 via WoRMS external link"
"aphia","272709",272709,623827,"Lampanyctus acanthurus","Lampanyctus acanthurus","Species","accepted","2026-08-05","2026-08-05: itis_id 623827 via WoRMS external link"
"aphia","272714",272714,182885,"Lampanyctus omostigma","Lampanyctus omostigma","Species","accepted","2026-08-05","2026-08-05: itis_id 182885 via WoRMS external link"
"aphia","272715",272715,623832,"Lampanyctus parvicauda","Lampanyctus parvicauda","Species","accepted","2026-08-05","2026-08-05: itis_id 623832 via WoRMS external link"
"aphia","272717",272717,623836,"Lampanyctus steinbecki","Lampanyctus steinbecki","Species","accepted","2026-08-05","2026-08-05: itis_id 623836 via WoRMS external link"
"aphia","272731",272731,162685,"Protomyctophum crockeri","Protomyctophum crockeri","Species","accepted","2026-08-05","2026-08-05: itis_id 162685 via WoRMS external link"
"aphia","272732",272732,162687,"Protomyctophum thompsoni","Protomyctophum thompsoni","Species","accepted","2026-08-05","2026-08-05: itis_id 162687 via WoRMS external link"
"aphia","272733",272733,623871,"Symbolophorus californiensis","Symbolophorus californiensis","Species","accepted","2026-08-05","2026-08-05: itis_id 623871 via WoRMS external link"
"aphia","272767",272767,164905,"Cataetyx rubrirostris","Cataetyx rubrirostris","Species","accepted","2026-08-05","2026-08-05: itis_id 164905 via WoRMS external link"
"aphia","272782",272782,165117,"Echiodon exsilium","Echiodon exsilium","Species","accepted","2026-08-05","2026-08-05: itis_id 165117 via WoRMS external link"
"aphia","272835",272835,164856,"Ophidion scrippsae","Ophidion scrippsae","Species","accepted","2026-08-05","2026-08-05: itis_id 164856 via WoRMS external link"
"aphia","272849",272849,162316,"Alepocephalus tenebrosus","Alepocephalus tenebrosus","Species","accepted","2026-08-05","2026-08-05: itis_id 162316 via WoRMS external link"
"aphia","272857",272857,162350,"Bajacalifornia burragei","Bajacalifornia burragei","Species","accepted","2026-08-05","2026-08-05: itis_id 162350 via WoRMS external link"
"aphia","272884",272884,182875,"Talismania bifurcata","Talismania bifurcata","Species","accepted","2026-08-05","2026-08-05: itis_id 182875 via WoRMS external link"
"aphia","272897",272897,162068,"Argentina sialis","Argentina sialis","Species","accepted","2026-08-05","2026-08-05: itis_id 162068 via WoRMS external link"
"aphia","272919",272919,162086,"Bathylagus pacificus","Bathylagus pacificus","Species","accepted","2026-08-05","2026-08-05: itis_id 162086 via WoRMS external link"
"aphia","272926",272926,162059,"Nansenia candida","Nansenia candida","Species","accepted","2026-08-05","2026-08-05: itis_id 162059 via WoRMS external link"
"aphia","272927",272927,623630,"Nansenia crassa","Nansenia crassa","Species","accepted","2026-08-05","2026-08-05: itis_id 623630 via WoRMS external link"
"aphia","272944",272944,623649,"Holtbyrnia latifrons","Holtbyrnia latifrons","Species","accepted","2026-08-05","2026-08-05: itis_id 623649 via WoRMS external link"
"aphia","272950",272950,623655,"Mentodus eubranchus","Mentodus eubranchus","Species","accepted","2026-08-05","2026-08-05: itis_id 623655 via WoRMS external link"
"aphia","272978",272978,642065,"Apogon atricaudus","Apogon atricaudus","Species","accepted","2026-08-05","2026-08-05: itis_id 642065 via WoRMS external link"
"aphia","273016",273016,168211,"Apogon guadalupensis","Apogon guadalupensis","Species","accepted","2026-08-05","2026-08-05: itis_id 168211 via WoRMS external link"
"aphia","273084",273084,168278,"Apogon retrosella","Apogon retrosella","Species","accepted","2026-08-05","2026-08-05: itis_id 168278 via WoRMS external link"
"aphia","273126",273126,636462,"Ophioblennius steindachneri","Ophioblennius steindachneri","Species","accepted","2026-08-05","2026-08-05: itis_id 636462 via WoRMS external link"
"aphia","273148",273148,170289,"Brama japonica","Brama japonica","Species","accepted","2026-08-05","2026-08-05: itis_id 170289 via WoRMS external link"
"aphia","273151",273151,170309,"Pteraclis aesticola","Pteraclis aesticola","Species","accepted","2026-08-05","2026-08-05: itis_id 170309 via WoRMS external link"
"aphia","273238",273238,642601,"Synchiropus atrilabiatus","Synchiropus atrilabiatus","Species","accepted","2026-08-05","2026-08-05: itis_id 642601 via WoRMS external link"
"aphia","273271",273271,168611,"Caranx caballus","Caranx caballus","Species","accepted","2026-08-05","2026-08-05: itis_id 168611 via WoRMS external link"
"aphia","273279",273279,168736,"Decapterus muroadsi","Decapterus muroadsi","Species","accepted","2026-08-05","2026-08-05: itis_id 168736 via WoRMS external link"
"aphia","273286",273286,168683,"Selene peruviana","Selene peruviana","Species","accepted","2026-08-05","2026-08-05: itis_id 168683 via WoRMS external link"
"aphia","273292",273292,168713,"Trachinotus kennedyi","Trachinotus kennedyi","Species","accepted","2026-08-05","2026-08-05: itis_id 168713 via WoRMS external link"
"aphia","273296",273296,168714,"Trachinotus paitensis","Trachinotus paitensis","Species","accepted","2026-08-05","2026-08-05: itis_id 168714 via WoRMS external link"
"aphia","273297",273297,168715,"Trachinotus rhodopus","Trachinotus rhodopus","Species","accepted","2026-08-05","2026-08-05: itis_id 168715 via WoRMS external link"
"aphia","273305",273305,168586,"Trachurus symmetricus","Trachurus symmetricus","Species","accepted","2026-08-05","2026-08-05: itis_id 168586 via WoRMS external link"
"aphia","273379",273379,630466,"Chiasmodon subniger","Chiasmodon subniger","Species","accepted","2026-08-05","2026-08-05: itis_id 630466 via WoRMS external link"
"aphia","273527",273527,170494,"Bodianus diplotaenia","Bodianus diplotaenia","Species","accepted","2026-08-05","2026-08-05: itis_id 170494 via WoRMS external link"
"aphia","273604",273604,614509,"Xyrichtys mundiceps","Xyrichtys mundiceps","Species","accepted","2026-08-05","2026-08-05: itis_id 614509 via WoRMS external link"
"aphia","273681",273681,172560,"Psenes arafurensis","Psenes arafurensis","Species","accepted","2026-08-05","2026-08-05: itis_id 172560 via WoRMS external link"
"aphia","273682",273682,642597,"Psenes sio","Psenes sio","Species","accepted","2026-08-05","2026-08-05: itis_id 642597 via WoRMS external link"
"aphia","273683",273683,641889,"Howella pammelas","Howella pammelas","Species","accepted","2026-08-05","2026-08-05: itis_id 641889 via WoRMS external link"
"aphia","273698",273698,615041,"Abudefduf declivifrons","Abudefduf declivifrons","Species","accepted","2026-08-05","2026-08-05: itis_id 615041 via WoRMS external link"
"aphia","273702",273702,170054,"Abudefduf troschelii","Abudefduf troschelii","Species","accepted","2026-08-05","2026-08-05: itis_id 170054 via WoRMS external link"
"aphia","273751",273751,170085,"Chromis punctipinnis","Chromis punctipinnis","Species","accepted","2026-08-05","2026-08-05: itis_id 170085 via WoRMS external link"
"aphia","273802",273802,169303,"Umbrina roncador","Umbrina roncador","Species","accepted","2026-08-05","2026-08-05: itis_id 169303 via WoRMS external link"
"aphia","273806",273806,172405,"Euthynnus lineatus","Euthynnus lineatus","Species","accepted","2026-08-05","2026-08-05: itis_id 172405 via WoRMS external link"
"aphia","273821",273821,172440,"Scomberomorus sierra","Scomberomorus sierra","Species","accepted","2026-08-05","2026-08-05: itis_id 172440 via WoRMS external link"
"aphia","273835",273835,167697,"Epinephelus analogus","Epinephelus analogus","Species","accepted","2026-08-05","2026-08-05: itis_id 167697 via WoRMS external link"
"aphia","273978",273978,170426,"Sphyraena argentea","Sphyraena argentea","Species","accepted","2026-08-05","2026-08-05: itis_id 170426 via WoRMS external link"
"aphia","273979",273979,170437,"Sphyraena ensis","Sphyraena ensis","Species","accepted","2026-08-05","2026-08-05: itis_id 170437 via WoRMS external link"
"aphia","274008",274008,646749,"Aphanopus arigato","Aphanopus arigato","Species","accepted","2026-08-05","2026-08-05: itis_id 646749 via WoRMS external link"
"aphia","274016",274016,551142,"Lepidopus calcar","Lepidopus calcar","Species","accepted","2026-08-05","2026-08-05: itis_id 551142 via WoRMS external link"
"aphia","274018",274018,172393,"Lepidopus fitchi","Lepidopus fitchi","Species","accepted","2026-08-05","2026-08-05: itis_id 172393 via WoRMS external link"
"aphia","274134",274134,165295,"Melanostigma pammelas","Melanostigma pammelas","Species","accepted","2026-08-05","2026-08-05: itis_id 165295 via WoRMS external link"
"aphia","274186",274186,616278,"Bothus leopardinus","Bothus leopardinus","Species","accepted","2026-08-05","2026-08-05: itis_id 616278 via WoRMS external link"
"aphia","274237",274237,616485,"Symphurus callopterus","Symphurus callopterus","Species","accepted","2026-08-05","2026-08-05: itis_id 616485 via WoRMS external link"
"aphia","274241",274241,616489,"Symphurus elongatus","Symphurus elongatus","Species","accepted","2026-08-05","2026-08-05: itis_id 616489 via WoRMS external link"
"aphia","274287",274287,172978,"Glyptocephalus zachirus","Glyptocephalus zachirus","Species","accepted","2026-08-05","2026-08-05: itis_id 172978 via WoRMS external link"
"aphia","274289",274289,172875,"Hippoglossoides elassodon","Hippoglossoides elassodon","Species","accepted","2026-08-05","2026-08-05: itis_id 172875 via WoRMS external link"
"aphia","274290",274290,172932,"Hippoglossus stenolepis","Hippoglossus stenolepis","Species","accepted","2026-08-05","2026-08-05: itis_id 172932 via WoRMS external link"
"aphia","274294",274294,172887,"Microstomus pacificus","Microstomus pacificus","Species","accepted","2026-08-05","2026-08-05: itis_id 172887 via WoRMS external link"
"aphia","274336",274336,635769,"Saccopharynx lavenbergi","Saccopharynx lavenbergi","Species","accepted","2026-08-05","2026-08-05: itis_id 635769 via WoRMS external link"
"aphia","274513",274513,167559,"Liparis florae","Liparis florae","Species","accepted","2026-08-05","2026-08-05: itis_id 167559 via WoRMS external link"
"aphia","274515",274515,167560,"Liparis fucensis","Liparis fucensis","Species","accepted","2026-08-05","2026-08-05: itis_id 167560 via WoRMS external link"
"aphia","274527",274527,167570,"Liparis mucosus","Liparis mucosus","Species","accepted","2026-08-05","2026-08-05: itis_id 167570 via WoRMS external link"
"aphia","274533",274533,167572,"Liparis pulchellus","Liparis pulchellus","Species","accepted","2026-08-05","2026-08-05: itis_id 167572 via WoRMS external link"
"aphia","274678",274678,167414,"Psychrolutes phrictus","Psychrolutes phrictus","Species","accepted","2026-08-05","2026-08-05: itis_id 167414 via WoRMS external link"
"aphia","274693",274693,644371,"Pontinus sierra","Pontinus sierra","Species","accepted","2026-08-05","2026-08-05: itis_id 644371 via WoRMS external link"
"aphia","274713",274713,166827,"Scorpaena guttata","Scorpaena guttata","Species","accepted","2026-08-05","2026-08-05: itis_id 166827 via WoRMS external link"
"aphia","274756",274756,166864,"Scorpaenodes xyris","Scorpaenodes xyris","Species","accepted","2026-08-05","2026-08-05: itis_id 166864 via WoRMS external link"
"aphia","274771",274771,166706,"Sebastes aleutianus","Sebastes aleutianus","Species","accepted","2026-08-05","2026-08-05: itis_id 166706 via WoRMS external link"
"aphia","274772",274772,166747,"Sebastes atrovirens","Sebastes atrovirens","Species","accepted","2026-08-05","2026-08-05: itis_id 166747 via WoRMS external link"
"aphia","274773",274773,166708,"Sebastes auriculatus","Sebastes auriculatus","Species","accepted","2026-08-05","2026-08-05: itis_id 166708 via WoRMS external link"
"aphia","274774",274774,166709,"Sebastes aurora","Sebastes aurora","Species","accepted","2026-08-05","2026-08-05: itis_id 166709 via WoRMS external link"
"aphia","274775",274775,166710,"Sebastes babcocki","Sebastes babcocki","Species","accepted","2026-08-05","2026-08-05: itis_id 166710 via WoRMS external link"
"aphia","274777",274777,166712,"Sebastes borealis","Sebastes borealis","Species","accepted","2026-08-05","2026-08-05: itis_id 166712 via WoRMS external link"
"aphia","274778",274778,166711,"Sebastes brevispinis","Sebastes brevispinis","Species","accepted","2026-08-05","2026-08-05: itis_id 166711 via WoRMS external link"
"aphia","274779",274779,166767,"Sebastes carnatus","Sebastes carnatus","Species","accepted","2026-08-05","2026-08-05: itis_id 166767 via WoRMS external link"
"aphia","274780",274780,166713,"Sebastes caurinus","Sebastes caurinus","Species","accepted","2026-08-05","2026-08-05: itis_id 166713 via WoRMS external link"
"aphia","274781",274781,166748,"Sebastes chlorostictus","Sebastes chlorostictus","Species","accepted","2026-08-05","2026-08-05: itis_id 166748 via WoRMS external link"
"aphia","274783",274783,166749,"Sebastes constellatus","Sebastes constellatus","Species","accepted","2026-08-05","2026-08-05: itis_id 166749 via WoRMS external link"
"aphia","274785",274785,166715,"Sebastes crameri","Sebastes crameri","Species","accepted","2026-08-05","2026-08-05: itis_id 166715 via WoRMS external link"
"aphia","274786",274786,644576,"Sebastes dallii","Sebastes dallii","Species","accepted","2026-08-05","2026-08-05: itis_id 644576 via WoRMS external link"
"aphia","274787",274787,166716,"Sebastes diploproa","Sebastes diploproa","Species","accepted","2026-08-05","2026-08-05: itis_id 166716 via WoRMS external link"
"aphia","274788",274788,166717,"Sebastes elongatus","Sebastes elongatus","Species","accepted","2026-08-05","2026-08-05: itis_id 166717 via WoRMS external link"
"aphia","274790",274790,166768,"Sebastes ensifer","Sebastes ensifer","Species","accepted","2026-08-05","2026-08-05: itis_id 166768 via WoRMS external link"
"aphia","274791",274791,166719,"Sebastes entomelas","Sebastes entomelas","Species","accepted","2026-08-05","2026-08-05: itis_id 166719 via WoRMS external link"
"aphia","274792",274792,166751,"Sebastes eos","Sebastes eos","Species","accepted","2026-08-05","2026-08-05: itis_id 166751 via WoRMS external link"
"aphia","274795",274795,166720,"Sebastes flavidus","Sebastes flavidus","Species","accepted","2026-08-05","2026-08-05: itis_id 166720 via WoRMS external link"
"aphia","274796",274796,166752,"Sebastes gilli","Sebastes gilli","Species","accepted","2026-08-05","2026-08-05: itis_id 166752 via WoRMS external link"
"aphia","274798",274798,166722,"Sebastes goodei","Sebastes goodei","Species","accepted","2026-08-05","2026-08-05: itis_id 166722 via WoRMS external link"
"aphia","274799",274799,166723,"Sebastes helvomaculatus","Sebastes helvomaculatus","Species","accepted","2026-08-05","2026-08-05: itis_id 166723 via WoRMS external link"
"aphia","274800",274800,166753,"Sebastes hopkinsi","Sebastes hopkinsi","Species","accepted","2026-08-05","2026-08-05: itis_id 166753 via WoRMS external link"
"aphia","274806",274806,166725,"Sebastes jordani","Sebastes jordani","Species","accepted","2026-08-05","2026-08-05: itis_id 166725 via WoRMS external link"
"aphia","274811",274811,166769,"Sebastes lentiginosus","Sebastes lentiginosus","Species","accepted","2026-08-05","2026-08-05: itis_id 166769 via WoRMS external link"
"aphia","274812",274812,166754,"Sebastes levis","Sebastes levis","Species","accepted","2026-08-05","2026-08-05: itis_id 166754 via WoRMS external link"
"aphia","274814",274814,166755,"Sebastes macdonaldi","Sebastes macdonaldi","Species","accepted","2026-08-05","2026-08-05: itis_id 166755 via WoRMS external link"
"aphia","274815",274815,166726,"Sebastes maliger","Sebastes maliger","Species","accepted","2026-08-05","2026-08-05: itis_id 166726 via WoRMS external link"
"aphia","274817",274817,166727,"Sebastes melanops","Sebastes melanops","Species","accepted","2026-08-05","2026-08-05: itis_id 166727 via WoRMS external link"
"aphia","274819",274819,166728,"Sebastes melanostomus","Sebastes melanostomus","Species","accepted","2026-08-05","2026-08-05: itis_id 166728 via WoRMS external link"
"aphia","274820",274820,166729,"Sebastes miniatus","Sebastes miniatus","Species","accepted","2026-08-05","2026-08-05: itis_id 166729 via WoRMS external link"
"aphia","274822",274822,644590,"Sebastes moseri","Sebastes moseri","Species","accepted","2026-08-05","2026-08-05: itis_id 644590 via WoRMS external link"
"aphia","274823",274823,166730,"Sebastes mystinus","Sebastes mystinus","Species","accepted","2026-08-05","2026-08-05: itis_id 166730 via WoRMS external link"
"aphia","274824",274824,166731,"Sebastes nebulosus","Sebastes nebulosus","Species","accepted","2026-08-05","2026-08-05: itis_id 166731 via WoRMS external link"
"aphia","274825",274825,166732,"Sebastes nigrocinctus","Sebastes nigrocinctus","Species","accepted","2026-08-05","2026-08-05: itis_id 166732 via WoRMS external link"
"aphia","274830",274830,166757,"Sebastes ovalis","Sebastes ovalis","Species","accepted","2026-08-05","2026-08-05: itis_id 166757 via WoRMS external link"
"aphia","274833",274833,166733,"Sebastes paucispinis","Sebastes paucispinis","Species","accepted","2026-08-05","2026-08-05: itis_id 166733 via WoRMS external link"
"aphia","274835",274835,166758,"Sebastes phillipsi","Sebastes phillipsi","Species","accepted","2026-08-05","2026-08-05: itis_id 166758 via WoRMS external link"
"aphia","274836",274836,166734,"Sebastes pinniger","Sebastes pinniger","Species","accepted","2026-08-05","2026-08-05: itis_id 166734 via WoRMS external link"
"aphia","274838",274838,166736,"Sebastes proriger","Sebastes proriger","Species","accepted","2026-08-05","2026-08-05: itis_id 166736 via WoRMS external link"
"aphia","274839",274839,166759,"Sebastes rastrelliger","Sebastes rastrelliger","Species","accepted","2026-08-05","2026-08-05: itis_id 166759 via WoRMS external link"
"aphia","274840",274840,166737,"Sebastes reedi","Sebastes reedi","Species","accepted","2026-08-05","2026-08-05: itis_id 166737 via WoRMS external link"
"aphia","274841",274841,166738,"Sebastes rosaceus","Sebastes rosaceus","Species","accepted","2026-08-05","2026-08-05: itis_id 166738 via WoRMS external link"
"aphia","274842",274842,166771,"Sebastes rosenblatti","Sebastes rosenblatti","Species","accepted","2026-08-05","2026-08-05: itis_id 166771 via WoRMS external link"
"aphia","274844",274844,166740,"Sebastes ruberrimus","Sebastes ruberrimus","Species","accepted","2026-08-05","2026-08-05: itis_id 166740 via WoRMS external link"
"aphia","274845",274845,166760,"Sebastes rubrivinctus","Sebastes rubrivinctus","Species","accepted","2026-08-05","2026-08-05: itis_id 166760 via WoRMS external link"
"aphia","274846",274846,166772,"Sebastes rufinanus","Sebastes rufinanus","Species","accepted","2026-08-05","2026-08-05: itis_id 166772 via WoRMS external link"
"aphia","274847",274847,166761,"Sebastes rufus","Sebastes rufus","Species","accepted","2026-08-05","2026-08-05: itis_id 166761 via WoRMS external link"
"aphia","274848",274848,166741,"Sebastes saxicola","Sebastes saxicola","Species","accepted","2026-08-05","2026-08-05: itis_id 166741 via WoRMS external link"
"aphia","274851",274851,166762,"Sebastes semicinctus","Sebastes semicinctus","Species","accepted","2026-08-05","2026-08-05: itis_id 166762 via WoRMS external link"
"aphia","274852",274852,166763,"Sebastes serranoides","Sebastes serranoides","Species","accepted","2026-08-05","2026-08-05: itis_id 166763 via WoRMS external link"
"aphia","274853",274853,166764,"Sebastes serriceps","Sebastes serriceps","Species","accepted","2026-08-05","2026-08-05: itis_id 166764 via WoRMS external link"
"aphia","274854",274854,166770,"Sebastes simulator","Sebastes simulator","Species","accepted","2026-08-05","2026-08-05: itis_id 166770 via WoRMS external link"
"aphia","274862",274862,166765,"Sebastes umbrosus","Sebastes umbrosus","Species","accepted","2026-08-05","2026-08-05: itis_id 166765 via WoRMS external link"
"aphia","274868",274868,166743,"Sebastes wilsoni","Sebastes wilsoni","Species","accepted","2026-08-05","2026-08-05: itis_id 166743 via WoRMS external link"
"aphia","274869",274869,166744,"Sebastes zacentrus","Sebastes zacentrus","Species","accepted","2026-08-05","2026-08-05: itis_id 166744 via WoRMS external link"
"aphia","274932",274932,166094,"Melamphaes lugubris","Melamphaes lugubris","Species","accepted","2026-08-05","2026-08-05: itis_id 166094 via WoRMS external link"
"aphia","274935",274935,649666,"Melamphaes parvus","Melamphaes parvus","Species","accepted","2026-08-05","2026-08-05: itis_id 649666 via WoRMS external link"
"aphia","274943",274943,162165,"Cyclothone atraria","Cyclothone atraria","Species","accepted","2026-08-05","2026-08-05: itis_id 162165 via WoRMS external link"
"aphia","274954",274954,622698,"Ichthyococcus irregularis","Ichthyococcus irregularis","Species","accepted","2026-08-05","2026-08-05: itis_id 622698 via WoRMS external link"
"aphia","274961",274961,182865,"Vinciguerria lucetia","Vinciguerria lucetia","Species","accepted","2026-08-05","2026-08-05: itis_id 182865 via WoRMS external link"
"aphia","275004",275004,622675,"Sternoptyx obscura","Sternoptyx obscura","Species","accepted","2026-08-05","2026-08-05: itis_id 622675 via WoRMS external link"
"aphia","275007",275007,162274,"Aristostomias scintillans","Aristostomias scintillans","Species","accepted","2026-08-05","2026-08-05: itis_id 162274 via WoRMS external link"
"aphia","275018",275018,622505,"Astronesthes gibbsi","Astronesthes gibbsi","Species","accepted","2026-08-05","2026-08-05: itis_id 622505 via WoRMS external link"
"aphia","275045",275045,622559,"Bathophilus filifer","Bathophilus filifer","Species","accepted","2026-08-05","2026-08-05: itis_id 622559 via WoRMS external link"
"aphia","275046",275046,162244,"Bathophilus flemingi","Bathophilus flemingi","Species","accepted","2026-08-05","2026-08-05: itis_id 162244 via WoRMS external link"
"aphia","275052",275052,162241,"Borostomias panamensis","Borostomias panamensis","Species","accepted","2026-08-05","2026-08-05: itis_id 162241 via WoRMS external link"
"aphia","275055",275055,162279,"Chauliodus macouni","Chauliodus macouni","Species","accepted","2026-08-05","2026-08-05: itis_id 162279 via WoRMS external link"
"aphia","275151",275151,162301,"Idiacanthus antrostomus","Idiacanthus antrostomus","Species","accepted","2026-08-05","2026-08-05: itis_id 162301 via WoRMS external link"
"aphia","275178",275178,162290,"Stomias atriventer","Stomias atriventer","Species","accepted","2026-08-05","2026-08-05: itis_id 162290 via WoRMS external link"
"aphia","275181",275181,551496,"Macroramphosus gracilis","Macroramphosus gracilis","Species","accepted","2026-08-05","2026-08-05: itis_id 551496 via WoRMS external link"
"aphia","275218",275218,166457,"Syngnathus californiensis","Syngnathus californiensis","Species","accepted","2026-08-05","2026-08-05: itis_id 166457 via WoRMS external link"
"aphia","275223",275223,166461,"Syngnathus exilis","Syngnathus exilis","Species","accepted","2026-08-05","2026-08-05: itis_id 166461 via WoRMS external link"
"aphia","275234",275234,173140,"Balistes polylepis","Balistes polylepis","Species","accepted","2026-08-05","2026-08-05: itis_id 173140 via WoRMS external link"
"aphia","275279",275279,173301,"Sphoeroides lobatus","Sphoeroides lobatus","Species","accepted","2026-08-05","2026-08-05: itis_id 173301 via WoRMS external link"
"aphia","275355",275355,167267,"Enophrys bison","Enophrys bison","Species","accepted","2026-08-05","2026-08-05: itis_id 167267 via WoRMS external link"
"aphia","275403",275403,161112,"Elops affinis","Elops affinis","Species","accepted","2026-08-05","2026-08-05: itis_id 161112 via WoRMS external link"
"aphia","275426",275426,635725,"Rhynchoconger nitens","Rhynchoconger nitens","Species","accepted","2026-08-05","2026-08-05: itis_id 635725 via WoRMS external link"
"aphia","275441",275441,635484,"Neoconger vermiformis","Neoconger vermiformis","Species","accepted","2026-08-05","2026-08-05: itis_id 635484 via WoRMS external link"
"aphia","275449",275449,635754,"Hoplunnis sicarius","Hoplunnis sicarius","Species","accepted","2026-08-05","2026-08-05: itis_id 635754 via WoRMS external link"
"aphia","275496",275496,161454,"Myrophis vafer","Myrophis vafer","Species","accepted","2026-08-05","2026-08-05: itis_id 161454 via WoRMS external link"
"aphia","275512",275512,161847,"Anchoa compressa","Anchoa compressa","Species","accepted","2026-08-05","2026-08-05: itis_id 161847 via WoRMS external link"
"aphia","275617",275617,644696,"Scopelarchoides nicholsi","Scopelarchoides nicholsi","Species","accepted","2026-08-05","2026-08-05: itis_id 644696 via WoRMS external link"
"aphia","275623",275623,623190,"Lepophidium negropinna","Lepophidium negropinna","Species","accepted","2026-08-05","2026-08-05: itis_id 623190 via WoRMS external link"
"aphia","275628",275628,164838,"Lepophidium stigmatistium","Lepophidium stigmatistium","Species","accepted","2026-08-05","2026-08-05: itis_id 164838 via WoRMS external link"
"aphia","275658",275658,164414,"Porichthys notatus","Porichthys notatus","Species","accepted","2026-08-05","2026-08-05: itis_id 164414 via WoRMS external link"
"aphia","275669",275669,164461,"Gobiesox eugrammus","Gobiesox eugrammus","Species","accepted","2026-08-05","2026-08-05: itis_id 164461 via WoRMS external link"
"aphia","275671",275671,164459,"Gobiesox maeandricus","Gobiesox maeandricus","Species","accepted","2026-08-05","2026-08-05: itis_id 164459 via WoRMS external link"
"aphia","275679",275679,164464,"Gobiesox rhessodon","Gobiesox rhessodon","Species","accepted","2026-08-05","2026-08-05: itis_id 164464 via WoRMS external link"
"aphia","275687",275687,172727,"Citharichthys fragilis","Citharichthys fragilis","Species","accepted","2026-08-05","2026-08-05: itis_id 172727 via WoRMS external link"
"aphia","275688",275688,616289,"Citharichthys gilberti","Citharichthys gilberti","Species","accepted","2026-08-05","2026-08-05: itis_id 616289 via WoRMS external link"
"aphia","275690",275690,616291,"Citharichthys gordae","Citharichthys gordae","Species","accepted","2026-08-05","2026-08-05: itis_id 616291 via WoRMS external link"
"aphia","275693",275693,616294,"Citharichthys platophrys","Citharichthys platophrys","Species","accepted","2026-08-05","2026-08-05: itis_id 616294 via WoRMS external link"
"aphia","275694",275694,172716,"Citharichthys sordidus","Citharichthys sordidus","Species","accepted","2026-08-05","2026-08-05: itis_id 172716 via WoRMS external link"
"aphia","275696",275696,172717,"Citharichthys stigmaeus","Citharichthys stigmaeus","Species","accepted","2026-08-05","2026-08-05: itis_id 172717 via WoRMS external link"
"aphia","275699",275699,172726,"Citharichthys xanthostigma","Citharichthys xanthostigma","Species","accepted","2026-08-05","2026-08-05: itis_id 172726 via WoRMS external link"
"aphia","275702",275702,616306,"Cyclopsetta panamensis","Cyclopsetta panamensis","Species","accepted","2026-08-05","2026-08-05: itis_id 616306 via WoRMS external link"
"aphia","275709",275709,616374,"Etropus peruvianus","Etropus peruvianus","Species","accepted","2026-08-05","2026-08-05: itis_id 616374 via WoRMS external link"
"aphia","275763",275763,613701,"Halichoeres dispilus","Halichoeres dispilus","Species","accepted","2026-08-05","2026-08-05: itis_id 613701 via WoRMS external link"
"aphia","275798",275798,170511,"Halichoeres semicinctus","Halichoeres semicinctus","Species","accepted","2026-08-05","2026-08-05: itis_id 170511 via WoRMS external link"
"aphia","275809",275809,172743,"Paralichthys californicus","Paralichthys californicus","Species","accepted","2026-08-05","2026-08-05: itis_id 172743 via WoRMS external link"
"aphia","275827",275827,172784,"Hippoglossina stomata","Hippoglossina stomata","Species","accepted","2026-08-05","2026-08-05: itis_id 172784 via WoRMS external link"
"aphia","275835",275835,644793,"Lestrolepis japonica","Lestrolepis japonica","Species","accepted","2026-08-05","2026-08-05: itis_id 644793 via WoRMS external link"
"aphia","275843",275843,616481,"Syacium ovale","Syacium ovale","Species","accepted","2026-08-05","2026-08-05: itis_id 616481 via WoRMS external link"
"aphia","275872",275872,166351,"Desmodema lorum","Desmodema lorum","Species","accepted","2026-08-05","2026-08-05: itis_id 166351 via WoRMS external link"
"aphia","275873",275873,164719,"Microgadus proximus","Microgadus proximus","Species","accepted","2026-08-05","2026-08-05: itis_id 164719 via WoRMS external link"
"aphia","275888",275888,164821,"Brotula clarkae","Brotula clarkae","Species","accepted","2026-08-05","2026-08-05: itis_id 164821 via WoRMS external link"
"aphia","275930",275930,167802,"Hemanthias peruanus","Hemanthias peruanus","Species","accepted","2026-08-05","2026-08-05: itis_id 167802 via WoRMS external link"
"aphia","275931",275931,167804,"Hemanthias signifer","Hemanthias signifer","Species","accepted","2026-08-05","2026-08-05: itis_id 167804 via WoRMS external link"
"aphia","275967",275967,169204,"Calamus brachysomus","Calamus brachysomus","Species","accepted","2026-08-05","2026-08-05: itis_id 169204 via WoRMS external link"
"aphia","275978",275978,165555,"Strongylura exilis","Strongylura exilis","Species","accepted","2026-08-05","2026-08-05: itis_id 165555 via WoRMS external link"
"aphia","275989",275989,171063,"Kathetostoma averruncus","Kathetostoma averruncus","Species","accepted","2026-08-05","2026-08-05: itis_id 171063 via WoRMS external link"
"aphia","276037",276037,168192,"Pristigenys serrula","Pristigenys serrula","Species","accepted","2026-08-05","2026-08-05: itis_id 168192 via WoRMS external link"
"aphia","276038",276038,614667,"Nicholsina denticulata","Nicholsina denticulata","Species","accepted","2026-08-05","2026-08-05: itis_id 614667 via WoRMS external link"
"aphia","276150",276150,169280,"Menticirrhus undulatus","Menticirrhus undulatus","Species","accepted","2026-08-05","2026-08-05: itis_id 169280 via WoRMS external link"
"aphia","276187",276187,616354,"Engyophrys sanctilaurentii","Engyophrys sanctilaurentii","Species","accepted","2026-08-05","2026-08-05: itis_id 616354 via WoRMS external link"
"aphia","276199",276199,166238,"Myripristis leiognathus","Myripristis leiognathus","Species","accepted","2026-08-05","2026-08-05: itis_id 166238 via WoRMS external link"
"aphia","276217",276217,168540,"Caulolatilus princeps","Caulolatilus princeps","Species","accepted","2026-08-05","2026-08-05: itis_id 168540 via WoRMS external link"
"aphia","276230",276230,637630,"Microdesmus suttkusi","Microdesmus suttkusi","Species","accepted","2026-08-05","2026-08-05: itis_id 637630 via WoRMS external link"
"aphia","276231",276231,644991,"Fistularia corneta","Fistularia corneta","Species","accepted","2026-08-05","2026-08-05: itis_id 644991 via WoRMS external link"
"aphia","276245",276245,168671,"Chloroscombrus orqueta","Chloroscombrus orqueta","Species","accepted","2026-08-05","2026-08-05: itis_id 168671 via WoRMS external link"
"aphia","276290",276290,166993,"Prionotus ruscarius","Prionotus ruscarius","Species","accepted","2026-08-05","2026-08-05: itis_id 166993 via WoRMS external link"
"aphia","276291",276291,166995,"Prionotus stephanophrys","Prionotus stephanophrys","Species","accepted","2026-08-05","2026-08-05: itis_id 166995 via WoRMS external link"
"aphia","276319",276319,636379,"Hypsoblennius brevipinnis","Hypsoblennius brevipinnis","Species","accepted","2026-08-05","2026-08-05: itis_id 636379 via WoRMS external link"
"aphia","276323",276323,171158,"Hypsoblennius gentilis","Hypsoblennius gentilis","Species","accepted","2026-08-05","2026-08-05: itis_id 171158 via WoRMS external link"
"aphia","276324",276324,171159,"Hypsoblennius gilberti","Hypsoblennius gilberti","Species","accepted","2026-08-05","2026-08-05: itis_id 171159 via WoRMS external link"
"aphia","276328",276328,171160,"Hypsoblennius jenkinsi","Hypsoblennius jenkinsi","Species","accepted","2026-08-05","2026-08-05: itis_id 171160 via WoRMS external link"
"aphia","276330",276330,636384,"Hypsoblennius proteus","Hypsoblennius proteus","Species","accepted","2026-08-05","2026-08-05: itis_id 636384 via WoRMS external link"
"aphia","276390",276390,171610,"Cryptacanthodes aleutensis","Cryptacanthodes aleutensis","Species","accepted","2026-08-05","2026-08-05: itis_id 171610 via WoRMS external link"
"aphia","276408",276408,171918,"Dormitator latifrons","Dormitator latifrons","Species","accepted","2026-08-05","2026-08-05: itis_id 171918 via WoRMS external link"
"aphia","276412",276412,169540,"Chaetodipterus zonatus","Chaetodipterus zonatus","Species","accepted","2026-08-05","2026-08-05: itis_id 169540 via WoRMS external link"
"aphia","276524",276524,168851,"Lutjanus argentiventris","Lutjanus argentiventris","Species","accepted","2026-08-05","2026-08-05: itis_id 168851 via WoRMS external link"
"aphia","276544",276544,168890,"Lutjanus novemfasciatus","Lutjanus novemfasciatus","Species","accepted","2026-08-05","2026-08-05: itis_id 168890 via WoRMS external link"
"aphia","276546",276546,168897,"Lutjanus peru","Lutjanus peru","Species","accepted","2026-08-05","2026-08-05: itis_id 168897 via WoRMS external link"
"aphia","276563",276563,172565,"Peprilus simillimus","Peprilus simillimus","Species","accepted","2026-08-05","2026-08-05: itis_id 172565 via WoRMS external link"
"aphia","276587",276587,170449,"Polydactylus approximans","Polydactylus approximans","Species","accepted","2026-08-05","2026-08-05: itis_id 170449 via WoRMS external link"
"aphia","276650",276650,641997,"Seriola peruana","Seriola peruana","Species","accepted","2026-08-05","2026-08-05: itis_id 641997 via WoRMS external link"
"aphia","276680",276680,615080,"Stegastes rectifraenum","Stegastes rectifraenum","Species","accepted","2026-08-05","2026-08-05: itis_id 615080 via WoRMS external link"
"aphia","276856",276856,630395,"Ammodytoides gilli","Ammodytoides gilli","Species","accepted","2026-08-05","2026-08-05: itis_id 630395 via WoRMS external link"
"aphia","276859",276859,630417,"Ammodytoides pylei","Ammodytoides pylei","Species","accepted","2026-08-05","2026-08-05: itis_id 630417 via WoRMS external link"
"aphia","276870",276870,635917,"Bathycongrus macrurus","Bathycongrus macrurus","Species","accepted","2026-08-05","2026-08-05: itis_id 635917 via WoRMS external link"
"aphia","277243",277243,171184,"Entomacrodus chiostictus","Entomacrodus chiostictus","Species","accepted","2026-08-05","2026-08-05: itis_id 171184 via WoRMS external link"
"aphia","277414",277414,,"Coloconger giganteus","Coloconger giganteus","Species","accepted","2026-08-05",
"aphia","277552",277552,161757,"Harengula thrissina","Harengula thrissina","Species","accepted","2026-08-05","2026-08-05: itis_id 161757 via WoRMS external link"
"aphia","277561",277561,172306,"Ctenochaetus hawaiiensis","Ctenochaetus hawaiiensis","Species","accepted","2026-08-05","2026-08-05: itis_id 172306 via WoRMS external link"
"aphia","277927",277927,645264,"Prognichthys tringa","Prognichthys tringa","Species","accepted","2026-08-05","2026-08-05: itis_id 645264 via WoRMS external link"
"aphia","277990",277990,169414,"Mulloidichthys dentatus","Mulloidichthys dentatus","Species","accepted","2026-08-05","2026-08-05: itis_id 169414 via WoRMS external link"
"aphia","278525",278525,164508,"Lophiodes caulinaris","Lophiodes caulinaris","Species","accepted","2026-08-05","2026-08-05: itis_id 164508 via WoRMS external link"
"aphia","278534",278534,649761,"Lophiodes spilurus","Lophiodes spilurus","Species","accepted","2026-08-05","2026-08-05: itis_id 649761 via WoRMS external link"
"aphia","278535",278535,169387,"Atractoscion nobilis","Atractoscion nobilis","Species","accepted","2026-08-05","2026-08-05: itis_id 169387 via WoRMS external link"
"aphia","278566",278566,162766,"Triphoturus mexicanus","Triphoturus mexicanus","Species","accepted","2026-08-05","2026-08-05: itis_id 162766 via WoRMS external link"
"aphia","278730",278730,645247,"Cypselurus callopterus","Cypselurus callopterus","Species","accepted","2026-08-05","2026-08-05: itis_id 645247 via WoRMS external link"
"aphia","279335",279335,622492,"Sigmops ebelingi","Sigmops ebelingi","Species","accepted","2026-08-05","2026-08-05: itis_id 622492 via WoRMS external link"
"aphia","279336",279336,622490,"Sigmops gracilis","Sigmops gracilis","Species","accepted","2026-08-05","2026-08-05: itis_id 622490 via WoRMS external link"
"aphia","279354",279354,172510,"Icichthys lockingtoni","Icichthys lockingtoni","Species","accepted","2026-08-05","2026-08-05: itis_id 172510 via WoRMS external link"
"aphia","279391",279391,165253,"Lycodapus mandibularis","Lycodapus mandibularis","Species","accepted","2026-08-05","2026-08-05: itis_id 165253 via WoRMS external link"
"aphia","279413",279413,167283,"Hemilepidotus spinosus","Hemilepidotus spinosus","Species","accepted","2026-08-05","2026-08-05: itis_id 167283 via WoRMS external link"
"aphia","279422",279422,162030,"Hypomesus pretiosus","Hypomesus pretiosus","Species","accepted","2026-08-05","2026-08-05: itis_id 162030 via WoRMS external link"
"aphia","279475",279475,171882,"Acanthogobius flavimanus","Acanthogobius flavimanus","Species","accepted","2026-08-05","2026-08-05: itis_id 171882 via WoRMS external link"
"aphia","279494",279494,172989,"Achirus mazatlanus","Achirus mazatlanus","Species","accepted","2026-08-05","2026-08-05: itis_id 172989 via WoRMS external link"
"aphia","279521",279521,167431,"Agonopsis sterletus","Agonopsis sterletus","Species","accepted","2026-08-05","2026-08-05: itis_id 167431 via WoRMS external link"
"aphia","279522",279522,167428,"Agonopsis vulsa","Agonopsis vulsa","Species","accepted","2026-08-05","2026-08-05: itis_id 167428 via WoRMS external link"
"aphia","279560",279560,171465,"Alloclinus holderi","Alloclinus holderi","Species","accepted","2026-08-05","2026-08-05: itis_id 171465 via WoRMS external link"
"aphia","279605",279605,171345,"Anarrhichthys ocellatus","Anarrhichthys ocellatus","Species","accepted","2026-08-05","2026-08-05: itis_id 171345 via WoRMS external link"
"aphia","279617",279617,553364,"Anisotremus davidsonii","Anisotremus davidsonii","Species","accepted","2026-08-05","2026-08-05: itis_id 553364 via WoRMS external link"
"aphia","279633",279633,171564,"Anoplarchus purpurescens","Anoplarchus purpurescens","Species","accepted","2026-08-05","2026-08-05: itis_id 171564 via WoRMS external link"
"aphia","279700",279700,167212,"Artedius fenestralis","Artedius fenestralis","Species","accepted","2026-08-05","2026-08-05: itis_id 167212 via WoRMS external link"
"aphia","279701",279701,167213,"Artedius harringtoni","Artedius harringtoni","Species","accepted","2026-08-05","2026-08-05: itis_id 167213 via WoRMS external link"
"aphia","279702",279702,167214,"Artedius lateralis","Artedius lateralis","Species","accepted","2026-08-05","2026-08-05: itis_id 167214 via WoRMS external link"
"aphia","279706",279706,167218,"Ascelichthys rhodorus","Ascelichthys rhodorus","Species","accepted","2026-08-05","2026-08-05: itis_id 167218 via WoRMS external link"
"aphia","279766",279766,172397,"Assurger anzac","Assurger anzac","Species","accepted","2026-08-05","2026-08-05: itis_id 172397 via WoRMS external link"
"aphia","279792",279792,172862,"Atheresthes stomias","Atheresthes stomias","Species","accepted","2026-08-05","2026-08-05: itis_id 172862 via WoRMS external link"
"aphia","279812",279812,165986,"Atherinops affinis","Atherinops affinis","Species","accepted","2026-08-05","2026-08-05: itis_id 165986 via WoRMS external link"
"aphia","279813",279813,166012,"Atherinopsis californiensis","Atherinopsis californiensis","Species","accepted","2026-08-05","2026-08-05: itis_id 166012 via WoRMS external link"
"aphia","279839",279839,166404,"Aulorhynchus flavidus","Aulorhynchus flavidus","Species","accepted","2026-08-05","2026-08-05: itis_id 166404 via WoRMS external link"
"aphia","279941",279941,622907,"Borophryne apogon","Borophryne apogon","Species","accepted","2026-08-05","2026-08-05: itis_id 622907 via WoRMS external link"
"aphia","279947",279947,643659,"Bothragonus swanii","Bothragonus swanii","Species","accepted","2026-08-05","2026-08-05: itis_id 643659 via WoRMS external link"
"aphia","280000",280000,164809,"Brosmophycis marginata","Brosmophycis marginata","Species","accepted","2026-08-05","2026-08-05: itis_id 164809 via WoRMS external link"
"aphia","280053",280053,171618,"Cebidichthys violaceus","Cebidichthys violaceus","Species","accepted","2026-08-05","2026-08-05: itis_id 171618 via WoRMS external link"
"aphia","280092",280092,161862,"Cetengraulis mysticetus","Cetengraulis mysticetus","Species","accepted","2026-08-05","2026-08-05: itis_id 161862 via WoRMS external link"
"aphia","280137",280137,169358,"Cheilotrema saturnum","Cheilotrema saturnum","Species","accepted","2026-08-05","2026-08-05: itis_id 169358 via WoRMS external link"
"aphia","280144",280144,164998,"Cherublemma emmelas","Cherublemma emmelas","Species","accepted","2026-08-05","2026-08-05: itis_id 164998 via WoRMS external link"
"aphia","280146",280146,165006,"Chilara taylori","Chilara taylori","Species","accepted","2026-08-05","2026-08-05: itis_id 165006 via WoRMS external link"
"aphia","280162",280162,167380,"Chitonotus pugetensis","Chitonotus pugetensis","Species","accepted","2026-08-05","2026-08-05: itis_id 167380 via WoRMS external link"
"aphia","280208",280208,637146,"Clarkichthys bilineatus","Clarkichthys bilineatus","Species","accepted","2026-08-05","2026-08-05: itis_id 637146 via WoRMS external link"
"aphia","280215",280215,171748,"Clevelandia ios","Clevelandia ios","Species","accepted","2026-08-05","2026-08-05: itis_id 171748 via WoRMS external link"
"aphia","280219",280219,167227,"Clinocottus analis","Clinocottus analis","Species","accepted","2026-08-05","2026-08-05: itis_id 167227 via WoRMS external link"
"aphia","280365",280365,165610,"Cololabis adoceta","Cololabis adoceta","Species","accepted","2026-08-05","2026-08-05: itis_id 165610 via WoRMS external link"
"aphia","280366",280366,165609,"Cololabis saira","Cololabis saira","Species","accepted","2026-08-05","2026-08-05: itis_id 165609 via WoRMS external link"
"aphia","280374",280374,635931,"Congriscus megastoma","Congriscus megastoma","Species","accepted","2026-08-05","2026-08-05: itis_id 635931 via WoRMS external link"
"aphia","280387",280387,630219,"Conodon serrifer","Conodon serrifer","Species","accepted","2026-08-05","2026-08-05: itis_id 630219 via WoRMS external link"
"aphia","280447",280447,171472,"Cryptotrema corallinum","Cryptotrema corallinum","Species","accepted","2026-08-05","2026-08-05: itis_id 171472 via WoRMS external link"
"aphia","280453",280453,171019,"Crystallodytes cookei","Crystallodytes cookei","Species","accepted","2026-08-05","2026-08-05: itis_id 171019 via WoRMS external link"
"aphia","280483",280483,162232,"Danaphos oculatus","Danaphos oculatus","Species","accepted","2026-08-05","2026-08-05: itis_id 162232 via WoRMS external link"
"aphia","280690",280690,172868,"Eopsetta jordani","Eopsetta jordani","Species","accepted","2026-08-05","2026-08-05: itis_id 172868 via WoRMS external link"
"aphia","280709",280709,637280,"Erotelis armiger","Erotelis armiger","Species","accepted","2026-08-05","2026-08-05: itis_id 637280 via WoRMS external link"
"aphia","280791",280791,165511,"Fodiator acutus","Fodiator acutus","Species","accepted","2026-08-05","2026-08-05: itis_id 165511 via WoRMS external link"
"aphia","280830",280830,169257,"Genyonemus lineatus","Genyonemus lineatus","Species","accepted","2026-08-05","2026-08-05: itis_id 169257 via WoRMS external link"
"aphia","280833",280833,171401,"Gibbonsia elegans","Gibbonsia elegans","Species","accepted","2026-08-05","2026-08-05: itis_id 171401 via WoRMS external link"
"aphia","280835",280835,171398,"Gibbonsia metzi","Gibbonsia metzi","Species","accepted","2026-08-05","2026-08-05: itis_id 171398 via WoRMS external link"
"aphia","280851",280851,171967,"Gillichthys mirabilis","Gillichthys mirabilis","Species","accepted","2026-08-05","2026-08-05: itis_id 171967 via WoRMS external link"
"aphia","280865",280865,169515,"Girella nigricans","Girella nigricans","Species","accepted","2026-08-05","2026-08-05: itis_id 169515 via WoRMS external link"
"aphia","280908",280908,637464,"Gobulus crescentalis","Gobulus crescentalis","Species","accepted","2026-08-05","2026-08-05: itis_id 637464 via WoRMS external link"
"aphia","281075",281075,171476,"Heterostichus rostratus","Heterostichus rostratus","Species","accepted","2026-08-05","2026-08-05: itis_id 171476 via WoRMS external link"
"aphia","281087",281087,643073,"Hoplopagrus guentherii","Hoplopagrus guentherii","Species","accepted","2026-08-05","2026-08-05: itis_id 643073 via WoRMS external link"
"aphia","281130",281130,170120,"Hypsypops rubicundus","Hypsypops rubicundus","Species","accepted","2026-08-05","2026-08-05: itis_id 170120 via WoRMS external link"
"aphia","281141",281141,167298,"Icelinus quadriseriatus","Icelinus quadriseriatus","Species","accepted","2026-08-05","2026-08-05: itis_id 167298 via WoRMS external link"
"aphia","281153",281153,171663,"Icosteus aenigmaticus","Icosteus aenigmaticus","Species","accepted","2026-08-05","2026-08-05: itis_id 171663 via WoRMS external link"
"aphia","281174",281174,171892,"Ilypnus gilberti","Ilypnus gilberti","Species","accepted","2026-08-05","2026-08-05: itis_id 171892 via WoRMS external link"
"aphia","281189",281189,172919,"Isopsetta isolepis","Isopsetta isolepis","Species","accepted","2026-08-05","2026-08-05: itis_id 172919 via WoRMS external link"
"aphia","281258",281258,638559,"Labrisomus multiporosus","Labrisomus multiporosus","Species","accepted","2026-08-05","2026-08-05: itis_id 638559 via WoRMS external link"
"aphia","281266",281266,171418,"Labrisomus xanti","Labrisomus xanti","Species","accepted","2026-08-05","2026-08-05: itis_id 171418 via WoRMS external link"
"aphia","281292",281292,171762,"Lepidogobius lepidus","Lepidogobius lepidus","Species","accepted","2026-08-05","2026-08-05: itis_id 171762 via WoRMS external link"
"aphia","281305",281305,172917,"Lepidopsetta bilineata","Lepidopsetta bilineata","Species","accepted","2026-08-05","2026-08-05: itis_id 172917 via WoRMS external link"
"aphia","281344",281344,166014,"Leuresthes tenuis","Leuresthes tenuis","Species","accepted","2026-08-05","2026-08-05: itis_id 166014 via WoRMS external link"
"aphia","281374",281374,623625,"Lipolagus ochotensis","Lipolagus ochotensis","Species","accepted","2026-08-05","2026-08-05: itis_id 623625 via WoRMS external link"
"aphia","281452",281452,172871,"Lyopsetta exilis","Lyopsetta exilis","Species","accepted","2026-08-05","2026-08-05: itis_id 172871 via WoRMS external link"
"aphia","281457",281457,171899,"Lythrypnus dalli","Lythrypnus dalli","Species","accepted","2026-08-05","2026-08-05: itis_id 171899 via WoRMS external link"
"aphia","281472",281472,171903,"Lythrypnus zebra","Lythrypnus zebra","Species","accepted","2026-08-05","2026-08-05: itis_id 171903 via WoRMS external link"
"aphia","281482",281482,162101,"Macropinna microstoma","Macropinna microstoma","Species","accepted","2026-08-05","2026-08-05: itis_id 162101 via WoRMS external link"
"aphia","281499",281499,638573,"Malacoctenus hubbsi","Malacoctenus hubbsi","Species","accepted","2026-08-05","2026-08-05: itis_id 638573 via WoRMS external link"
"aphia","281541",281541,169522,"Medialuna californiensis","Medialuna californiensis","Species","accepted","2026-08-05","2026-08-05: itis_id 169522 via WoRMS external link"
"aphia","281579",281579,623659,"Mirorictus taningi","Mirorictus taningi","Species","accepted","2026-08-05","2026-08-05: itis_id 623659 via WoRMS external link"
"aphia","281641",281641,167591,"Nectoliparis pelagicus","Nectoliparis pelagicus","Species","accepted","2026-08-05","2026-08-05: itis_id 167591 via WoRMS external link"
"aphia","281664",281664,168744,"Nematistius pectoralis","Nematistius pectoralis","Species","accepted","2026-08-05","2026-08-05: itis_id 168744 via WoRMS external link"
"aphia","281679",281679,171478,"Neoclinus blanchardi","Neoclinus blanchardi","Species","accepted","2026-08-05","2026-08-05: itis_id 171478 via WoRMS external link"
"aphia","281685",281685,171479,"Neoclinus stephensae","Neoclinus stephensae","Species","accepted","2026-08-05","2026-08-05: itis_id 171479 via WoRMS external link"
"aphia","281830",281830,630683,"Odontesthes regia","Odontesthes regia","Species","accepted","2026-08-05","2026-08-05: itis_id 630683 via WoRMS external link"
"aphia","281836",281836,167460,"Odontopyxis trispinosa","Odontopyxis trispinosa","Species","accepted","2026-08-05","2026-08-05: itis_id 167460 via WoRMS external link"
"aphia","281872",281872,167333,"Oligocottus maculosus","Oligocottus maculosus","Species","accepted","2026-08-05","2026-08-05: itis_id 167333 via WoRMS external link"
"aphia","281875",281875,167335,"Oligocottus snyderi","Oligocottus snyderi","Species","accepted","2026-08-05","2026-08-05: itis_id 167335 via WoRMS external link"
"aphia","281926",281926,622645,"Opostomias mitsuii","Opostomias mitsuii","Species","accepted","2026-08-05","2026-08-05: itis_id 622645 via WoRMS external link"
"aphia","281935",281935,167388,"Orthonopias triacis","Orthonopias triacis","Species","accepted","2026-08-05","2026-08-05: itis_id 167388 via WoRMS external link"
"aphia","282011",282011,,"Paracaristius maderensis","Paracaristius maderensis","Species","accepted","2026-08-05",
"aphia","282025",282025,171432,"Paraclinus integripinnis","Paraclinus integripinnis","Species","accepted","2026-08-05","2026-08-05: itis_id 171432 via WoRMS external link"
"aphia","282054",282054,167832,"Paralabrax clathratus","Paralabrax clathratus","Species","accepted","2026-08-05","2026-08-05: itis_id 167832 via WoRMS external link"
"aphia","282058",282058,167833,"Paralabrax maculatofasciatus","Paralabrax maculatofasciatus","Species","accepted","2026-08-05","2026-08-05: itis_id 167833 via WoRMS external link"
"aphia","282059",282059,167834,"Paralabrax nebulifer","Paralabrax nebulifer","Species","accepted","2026-08-05","2026-08-05: itis_id 167834 via WoRMS external link"
"aphia","282147",282147,167338,"Paricelinus hopliticus","Paricelinus hopliticus","Species","accepted","2026-08-05","2026-08-05: itis_id 167338 via WoRMS external link"
"aphia","282177",282177,623860,"Parvilux boschmai","Parvilux boschmai","Species","accepted","2026-08-05","2026-08-05: itis_id 623860 via WoRMS external link"
"aphia","282178",282178,162771,"Parvilux ingens","Parvilux ingens","Species","accepted","2026-08-05","2026-08-05: itis_id 162771 via WoRMS external link"
"aphia","282219",282219,616165,"Perissias taeniopterus","Perissias taeniopterus","Species","accepted","2026-08-05","2026-08-05: itis_id 616165 via WoRMS external link"
"aphia","282283",282283,171592,"Plectobranchus evides","Plectobranchus evides","Species","accepted","2026-08-05","2026-08-05: itis_id 171592 via WoRMS external link"
"aphia","282290",282290,172923,"Pleuronichthys coenosus","Pleuronichthys coenosus","Species","accepted","2026-08-05","2026-08-05: itis_id 172923 via WoRMS external link"
"aphia","282292",282292,172924,"Pleuronichthys decurrens","Pleuronichthys decurrens","Species","accepted","2026-08-05","2026-08-05: itis_id 172924 via WoRMS external link"
"aphia","282294",282294,172925,"Pleuronichthys ritteri","Pleuronichthys ritteri","Species","accepted","2026-08-05","2026-08-05: itis_id 172925 via WoRMS external link"
"aphia","282295",282295,172926,"Pleuronichthys verticalis","Pleuronichthys verticalis","Species","accepted","2026-08-05","2026-08-05: itis_id 172926 via WoRMS external link"
"aphia","282314",282314,614109,"Polylepion cruentum","Polylepion cruentum","Species","accepted","2026-08-05","2026-08-05: itis_id 614109 via WoRMS external link"
"aphia","282366",282366,167841,"Pronotogrammus multifasciatus","Pronotogrammus multifasciatus","Species","accepted","2026-08-05","2026-08-05: itis_id 167841 via WoRMS external link"
"aphia","282396",282396,172928,"Psettichthys melanostictus","Psettichthys melanostictus","Species","accepted","2026-08-05","2026-08-05: itis_id 172928 via WoRMS external link"
"aphia","282406",282406,623626,"Pseudobathylagus milleri","Pseudobathylagus milleri","Species","accepted","2026-08-05","2026-08-05: itis_id 623626 via WoRMS external link"
"aphia","282537",282537,171910,"Quietula y-cauda","Quietula y-cauda","Species","accepted","2026-08-05","2026-08-05: itis_id 171910 via WoRMS external link"
"aphia","282541",282541,167347,"Radulinus asprellus","Radulinus asprellus","Species","accepted","2026-08-05","2026-08-05: itis_id 167347 via WoRMS external link"
"aphia","282555",282555,170953,"Rathbunella alleni","Rathbunella alleni","Species","accepted","2026-08-05","2026-08-05: itis_id 170953 via WoRMS external link"
"aphia","282580",282580,636877,"Rhinogobiops nicholsii","Rhinogobiops nicholsii","Species","accepted","2026-08-05","2026-08-05: itis_id 636877 via WoRMS external link"
"aphia","282616",282616,164467,"Rimicola eigenmanni","Rimicola eigenmanni","Species","accepted","2026-08-05","2026-08-05: itis_id 164467 via WoRMS external link"
"aphia","282628",282628,646515,"Roncador stearnsii","Roncador stearnsii","Species","accepted","2026-08-05","2026-08-05: itis_id 646515 via WoRMS external link"
"aphia","282629",282629,170951,"Ronquilus jordani","Ronquilus jordani","Species","accepted","2026-08-05","2026-08-05: itis_id 170951 via WoRMS external link"
"aphia","282636",282636,167422,"Ruscarius creaseri","Ruscarius creaseri","Species","accepted","2026-08-05","2026-08-05: itis_id 167422 via WoRMS external link"
"aphia","282637",282637,167424,"Ruscarius meanyi","Ruscarius meanyi","Species","accepted","2026-08-05","2026-08-05: itis_id 167424 via WoRMS external link"
"aphia","282726",282726,,"Scorpaenichthys marmoratus","Scorpaenichthys marmoratus","Species","accepted","2026-08-05",
"aphia","282740",282740,166783,"Sebastolobus alascanus","Sebastolobus alascanus","Species","accepted","2026-08-05","2026-08-05: itis_id 166783 via WoRMS external link"
"aphia","282741",282741,166784,"Sebastolobus altivelis","Sebastolobus altivelis","Species","accepted","2026-08-05","2026-08-05: itis_id 166784 via WoRMS external link"
"aphia","282761",282761,169362,"Seriphus politus","Seriphus politus","Species","accepted","2026-08-05","2026-08-05: itis_id 169362 via WoRMS external link"
"aphia","282921",282921,167365,"Synchirus gilli","Synchirus gilli","Species","accepted","2026-08-05","2026-08-05: itis_id 167365 via WoRMS external link"
"aphia","282922",282922,162247,"Tactostoma macropus","Tactostoma macropus","Species","accepted","2026-08-05","2026-08-05: itis_id 162247 via WoRMS external link"
"aphia","282927",282927,162673,"Tarletonbeania crenularis","Tarletonbeania crenularis","Species","accepted","2026-08-05","2026-08-05: itis_id 162673 via WoRMS external link"
"aphia","283075",283075,171914,"Typhlogobius californiensis","Typhlogobius californiensis","Species","accepted","2026-08-05","2026-08-05: itis_id 171914 via WoRMS external link"
"aphia","283166",283166,162211,"Woodsia nonsuchae","Woodsia nonsuchae","Species","accepted","2026-08-05","2026-08-05: itis_id 162211 via WoRMS external link"
"aphia","283171",283171,167467,"Xeneretmus latifrons","Xeneretmus latifrons","Species","accepted","2026-08-05","2026-08-05: itis_id 167467 via WoRMS external link"
"aphia","283172",283172,167469,"Xeneretmus leiops","Xeneretmus leiops","Species","accepted","2026-08-05","2026-08-05: itis_id 167469 via WoRMS external link"
"aphia","283177",283177,630232,"Xenichthys xanti","Xenichthys xanti","Species","accepted","2026-08-05","2026-08-05: itis_id 630232 via WoRMS external link"
"aphia","283199",283199,172800,"Xystreurys liolepis","Xystreurys liolepis","Species","accepted","2026-08-05","2026-08-05: itis_id 172800 via WoRMS external link"
"aphia","283203",283203,164598,"Zalieutes elater","Zalieutes elater","Species","accepted","2026-08-05","2026-08-05: itis_id 164598 via WoRMS external link"
"aphia","283208",283208,167129,"Zaniolepis frenata","Zaniolepis frenata","Species","accepted","2026-08-05","2026-08-05: itis_id 167129 via WoRMS external link"
"aphia","283209",283209,167128,"Zaniolepis latipinnis","Zaniolepis latipinnis","Species","accepted","2026-08-05","2026-08-05: itis_id 167128 via WoRMS external link"
"aphia","291412",291412,,"Calcidiscaceae","Calcidiscaceae","Family","accepted","2026-09-04",
"aphia","292726",292726,,"Lioloma","Lioloma","Genus","accepted","2026-09-04",
"aphia","292728",292728,,"Lioloma delicatulum","Lioloma delicatulum","Species","accepted","2026-09-04",
"aphia","293496",293496,161105,"Teleostei","Teleostei","Class","accepted","2026-08-05","2026-08-05: itis_id 161105 via WoRMS external link"
"aphia","293559",293559,171467,"Chaenopsis alepidota","Chaenopsis alepidota","Species","accepted","2026-08-05","2026-08-05: itis_id 171467 via WoRMS external link"
"aphia","293571",293571,166603,"Cosmocampus arctus","Cosmocampus arctus","Species","accepted","2026-08-05","2026-08-05: itis_id 166603 via WoRMS external link"
"aphia","293628",293628,164799,"Merluccius gayi","Merluccius gayi","Species","accepted","2026-08-05","2026-08-05: itis_id 164799 via WoRMS external link"
"aphia","293677",293677,637628,"Microdesmus multiradiatus","Microdesmus multiradiatus","Species","accepted","2026-08-05","2026-08-05: itis_id 637628 via WoRMS external link"
"aphia","293680",293680,616048,"Pleuronichthys guttulatus","Pleuronichthys guttulatus","Species","accepted","2026-08-05","2026-08-05: itis_id 616048 via WoRMS external link"
"aphia","293729",293729,172408,"Sarda chiliensis","Sarda chiliensis","Species","accepted","2026-08-05","2026-08-05: itis_id 172408 via WoRMS external link"
"aphia","296195",296195,,"Brachygenys","Brachygenys","Genus","accepted","2026-08-05",
"aphia","296480",296480,,"Dasyscopelus","Dasyscopelus","Genus","accepted","2026-08-05",
"aphia","296648",296648,,"Fowlerichthys","Fowlerichthys","Genus","accepted","2026-08-05",
"aphia","297924",297924,,"Tetronarce","Tetronarce","Genus","accepted","2026-08-05",
"aphia","298011",268359,171647,"Ulvicola","Apodichthys","Genus","accepted","2026-08-05","2026-08-05: itis_id 171647 via WoRMS external link; WoRMS Ulvicola unaccepted -> Apodichthys (worms:268359)"
"aphia","3",3,202422,"Plantae","Plantae","Kingdom","accepted","2026-08-05","2026-08-05: itis_id 202422 via WoRMS external link"
"aphia","300735",300735,934083,"Gadus chalcogrammus","Gadus chalcogrammus","Species","accepted","2026-08-05","2026-08-05: itis_id 934083 via WoRMS external link"
"aphia","301525",301525,182883,"Lampanyctus idostigma","Lampanyctus idostigma","Species","accepted","2026-08-05","2026-08-05: itis_id 182883 via WoRMS external link"
"aphia","301537",301537,649727,"Lampanyctus niger","Lampanyctus niger","Species","accepted","2026-08-05","2026-08-05: itis_id 649727 via WoRMS external link"
"aphia","301545",301545,162634,"Lampanyctus regalis","Lampanyctus regalis","Species","accepted","2026-08-05","2026-08-05: itis_id 162634 via WoRMS external link"
"aphia","301548",301548,162635,"Lampanyctus ritteri","Lampanyctus ritteri","Species","accepted","2026-08-05","2026-08-05: itis_id 162635 via WoRMS external link"
"aphia","302801",302801,,"Kali kerberti","Kali kerberti","Species","accepted","2026-08-05",
"aphia","305635",305635,173077,"Symphurus atricauda","Symphurus atricauda","Species","accepted","2026-08-05","2026-08-05: itis_id 173077 via WoRMS external link"
"aphia","305684",305684,616051,"Microstomus bathybius","Microstomus bathybius","Species","accepted","2026-08-05","2026-08-05: itis_id 616051 via WoRMS external link"
"aphia","306621",306621,649671,"Scopelogadus bispinosus","Scopelogadus bispinosus","Species","accepted","2026-08-05","2026-08-05: itis_id 649671 via WoRMS external link"
"aphia","313514",313514,162096,"Leuroglossus stilbius","Leuroglossus stilbius","Species","accepted","2026-08-05","2026-08-05: itis_id 162096 via WoRMS external link"
"aphia","317659",317659,,"Dasyscopelus asper","Dasyscopelus asper","Species","accepted","2026-08-05",
"aphia","322270",322270,171648,"Ulvicola sanctaerosae","Ulvicola sanctaerosae","Species","accepted","2026-08-05","2026-08-05: itis_id 171648 via WoRMS external link"
"aphia","325296",325296,555741,"Taoniinae","Taoniinae","Subfamily","accepted","2026-08-05","2026-08-05: itis_id 555741 via WoRMS external link"
"aphia","325303",325303,555746,"Todarodinae","Todarodinae","Subfamily","accepted","2026-08-05","2026-08-05: itis_id 555746 via WoRMS external link"
"aphia","325342",325342,,"Decapodiformes","Decapodiformes","Superorder","accepted","2026-08-05",
"aphia","325343",325343,,"Octopodiformes","Octopodiformes","Superorder","accepted","2026-08-05",
"aphia","325345",325345,,"Pteropoda","Pteropoda","Order","accepted","2026-08-05",
"aphia","341379",341379,5294,"Nitzschia sicula","Nitzschia sicula","Species","accepted","2026-09-04","2026-09-04: itis_id 5294 via WoRMS external link"
"aphia","341413",341413,82429,"Berryteuthis","Berryteuthis","Genus","accepted","2026-08-05","2026-08-05: itis_id 82429 via WoRMS external link"
"aphia","341417",341417,82537,"Dosidicus","Dosidicus","Genus","accepted","2026-08-05","2026-08-05: itis_id 82537 via WoRMS external link"
"aphia","341421",341421,82396,"Enoploteuthis","Enoploteuthis","Genus","accepted","2026-08-05","2026-08-05: itis_id 82396 via WoRMS external link"
"aphia","341425",341425,555795,"Eucleoteuthis","Eucleoteuthis","Genus","accepted","2026-08-05","2026-08-05: itis_id 555795 via WoRMS external link"
"aphia","341426",341426,555767,"Euprymna","Euprymna","Genus","accepted","2026-08-05","2026-08-05: itis_id 555767 via WoRMS external link"
"aphia","341428",341428,82415,"Gonatopsis","Gonatopsis","Genus","accepted","2026-08-05","2026-08-05: itis_id 82415 via WoRMS external link"
"aphia","341432",341432,555796,"Hyaloteuthis","Hyaloteuthis","Genus","accepted","2026-08-05","2026-08-05: itis_id 555796 via WoRMS external link"
"aphia","341438",341438,555781,"Liguriella","Liguriella","Genus","accepted","2026-08-05","2026-08-05: itis_id 555781 via WoRMS external link"
"aphia","341450",341450,555799,"Nototodarus","Nototodarus","Genus","accepted","2026-08-05","2026-08-05: itis_id 555799 via WoRMS external link"
"aphia","341558",341558,5142,"Fragilariopsis pseudonana","Fragilariopsis pseudonana","Species","unassessed","2026-09-04","2026-09-04: itis_id 5142 via WoRMS external link"
"aphia","341566",341566,5143,"Nitzschia bicapitata","Nitzschia bicapitata","Species","unassessed","2026-09-04","2026-09-04: itis_id 5143 via WoRMS external link"
"aphia","341610",341610,9590,"Pterosperma polygonum","Pterosperma polygonum","Species","accepted","2026-08-05","2026-08-05: itis_id 9590 via WoRMS external link"
"aphia","341781",341781,205738,"Haliphron atlanticus","Haliphron atlanticus","Species","accepted","2026-08-05","2026-08-05: itis_id 205738 via WoRMS external link"
"aphia","341796",341796,82551,"Chiroteuthis calyx","Chiroteuthis calyx","Species","accepted","2026-08-05","2026-08-05: itis_id 82551 via WoRMS external link"
"aphia","341798",341798,556080,"Chiroteuthis imperator","Chiroteuthis imperator","Species","accepted","2026-08-05","2026-08-05: itis_id 556080 via WoRMS external link"
"aphia","341806",341806,556426,"Galiteuthis pacifica","Galiteuthis pacifica","Species","accepted","2026-08-05","2026-08-05: itis_id 556426 via WoRMS external link"
"aphia","341807",341807,556714,"Galiteuthis phyllura","Galiteuthis phyllura","Species","accepted","2026-08-05","2026-08-05: itis_id 556714 via WoRMS external link"
"aphia","341815",341815,556231,"Leachia pacifica","Leachia pacifica","Species","accepted","2026-08-05","2026-08-05: itis_id 556231 via WoRMS external link"
"aphia","341818",341818,556517,"Liocranchia reinhardtii","Liocranchia reinhardtii","Species","accepted","2026-08-05","2026-08-05: itis_id 556517 via WoRMS external link"
"aphia","341844",341844,556021,"Abralia trigonura","Abralia trigonura","Species","accepted","2026-08-05","2026-08-05: itis_id 556021 via WoRMS external link"
"aphia","341845",341845,82402,"Abraliopsis affinis","Abraliopsis affinis","Species","accepted","2026-08-05","2026-08-05: itis_id 82402 via WoRMS external link"
"aphia","341849",341849,82401,"Abraliopsis felis","Abraliopsis felis","Species","accepted","2026-08-05","2026-08-05: itis_id 82401 via WoRMS external link"
"aphia","341859",341859,82425,"Gonatus onyx","Gonatus onyx","Species","accepted","2026-08-05","2026-08-05: itis_id 82425 via WoRMS external link"
"aphia","341861",341861,82423,"Gonatus pyros","Gonatus pyros","Species","accepted","2026-08-05","2026-08-05: itis_id 82423 via WoRMS external link"
"aphia","341868",341868,82499,"Histioteuthis heteropsis","Histioteuthis heteropsis","Species","accepted","2026-08-05","2026-08-05: itis_id 82499 via WoRMS external link"
"aphia","341901",341901,556383,"Mastigoteuthis inermis","Mastigoteuthis inermis","Species","taxon inquirendum","2026-08-05","2026-08-05: itis_id 556383 via WoRMS external link"
"aphia","342057",342057,556640,"Octopoteuthis deletron","Octopoteuthis deletron","Species","accepted","2026-08-05","2026-08-05: itis_id 556640 via WoRMS external link"
"aphia","342066",342066,556284,"Sthenoteuthis oualaniensis","Sthenoteuthis oualaniensis","Species","accepted","2026-08-05","2026-08-05: itis_id 556284 via WoRMS external link"
"aphia","342069",342069,,"Onychoteuthis borealijaponica","Onychoteuthis borealijaponica","Species","accepted","2026-08-05",
"aphia","342070",342070,556017,"Onychoteuthis compacta","Onychoteuthis compacta","Species","accepted","2026-08-05","2026-08-05: itis_id 556017 via WoRMS external link"
"aphia","342104",342104,556078,"Pterygioteuthis gemmata","Pterygioteuthis gemmata","Species","accepted","2026-08-05","2026-08-05: itis_id 556078 via WoRMS external link"
"aphia","342189",342189,556001,"Heteroteuthis hawaiiensis","Heteroteuthis hawaiiensis","Species","accepted","2026-08-05","2026-08-05: itis_id 556001 via WoRMS external link"
"aphia","342242",342242,556639,"Pyroteuthis addolux","Pyroteuthis addolux","Species","accepted","2026-08-05","2026-08-05: itis_id 556639 via WoRMS external link"
"aphia","342291",342291,82538,"Dosidicus gigas","Dosidicus gigas","Species","accepted","2026-08-05","2026-08-05: itis_id 82538 via WoRMS external link"
"aphia","342299",342299,556064,"Enoploteuthis jonesi","Enoploteuthis jonesi","Species","accepted","2026-08-05","2026-08-05: itis_id 556064 via WoRMS external link"
"aphia","342313",342313,556451,"Eucleoteuthis luminosa","Eucleoteuthis luminosa","Species","accepted","2026-08-05","2026-08-05: itis_id 556451 via WoRMS external link"
"aphia","342322",342322,556020,"Euprymna scolopes","Euprymna scolopes","Species","accepted","2026-08-05","2026-08-05: itis_id 556020 via WoRMS external link"
"aphia","342326",342326,82417,"Gonatopsis borealis","Gonatopsis borealis","Species","accepted","2026-08-05","2026-08-05: itis_id 82417 via WoRMS external link"
"aphia","342337",342337,556061,"Hyaloteuthis pelagica","Hyaloteuthis pelagica","Species","accepted","2026-08-05","2026-08-05: itis_id 556061 via WoRMS external link"
"aphia","342354",342354,556232,"Liguriella podophthalma","Liguriella podophthalma","Species","accepted","2026-08-05","2026-08-05: itis_id 556232 via WoRMS external link"
"aphia","342376",342376,556014,"Nototodarus hawaiiensis","Nototodarus hawaiiensis","Species","accepted","2026-08-05","2026-08-05: itis_id 556014 via WoRMS external link"
"aphia","343632",343632,177006,"Synthliboramphus","Synthliboramphus","Genus","accepted","2026-09-04","2026-09-04: itis_id 177006 via WoRMS external link"
"aphia","343958",343958,726047,"Sula granti","Sula granti","Species","accepted","2026-09-04","2026-09-04: itis_id 726047 via WoRMS external link"
"aphia","344122",344122,177011,"Synthliboramphus hypoleucus","Synthliboramphus hypoleucus","Species","accepted","2026-09-04","2026-09-04: itis_id 177011 via WoRMS external link"
"aphia","345465",345465,,"Ochrophyta","Ochrophyta","Phylum","accepted","2026-08-05",
"aphia","345529",345529,2485,"Thalassiosira aestivalis","Thalassiosira aestivalis","Species","unassessed","2026-09-04","2026-09-04: itis_id 2485 via WoRMS external link"
"aphia","345546",345546,2500,"Thalassiosira lineata","Thalassiosira lineata","Species","unassessed","2026-09-04","2026-09-04: itis_id 2500 via WoRMS external link"
"aphia","366281",366281,,"Fragilariopsis doliolus","Fragilariopsis doliolus","Species","accepted","2026-09-04",
"aphia","367295",367295,170452,"Polydactylus opercularis","Polydactylus opercularis","Species","accepted","2026-08-05","2026-08-05: itis_id 170452 via WoRMS external link"
"aphia","368407",368407,,"Neoselachii","Neoselachii","Subclass","accepted","2026-08-05",
"aphia","368409",368409,563992,"Batoidea","Batoidea","Infraclass","accepted","2026-08-05","2026-08-05: itis_id 563992 via WoRMS external link"
"aphia","368663",368663,846492,"Viridiplantae","Viridiplantae","Subkingdom","accepted","2026-08-05","2026-08-05: itis_id 846492 via WoRMS external link"
"aphia","368681",368681,,"Nostocophycidae","Nostocophycidae","Subclass","accepted","2026-08-05",
"aphia","368898",368898,,"Heterokonta","Heterokonta","Infrakingdom","accepted","2026-08-05",
"aphia","369190",369190,2134,"Haptophyta","Haptophyta","Phylum","accepted","2026-08-05","2026-08-05: itis_id 2134 via WoRMS external link"
"aphia","369191",369191,,"Haptophyta incertae sedis","Haptophyta incertae sedis","Class","temporary name","2026-09-04",
"aphia","369960",369960,,"Octactis","Octactis","Genus","accepted","2026-09-04",
"aphia","370179",370179,1244,"Richelia","Richelia","Genus","accepted","2026-08-05","2026-08-05: itis_id 1244 via WoRMS external link"
"aphia","370437",370437,,"Heterokontophyta","Heterokontophyta","Phylum","accepted","2026-08-05",
"aphia","370511",370511,,"Cetartiodactyla","Cetartiodactyla","Order","accepted","2026-08-05",
"aphia","370545",370545,,"Cetancodonta","Cetancodonta","Suborder","accepted","2026-08-05",
"aphia","376082",376082,9585,"Pterosperma marginatum","Pterosperma marginatum","Species","accepted","2026-08-05","2026-08-05: itis_id 9585 via WoRMS external link"
"aphia","376490",376490,1249,"Richelia intracellularis","Richelia intracellularis","Species","accepted","2026-08-05","2026-08-05: itis_id 1249 via WoRMS external link"
"aphia","376690",376690,9583,"Pterosperma cuboides","Pterosperma cuboides","Species","accepted","2026-08-05","2026-08-05: itis_id 9583 via WoRMS external link"
"aphia","380416",380416,179916,"Theria","Theria","Subclass","accepted","2026-08-05","2026-08-05: itis_id 179916 via WoRMS external link"
"aphia","380488",137020,770824,"Sagmatias","Lagenorhynchus","Genus","accepted","2026-08-05","2026-08-05: itis_id 770824 via WoRMS external link; WoRMS Sagmatias unaccepted -> Lagenorhynchus (worms:137020)"
"aphia","382213",382213,,"Littorinimorpha","Littorinimorpha","Order","accepted","2026-08-05",
"aphia","382328",382328,,"Bathyteuthoidea","Bathyteuthoidea","Superfamily","accepted","2026-08-05",
"aphia","382898",382898,97650,"Panulirus interruptus","Panulirus interruptus","Species","accepted","2026-08-05","2026-08-05: itis_id 97650 via WoRMS external link"
"aphia","383017",383017,,"Achelata","Achelata","Infraorder","accepted","2026-08-05",
"aphia","383816",383816,555654,"Delphinus capensis",,"Species","nomen dubium","2026-08-05","2026-08-05: itis_id 555654 via WoRMS external link"
"aphia","387302",387302,,"Grimothea","Grimothea","Genus","accepted","2026-08-05",
"aphia","387338",387338,,"Pterotracheoidea","Pterotracheoidea","Superfamily","accepted","2026-08-05",
"aphia","390569",390569,,"Scopeloberyx malayanus","Scopeloberyx malayanus","Species","accepted","2026-08-05",
"aphia","395001",395001,623694,"Myctophinae","Myctophinae","Subfamily","accepted","2026-08-05","2026-08-05: itis_id 623694 via WoRMS external link"
"aphia","397228",397228,553132,"Mugiliformes","Mugiliformes","Order","accepted","2026-08-05","2026-08-05: itis_id 553132 via WoRMS external link"
"aphia","398363",398363,,"Sigmops bathyphilus","Sigmops bathyphilus","Species","accepted","2026-08-05",
"aphia","398374",398374,644835,"Lestidium bigelowi","Lestidium bigelowi","Species","accepted","2026-08-05","2026-08-05: itis_id 644835 via WoRMS external link"
"aphia","398485",398485,,"Pseudogramma thaumasia","Pseudogramma thaumasia","Species","accepted","2026-08-05",
"aphia","410340",410340,,"Bolitaena pygmaea","Bolitaena pygmaea","Species","accepted","2026-08-05",
"aphia","410349",410349,82381,"Doryteuthis","Doryteuthis","Genus","accepted","2026-08-05","2026-08-05: itis_id 82381 via WoRMS external link"
"aphia","410385",410385,,"Onykia robusta","Onykia robusta","Species","accepted","2026-08-05",
"aphia","410400",410400,555870,"Stigmatoteuthis","Stigmatoteuthis","Genus","accepted","2026-08-05","2026-08-05: itis_id 555870 via WoRMS external link"
"aphia","410403",410403,,"Stigmatoteuthis hoylei","Stigmatoteuthis hoylei","Species","accepted","2026-08-05",
"aphia","411966",411966,,"Nudipleura","Nudipleura","Superorder","accepted","2026-09-04",
"aphia","418189",418189,,"Nitzschia braarudii","Nitzschia braarudii","Species","unassessed","2026-09-04",
"aphia","418205",418205,5145,"Nitzschia marina","Nitzschia marina","Species","unassessed","2026-09-04","2026-09-04: itis_id 5145 via WoRMS external link"
"aphia","418215",418215,,"Nitzschia tenuirostris","Nitzschia tenuirostris","Species","accepted","2026-09-04",
"aphia","418485",418485,2873,"Bacteriastrum biconicum","Bacteriastrum biconicum","Species","unassessed","2026-09-04","2026-09-04: itis_id 2873 via WoRMS external link"
"aphia","418486",418486,2874,"Bacteriastrum elegans","Bacteriastrum elegans","Species","accepted","2026-09-04","2026-09-04: itis_id 2874 via WoRMS external link"
"aphia","418487",418487,2875,"Bacteriastrum mediterraneum","Bacteriastrum mediterraneum","Species","unassessed","2026-09-04","2026-09-04: itis_id 2875 via WoRMS external link"
"aphia","418509",418509,,"Chaetoceros messanense","Chaetoceros messanense","Species","unassessed","2026-09-04",
"aphia","418539",418539,2736,"Climacodium biconcavum","Climacodium biconcavum","Species","unassessed","2026-09-04","2026-09-04: itis_id 2736 via WoRMS external link"
"aphia","418540",418540,2750,"Hemiaulus membranaceus","Hemiaulus membranaceus","Species","accepted","2026-09-04","2026-09-04: itis_id 2750 via WoRMS external link"
"aphia","418647",418647,,"Thalassionema bacillare","Thalassionema bacillare","Species","accepted","2026-09-04",
"aphia","439213",439213,,"Metacarcinus","Metacarcinus","Genus","accepted","2026-08-05",
"aphia","440388",440388,,"Metacarcinus magister","Metacarcinus magister","Species","accepted","2026-08-05",
"aphia","450030",450030,,"Myzozoa","Myzozoa","Phylum","accepted","2026-08-05",
"aphia","450613",450613,,"Shionodiscus","Shionodiscus","Genus","accepted","2026-09-04",
"aphia","450614",450614,,"Bacillariophycidae incertae sedis","Bacillariophycidae incertae sedis","Superorder","temporary name","2026-09-04",
"aphia","465381",465381,,"Biddulphia weissflogii","Biddulphia weissflogii","Species","unassessed","2026-09-04",
"aphia","465386",465386,550504,"Chaetoceros bacteriastroides","Chaetoceros bacteriastroides","Species","unassessed","2026-09-04","2026-09-04: itis_id 550504 via WoRMS external link"
"aphia","465390",465390,2788,"Chaetoceros dadayi","Chaetoceros dadayi","Species","accepted","2026-09-04","2026-09-04: itis_id 2788 via WoRMS external link"
"aphia","477319",477319,,"Arctocephalus philippii townsendi","Arctocephalus philippii townsendi","Subspecies","accepted","2026-08-05",
"aphia","493820",493820,,"Syracosphaerales","Syracosphaerales","Order","accepted","2026-09-04",
"aphia","493821",493821,,"Coccolithales","Coccolithales","Order","accepted","2026-09-04",
"aphia","493822",493822,,"Bacillariophytina","Bacillariophytina","Subphylum","accepted","2026-08-05",
"aphia","493845",493845,,"Peridiniphycidae","Peridiniphycidae","Subclass","accepted","2026-09-04",
"aphia","493939",493939,717533,"Halobatinae","Halobatinae","Subfamily","accepted","2026-08-05","2026-08-05: itis_id 717533 via WoRMS external link"
"aphia","494057",494057,,"Tripos","Tripos","Genus","accepted","2026-09-04",
"aphia","495363",495363,,"Tripos muelleri","Tripos muelleri","Species","accepted","2026-09-04",
"aphia","509591",509591,4602,"Pleurosigma nicobaricum","Pleurosigma nicobaricum","Species","accepted","2026-09-04","2026-09-04: itis_id 4602 via WoRMS external link"
"aphia","51",51,69458,"Mollusca","Mollusca","Phylum","accepted","2026-08-05","2026-08-05: itis_id 69458 via WoRMS external link"
"aphia","536209",536209,,"Alveolata","Alveolata","Infrakingdom","accepted","2026-08-05",
"aphia","555052",555052,182944,"Thalassionema frauenfeldii","Thalassionema frauenfeldii","Species","accepted","2026-09-04","2026-09-04: itis_id 182944 via WoRMS external link"
"aphia","555889",555889,,"Calciosolenia brasiliensis","Calciosolenia brasiliensis","Species","accepted","2026-09-04",
"aphia","555903",555903,,"Syracosphaera anthos","Syracosphaera anthos","Species","accepted","2026-09-04",
"aphia","559389",559389,,"Leachia danae","Leachia danae","Species","accepted","2026-08-05",
"aphia","559391",559391,555740,"Cranchiinae","Cranchiinae","Subfamily","accepted","2026-08-05","2026-08-05: itis_id 555740 via WoRMS external link"
"aphia","562482",562482,555745,"Ommastrephinae","Ommastrephinae","Subfamily","accepted","2026-08-05","2026-08-05: itis_id 555745 via WoRMS external link"
"aphia","562620",562620,,"Dinozoa","Dinozoa","Subphylum","accepted","2026-08-05",
"aphia","562645",562645,,"Munididae","Munididae","Family","accepted","2026-08-05",
"aphia","573399",573399,,"Discosphaera tubifera","Discosphaera tubifera","Species","accepted","2026-09-04",
"aphia","573407",977643,,"Coscinodiscus africanus","Coscinodiscus africanus var. africanus","Species","accepted","2026-09-04","2026-09-04: WoRMS Coscinodiscus africanus unaccepted -> Coscinodiscus africanus var. africanus (worms:977643)"
"aphia","573437",573437,,"Coscinodiscus sol","Coscinodiscus sol","Species","unassessed","2026-09-04",
"aphia","573446",573446,,"Shionodiscus oestrupii","Shionodiscus oestrupii","Species","accepted","2026-09-04",
"aphia","573488",573488,,"Navicula challengeri","Navicula challengeri","Species","unassessed","2026-09-04",
"aphia","573491",573491,,"Navicula gigantea","Navicula gigantea","Species","unassessed","2026-09-04",
"aphia","573501",573501,,"Nitzschia americana","Nitzschia americana","Species","unassessed","2026-09-04",
"aphia","573582",573582,,"Rhizosolenia phuketensis","Rhizosolenia phuketensis","Species","accepted","2026-09-04",
"aphia","573627",573627,,"Thalassiosira allenii","Thalassiosira allenii","Species","unassessed","2026-09-04",
"aphia","573639",573639,,"Thalassiosira endoseriata","Thalassiosira endoseriata","Species","unassessed","2026-09-04",
"aphia","573650",573650,,"Thalassiosira lineoides","Thalassiosira lineoides","Species","unassessed","2026-09-04",
"aphia","573654",573654,,"Thalassiosira simonsenii","Thalassiosira simonsenii","Species","unassessed","2026-09-04",
"aphia","573919",573919,,"Octactis pulchra","Octactis pulchra","Species","accepted","2026-09-04",
"aphia","573998",573998,,"Umbellosphaeraceae","Umbellosphaeraceae","Family","accepted","2026-09-04",
"aphia","574540",574540,,"Doryteuthis opalescens","Doryteuthis opalescens","Species","accepted","2026-08-05",
"aphia","577970",577970,,"Phaeocystales","Phaeocystales","Order","accepted","2026-08-05",
"aphia","582418",582418,,"Hacrobia","Hacrobia","Subkingdom","accepted","2026-08-05",
"aphia","582419",582419,,"Harosa","Harosa","Subkingdom","accepted","2026-08-05",
"aphia","582420",582420,,"Rhizaria","Rhizaria","Infrakingdom","accepted","2026-08-05",
"aphia","582421",582421,,"Radiozoa","Radiozoa","Phylum","accepted","2026-08-05",
"aphia","584793",584793,161744,"Etrumeus sadina","Etrumeus sadina","Species","accepted","2026-08-05","2026-08-05: itis_id 161744 via WoRMS external link"
"aphia","591186",591186,,"Bacillariophycanae","Bacillariophycanae","Superorder","accepted","2026-09-04",
"aphia","591189",591189,,"Thalassiosiranae","Thalassiosiranae","Superorder","accepted","2026-09-04",
"aphia","591190",591190,,"Coscinodiscanae","Coscinodiscanae","Superorder","accepted","2026-09-04",
"aphia","591192",591192,,"Biddulphianae","Biddulphianae","Superorder","accepted","2026-09-04",
"aphia","591193",591193,,"Lithodesmiophycanae","Lithodesmiophycanae","Superorder","accepted","2026-09-04",
"aphia","591194",591194,,"Corethranae","Corethranae","Superorder","accepted","2026-09-04",
"aphia","591196",591196,,"Rhizosolenianae","Rhizosolenianae","Superorder","accepted","2026-09-04",
"aphia","591197",591197,,"Chaetocerotanae","Chaetocerotanae","Superorder","accepted","2026-09-04",
"aphia","591199",591199,,"Fragilariophycanae","Fragilariophycanae","Superorder","accepted","2026-09-04",
"aphia","592906",592906,,"Coccolithophyceae","Coccolithophyceae","Class","accepted","2026-08-05",
"aphia","593337",593337,,"Peridiniida incertae sedis","Peridiniida incertae sedis","Family","temporary name","2026-09-04",
"aphia","593505",593505,,"Chaetocerotanae incertae sedis","Chaetocerotanae incertae sedis","Order","temporary name","2026-09-04",
"aphia","595704",595704,,"Bacillariophyceae incertae sedis","Bacillariophyceae incertae sedis","Subclass","temporary name","2026-09-04",
"aphia","598944",598944,,"Cryptophyta incertae sedis","Cryptophyta incertae sedis","Class","temporary name","2026-08-05",
"aphia","599623",599623,,"Katablepharidaceae","Katablepharidaceae","Family","accepted","2026-08-05",
"aphia","599664",599664,,"Kareniaceae","Kareniaceae","Family","accepted","2026-09-04",
"aphia","6",6,202420,"Bacteria","Bacteria","Kingdom","accepted","2026-08-05","2026-08-05: itis_id 202420 via WoRMS external link"
"aphia","601779",601779,,"Liriogramma","Liriogramma","Genus","accepted","2026-09-04",
"aphia","612208",612208,,"Calyptrolithina wettsteinii","Calyptrolithina wettsteinii","Species","accepted","2026-09-04",
"aphia","616809",616809,,"Eucampia zoodiacus","Eucampia zoodiacus","Species","accepted","2026-09-04",
"aphia","619853",619853,2619,"Actinoptychus adriaticus","Actinoptychus adriaticus","Species","accepted","2026-09-04","2026-09-04: itis_id 2619 via WoRMS external link"
"aphia","620288",620288,,"Corythodinium elegans","Corythodinium elegans","Species","accepted","2026-09-04",
"aphia","624358",624358,,"Phalacroma oxytoxoides","Phalacroma oxytoxoides","Species","accepted","2026-09-04",
"aphia","643805",643805,,"Corythodinium milneri","Corythodinium milneri","Species","accepted","2026-09-04",
"aphia","663551",447746,,"Pyxidicula compressa","Tryblionella compressa","Species","accepted","2026-09-04","2026-09-04: WoRMS Pyxidicula compressa unaccepted -> Tryblionella compressa (worms:447746)"
"aphia","7",7,,"Chromista","Chromista","Kingdom","accepted","2026-08-05",
"aphia","700193",700193,,"Nitzschia kolaczekii","Nitzschia kolaczekii","Species","unassessed","2026-09-04",
"aphia","707540",707540,,"Ardenna","Ardenna","Genus","accepted","2026-09-04",
"aphia","710669",710669,,"Blenniinae","Blenniinae","Subfamily","accepted","2026-08-05",
"aphia","710670",710670,,"Salariinae","Salariinae","Subfamily","accepted","2026-08-05",
"aphia","712443",712443,623379,"Bathylagoides nigrigenys","Bathylagoides nigrigenys","Species","accepted","2026-08-05","2026-08-05: itis_id 623379 via WoRMS external link"
"aphia","712444",712444,623380,"Bathylagoides wesethi","Bathylagoides wesethi","Species","accepted","2026-08-05","2026-08-05: itis_id 623380 via WoRMS external link"
"aphia","712506",712506,,"Fowlerichthys avalonis","Fowlerichthys avalonis","Species","accepted","2026-08-05",
"aphia","714643",714643,622730,"Porichthyinae","Porichthyinae","Subfamily","accepted","2026-08-05","2026-08-05: itis_id 622730 via WoRMS external link"
"aphia","714646",714646,646458,"Dussumieriidae","Dussumieriidae","Family","accepted","2026-08-05","2026-08-05: itis_id 646458 via WoRMS external link"
"aphia","714648",714648,,"Haemulinae","Haemulinae","Subfamily","accepted","2026-08-05",
"aphia","719849",719849,,"Pyrosomatinae","Pyrosomatinae","Subfamily","accepted","2026-08-05",
"aphia","742052",742052,,"Bolitaeninae","Bolitaeninae","Subfamily","accepted","2026-08-05",
"aphia","742053",742053,,"Vitreledonellinae","Vitreledonellinae","Subfamily","accepted","2026-08-05",
"aphia","754174",754174,914194,"Errantia","Errantia","Subclass","accepted","2026-08-05","2026-08-05: itis_id 914194 via WoRMS external link"
"aphia","801",801,,"Chlorophyta","Chlorophyta","Phylum (Division)","accepted","2026-08-05",
"aphia","818990",818990,556422,"Octopoteuthis nielseni","Octopoteuthis nielseni","Species","accepted","2026-08-05","2026-08-05: itis_id 556422 via WoRMS external link"
"aphia","826586",826586,625257,"Zeniontidae","Zeniontidae","Family","accepted","2026-08-05","2026-08-05: itis_id 625257 via WoRMS external link"
"aphia","826591",826591,,"Pseudamiinae","Pseudamiinae","Subfamily","accepted","2026-08-05",
"aphia","826593",826593,646730,"Lepidopodinae","Lepidopodinae","Subfamily","accepted","2026-08-05","2026-08-05: itis_id 646730 via WoRMS external link"
"aphia","834047",834047,,"Mastigotragus","Mastigotragus","Genus","accepted","2026-08-05",
"aphia","834048",834048,,"Mastigotragus pyrodes","Mastigotragus pyrodes","Species","accepted","2026-08-05",
"aphia","836360",836360,,"Protoceratiaceae","Protoceratiaceae","Family","accepted","2026-09-04",
"aphia","837220",837220,,"Tripos falcatus","Tripos falcatus","Species","accepted","2026-09-04",
"aphia","837222",837222,,"Tripos gibberus","Tripos gibberus","Species","accepted","2026-09-04",
"aphia","837310",837310,,"Tripos azoricus","Tripos azoricus","Species","accepted","2026-09-04",
"aphia","837448",837448,,"Tripos carriensis","Tripos carriensis","Species","accepted","2026-09-04",
"aphia","837453",837453,,"Tripos horridus",,"Species","uncertain","2026-09-04",
"aphia","837459",837459,,"Tripos lineatus","Tripos lineatus","Species","accepted","2026-09-04",
"aphia","840626",840626,,"Tripos fusus","Tripos fusus","Species","accepted","2026-09-04",
"aphia","840627",840627,,"Tripos furca","Tripos furca","Species","accepted","2026-09-04",
"aphia","841182",841182,,"Tripos arietinus","Tripos arietinus","Species","accepted","2026-09-04",
"aphia","841186",841186,,"Tripos biceps","Tripos biceps","Species","accepted","2026-09-04",
"aphia","841189",841189,,"Tripos brevis","Tripos brevis","Species","accepted","2026-09-04",
"aphia","841193",841193,,"Tripos candelabrum","Tripos candelabrum","Species","accepted","2026-09-04",
"aphia","841198",841198,,"Tripos concilians","Tripos concilians","Species","accepted","2026-09-04",
"aphia","841202",841202,,"Tripos declinatus","Tripos declinatus","Species","accepted","2026-09-04",
"aphia","841258",841258,,"Tripos limulus","Tripos limulus","Species","accepted","2026-09-04",
"aphia","841261",841261,,"Tripos massiliensis","Tripos massiliensis","Species","accepted","2026-09-04",
"aphia","841263",841263,,"Tripos minutus","Tripos minutus","Species","accepted","2026-09-04",
"aphia","841746",841746,,"Tripos pentagonus","Tripos pentagonus","Species","accepted","2026-09-04",
"aphia","843439",843439,,"Eustomias","Eustomias","Genus","accepted","2026-08-05",
"aphia","843664",843664,,"Actinopteri","Actinopteri","Superclass","accepted","2026-08-05",
"aphia","845703",845703,,"Tetronarce californica","Tetronarce californica","Species","accepted","2026-08-05",
"aphia","845957",845957,,"Oligostraca","Oligostraca","Superclass","accepted","2026-08-05",
"aphia","845959",845959,,"Multicrustacea","Multicrustacea","Superclass","accepted","2026-08-05",
"aphia","869434",869434,,"Gerromorpha","Gerromorpha","Infraorder","accepted","2026-08-05",
"aphia","877776",877776,,"Sepiolinae","Sepiolinae","Subfamily","accepted","2026-08-05",
"aphia","877778",877778,,"Heteroteuthinae","Heteroteuthinae","Subfamily","accepted","2026-08-05",
"aphia","882",882,64357,"Annelida","Annelida","Phylum","accepted","2026-08-05","2026-08-05: itis_id 64357 via WoRMS external link"
"aphia","883",883,64358,"Polychaeta","Polychaeta","Class","accepted","2026-08-05","2026-08-05: itis_id 64358 via WoRMS external link"
"aphia","886274",886274,,"Pyramimonadophyceae","Pyramimonadophyceae","Class","accepted","2026-08-05",
"aphia","892",892,555674,"Phyllodocida","Phyllodocida","Order","accepted","2026-08-05","2026-08-05: itis_id 555674 via WoRMS external link"
"aphia","930",930,,"Phyllodocida incertae sedis","Phyllodocida incertae sedis","Suborder","temporary name","2026-08-05",
"aphia","958",958,65459,"Tomopteridae","Tomopteridae","Family","accepted","2026-08-05","2026-08-05: itis_id 65459 via WoRMS external link"
"aphia","958143",958143,,"Mastogloia rostrata","Mastogloia rostrata","Species","unassessed","2026-09-04",
"aphia","959804",959804,,"Mastogloia woodiana","Mastogloia woodiana","Species","unassessed","2026-09-04",
"aphia","961758",961758,,"Chaetoceros debilis","Chaetoceros debilis","Species","unassessed","2026-09-04",
"aphia","961865",961865,,"Chaetoceros peruvianus","Chaetoceros peruvianus","Species","unassessed","2026-09-04",
"aphia","961885",961885,,"Chaetoceros seychellarum","Chaetoceros seychellarum","Species","unassessed","2026-09-04",
"aphia","962003",962003,,"Chaetoceros septentrionalis","Chaetoceros septentrionalis","Species","unassessed","2026-09-04",
"aphia","962307",962307,,"Coscinodiscus perforatus","Coscinodiscus perforatus","Species","unassessed","2026-09-04",
"aphia","962329",962329,,"Coscinodiscus stellaris","Coscinodiscus stellaris","Species","unassessed","2026-09-04",
"aphia","964359",964359,,"Coscinodiscus angustelineatus","Coscinodiscus angustelineatus","Species","unassessed","2026-09-04",
"aphia","968695",968695,,"Gyrosigma spenserii","Gyrosigma spenserii","Species","unassessed","2026-09-04",
"aphia","975029",975029,,"Coscinodiscus stellaris var. stellaris","Coscinodiscus stellaris var. stellaris","Variety","unassessed","2026-09-04",
"aphia","975336",975336,,"Guinardia blavyana var. blavyana","Guinardia blavyana var. blavyana","Variety","unassessed","2026-09-04",
"aphia","977636",977636,,"Coscinodiscus curvatulus var. curvatulus","Coscinodiscus curvatulus var. curvatulus","Variety","unassessed","2026-09-04",
"aphia","977643",977643,,"Coscinodiscus africanus var. africanus","Coscinodiscus africanus var. africanus","Variety","unassessed","2026-09-04",
"aphia","978142",978142,,"Pyxidicula compressa var. compressa","Pyxidicula compressa var. compressa","Variety","unassessed","2026-09-04",
"aphia","985165",985165,,"Rhizosolenia fragilissima f. fragilissima","Rhizosolenia fragilissima f. fragilissima","Forma","unassessed","2026-09-04",
"aphia","987094",987094,,"Chelonioidea","Chelonioidea","Superfamily","accepted","2026-08-05",
"aphia","990804",990804,,"Grammistidae","Grammistidae","Family","accepted","2026-08-05",
"aphia","990875",990875,,"Margalefidinium","Margalefidinium","Genus","accepted","2026-09-04",
"aphia","990878",990878,,"Margalefidinium catenatum","Margalefidinium catenatum","Species","accepted","2026-09-04",
"name","Ardenna",707540,,"Ardenna","Ardenna","Genus","accepted","2026-08-05","2026-08-05: worms_id 707540 matched by name ""Ardenna"""
"name","Bathophilus",126203,,"Bathophilus","Bathophilus","Genus","accepted","2026-08-05","2026-08-05: worms_id 126203 matched by name ""Bathophilus"""
"name","Caretta caretta",137205,,"Caretta caretta","Caretta caretta","Species","accepted","2026-09-03","2026-09-03: worms_id 137205 matched by name ""Caretta caretta"""
"name","Cyclothone",126187,,"Cyclothone","Cyclothone","Genus","accepted","2026-08-05","2026-08-05: worms_id 126187 matched by name ""Cyclothone"""
"name","Hydrobates leucorhoa chapmani",1739467,,"Hydrobates leucorhoa chapmani",,"Subspecies","unassessed","2026-09-04","2026-09-04: worms_id 1739467 matched by name ""Hydrobates leucorhoa chapmani"""
"name","Hydrobates socorroensis",1739459,,"Hydrobates socorroensis","Oceanodroma socorroensis","Species","accepted","2026-09-03","2026-09-03: worms_id 1739459 matched by name ""Hydrobates socorroensis""; WoRMS Hydrobates socorroensis unaccepted -> Oceanodroma socorroensis"
"name","Melamphaes",126181,,"Melamphaes","Melamphaes","Genus","accepted","2026-08-05","2026-08-05: worms_id 126181 matched by name ""Melamphaes"""
"name","Nannobrachium",125825,,"Nannobrachium","Lampanyctus","Genus","accepted","2026-08-05","2026-08-05: worms_id 125825 matched by name ""Nannobrachium""; WoRMS Nannobrachium unaccepted -> Lampanyctus"
"name","Sternoptyx",126199,,"Sternoptyx","Sternoptyx","Genus","accepted","2026-08-05","2026-08-05: worms_id 126199 matched by name ""Sternoptyx"""
"name","Sula dactylatra",212599,,"Sula dactylatra","Sula dactylatra","Species","accepted","2026-09-04","2026-09-04: worms_id 212599 matched by name ""Sula dactylatra"""
"name","Sula granti",343958,,"Sula granti","Sula granti","Species","accepted","2026-09-04","2026-09-04: worms_id 343958 matched by name ""Sula granti"""
"name","Syngnathus",126227,,"Syngnathus","Syngnathus","Genus","accepted","2026-08-05","2026-08-05: worms_id 126227 matched by name ""Syngnathus"""
"name","Synthliboramphus hypoleucus",344122,,"Synthliboramphus hypoleucus","Synthliboramphus hypoleucus","Species","accepted","2026-09-04","2026-09-04: worms_id 344122 matched by name ""Synthliboramphus hypoleucus"""
"name","Synthliboramphus scrippsi",1348513,,"Synthliboramphus scrippsi","Synthliboramphus scrippsi","Species","accepted","2026-09-03","2026-09-03: worms_id 1348513 matched by name ""Synthliboramphus scrippsi"""
"tsn","1",,1,,,,,"2026-08-05",
"tsn","1192602",,1192602,,,,,"2026-09-03",
"tsn","1192605",,1192605,,,,,"2026-09-03",
"tsn","1193102",,1193102,,,,,"2026-08-06",
"tsn","1255017",,1255017,,,,,"2026-08-05",
"tsn","1255018",,1255018,,,,,"2026-08-05",
"tsn","1255020",,1255020,,,,,"2026-08-06",
"tsn","1255022",,1255022,,,,,"2026-08-06",
"tsn","1255026",,1255026,,,,,"2026-08-06",
"tsn","1255030",,1255030,,,,,"2026-08-06",
"tsn","1255031",,1255031,,,,,"2026-09-03",
"tsn","1255033",,1255033,,,,,"2026-08-06",
"tsn","1255037",,1255037,,,,,"2026-08-06",
"tsn","1255038",,1255038,,,,,"2026-08-06",
"tsn","1255042",,1255042,,,,,"2026-08-06",
"tsn","1255048",,1255048,,,,,"2026-08-06",
"tsn","1255049",,1255049,,,,,"2026-08-06",
"tsn","1255050",,1255050,,,,,"2026-08-06",
"tsn","1255051",,1255051,,,,,"2026-08-06",
"tsn","1255052",,1255052,,,,,"2026-08-06",
"tsn","1255053",,1255053,,,,,"2026-08-06",
"tsn","1255063",,1255063,,,,,"2026-08-06",
"tsn","1255065",,1255065,,,,,"2026-08-06",
"tsn","1255070",,1255070,,,,,"2026-08-06",
"tsn","1255264",,1255264,,,,,"2026-09-03",
"tsn","158852",1821,158852,"Chordata","Chordata","Phylum","accepted","2026-08-05","2026-08-05: worms_id 1821 via WoRMS TSN crosswalk (status accepted)"
"tsn","174371",1836,174371,"Aves","Aves","Class","accepted","2026-08-05","2026-08-05: worms_id 1836 via WoRMS TSN crosswalk (status accepted)"
"tsn","174466",148793,174466,"Gaviiformes","Gaviiformes","Order","accepted","2026-08-05","2026-08-05: worms_id 148793 via WoRMS TSN crosswalk (status accepted)"
"tsn","174467",136996,174467,"Gaviidae","Gaviidae","Family","accepted","2026-08-05","2026-08-05: worms_id 136996 via WoRMS TSN crosswalk (status accepted)"
"tsn","174468",137057,174468,"Gavia","Gavia","Genus","accepted","2026-08-05","2026-08-05: worms_id 137057 via WoRMS TSN crosswalk (status accepted)"
"tsn","174469",137187,174469,"Gavia immer","Gavia immer","Species","accepted","2026-08-05","2026-08-05: worms_id 137187 via WoRMS TSN crosswalk (status accepted)"
"tsn","174471",137186,174471,"Gavia arctica","Gavia arctica","Species","accepted","2026-08-05","2026-08-05: worms_id 137186 via WoRMS TSN crosswalk (status accepted)"
"tsn","174474",137188,174474,"Gavia stellata","Gavia stellata","Species","accepted","2026-08-05","2026-08-05: worms_id 137188 via WoRMS TSN crosswalk (status accepted)"
"tsn","174475",422575,174475,"Gavia pacifica","Gavia pacifica","Species","accepted","2026-08-05","2026-08-05: worms_id 422575 via WoRMS TSN crosswalk (status accepted)"
"tsn","174476",2685,174476,"Podicipediformes","Podicipediformes","Order","accepted","2026-08-05","2026-08-05: worms_id 2685 via WoRMS TSN crosswalk (status accepted)"
"tsn","174477",136995,174477,"Podicipedidae","Podicipedidae","Family","accepted","2026-08-05","2026-08-05: worms_id 136995 via WoRMS TSN crosswalk (status accepted)"
"tsn","174478",137056,174478,"Podiceps","Podiceps","Genus","accepted","2026-08-05","2026-08-05: worms_id 137056 via WoRMS TSN crosswalk (status accepted)"
"tsn","174479",137183,174479,"Podiceps grisegena","Podiceps grisegena","Species","accepted","2026-08-05","2026-08-05: worms_id 137183 via WoRMS TSN crosswalk (status accepted)"
"tsn","174485",137184,174485,"Podiceps nigricollis","Podiceps nigricollis","Species","accepted","2026-08-05","2026-08-05: worms_id 137184 via WoRMS TSN crosswalk (status accepted)"
"tsn","174502",366616,174502,"Aechmophorus","Aechmophorus","Genus","accepted","2026-08-05","2026-08-05: worms_id 366616 via WoRMS TSN crosswalk (status accepted)"
"tsn","174503",366617,174503,"Aechmophorus occidentalis","Aechmophorus occidentalis","Species","accepted","2026-08-05","2026-08-05: worms_id 366617 via WoRMS TSN crosswalk (status accepted)"
"tsn","174512",2686,174512,"Procellariiformes","Procellariiformes","Order","accepted","2026-08-05","2026-08-05: worms_id 2686 via WoRMS TSN crosswalk (status accepted)"
"tsn","174513",148742,174513,"Diomedeidae","Diomedeidae","Family","accepted","2026-08-05","2026-08-05: worms_id 148742 via WoRMS TSN crosswalk (status accepted)"
"tsn","174532",136998,174532,"Procellariidae","Procellariidae","Family","accepted","2026-08-05","2026-08-05: worms_id 136998 via WoRMS TSN crosswalk (status accepted)"
"tsn","174535",137063,174535,"Fulmarus","Fulmarus","Genus","accepted","2026-08-05","2026-08-05: worms_id 137063 via WoRMS TSN crosswalk (status accepted)"
"tsn","174536",137195,174536,"Fulmarus glacialis","Fulmarus glacialis","Species","accepted","2026-08-05","2026-08-05: worms_id 137195 via WoRMS TSN crosswalk (status accepted)"
"tsn","174543",137065,174543,"Puffinus","Puffinus","Genus","accepted","2026-08-05","2026-08-05: worms_id 137065 via WoRMS TSN crosswalk (status accepted)"
"tsn","174547",1674258,1255052,"Puffinus creatopus","Ardenna creatopus","Species","accepted","2026-08-05","2026-08-05: worms_id 1674258 via WoRMS TSN crosswalk (status accepted); WoRMS Puffinus creatopus unaccepted -> Ardenna creatopus; itis:174547 deprecated in ITIS -> itis:1255052 (Ardenna creatopus)"
"tsn","174548",212635,1255053,"Puffinus carneipes","Ardenna carneipes","Species","accepted","2026-08-05","2026-08-05: worms_id 212635 via WoRMS TSN crosswalk (status accepted); itis:174548 deprecated in ITIS -> itis:1255053 (Ardenna carneipes)"
"tsn","174550",212634,1255048,"Puffinus pacificus","Ardenna pacifica","Species","accepted","2026-08-05","2026-08-05: worms_id 212634 via WoRMS TSN crosswalk (status accepted); itis:174550 deprecated in ITIS -> itis:1255048 (Ardenna pacifica)"
"tsn","174552",225986,1255049,"Puffinus bulleri","Ardenna bulleri","Species","accepted","2026-08-05","2026-08-05: worms_id 225986 via WoRMS TSN crosswalk (status accepted); itis:174552 deprecated in ITIS -> itis:1255049 (Ardenna bulleri)"
"tsn","174553",137202,1255050,"Puffinus griseus","Ardenna grisea","Species","accepted","2026-08-05","2026-08-05: worms_id 137202 via WoRMS TSN crosswalk (status accepted); itis:174553 deprecated in ITIS -> itis:1255050 (Ardenna grisea)"
"tsn","174554",225770,1255051,"Puffinus tenuirostris","Ardenna tenuirostris","Species","accepted","2026-08-05","2026-08-05: worms_id 225770 via WoRMS TSN crosswalk (status accepted); itis:174554 deprecated in ITIS -> itis:1255051 (Ardenna tenuirostris)"
"tsn","174566",137064,174566,"Pterodroma","Pterodroma","Genus","accepted","2026-08-05","2026-08-05: worms_id 137064 via WoRMS TSN crosswalk (status accepted)"
"tsn","174569",225761,174569,"Pterodroma inexpectata","Pterodroma inexpectata","Species","accepted","2026-08-05","2026-08-05: worms_id 225761 via WoRMS TSN crosswalk (status accepted)"
"tsn","174573",343978,174573,"Pterodroma neglecta","Pterodroma neglecta","Species","accepted","2026-08-05","2026-08-05: worms_id 343978 via WoRMS TSN crosswalk (status accepted)"
"tsn","174574",225933,174574,"Pterodroma externa","Pterodroma externa","Species","accepted","2026-08-05","2026-08-05: worms_id 225933 via WoRMS TSN crosswalk (status accepted)"
"tsn","174581",343983,174581,"Pterodroma solandri","Pterodroma solandri","Species","accepted","2026-08-05","2026-08-05: worms_id 343983 via WoRMS TSN crosswalk (status accepted)"
"tsn","174582",343977,174582,"Pterodroma longirostris","Pterodroma longirostris","Species","accepted","2026-08-05","2026-08-05: worms_id 343977 via WoRMS TSN crosswalk (status accepted)"
"tsn","174592",343984,174592,"Pterodroma ultima","Pterodroma ultima","Species","accepted","2026-08-05","2026-08-05: worms_id 343984 via WoRMS TSN crosswalk (status accepted)"
"tsn","174609",205240,174609,"Procellaria","Procellaria","Genus","accepted","2026-08-05","2026-08-05: worms_id 205240 via WoRMS TSN crosswalk (status accepted)"
"tsn","174611",225914,174611,"Procellaria parkinsoni","Procellaria parkinsoni","Species","accepted","2026-08-05","2026-08-05: worms_id 225914 via WoRMS TSN crosswalk (status accepted)"
"tsn","174619",148794,174619,"Hydrobatidae","Hydrobatidae","Family","accepted","2026-08-06","2026-08-06: worms_id 148794 via WoRMS TSN crosswalk (status accepted)"
"tsn","174625",1264659,1255026,"Hydrobates furcatus","Hydrobates furcatus","Species","accepted","2026-08-05","2026-08-05: worms_id 1264659 via WoRMS TSN crosswalk (status accepted); itis:174625 deprecated in ITIS -> itis:1255026 (Hydrobates furcatus)"
"tsn","174628",137192,1255030,"Oceanodroma leucorhoa","Hydrobates leucorhous","Species","accepted","2026-08-05","2026-08-05: worms_id 137192 via WoRMS TSN crosswalk (status accepted); itis:174628 deprecated in ITIS -> itis:1255030 (Hydrobates leucorhous)"
"tsn","174634",343963,1255033,"Oceanodroma homochroa","Hydrobates homochroa","Species","accepted","2026-08-05","2026-08-05: worms_id 343963 via WoRMS TSN crosswalk (status accepted); itis:174634 deprecated in ITIS -> itis:1255033 (Hydrobates homochroa)"
"tsn","174638",343969,1255037,"Oceanodroma tethys","Hydrobates tethys","Species","accepted","2026-08-05","2026-08-05: worms_id 343969 via WoRMS TSN crosswalk (status accepted); itis:174638 deprecated in ITIS -> itis:1255037 (Hydrobates tethys)"
"tsn","174640",343967,1255038,"Oceanodroma melania","Hydrobates melania","Species","accepted","2026-08-05","2026-08-05: worms_id 343967 via WoRMS TSN crosswalk (status accepted); itis:174640 deprecated in ITIS -> itis:1255038 (Hydrobates melania)"
"tsn","174646",343968,1255042,"Oceanodroma microsoma","Hydrobates microsoma","Species","accepted","2026-08-05","2026-08-05: worms_id 343968 via WoRMS TSN crosswalk (status accepted); itis:174646 deprecated in ITIS -> itis:1255042 (Hydrobates microsoma)"
"tsn","174649",137059,174649,"Oceanites","Oceanites","Genus","accepted","2026-08-05","2026-08-05: worms_id 137059 via WoRMS TSN crosswalk (status accepted)"
"tsn","174650",137190,174650,"Oceanites oceanicus","Oceanites oceanicus","Species","accepted","2026-08-05","2026-08-05: worms_id 137190 via WoRMS TSN crosswalk (status accepted)"
"tsn","174662",137058,174662,"Hydrobates","Hydrobates","Genus","accepted","2026-08-06","2026-08-06: worms_id 137058 via WoRMS TSN crosswalk (status accepted)"
"tsn","174670",2684,174670,"Pelecaniformes","Pelecaniformes","Order","accepted","2026-08-05","2026-08-05: worms_id 2684 via WoRMS TSN crosswalk (status accepted)"
"tsn","174671",136992,174671,"Phaethontidae","Phaethontidae","Family","accepted","2026-08-05","2026-08-05: worms_id 136992 via WoRMS TSN crosswalk (status accepted)"
"tsn","174672",137053,174672,"Phaethon","Phaethon","Genus","accepted","2026-08-05","2026-08-05: worms_id 137053 via WoRMS TSN crosswalk (status accepted)"
"tsn","174673",137177,174673,"Phaethon aethereus","Phaethon aethereus","Species","accepted","2026-08-05","2026-08-05: worms_id 137177 via WoRMS TSN crosswalk (status accepted)"
"tsn","174679",212595,174679,"Phaethon rubricauda","Phaethon rubricauda","Species","accepted","2026-08-05","2026-08-05: worms_id 212595 via WoRMS TSN crosswalk (status accepted)"
"tsn","174682",136991,174682,"Pelecanidae","Pelecanidae","Family","accepted","2026-08-05","2026-08-05: worms_id 136991 via WoRMS TSN crosswalk (status accepted)"
"tsn","174683",137052,174683,"Pelecanus","Pelecanus","Genus","accepted","2026-08-05","2026-08-05: worms_id 137052 via WoRMS TSN crosswalk (status accepted)"
"tsn","174684",159058,174684,"Pelecanus erythrorhynchos","Pelecanus erythrorhynchos","Species","accepted","2026-08-05","2026-08-05: worms_id 159058 via WoRMS TSN crosswalk (status accepted)"
"tsn","174685",343935,174685,"Pelecanus occidentalis","Pelecanus occidentalis","Species","accepted","2026-08-05","2026-08-05: worms_id 343935 via WoRMS TSN crosswalk (status accepted)"
"tsn","174696",136994,174696,"Sulidae","Sulidae","Family","accepted","2026-08-05","2026-08-05: worms_id 136994 via WoRMS TSN crosswalk (status accepted)"
"tsn","174697",137055,174697,"Sula","Sula","Genus","accepted","2026-08-05","2026-08-05: worms_id 137055 via WoRMS TSN crosswalk (status accepted)"
"tsn","174699",212599,174699,"Sula dactylatra","Sula dactylatra","Species","accepted","2026-09-03","2026-09-03: worms_id 212599 via WoRMS TSN crosswalk (status accepted)"
"tsn","174704",212597,174704,"Sula leucogaster","Sula leucogaster","Species","accepted","2026-08-05","2026-08-05: worms_id 212597 via WoRMS TSN crosswalk (status accepted)"
"tsn","174707",212596,174707,"Sula sula","Sula sula","Species","accepted","2026-08-05","2026-08-05: worms_id 212596 via WoRMS TSN crosswalk (status accepted)"
"tsn","174713",136993,174713,"Phalacrocoracidae","Phalacrocoracidae","Family","accepted","2026-08-06","2026-08-06: worms_id 136993 via WoRMS TSN crosswalk (status accepted)"
"tsn","174717",159059,1255070,"Phalacrocorax auritus","Nannopterum auritum","Species","accepted","2026-08-05","2026-08-05: worms_id 159059 via WoRMS TSN crosswalk (status accepted); itis:174717 deprecated in ITIS -> itis:1255070 (Nannopterum auritum)"
"tsn","174724",343951,1255063,"Phalacrocorax penicillatus","Urile penicillatus","Species","accepted","2026-08-05","2026-08-05: worms_id 343951 via WoRMS TSN crosswalk (status accepted); itis:174724 deprecated in ITIS -> itis:1255063 (Urile penicillatus)"
"tsn","174725",343950,1255065,"Phalacrocorax pelagicus","Urile pelagicus","Species","accepted","2026-08-05","2026-08-05: worms_id 343950 via WoRMS TSN crosswalk (status accepted); itis:174725 deprecated in ITIS -> itis:1255065 (Urile pelagicus)"
"tsn","174982",2681,174982,"Anseriformes","Anseriformes","Order","accepted","2026-08-05","2026-08-05: worms_id 2681 via WoRMS TSN crosswalk (status accepted)"
"tsn","174983",136973,174983,"Anatidae","Anatidae","Family","accepted","2026-08-05","2026-08-05: worms_id 136973 via WoRMS TSN crosswalk (status accepted)"
"tsn","174998",159174,174998,"Branta","Branta","Genus","accepted","2026-08-05","2026-08-05: worms_id 159174 via WoRMS TSN crosswalk (status accepted)"
"tsn","175011",159175,175011,"Branta bernicla","Branta bernicla","Species","accepted","2026-08-05","2026-08-05: worms_id 159175 via WoRMS TSN crosswalk (status accepted)"
"tsn","175162",137002,175162,"Melanitta","Melanitta","Genus","accepted","2026-08-05","2026-08-05: worms_id 137002 via WoRMS TSN crosswalk (status accepted)"
"tsn","175170",159095,175170,"Melanitta perspicillata","Melanitta perspicillata","Species","accepted","2026-08-05","2026-08-05: worms_id 159095 via WoRMS TSN crosswalk (status accepted)"
"tsn","175171",137073,175171,"Melanitta nigra","Melanitta nigra","Species","accepted","2026-08-05","2026-08-05: worms_id 137073 via WoRMS TSN crosswalk (status accepted)"
"tsn","175262",225849,175262,"Falconiformes","Falconiformes","Order","accepted","2026-08-05","2026-08-05: worms_id 225849 via WoRMS TSN crosswalk (status accepted)"
"tsn","175588",,175588,,,,,"2026-08-05",
"tsn","175589",159375,175589,"Pandion","Pandion","Genus","accepted","2026-08-05","2026-08-05: worms_id 159375 via WoRMS TSN crosswalk (status accepted)"
"tsn","175590",159377,175590,"Pandion haliaetus","Pandion haliaetus","Species","accepted","2026-08-05","2026-08-05: worms_id 159377 via WoRMS TSN crosswalk (status accepted)"
"tsn","175593",159070,175593,"Falconidae","Falconidae","Family","accepted","2026-08-05","2026-08-05: worms_id 159070 via WoRMS TSN crosswalk (status accepted)"
"tsn","175598",159071,175598,"Falco","Falco","Genus","accepted","2026-08-05","2026-08-05: worms_id 159071 via WoRMS TSN crosswalk (status accepted)"
"tsn","175604",159153,175604,"Falco peregrinus","Falco peregrinus","Species","accepted","2026-08-05","2026-08-05: worms_id 159153 via WoRMS TSN crosswalk (status accepted)"
"tsn","176445",2682,176445,"Charadriiformes","Charadriiformes","Order","accepted","2026-08-05","2026-08-05: worms_id 2682 via WoRMS TSN crosswalk (status accepted)"
"tsn","176568",147429,176568,"Scolopacidae","Scolopacidae","Family","accepted","2026-08-05","2026-08-05: worms_id 147429 via WoRMS TSN crosswalk (status accepted)"
"tsn","176569",147430,176569,"Arenaria","Arenaria","Genus","accepted","2026-08-05","2026-08-05: worms_id 147430 via WoRMS TSN crosswalk (status accepted)"
"tsn","176571",147431,176571,"Arenaria interpres","Arenaria interpres","Species","accepted","2026-08-05","2026-08-05: worms_id 147431 via WoRMS TSN crosswalk (status accepted)"
"tsn","176733",137049,176733,"Phalaropus","Phalaropus","Genus","accepted","2026-08-05","2026-08-05: worms_id 137049 via WoRMS TSN crosswalk (status accepted)"
"tsn","176734",137168,176734,"Phalaropus fulicarius","Phalaropus fulicarius","Species","accepted","2026-08-06","2026-08-06: worms_id 137168 via WoRMS TSN crosswalk (status accepted)"
"tsn","176735",137169,176735,"Phalaropus lobatus","Phalaropus lobatus","Species","accepted","2026-08-05","2026-08-05: worms_id 137169 via WoRMS TSN crosswalk (status accepted)"
"tsn","176790",136990,176790,"Stercorariidae","Stercorariidae","Family","accepted","2026-08-05","2026-08-05: worms_id 136990 via WoRMS TSN crosswalk (status accepted)"
"tsn","176791",137051,176791,"Stercorarius","Stercorarius","Genus","accepted","2026-08-05","2026-08-05: worms_id 137051 via WoRMS TSN crosswalk (status accepted)"
"tsn","176792",137173,176792,"Stercorarius pomarinus","Stercorarius pomarinus","Species","accepted","2026-08-05","2026-08-05: worms_id 137173 via WoRMS TSN crosswalk (status accepted)"
"tsn","176793",137172,176793,"Stercorarius parasiticus","Stercorarius parasiticus","Species","accepted","2026-08-05","2026-08-05: worms_id 137172 via WoRMS TSN crosswalk (status accepted)"
"tsn","176794",137171,176794,"Stercorarius longicaudus","Stercorarius longicaudus","Species","accepted","2026-08-05","2026-08-05: worms_id 137171 via WoRMS TSN crosswalk (status accepted)"
"tsn","176802",136988,176802,"Laridae","Laridae","Family","accepted","2026-08-05","2026-08-05: worms_id 136988 via WoRMS TSN crosswalk (status accepted)"
"tsn","176803",137043,176803,"Larus","Larus","Genus","accepted","2026-08-05","2026-08-05: worms_id 137043 via WoRMS TSN crosswalk (status accepted)"
"tsn","176805",137048,176805,"Xema","Xema","Genus","accepted","2026-08-06","2026-08-06: worms_id 137048 via WoRMS TSN crosswalk (status accepted)"
"tsn","176806",137046,176806,"Rissa","Rissa","Genus","accepted","2026-08-05","2026-08-05: worms_id 137046 via WoRMS TSN crosswalk (status accepted)"
"tsn","176808",137145,176808,"Larus hyperboreus","Larus hyperboreus","Species","accepted","2026-08-05","2026-08-05: worms_id 137145 via WoRMS TSN crosswalk (status accepted)"
"tsn","176811",137144,176811,"Larus glaucoides","Larus glaucoides","Species","accepted","2026-08-06","2026-08-06: worms_id 137144 via WoRMS TSN crosswalk (status accepted)"
"tsn","176814",343911,176814,"Larus glaucescens","Larus glaucescens","Species","accepted","2026-08-05","2026-08-05: worms_id 343911 via WoRMS TSN crosswalk (status accepted)"
"tsn","176817",343916,176817,"Larus occidentalis","Larus occidentalis","Species","accepted","2026-08-05","2026-08-05: worms_id 343916 via WoRMS TSN crosswalk (status accepted)"
"tsn","176824",137138,176824,"Larus argentatus","Larus argentatus","Species","accepted","2026-08-05","2026-08-05: worms_id 137138 via WoRMS TSN crosswalk (status accepted)"
"tsn","176828",343922,1193102,"Larus thayeri","Larus glaucoides thayeri","Species","accepted","2026-08-05","2026-08-05: worms_id 343922 via WoRMS TSN crosswalk (status accepted); itis:176828 deprecated in ITIS -> itis:1193102 (Larus glaucoides thayeri)"
"tsn","176829",343907,176829,"Larus californicus","Larus californicus","Species","accepted","2026-08-05","2026-08-05: worms_id 343907 via WoRMS TSN crosswalk (status accepted)"
"tsn","176830",148797,176830,"Larus delawarensis","Larus delawarensis","Species","accepted","2026-08-05","2026-08-05: worms_id 148797 via WoRMS TSN crosswalk (status accepted)"
"tsn","176832",137141,176832,"Larus canus","Larus canus","Species","accepted","2026-08-05","2026-08-05: worms_id 137141 via WoRMS TSN crosswalk (status accepted)"
"tsn","176837",159074,824810,"Larus atricilla","Leucophaeus atricilla atricilla","Species","accepted","2026-08-05","2026-08-05: worms_id 159074 via WoRMS TSN crosswalk (status accepted); itis:176837 deprecated in ITIS -> itis:824810 (Leucophaeus atricilla atricilla)"
"tsn","176838",159077,824082,"Larus pipixcan","Leucophaeus pipixcan","Species","accepted","2026-08-05","2026-08-05: worms_id 159077 via WoRMS TSN crosswalk (status accepted); itis:176838 deprecated in ITIS -> itis:824082 (Leucophaeus pipixcan)"
"tsn","176839",159076,824040,"Larus philadelphia","Chroicocephalus philadelphia","Species","accepted","2026-08-05","2026-08-05: worms_id 159076 via WoRMS TSN crosswalk (status accepted); itis:176839 deprecated in ITIS -> itis:824040 (Chroicocephalus philadelphia)"
"tsn","176841",343913,176841,"Larus heermanni","Larus heermanni","Species","accepted","2026-08-05","2026-08-05: worms_id 343913 via WoRMS TSN crosswalk (status accepted)"
"tsn","176849",212624,176849,"Larus dominicanus","Larus dominicanus","Species","accepted","2026-08-05","2026-08-05: worms_id 212624 via WoRMS TSN crosswalk (status accepted)"
"tsn","176865",137167,176866,"Larus sabini","Xema sabini","Species","accepted","2026-08-05","2026-08-05: worms_id 137167 via WoRMS TSN crosswalk (status accepted); WoRMS Larus sabini unaccepted -> Xema sabini; itis:176865 deprecated in ITIS -> itis:176866 (Xema sabini)"
"tsn","176866",137167,176866,"Xema sabini","Xema sabini","Species","accepted","2026-08-06","2026-08-06: worms_id 137167 via WoRMS TSN crosswalk (status accepted)"
"tsn","176875",137156,176875,"Rissa tridactyla","Rissa tridactyla","Species","accepted","2026-08-05","2026-08-05: worms_id 137156 via WoRMS TSN crosswalk (status accepted)"
"tsn","176885",137047,176885,"Sterna","Sterna","Genus","accepted","2026-08-05","2026-08-05: worms_id 137047 via WoRMS TSN crosswalk (status accepted)"
"tsn","176887",159057,176887,"Sterna forsteri","Sterna forsteri","Species","accepted","2026-08-05","2026-08-05: worms_id 159057 via WoRMS TSN crosswalk (status accepted)"
"tsn","176888",137162,176888,"Sterna hirundo","Sterna hirundo","Species","accepted","2026-08-05","2026-08-05: worms_id 137162 via WoRMS TSN crosswalk (status accepted)"
"tsn","176890",137165,176890,"Sterna paradisaea","Sterna paradisaea","Species","accepted","2026-08-05","2026-08-05: worms_id 137165 via WoRMS TSN crosswalk (status accepted)"
"tsn","176922",413040,824142,"Sterna maxima","Thalasseus maximus","Species","accepted","2026-08-05","2026-08-05: worms_id 413040 via WoRMS TSN crosswalk (status accepted); WoRMS Sterna maxima unaccepted -> Thalasseus maximus; itis:176922 deprecated in ITIS -> itis:824142 (Thalasseus maximus)"
"tsn","176923",567797,824127,"Sterna antillarum","Sternula antillarum","Species","accepted","2026-08-05","2026-08-05: worms_id 567797 via WoRMS TSN crosswalk (status accepted); WoRMS Sterna antillarum unaccepted -> Sternula antillarum; itis:176923 deprecated in ITIS -> itis:824127 (Sternula antillarum)"
"tsn","176924",567825,176935,"Sterna caspia","Hydroprogne caspia","Species","accepted","2026-08-05","2026-08-05: worms_id 567825 via WoRMS TSN crosswalk (status accepted); WoRMS Sterna caspia unaccepted -> Hydroprogne caspia; itis:176924 deprecated in ITIS -> itis:176935 (Hydroprogne caspia)"
"tsn","176925",413043,176931,"Sterna elegans","Thalasseus elegans","Species","accepted","2026-08-05","2026-08-05: worms_id 413043 via WoRMS TSN crosswalk (status accepted); WoRMS Sterna elegans unaccepted -> Thalasseus elegans; itis:176925 deprecated in ITIS -> itis:176931 (Thalasseus elegans)"
"tsn","176928",413038,176928,"Thalasseus","Thalasseus","Genus","accepted","2026-08-06","2026-08-06: worms_id 413038 via WoRMS TSN crosswalk (status accepted)"
"tsn","176931",413043,176931,"Thalasseus elegans","Thalasseus elegans","Species","accepted","2026-08-06","2026-08-06: worms_id 413043 via WoRMS TSN crosswalk (status accepted)"
"tsn","176934",567824,176934,"Hydroprogne","Hydroprogne","Genus","accepted","2026-08-06","2026-08-06: worms_id 567824 via WoRMS TSN crosswalk (status accepted)"
"tsn","176935",567825,176935,"Hydroprogne caspia","Hydroprogne caspia","Species","accepted","2026-08-06","2026-08-06: worms_id 567825 via WoRMS TSN crosswalk (status accepted)"
"tsn","176940",206812,176940,"Anous","Anous","Genus","accepted","2026-08-05","2026-08-05: worms_id 206812 via WoRMS TSN crosswalk (status accepted)"
"tsn","176941",212629,176941,"Anous stolidus","Anous stolidus","Species","accepted","2026-08-05","2026-08-05: worms_id 212629 via WoRMS TSN crosswalk (status accepted)"
"tsn","176967",136987,176967,"Alcidae","Alcidae","Family","accepted","2026-08-05","2026-08-05: worms_id 136987 via WoRMS TSN crosswalk (status accepted)"
"tsn","176973",137041,176973,"Uria","Uria","Genus","accepted","2026-08-05","2026-08-05: worms_id 137041 via WoRMS TSN crosswalk (status accepted)"
"tsn","176974",137133,176974,"Uria aalge","Uria aalge","Species","accepted","2026-08-05","2026-08-05: worms_id 137133 via WoRMS TSN crosswalk (status accepted)"
"tsn","176984",137038,176984,"Cepphus","Cepphus","Genus","accepted","2026-08-05","2026-08-05: worms_id 137038 via WoRMS TSN crosswalk (status accepted)"
"tsn","176991",343902,176991,"Cepphus columba","Cepphus columba","Species","accepted","2026-08-05","2026-08-05: worms_id 343902 via WoRMS TSN crosswalk (status accepted)"
"tsn","176995",254307,176995,"Brachyramphus","Brachyramphus","Genus","accepted","2026-08-05","2026-08-05: worms_id 254307 via WoRMS TSN crosswalk (status accepted)"
"tsn","176996",254308,176996,"Brachyramphus marmoratus","Brachyramphus marmoratus","Species","accepted","2026-08-05","2026-08-05: worms_id 254308 via WoRMS TSN crosswalk (status accepted)"
"tsn","177006",343632,177006,"Synthliboramphus","Synthliboramphus","Genus","accepted","2026-08-05","2026-08-05: worms_id 343632 via WoRMS TSN crosswalk (status accepted)"
"tsn","177008",344120,177008,"Synthliboramphus antiquus","Synthliboramphus antiquus","Species","accepted","2026-08-05","2026-08-05: worms_id 344120 via WoRMS TSN crosswalk (status accepted)"
"tsn","177010",344121,177010,"Synthliboramphus craveri","Synthliboramphus craveri","Species","accepted","2026-08-05","2026-08-05: worms_id 344121 via WoRMS TSN crosswalk (status accepted)"
"tsn","177011",344122,177011,"Synthliboramphus hypoleucus","Synthliboramphus hypoleucus","Species","accepted","2026-08-05","2026-08-05: worms_id 344122 via WoRMS TSN crosswalk (status accepted)"
"tsn","177012",343629,177012,"Ptychoramphus","Ptychoramphus","Genus","accepted","2026-08-05","2026-08-05: worms_id 343629 via WoRMS TSN crosswalk (status accepted)"
"tsn","177013",344115,177013,"Ptychoramphus aleuticus","Ptychoramphus aleuticus","Species","accepted","2026-08-05","2026-08-05: worms_id 344115 via WoRMS TSN crosswalk (status accepted)"
"tsn","177018",343585,177018,"Aethia","Aethia","Genus","accepted","2026-08-05","2026-08-05: worms_id 343585 via WoRMS TSN crosswalk (status accepted)"
"tsn","177022",343594,177022,"Cerorhinca","Cerorhinca","Genus","accepted","2026-08-05","2026-08-05: worms_id 343594 via WoRMS TSN crosswalk (status accepted)"
"tsn","177023",344029,177023,"Cerorhinca monocerata","Cerorhinca monocerata","Species","accepted","2026-08-05","2026-08-05: worms_id 344029 via WoRMS TSN crosswalk (status accepted)"
"tsn","177024",137039,177024,"Fratercula","Fratercula","Genus","accepted","2026-08-05","2026-08-05: worms_id 137039 via WoRMS TSN crosswalk (status accepted)"
"tsn","177029",343903,177029,"Fratercula corniculata","Fratercula corniculata","Species","accepted","2026-08-05","2026-08-05: worms_id 343903 via WoRMS TSN crosswalk (status accepted)"
"tsn","177032",344610,177032,"Fratercula cirrhata","Fratercula cirrhata","Species","accepted","2026-08-05","2026-08-05: worms_id 344610 via WoRMS TSN crosswalk (status accepted)"
"tsn","202225",405108,562561,"Pterodroma sandwichensis","Pterodroma sandwichensis","Species","accepted","2026-08-05","2026-08-05: worms_id 405108 via WoRMS TSN crosswalk (status accepted); itis:202225 deprecated in ITIS -> itis:562561 (Pterodroma sandwichensis)"
"tsn","202423",2,202423,"Animalia","Animalia","Kingdom","accepted","2026-08-05","2026-08-05: worms_id 2 via WoRMS TSN crosswalk (status accepted)"
"tsn","331030",146419,331030,"Vertebrata","Vertebrata","Subphylum","accepted","2026-08-05","2026-08-05: worms_id 146419 via WoRMS TSN crosswalk (status accepted)"
"tsn","553521",343625,553521,"Phoebastria","Phoebastria","Genus","accepted","2026-08-05","2026-08-05: worms_id 343625 via WoRMS TSN crosswalk (status accepted)"
"tsn","554027",1264668,554027,"Aechmophorus clarkii","Aechmophorus clarkii","Species","accepted","2026-08-05","2026-08-05: worms_id 1264668 via WoRMS TSN crosswalk (status accepted)"
"tsn","554029",422957,554029,"Aethia psittacula","Aethia psittacula","Species","accepted","2026-08-05","2026-08-05: worms_id 422957 via WoRMS TSN crosswalk (status accepted)"
"tsn","554376",137168,176734,"Phalaropus fulicaria","Phalaropus fulicarius","Species","accepted","2026-08-05","2026-08-05: worms_id 137168 via WoRMS TSN crosswalk (status accepted); WoRMS Phalaropus fulicaria unaccepted -> Phalaropus fulicarius; itis:554376 deprecated in ITIS -> itis:176734 (Phalaropus fulicarius)"
"tsn","554377",344103,554377,"Phoebastria albatrus","Phoebastria albatrus","Species","accepted","2026-08-05","2026-08-05: worms_id 344103 via WoRMS TSN crosswalk (status accepted)"
"tsn","554378",344104,554378,"Phoebastria immutabilis","Phoebastria immutabilis","Species","accepted","2026-08-05","2026-08-05: worms_id 344104 via WoRMS TSN crosswalk (status accepted)"
"tsn","554379",344106,554379,"Phoebastria nigripes","Phoebastria nigripes","Species","accepted","2026-08-05","2026-08-05: worms_id 344106 via WoRMS TSN crosswalk (status accepted)"
"tsn","554395",225943,554395,"Pterodroma cookii","Pterodroma cookii","Species","accepted","2026-08-05","2026-08-05: worms_id 225943 via WoRMS TSN crosswalk (status accepted)"
"tsn","554396",343988,554396,"Puffinus opisthomelas","Puffinus opisthomelas","Species","accepted","2026-08-05","2026-08-05: worms_id 343988 via WoRMS TSN crosswalk (status accepted)"
"tsn","562561",405108,562561,"Pterodroma sandwichensis","Pterodroma sandwichensis","Species","accepted","2026-08-05","2026-08-05: worms_id 405108 via WoRMS TSN crosswalk (status accepted)"
"tsn","660062",422607,660062,"Stercorarius maccormicki","Stercorarius maccormicki","Species","accepted","2026-08-05","2026-08-05: worms_id 422607 via WoRMS TSN crosswalk (status accepted)"
"tsn","726047",343958,726047,"Sula granti","Sula granti","Species","accepted","2026-09-03","2026-09-03: worms_id 343958 via WoRMS TSN crosswalk (status accepted)"
"tsn","823960",,823960,,,,,"2026-08-05",
"tsn","823961",570728,823961,"Accipitriformes","Accipitriformes","Order","accepted","2026-08-05","2026-08-05: worms_id 570728 via WoRMS TSN crosswalk (status accepted)"
"tsn","823962",,823962,,,,,"2026-08-05",
"tsn","823970",,823970,,,,,"2026-08-05",
"tsn","823978",465357,823978,"Chroicocephalus","Chroicocephalus","Genus","accepted","2026-08-06","2026-08-06: worms_id 465357 via WoRMS TSN crosswalk (status accepted)"
"tsn","823984",1471549,823984,"Leucophaeus","Leucophaeus","Genus","accepted","2026-08-06","2026-08-06: worms_id 1471549 via WoRMS TSN crosswalk (status accepted)"
"tsn","823995",567479,823995,"Sternula","Sternula","Genus","accepted","2026-08-06","2026-08-06: worms_id 567479 via WoRMS TSN crosswalk (status accepted)"
"tsn","824040",,824040,,,,,"2026-08-06",
"tsn","824079",,824079,,,,,"2026-08-06",
"tsn","824082",,824082,,,,,"2026-08-06",
"tsn","824127",567797,824127,"Sternula antillarum","Sternula antillarum","Species","accepted","2026-08-06","2026-08-06: worms_id 567797 via WoRMS TSN crosswalk (status accepted)"
"tsn","824142",413040,824142,"Thalasseus maximus","Thalasseus maximus","Species","accepted","2026-08-06","2026-08-06: worms_id 413040 via WoRMS TSN crosswalk (status accepted)"
"tsn","824810",,824810,,,,,"2026-08-06",
"tsn","914154",,914154,,,,,"2026-08-05",
"tsn","914156",,914156,,,,,"2026-08-05",
"tsn","914179",,914179,,,,,"2026-08-05",
"tsn","914181",1831,914181,"Tetrapoda","Tetrapoda","Megaclass","accepted","2026-08-05","2026-08-05: worms_id 1831 via WoRMS TSN crosswalk (status accepted)"
