{
"type": "FeatureCollection",
"name": "grid",
"features": [
{ "type": "Feature", "properties": { "grid_key": "st0-ln10_hist", "station": 0.0, "line": 10.0, "shore": "nearshore", "pattern": "historical", "zone": "nearshore-historical", "lon_ctr": -125.42942314301294, "lat_ctr": 48.185021429304193 }, "geometry": { "type": "Polygon", "coordinates": [ [ [ -124.272126468082632, 48.479640132454286 ], [ -124.389149542999917, 48.517971096000053 ], [ -124.414214647999913, 48.519761460000034 ], [ -124.437896287999934, 48.525539455000064 ], [ -124.429676886999914, 48.53851959800005 ], [ -124.407785610999895, 48.552394924000055 ], [ -124.390695766999869, 48.560736395000049 ], [ -124.401437954999864, 48.56525299700008 ], [ -124.434681769999983, 48.569159247000073 ], [ -124.445301886999943, 48.568182684000078 ], [ -124.457264777999953, 48.562730210000055 ], [ -124.467518683999941, 48.555975653000068 ], [ -124.485666469999956, 48.540228583000044 ], [ -124.493560350999957, 48.542141018000059 ], [ -124.513579881999974, 48.547064520000042 ], [ -124.665394660999937, 48.573228257000039 ], [ -124.731190558999913, 48.596380927000048 ], [ -124.769357876999891, 48.615057684000071 ], [ -124.799916144999912, 48.639227606000084 ], [ -124.816232876999877, 48.647121486000067 ], [ -125.093983527999939, 48.730047919000071 ], [ -125.108754035999979, 48.738755601000037 ], [ -125.143910285999979, 48.774359442000048 ], [ -125.159820115999977, 48.786810614000032 ], [ -125.185170050999972, 48.800970770000042 ], [ -125.17113196499993, 48.815904039000088 ], [ -125.110015428999915, 48.841945705000064 ], [ -125.105132615999921, 48.847845770000049 ], [ -125.095570441999925, 48.863470770000042 ], [ -125.088978644999941, 48.869818427000041 ], [ -125.078439907999879, 48.876166083000044 ], [ -125.068755662999905, 48.880194403000068 ], [ -125.058176235999852, 48.882269598000043 ], [ -125.034494594999913, 48.883734442000048 ], [ -125.021962042999917, 48.886542059000078 ], [ -125.011463995999932, 48.891994533000052 ], [ -125.006988084999946, 48.900213934000078 ], [ -125.009632941999953, 48.914292710000041 ], [ -125.013783331999974, 48.921372789000088 ], [ -125.0136612619999, 48.928127346000053 ], [ -125.003570115999977, 48.941229559000071 ], [ -124.984120245999918, 48.956000067000041 ], [ -124.963246222999913, 48.962958075000074 ], [ -124.918283657999922, 48.972235419000064 ], [ -124.882679816999968, 48.99054596600007 ], [ -124.846994594999899, 49.020453192000041 ], [ -124.819447394999926, 49.058010158000052 ], [ -124.808420376999905, 49.099188544000064 ], [ -124.800892706999946, 49.116766669000071 ], [ -124.786976691999953, 49.133490302000034 ], [ -124.77940833199996, 49.152044989000039 ], [ -124.7988175119999, 49.188788153000075 ], [ -124.803479500608333, 49.2168144608708 ], [ -124.819483693844788, 49.2389098885549 ], [ -124.820627407999908, 49.237982489000046 ], [ -124.825550910999951, 49.232163804000038 ], [ -124.82892818899991, 49.225490627000049 ], [ -124.828521287999962, 49.217718817000048 ], [ -124.822010870999947, 49.181382554000031 ], [ -124.822010870999918, 49.140122789000081 ], [ -124.828033006999917, 49.119859117000026 ], [ -124.842030402999924, 49.103908596000046 ], [ -124.858021613999924, 49.089585679000045 ], [ -124.869862433999899, 49.074652411000038 ], [ -124.879221157999922, 49.032294012000087 ], [ -124.888010219999842, 49.01398346600007 ], [ -124.907704230999911, 49.006415106000077 ], [ -124.924672003999959, 49.002834377000049 ], [ -124.967640753999945, 48.987941799000055 ], [ -124.992746548999975, 48.985907294000064 ], [ -125.044829881999974, 48.992743231000077 ], [ -125.056467251999862, 48.990627346000053 ], [ -125.076039191999953, 48.981187242000033 ], [ -125.085845506999917, 48.97907135600007 ], [ -125.111236131999917, 48.983872789000088 ], [ -125.129221157999908, 48.992987372000073 ], [ -125.146880662999962, 48.99852122600003 ], [ -125.171498175999986, 48.992743231000077 ], [ -125.20189368399997, 48.966742255000042 ], [ -125.221262173999961, 48.954779364000053 ], [ -125.240386522999955, 48.955471096000053 ], [ -125.265044725999942, 48.96303945500005 ], [ -125.315174933999955, 48.965318101000037 ], [ -125.336008266999912, 48.972235419000064 ], [ -125.302479620999947, 49.003119208000044 ], [ -125.282826301000014, 49.015366929000031 ], [ -125.260853644999983, 49.020697333000044 ], [ -125.260853644999941, 49.027533270000049 ], [ -125.297189907999865, 49.026312567000041 ], [ -125.308705206999946, 49.027533270000049 ], [ -125.316965298999946, 49.031398830000057 ], [ -125.325021938999882, 49.037339585000034 ], [ -125.333404100999985, 49.041815497000073 ], [ -125.342844204999949, 49.041164455000057 ], [ -125.35387122299997, 49.027248440000037 ], [ -125.358998175999929, 49.006415106000084 ], [ -125.366281704999878, 48.987372137000072 ], [ -125.400502081999932, 48.972601630000035 ], [ -125.429798956999917, 48.94399648600006 ], [ -125.448963995999961, 48.937445380000042 ], [ -125.452219204999906, 48.934393622000073 ], [ -125.45543372299997, 48.927557684000078 ], [ -125.460560675999929, 48.920721747000066 ], [ -125.469471808999941, 48.917669989000046 ], [ -125.489369269999941, 48.918646552000034 ], [ -125.498361782999936, 48.92047760600007 ], [ -125.500477667999917, 48.923814195000027 ], [ -125.514393683999913, 48.926499742000026 ], [ -125.531117316999953, 48.932521877000056 ], [ -125.547108527999924, 48.940252997000066 ], [ -125.55882727799991, 48.948309637000072 ], [ -125.573068813999967, 48.955796617000033 ], [ -125.606556769999941, 48.961859442000041 ], [ -125.620228644999955, 48.968817450000081 ], [ -125.626128709999961, 48.975531317000041 ], [ -125.633412238999938, 48.987860419000064 ], [ -125.637033657999893, 48.992743231000077 ], [ -125.672352667999917, 49.017808335000034 ], [ -125.698231574999909, 49.029120184000071 ], [ -125.709339972999942, 49.037420966000063 ], [ -125.735829230999911, 49.053045966000063 ], [ -125.836252407999922, 49.069037177000034 ], [ -125.849273240999906, 49.073919989000053 ], [ -125.862782355999911, 49.080755927000034 ], [ -125.871693488999938, 49.09015534100007 ], [ -125.871001756999902, 49.102606512000072 ], [ -125.861561652999882, 49.11001211100006 ], [ -125.830922003999959, 49.114406643000045 ], [ -125.815785285999937, 49.123032945000034 ], [ -125.800282355999926, 49.112127997000059 ], [ -125.784779425999957, 49.10492584800005 ], [ -125.767567511999928, 49.103461005000035 ], [ -125.746896938999896, 49.109442450000067 ], [ -125.739735480999926, 49.114325262000079 ], [ -125.701283331999932, 49.134711005000035 ], [ -125.692250128999945, 49.133368231000084 ], [ -125.683583136999943, 49.148423570000027 ], [ -125.645659959999932, 49.164007880000035 ], [ -125.637033657999865, 49.174627997000066 ], [ -125.63231360599994, 49.187933661000038 ], [ -125.622303839999873, 49.196193752000049 ], [ -125.612945115999963, 49.206366278000075 ], [ -125.610340949999923, 49.225490627000049 ], [ -125.698597785999965, 49.18109772300005 ], [ -125.723255988999952, 49.160589911000045 ], [ -125.746693488999966, 49.148138739000039 ], [ -125.755116339999915, 49.168890692000055 ], [ -125.754701525883675, 49.185102139990725 ], [ -125.795217644241916, 49.169766315778531 ], [ -125.801351908999891, 49.14388754200008 ], [ -125.841727023999894, 49.133780052000077 ], [ -125.867973972032104, 49.142215198623717 ], [ -126.749837724130316, 48.80704772343325 ], [ -125.446120103120208, 47.074996915864375 ], [ -124.348978267461021, 47.505973135552637 ], [ -124.35081946499993, 47.546820380000028 ], [ -124.374887200999893, 47.607688120000027 ], [ -124.38360637399991, 47.636016697000045 ], [ -124.410781607999908, 47.688183549000087 ], [ -124.415835231999878, 47.725587044000065 ], [ -124.422759568999922, 47.741888739000053 ], [ -124.435414191999968, 47.74445221600007 ], [ -124.446766730999911, 47.750392971000053 ], [ -124.455881313999924, 47.761786200000074 ], [ -124.476565689999887, 47.778254609000037 ], [ -124.483469204999878, 47.812933661000045 ], [ -124.541612179999902, 47.834331149000036 ], [ -124.556264611999907, 47.853682102000043 ], [ -124.567982550999957, 47.869696356000077 ], [ -124.593132931999975, 47.876199526000043 ], [ -124.609507105999938, 47.874855198000027 ], [ -124.638130105999892, 47.907864261000043 ], [ -124.656158006999917, 47.954006252000056 ], [ -124.671986457, 47.990708726000022 ], [ -124.683216925999915, 48.02781810100003 ], [ -124.693846940999947, 48.074530328000037 ], [ -124.689442511999928, 48.10016510600007 ], [ -124.722971157999922, 48.150091864000053 ], [ -124.734607237999938, 48.17040360400005 ], [ -124.719235877999893, 48.176295765000077 ], [ -124.70006628599991, 48.191858653000054 ], [ -124.689442511999957, 48.213446356000084 ], [ -124.689768032999865, 48.218898830000057 ], [ -124.694935675999986, 48.225572007000039 ], [ -124.705516511999946, 48.245979080000041 ], [ -124.703627259999905, 48.249854586000076 ], [ -124.689133067999961, 48.252508010000035 ], [ -124.682478490999912, 48.263499821000032 ], [ -124.683216925999972, 48.284735419000079 ], [ -124.679839647999927, 48.293687242000033 ], [ -124.664906379, 48.309068101000037 ], [ -124.661488410999937, 48.319525458000051 ], [ -124.670536563999931, 48.324168713000056 ], [ -124.669677649999969, 48.333187560000049 ], [ -124.678419099999928, 48.335084342000066 ], [ -124.689108792999974, 48.33761605800003 ], [ -124.70281518699997, 48.347202089000056 ], [ -124.718251105999911, 48.357367255000042 ], [ -124.730255571999933, 48.371578287000034 ], [ -124.727528467999946, 48.387727740000066 ], [ -124.696517970999935, 48.391086445000042 ], [ -124.661576058999927, 48.386036912000066 ], [ -124.638159990999952, 48.383001168000078 ], [ -124.619554954999884, 48.368915448000052 ], [ -124.607974310999921, 48.366325912000036 ], [ -124.593366725999985, 48.37485614600007 ], [ -124.574893906999918, 48.370407625000034 ], [ -124.532072339999885, 48.349909919000083 ], [ -124.457997199999909, 48.316839911000045 ], [ -124.399213986999953, 48.29357992500006 ], [ -124.346831834999961, 48.281073309000078 ], [ -124.337635870999975, 48.277044989000032 ], [ -124.296342400999976, 48.261545235000085 ], [ -124.274006837999949, 48.257051258000047 ], [ -124.250846252999892, 48.262899088000033 ], [ -124.227650519999912, 48.258530992000033 ], [ -124.15980254999991, 48.232662017000052 ], [ -124.111414280999881, 48.215931080000068 ], [ -124.099840942999975, 48.200472681000058 ], [ -124.058335776889535, 48.181075217757353 ], [ -124.272126468082632, 48.479640132454286 ] ] ] } },
{ "type": "Feature", "properties": { "grid_key": "st20-ln10_hist", "station": 20.0, "line": 10.0, "shore": "nearshore", "pattern": "historical", "zone": "nearshore-historical", "lon_ctr": -126.94825343869068, "lat_ctr": 47.612269129638207 }, "geometry": { "type": "Polygon", "coordinates": [ [ [ -126.749837724130316, 48.80704772343325 ], [ -128.486454081832932, 48.140381056766586 ], [ -127.125818372857481, 46.408330249197704 ], [ -125.446120103120208, 47.074996915864375 ], [ -126.749837724130316, 48.80704772343325 ] ] ] } },
{ "type": "Feature", "properties": { "grid_key": "st40-ln10_hist", "station": 40.0, "line": 10.0, "shore": "nearshore", "pattern": "historical", "zone": "nearshore-historical", "lon_ctr": -128.64522065734153, "lat_ctr": 46.945632742261594 }, "geometry": { "type": "Polygon", "coordinates": [ [ [ -128.486454081832932, 48.140381056766586 ], [ -130.200528932388949, 47.473714390099921 ], [ -128.784981224011915, 45.741663582531039 ], [ -127.125818372857481, 46.408330249197704 ], [ -128.486454081832932, 48.140381056766586 ] ] ] } },
{ "type": "Feature", "properties": { "grid_key": "st60-ln10_hist", "station": 60.0, "line": 10.0, "shore": "nearshore", "pattern": "historical", "zone": "nearshore-historical", "lon_ctr": -130.3210570386976, "lat_ctr": 46.278998628964331 }, "geometry": { "type": "Polygon", "coordinates": [ [ [ -130.200528932388949, 47.473714390099921 ], [ -131.892862531015169, 46.80704772343325 ], [ -130.42432082447408, 45.074996915864368 ], [ -128.784981224011915, 45.741663582531039 ], [ -130.200528932388949, 47.473714390099921 ] ] ] } },
{ "type": "Feature", "properties": { "grid_key": "st80-ln10_hist", "station": 80.0, "line": 10.0, "shore": "offshore", "pattern": "historical", "zone": "offshore-historical", "lon_ctr": -131.97650056174461, "lat_ctr": 45.612366358391725 }, "geometry": { "type": "Polygon", "coordinates": [ [ [ -131.892862531015169, 46.80704772343325 ], [ -133.564219513961831, 46.140381056766586 ], [ -132.044519052174479, 44.408330249197704 ], [ -130.42432082447408, 45.074996915864368 ], [ -131.892862531015169, 46.80704772343325 ] ] ] } },
{ "type": "Feature", "properties": { "grid_key": "st100-ln10_hist", "station": 100.0, "line": 10.0, "shore": "offshore", "pattern": "historical", "zone": "offshore-historical", "lon_ctr": -133.61225741462735, "lat_ctr": 44.945735508059137 }, "geometry": { "type": "Polygon", "coordinates": [ [ [ -133.564219513961831, 46.140381056766586 ], [ -135.215331076203199, 45.473714390099914 ], [ -133.64622928270785, 43.741663582531039 ], [ -132.044519052174479, 44.408330249197704 ], [ -133.564219513961831, 46.140381056766586 ] ] ] } },
{ "type": "Feature", "properties": { "grid_key": "st0-ln20_hist", "station": 0.0, "line": 20.0, "shore": "nearshore", "pattern": "historical", "zone": "nearshore-historical", "lon_ctr": -124.47534059492635, "lat_ctr": 46.53760954436251 }, "geometry": { "type": "Polygon", "coordinates": [ [ [ -125.446120103120208, 47.074996915864375 ], [ -124.174087347651692, 45.342946108295493 ], [ -123.953962337096655, 45.432498261155835 ], [ -123.954701300999929, 45.432806708000037 ], [ -123.971099412999905, 45.45197174700008 ], [ -123.970529751999948, 45.494452216000063 ], [ -123.958607550999986, 45.516058661000045 ], [ -123.954335089999915, 45.548407294000071 ], [ -123.948801235999923, 45.557196356000084 ], [ -123.945668097999928, 45.52570221600007 ], [ -123.939198370999961, 45.499823309000078 ], [ -123.921930040999925, 45.494906973000063 ], [ -123.912876477999959, 45.483335974000056 ], [ -123.890533006999974, 45.475490627000049 ], [ -123.894220266999923, 45.482310798000064 ], [ -123.891423713999927, 45.488073026000045 ], [ -123.886613417999939, 45.493355896000075 ], [ -123.883287068999891, 45.500090489000058 ], [ -123.885347309999943, 45.507305306000042 ], [ -123.889291088999911, 45.519814741000069 ], [ -123.8974873169999, 45.524637883000082 ], [ -123.900502081999917, 45.538478908000052 ], [ -123.896066860999909, 45.560288804000024 ], [ -123.925200975999942, 45.554266669000071 ], [ -123.947987433999899, 45.568752346000053 ], [ -123.957875128999959, 45.576157945000027 ], [ -123.952250697999943, 45.591063855000066 ], [ -123.944581272999912, 45.621341006000073 ], [ -123.941875791999877, 45.648504864000067 ], [ -123.920732285999904, 45.662663219000081 ], [ -123.921595457999928, 45.683725751000054 ], [ -123.918229469999929, 45.689566336000034 ], [ -123.910301481999923, 45.691279813000051 ], [ -123.901518057999937, 45.687109308000061 ], [ -123.893312852999955, 45.683626771000036 ], [ -123.887428465999903, 45.682923249000055 ], [ -123.879546678999915, 45.686509507000032 ], [ -123.871083136999914, 45.697902736000053 ], [ -123.87718665299991, 45.696112372000073 ], [ -123.881662563999939, 45.695461330000057 ], [ -123.885894334999932, 45.694037177000041 ], [ -123.897322716999923, 45.695764312000058 ], [ -123.903615831999929, 45.70098870900005 ], [ -123.908009918999966, 45.708268126000064 ], [ -123.917432518999917, 45.704483054000036 ], [ -123.921039154999889, 45.697195406000041 ], [ -123.930344156999922, 45.693442533000052 ], [ -123.932365676999936, 45.681688915000045 ], [ -123.932415244999945, 45.668548308000084 ], [ -123.937879725999892, 45.66060352300007 ], [ -123.939361131999902, 45.667669989000046 ], [ -123.937408006999917, 45.698960679000038 ], [ -123.941677188999904, 45.726954361000075 ], [ -123.947577910999954, 45.735955403000041 ], [ -123.963928901999893, 45.743869249000056 ], [ -123.969298909999893, 45.752940150000079 ], [ -123.967767236999975, 45.760931776000064 ], [ -123.972239220999924, 45.762629693000058 ], [ -123.981138639999955, 45.760293748000038 ], [ -123.982152080999938, 45.767769414000043 ], [ -123.96837583699994, 45.781578289000038 ], [ -123.966664191999953, 45.795965887000079 ], [ -123.959136522999941, 45.815659898000042 ], [ -123.956613735999909, 45.873236395000042 ], [ -123.959706183999899, 45.897284247000073 ], [ -123.969715949999923, 45.91860586100006 ], [ -123.990549282999936, 45.937933661000045 ], [ -123.982329881999945, 45.94806549700008 ], [ -123.97288977799991, 45.952704169000064 ], [ -123.964292691999901, 45.966935428000056 ], [ -123.951091371999951, 45.972263102000049 ], [ -123.933990037999948, 45.979681708000051 ], [ -123.928456183999899, 45.992580471000046 ], [ -123.923329230999911, 46.01398346600007 ], [ -123.928402351999921, 46.037246131000067 ], [ -123.936841735999877, 46.081831258000079 ], [ -123.950632813999903, 46.119998880000082 ], [ -123.990467902999896, 46.200506903000068 ], [ -124.022664426999924, 46.230841603000044 ], [ -124.017339970999899, 46.235432913000061 ], [ -124.002717579999896, 46.237717669000062 ], [ -123.988130878999982, 46.226665894000064 ], [ -123.994790473999871, 46.220240850000032 ], [ -123.984855898999896, 46.210117 ], [ -123.968916763999928, 46.210555304000074 ], [ -123.95100431999991, 46.205014584000082 ], [ -123.923835320999899, 46.190721390000085 ], [ -123.915910672999942, 46.180595906000065 ], [ -123.91059538699993, 46.181506366000058 ], [ -123.903962625999924, 46.180113614000042 ], [ -123.900694775999952, 46.168617977000061 ], [ -123.880803580999867, 46.163980793000064 ], [ -123.866932745999904, 46.159857489000046 ], [ -123.835029830999957, 46.162490772000062 ], [ -123.825116494999918, 46.156948235000073 ], [ -123.818543148999922, 46.147280542000026 ], [ -123.813303188999896, 46.12775299700008 ], [ -123.812489386999928, 46.114162502000049 ], [ -123.798736131999945, 46.102443752000049 ], [ -123.800282355999897, 46.115790106000077 ], [ -123.801443721999945, 46.130231826000063 ], [ -123.80064714999989, 46.143553333000057 ], [ -123.778309699999895, 46.137152411000045 ], [ -123.77830969999988, 46.143377997000066 ], [ -123.786936001999933, 46.149562893000052 ], [ -123.806996222999928, 46.167547919000071 ], [ -123.816151495999975, 46.171332098000043 ], [ -123.82701575399993, 46.172064520000049 ], [ -123.843584157999942, 46.173085416000049 ], [ -123.850194324999904, 46.177239581000038 ], [ -123.86079849099994, 46.180941651000069 ], [ -123.865418796999904, 46.186467798000081 ], [ -123.85610516699991, 46.189204857000043 ], [ -123.836169952999896, 46.190077064000029 ], [ -123.820891454999895, 46.189578636000078 ], [ -123.798085089999944, 46.193548895000042 ], [ -123.778739653999935, 46.201386179000046 ], [ -123.766770687999866, 46.204106413000019 ], [ -123.754877025999903, 46.195794868000064 ], [ -123.73668372299997, 46.178168036000038 ], [ -123.727188914999942, 46.170422303000073 ], [ -123.705953207999926, 46.170805465000058 ], [ -123.61408443899991, 46.186468817000048 ], [ -123.599476691999982, 46.191839911000038 ], [ -123.620114466999922, 46.196644268000057 ], [ -123.620594855999911, 46.204820054000038 ], [ -123.607411261999928, 46.209051825000067 ], [ -123.581513746999903, 46.206572937000026 ], [ -123.56492902899997, 46.216555456000044 ], [ -123.542075616999909, 46.226154037000079 ], [ -123.536591355999917, 46.233973263000053 ], [ -123.519273185999907, 46.235269216000056 ], [ -123.497141079999921, 46.232814846000053 ], [ -123.484934048999932, 46.230047919000071 ], [ -123.473143295999932, 46.217489289000071 ], [ -123.452859273999934, 46.207223568000067 ], [ -123.437154073999935, 46.198321919000072 ], [ -123.431989489999921, 46.187278527000046 ], [ -123.430141898999921, 46.176723919000032 ], [ -123.421050584999946, 46.169134833000037 ], [ -123.405911419999981, 46.158253584000079 ], [ -123.385520921999913, 46.146183099000041 ], [ -123.325961380999942, 46.138886428000042 ], [ -123.299379165999937, 46.140992194000027 ], [ -123.277640681999927, 46.133941233000087 ], [ -123.256438867999918, 46.133321197000051 ], [ -123.23330644399995, 46.137152411000045 ], [ -123.221030824999872, 46.147285974000056 ], [ -123.205540394999872, 46.164614052000047 ], [ -123.193427997999933, 46.172330970000068 ], [ -123.18009481299994, 46.179102095000076 ], [ -123.180732522999918, 46.180027920000043 ], [ -123.207517995999964, 46.178363375000053 ], [ -123.24750175699991, 46.162626751000062 ], [ -123.269446005999868, 46.15041476600004 ], [ -123.297938515999945, 46.151544598000044 ], [ -123.328865972999878, 46.165555505000043 ], [ -123.393361813999931, 46.204137166000059 ], [ -123.412388732999958, 46.220294636000055 ], [ -123.427441404999911, 46.239288553000051 ], [ -123.444488553999918, 46.257781878000053 ], [ -123.455676105999956, 46.267044338000069 ], [ -123.478911912999919, 46.275864976000037 ], [ -123.603179490999935, 46.26007721600007 ], [ -123.662668423999975, 46.270249742000026 ], [ -123.667347785999922, 46.276841539000088 ], [ -123.669992641999912, 46.285589911000038 ], [ -123.675200975999942, 46.294256903000083 ], [ -123.692967461999913, 46.305202251000075 ], [ -123.701925194999959, 46.303349998000044 ], [ -123.715984457999937, 46.301464791000058 ], [ -123.723861920999894, 46.300325281000084 ], [ -123.726189183999949, 46.290234704000056 ], [ -123.735196355999918, 46.287934032000074 ], [ -123.747532741999919, 46.29108030400004 ], [ -123.752087593999903, 46.286005474000028 ], [ -123.757743441999921, 46.277518513000075 ], [ -123.764512917999895, 46.273267310000044 ], [ -123.777984049999972, 46.274084521000077 ], [ -123.790861116999935, 46.282992720000031 ], [ -123.806582777999907, 46.283396230000051 ], [ -123.815042916999943, 46.275311884000082 ], [ -123.818443843999987, 46.26876154200005 ], [ -123.834163609999905, 46.268759018000075 ], [ -123.841499900999921, 46.261434281000057 ], [ -123.851041267999875, 46.259846355000036 ], [ -123.854452098999928, 46.252129641000067 ], [ -123.862322906999879, 46.248653170000075 ], [ -123.873033488999894, 46.240171721000081 ], [ -123.88985505299992, 46.242147971000058 ], [ -123.907796182999874, 46.246460680000041 ], [ -123.925174298999949, 46.251540584000047 ], [ -123.939730065999925, 46.264383621000036 ], [ -123.948696046999956, 46.269835381000064 ], [ -123.967149232999901, 46.294315797000074 ], [ -123.97333268299991, 46.299781951000057 ], [ -123.985091096999923, 46.309097120000047 ], [ -124.009303808999874, 46.313455506000082 ], [ -124.022801132999888, 46.314253055000044 ], [ -124.03293624599992, 46.30610912000008 ], [ -124.040251926999957, 46.304178006000086 ], [ -124.048695005999917, 46.296418351000057 ], [ -124.051511365999971, 46.285929945000071 ], [ -124.040301877999923, 46.280974500000063 ], [ -124.03806392899989, 46.27670470900005 ], [ -124.041438644999886, 46.272828002000047 ], [ -124.052102995999945, 46.27361176900007 ], [ -124.061641867999924, 46.276722254000049 ], [ -124.071192894999925, 46.271295533000057 ], [ -124.075835740999963, 46.268296617000033 ], [ -124.080174877999951, 46.271687954000072 ], [ -124.078358527999896, 46.282375393000045 ], [ -124.07734167699995, 46.294966302000027 ], [ -124.072836102999929, 46.306992604000065 ], [ -124.068885861999945, 46.322898341000034 ], [ -124.066057689999909, 46.338806523000073 ], [ -124.06379013899992, 46.356267144000064 ], [ -124.062068435999933, 46.387705377000088 ], [ -124.060857095999907, 46.43987082000006 ], [ -124.062611456999974, 46.595933335000041 ], [ -124.072499561999891, 46.642510042000083 ], [ -124.062876105999933, 46.654940829000047 ], [ -124.051007426999959, 46.645602075000056 ], [ -124.035760036999918, 46.630818343000044 ], [ -124.044097459999975, 46.623602606000077 ], [ -124.03831946499993, 46.607611395000056 ], [ -124.025624152999896, 46.590887762000079 ], [ -124.017893032999893, 46.568548895000049 ], [ -124.026234503999945, 46.492336330000057 ], [ -124.024728969999913, 46.465521552000048 ], [ -124.022050881999931, 46.419666094000036 ], [ -124.014251108999915, 46.385118637000062 ], [ -123.993445857999902, 46.380099189000063 ], [ -123.977701361999863, 46.382444289000034 ], [ -123.958119269999926, 46.378241278000075 ], [ -123.947880384999877, 46.403004590000073 ], [ -123.932024378999927, 46.415282599000079 ], [ -123.926863660999942, 46.440099665000048 ], [ -123.920678164999941, 46.439314680000059 ], [ -123.910602091999905, 46.428439955000044 ], [ -123.875890266999974, 46.419120292000052 ], [ -123.846547003999959, 46.396633205000043 ], [ -123.84064693899991, 46.415757554000031 ], [ -123.856760219999927, 46.426459052000034 ], [ -123.880686001999948, 46.433498440000051 ], [ -123.898060675999943, 46.441636460000034 ], [ -123.900217251999976, 46.446682033000052 ], [ -123.90168209499987, 46.457342841000063 ], [ -123.904896613999952, 46.459377346000053 ], [ -123.910511847999928, 46.460679429000031 ], [ -123.917713995999904, 46.464056708000037 ], [ -123.924387173999946, 46.468451239000046 ], [ -123.935825431999945, 46.472311290000043 ], [ -123.935741860999954, 46.480457471000086 ], [ -123.935170050999929, 46.494696356000077 ], [ -123.922111857999951, 46.502552018000074 ], [ -123.908029751999962, 46.50828685100003 ], [ -123.900705532999922, 46.513373114000039 ], [ -123.896351691999953, 46.521226304000031 ], [ -123.894927537999948, 46.531317450000074 ], [ -123.896351691999953, 46.544419664000081 ], [ -123.899810350999928, 46.551174221000053 ], [ -123.904204881999959, 46.555609442000055 ], [ -123.920318162999934, 46.580715236000053 ], [ -123.944732225999971, 46.605902411000045 ], [ -123.956410285999951, 46.623114325000074 ], [ -123.938547329999849, 46.619859117000026 ], [ -123.91104081899995, 46.60541413000005 ], [ -123.894927537999877, 46.602728583000044 ], [ -123.915882942, 46.628404039000081 ], [ -123.92251542899993, 46.657863674000055 ], [ -123.911000128999973, 46.682033596000046 ], [ -123.877268032999922, 46.692084052000041 ], [ -123.843413865999949, 46.696682033000052 ], [ -123.826486782999879, 46.692368882000039 ], [ -123.819203253999916, 46.674994208000037 ], [ -123.811879035999922, 46.662583726000037 ], [ -123.795074022999941, 46.660874742000026 ], [ -123.776478644999926, 46.667181708000044 ], [ -123.763986782999908, 46.678412177000041 ], [ -123.79572506399991, 46.68195221600007 ], [ -123.8183487619999, 46.697699286000038 ], [ -123.839751756999974, 46.71743398600006 ], [ -123.867665167999888, 46.73305898600006 ], [ -123.883615688999896, 46.737494208000051 ], [ -123.899996272999942, 46.747406449000039 ], [ -123.912232280999916, 46.741022853000054 ], [ -123.913002165999927, 46.727768694000076 ], [ -123.951785553999969, 46.724833801000038 ], [ -123.976128826999897, 46.74105450800004 ], [ -123.981955671999955, 46.720438247000061 ], [ -123.974817696999949, 46.711102134000043 ], [ -123.963346041999856, 46.707162427000071 ], [ -123.972697566999869, 46.701262049000036 ], [ -123.987760147999907, 46.70570411500006 ], [ -124.000680798999909, 46.705712031000068 ], [ -124.014322856999939, 46.710652790000033 ], [ -124.025089946999913, 46.712628140000049 ], [ -124.029855923999946, 46.72016022300005 ], [ -124.07032542099995, 46.734812839000078 ], [ -124.093378958999892, 46.74322839000007 ], [ -124.100599022999887, 46.761477808000052 ], [ -124.101307745999904, 46.808661200000067 ], [ -124.11408443899991, 46.849107164000088 ], [ -124.130482550999915, 46.885972398000035 ], [ -124.12682044200001, 46.898504950000081 ], [ -124.111781545999932, 46.912325889000051 ], [ -124.090878992999961, 46.900013011000041 ], [ -124.097564256999988, 46.877875067000041 ], [ -124.077381964999944, 46.858791408000052 ], [ -124.072499152999924, 46.842922268000052 ], [ -124.058094855999897, 46.844468492000033 ], [ -124.042062954999921, 46.839789130000042 ], [ -124.028391079999921, 46.833970445000034 ], [ -124.021311001999948, 46.83234284100007 ], [ -124.013824022999913, 46.842474677000041 ], [ -124.014719204999906, 46.851141669000071 ], [ -124.021392381999945, 46.85984935100003 ], [ -124.031564907999879, 46.870266018000052 ], [ -124.05704504099991, 46.862085883000077 ], [ -124.054870351999938, 46.87587261200008 ], [ -124.046927929999939, 46.891135833000071 ], [ -124.033225867999903, 46.898024456000087 ], [ -124.006703253999973, 46.899237372000066 ], [ -123.991932745999918, 46.903753973000057 ], [ -123.962635870999947, 46.918036200000074 ], [ -123.881692947999895, 46.941664439000085 ], [ -123.813059048999918, 46.958970445000027 ], [ -123.828109657999903, 46.965226545000057 ], [ -123.844708923999931, 46.960842987000035 ], [ -123.867909308999955, 46.969631252000056 ], [ -123.950101256999929, 46.968401732000082 ], [ -123.955865493999866, 46.972349620000038 ], [ -123.94503173499993, 46.972831167000038 ], [ -123.922271287999962, 46.980129299000055 ], [ -123.965218484999923, 46.984184694000078 ], [ -124.012883726999888, 46.983726117000053 ], [ -124.019364052999947, 46.994076730000074 ], [ -124.01283557999993, 47.009348397000046 ], [ -124.02769934799997, 47.028143622000073 ], [ -124.046758818999933, 47.033025147000046 ], [ -124.065546335999869, 47.037470540000072 ], [ -124.090120937999984, 47.04093233400004 ], [ -124.116869937999894, 47.042916937000086 ], [ -124.139277389999876, 47.03552702700005 ], [ -124.148182745999918, 47.024400132000046 ], [ -124.146107550999915, 47.017238674000055 ], [ -124.1367081369999, 47.001898505000042 ], [ -124.137069078999914, 46.987208957000064 ], [ -124.138504739999917, 46.977351428000077 ], [ -124.136599385999958, 46.967942881000049 ], [ -124.130811874999921, 46.956765767000029 ], [ -124.123582245999955, 46.946574410000032 ], [ -124.111059315999924, 46.947995956000049 ], [ -124.104797280999918, 46.944707092000044 ], [ -124.105760020999952, 46.933421287000037 ], [ -124.1221334089999, 46.941310025000064 ], [ -124.138029463999928, 46.94459645500006 ], [ -124.148142335999921, 46.942620579000049 ], [ -124.153436551999874, 46.938015980000046 ], [ -124.153427676999925, 46.930123993000045 ], [ -124.163056340999901, 46.927489121000065 ], [ -124.178460657999892, 46.925506828000039 ], [ -124.175588053999917, 46.93570403700005 ], [ -124.176421678999958, 46.942613023000035 ], [ -124.175648566999925, 46.953843492000026 ], [ -124.172286001999893, 46.981426811000055 ], [ -124.171892320999859, 47.041948537000053 ], [ -124.17433613799993, 47.06660759600004 ], [ -124.179269985999909, 47.10687897300005 ], [ -124.199834843999895, 47.187479798000076 ], [ -124.211707435999912, 47.226638046000069 ], [ -124.227544376999916, 47.263167618000075 ], [ -124.242932187999969, 47.290078656000055 ], [ -124.253693171999927, 47.301540153000076 ], [ -124.27598376899995, 47.302628408000032 ], [ -124.280547912999907, 47.312692828000081 ], [ -124.299256539999902, 47.348204633000073 ], [ -124.286852923999888, 47.347376462000057 ], [ -124.278321126999913, 47.34195914900004 ], [ -124.27171790299991, 47.34259674700008 ], [ -124.283091526999911, 47.351234052000052 ], [ -124.308364068, 47.352668881000056 ], [ -124.317807932999898, 47.357351183000048 ], [ -124.348696084999958, 47.499752570000062 ], [ -124.348978267461021, 47.505973135552637 ], [ -125.446120103120208, 47.074996915864375 ] ], [ [ -123.973997197999864, 46.492929715000052 ], [ -123.971207071999828, 46.484780393000051 ], [ -123.963894818999904, 46.480118485000048 ], [ -123.948180199999925, 46.46419014800005 ], [ -123.947117611999886, 46.448679532000085 ], [ -123.945530795999929, 46.417647034000076 ], [ -123.964121070999937, 46.40679058000007 ], [ -123.974716258999962, 46.440181221000053 ], [ -123.997762618999914, 46.45339725700007 ], [ -123.990952824999852, 46.473173406000051 ], [ -123.99034636399989, 46.488292977000079 ], [ -123.981109178999915, 46.497463283000052 ], [ -123.973997197999864, 46.492929715000052 ] ], [ [ -123.417084890999931, 46.204842387000035 ], [ -123.405042843999922, 46.200934099000051 ], [ -123.388368537999924, 46.190369727000075 ], [ -123.366208324999889, 46.179202599000071 ], [ -123.34885952399992, 46.166408939000071 ], [ -123.32432682399994, 46.154661723000061 ], [ -123.31566112899992, 46.148536334000077 ], [ -123.337982852999957, 46.147594230000031 ], [ -123.357860546999888, 46.150489106000059 ], [ -123.376900531999951, 46.156129577000051 ], [ -123.396638059, 46.168933311000046 ], [ -123.41104639299995, 46.175079562000057 ], [ -123.420570513999877, 46.18559215700008 ], [ -123.422956321999976, 46.187805964000063 ], [ -123.417084890999931, 46.204842387000035 ] ], [ [ -123.480746802999931, 46.255943786000046 ], [ -123.471194763999918, 46.254788491000049 ], [ -123.460126576999912, 46.247562316000078 ], [ -123.444334921999925, 46.235899076000067 ], [ -123.436684247999878, 46.220399101000048 ], [ -123.440840311999892, 46.213248060000069 ], [ -123.452663825999949, 46.218285565000087 ], [ -123.468439305999965, 46.225003423000025 ], [ -123.477806018999871, 46.236092680000063 ], [ -123.482424040999916, 46.249340785000086 ], [ -123.480746802999931, 46.255943786000046 ] ] ] } },
{ "type": "Feature", "properties": { "grid_key": "st20-ln20_hist", "station": 20.0, "line": 20.0, "shore": "nearshore", "pattern": "historical", "zone": "nearshore-historical", "lon_ctr": -125.63345608522451, "lat_ctr": 45.87996346249448 }, "geometry": { "type": "Polygon", "coordinates": [ [ [ -125.446120103120208, 47.074996915864375 ], [ -127.125818372857481, 46.408330249197704 ], [ -125.801898856568684, 44.676279441628829 ], [ -124.174087347651692, 45.342946108295493 ], [ -125.446120103120208, 47.074996915864375 ] ] ] } },
{ "type": "Feature", "properties": { "grid_key": "st40-ln20_hist", "station": 40.0, "line": 20.0, "shore": "nearshore", "pattern": "historical", "zone": "nearshore-historical", "lon_ctr": -127.27703414190434, "lat_ctr": 45.213318452427444 }, "geometry": { "type": "Polygon", "coordinates": [ [ [ -127.125818372857481, 46.408330249197704 ], [ -128.784981224011915, 45.741663582531039 ], [ -127.410963077807565, 44.009612774962164 ], [ -125.801898856568684, 44.676279441628829 ], [ -127.125818372857481, 46.408330249197704 ] ] ] } },
{ "type": "Feature", "properties": { "grid_key": "st60-ln20_hist", "station": 60.0, "line": 20.0, "shore": "nearshore", "pattern": "historical", "zone": "nearshore-historical", "lon_ctr": -128.9013336137217, "lat_ctr": 44.546674980831853 }, "geometry": { "type": "Polygon", "coordinates": [ [ [ -128.784981224011915, 45.741663582531039 ], [ -130.42432082447408, 45.074996915864368 ], [ -129.001917141533028, 43.342946108295493 ], [ -127.410963077807565, 44.009612774962164 ], [ -128.784981224011915, 45.741663582531039 ] ] ] } },
{ "type": "Feature", "properties": { "grid_key": "st80-ln20_hist", "station": 80.0, "line": 20.0, "shore": "offshore", "pattern": "historical", "zone": "offshore-historical", "lon_ctr": -130.50701366755439, "lat_ctr": 43.880032675797004 }, "geometry": { "type": "Polygon", "coordinates": [ [ [ -130.42432082447408, 45.074996915864368 ], [ -132.044519052174479, 44.408330249197704 ], [ -130.575372272602493, 42.676279441628829 ], [ -129.001917141533028, 43.342946108295493 ], [ -130.42432082447408, 45.074996915864368 ] ] ] } },
{ "type": "Feature", "properties": { "grid_key": "st100-ln20_hist", "station": 100.0, "line": 20.0, "shore": "offshore", "pattern": "historical", "zone": "offshore-historical", "lon_ctr": -132.09470632288514, "lat_ctr": 43.213391174361725 }, "geometry": { "type": "Polygon", "coordinates": [ [ [ -132.044519052174479, 44.408330249197704 ], [ -133.64622928270785, 43.741663582531039 ], [ -132.131915269459142, 42.009612774962157 ], [ -130.575372272602493, 42.676279441628829 ], [ -132.044519052174479, 44.408330249197704 ] ] ] } },
{ "type": "Feature", "properties": { "grid_key": "st120-ln20_hist", "station": 120.0, "line": 20.0, "shore": "offshore", "pattern": "historical", "zone": "offshore-historical", "lon_ctr": -133.66501801234489, "lat_ctr": 42.546750123450742 }, "geometry": { "type": "Polygon", "coordinates": [ [ [ -133.64622928270785, 43.741663582531039 ], [ -135.230078049669999, 43.074996915864375 ], [ -133.672109881650812, 41.342946108295493 ], [ -132.131915269459142, 42.009612774962157 ], [ -133.64622928270785, 43.741663582531039 ] ] ] } },
{ "type": "Feature", "properties": { "grid_key": "st0-ln30_hist", "station": 0.0, "line": 30.0, "shore": "nearshore", "pattern": "historical", "zone": "nearshore-historical", "lon_ctr": -124.03628041913377, "lat_ctr": 45.285568553254535 }, "geometry": { "type": "Polygon", "coordinates": [ [ [ -124.174087347651692, 45.342946108295493 ], [ -123.99387779105416, 45.094225397213471 ], [ -123.9843643869999, 45.10492584800005 ], [ -123.976918097999913, 45.128851630000035 ], [ -123.971099412999948, 45.153713283000052 ], [ -123.970590484999903, 45.167292770000074 ], [ -123.969176529999942, 45.186056690000044 ], [ -123.969122348999917, 45.205299804000042 ], [ -123.976389126999948, 45.216620184000071 ], [ -123.968356325999949, 45.250513705000053 ], [ -123.965443488999966, 45.25844961100006 ], [ -123.962077922999967, 45.279364813000086 ], [ -123.960357225999928, 45.299994208000044 ], [ -123.97191321499993, 45.331447658000059 ], [ -123.987660285999937, 45.336371161000045 ], [ -124.001779751999919, 45.337632554000031 ], [ -124.001779751999976, 45.344468492000026 ], [ -123.981027798999946, 45.349595445000034 ], [ -123.972767706999932, 45.362005927000048 ], [ -123.970204230999911, 45.378607489000046 ], [ -123.967844204999949, 45.391791083000044 ], [ -123.964466925999901, 45.402533270000042 ], [ -123.961171027999953, 45.409165757000032 ], [ -123.95787512899993, 45.414984442000048 ], [ -123.953358527999939, 45.413397528000075 ], [ -123.955474412999877, 45.409247137000087 ], [ -123.960804816999925, 45.378607489000046 ], [ -123.944243943999936, 45.389349677000034 ], [ -123.931955532999865, 45.405422268000045 ], [ -123.918446417999917, 45.417669989000039 ], [ -123.953962337096655, 45.432498261155835 ], [ -124.174087347651692, 45.342946108295493 ] ] ] } },
{ "type": "Feature", "properties": { "grid_key": "st20-ln30_hist", "station": 20.0, "line": 30.0, "shore": "nearshore", "pattern": "historical", "zone": "nearshore-historical", "lon_ctr": -124.71582781388111, "lat_ctr": 44.302950238212738 }, "geometry": { "type": "Polygon", "coordinates": [ [ [ -124.174087347651692, 45.342946108295493 ], [ -125.801898856568684, 44.676279441628829 ], [ -124.511667313419125, 42.944228634059954 ], [ -124.479740681748396, 42.957769025451483 ], [ -124.463672069999916, 42.993043181000075 ], [ -124.454253709999975, 43.011297919000064 ], [ -124.444883423999912, 43.029999070000088 ], [ -124.437463643999976, 43.056123248000063 ], [ -124.434702855999916, 43.074943140000073 ], [ -124.424445186999932, 43.119290092000085 ], [ -124.416151450999919, 43.125484449000055 ], [ -124.418485244999943, 43.142151284000072 ], [ -124.386612238999945, 43.263099067000041 ], [ -124.395136740999959, 43.300073771000079 ], [ -124.401323790999911, 43.310096132000069 ], [ -124.385374903999946, 43.330158249000078 ], [ -124.376504265999955, 43.340228799000045 ], [ -124.359867444999963, 43.342277409000076 ], [ -124.342123057999927, 43.352103755000087 ], [ -124.329455151999909, 43.348814444000077 ], [ -124.325971677999902, 43.338664408000049 ], [ -124.32640753599992, 43.312252094000087 ], [ -124.316514217999909, 43.299832471000059 ], [ -124.312873162999907, 43.309006546000042 ], [ -124.308283600999886, 43.327877757000074 ], [ -124.311817510999916, 43.338662644000074 ], [ -124.308707548999848, 43.354911278000088 ], [ -124.300559924999902, 43.363660932000073 ], [ -124.28734290299991, 43.370591539000095 ], [ -124.276193813999882, 43.393947658000059 ], [ -124.252756313999868, 43.417466539000088 ], [ -124.232873571999932, 43.424081451000063 ], [ -124.222315015999925, 43.42519798900009 ], [ -124.21799379199993, 43.416376566000054 ], [ -124.218632955999922, 43.402150876000064 ], [ -124.218238788999926, 43.386041811000048 ], [ -124.212873321999879, 43.374680932000054 ], [ -124.200377952999986, 43.373951905000069 ], [ -124.177776550999951, 43.369160233000059 ], [ -124.151844855999911, 43.36945221600007 ], [ -124.140034925999913, 43.375348974000083 ], [ -124.169742190999898, 43.379833074000032 ], [ -124.186671728999926, 43.391327923000063 ], [ -124.190469718999907, 43.405345899000054 ], [ -124.19432777399993, 43.420008847000084 ], [ -124.208610915999955, 43.430959561000058 ], [ -124.207025758999904, 43.443257389000053 ], [ -124.197621222999928, 43.452460028000083 ], [ -124.208698239999975, 43.452189747000034 ], [ -124.233131949999944, 43.447236190000069 ], [ -124.240191894999938, 43.436624843000068 ], [ -124.262399065999944, 43.426615851000065 ], [ -124.277027482999927, 43.42145488500006 ], [ -124.283457824999971, 43.40311596500004 ], [ -124.325282615999924, 43.362537133000046 ], [ -124.335229283999936, 43.365316424000071 ], [ -124.298029297999875, 43.41792560500005 ], [ -124.237903173999939, 43.547115862000055 ], [ -124.22346599099987, 43.58643132900005 ], [ -124.215687628999959, 43.627386786000045 ], [ -124.209787755999912, 43.656630134000068 ], [ -124.202283232999989, 43.662761227000033 ], [ -124.174686291999947, 43.672995449000048 ], [ -124.16171284099994, 43.688384319000086 ], [ -124.154449022999941, 43.698472398000035 ], [ -124.149322069, 43.711900132000039 ], [ -124.141835089999915, 43.721625067000041 ], [ -124.139812165999899, 43.733105799000043 ], [ -124.132854216999931, 43.734687380000089 ], [ -124.126168108999977, 43.728526572000078 ], [ -124.116585106999935, 43.710934713000086 ], [ -124.109017972999936, 43.706116866000059 ], [ -124.072499152999953, 43.704738674000055 ], [ -124.070218166999894, 43.711661445000061 ], [ -124.085539362999867, 43.712924838000049 ], [ -124.101270952999926, 43.718667316000051 ], [ -124.115210799999986, 43.735428056000046 ], [ -124.128533274999938, 43.749085285000035 ], [ -124.148814088999941, 43.747587557000095 ], [ -124.160475241999947, 43.736747354000045 ], [ -124.161447719999927, 43.717718817000048 ], [ -124.171514853999895, 43.697602817000075 ], [ -124.190834642999917, 43.684523422000041 ], [ -124.202945415999906, 43.680772710000042 ], [ -124.191724034999893, 43.717362788000059 ], [ -124.176018417999913, 43.762476774000049 ], [ -124.151031053999986, 43.881740627000056 ], [ -124.144747337999945, 43.943211167000079 ], [ -124.139881964999859, 43.982001044000079 ], [ -124.137196417999917, 43.990423895000049 ], [ -124.124256964999859, 43.996242580000057 ], [ -124.119455532999922, 44.006496486000067 ], [ -124.133418742999936, 44.032016558000059 ], [ -124.133540939999932, 44.044255746000033 ], [ -124.126128709999918, 44.09955475500005 ], [ -124.113945796999928, 44.190582723000034 ], [ -124.11408443899991, 44.249009507000039 ], [ -124.107248501999948, 44.286322333000044 ], [ -124.108143683999941, 44.292385158000059 ], [ -124.113596157999865, 44.301459052000041 ], [ -124.114084438999882, 44.30735911700004 ], [ -124.111480272999927, 44.313299872000073 ], [ -124.103098110999909, 44.322333075000074 ], [ -124.100412563999896, 44.327297268000059 ], [ -124.088843906999898, 44.385444965000033 ], [ -124.084427140999935, 44.41166449900004 ], [ -124.071888800999957, 44.42182038000005 ], [ -124.065309793999944, 44.429489071000035 ], [ -124.053551799999894, 44.432975382000045 ], [ -124.045239228999932, 44.425275988000067 ], [ -124.034977091999892, 44.41617415800004 ], [ -124.017893032999865, 44.409816799000055 ], [ -124.027615818999905, 44.43921613900006 ], [ -124.039337129999922, 44.443445670000074 ], [ -124.049612483999951, 44.44869587800008 ], [ -124.068239138999886, 44.437885694000045 ], [ -124.076080504999936, 44.433343572000069 ], [ -124.083433705999937, 44.427752110000093 ], [ -124.082753058999913, 44.440863348000043 ], [ -124.081434107999925, 44.462361753000032 ], [ -124.084352013999961, 44.498066040000076 ], [ -124.063193965999943, 44.60951951900006 ], [ -124.052607261999896, 44.618212423000038 ], [ -124.045663028999911, 44.621499811000035 ], [ -124.031134927999929, 44.617959933000058 ], [ -124.02321475299992, 44.611366461000046 ], [ -124.02024871099988, 44.606894260000047 ], [ -124.012020071999885, 44.599835351000081 ], [ -124.009690771999942, 44.609945007000078 ], [ -124.004754946999924, 44.616291370000063 ], [ -124.006706659999907, 44.623814005000042 ], [ -124.018883439999925, 44.627120086000048 ], [ -124.023189319999886, 44.623125955000042 ], [ -124.027155734999894, 44.622424241000033 ], [ -124.035080395999927, 44.625724517000045 ], [ -124.048294225999953, 44.632554954000057 ], [ -124.055899729999908, 44.626682131000059 ], [ -124.068138344999895, 44.61775280300008 ], [ -124.070778498999942, 44.620576774000085 ], [ -124.067458316999947, 44.63209925700005 ], [ -124.06282999099993, 44.640552046000039 ], [ -124.059185536999891, 44.651588654000072 ], [ -124.057844017999926, 44.663580183000079 ], [ -124.062787567999862, 44.67182026200004 ], [ -124.074686724999935, 44.672797201000037 ], [ -124.077992039999899, 44.674916636000034 ], [ -124.072364547999911, 44.67890974900007 ], [ -124.067063010999917, 44.689451505000079 ], [ -124.058420376999962, 44.726141669000071 ], [ -124.059437628999959, 44.746242580000057 ], [ -124.065261040999928, 44.763702493000039 ], [ -124.07337430199992, 44.777653192000059 ], [ -124.066562111999943, 44.805527790000042 ], [ -124.065184793999919, 44.823311082000096 ], [ -124.053639608999873, 44.838698521000083 ], [ -124.046498175999929, 44.858384507000039 ], [ -124.034535285999922, 44.878404039000095 ], [ -124.032704230999926, 44.897365627000063 ], [ -124.031849738999952, 44.904852606000077 ], [ -124.024484829999878, 44.909735419000071 ], [ -124.017689581999946, 44.916571356000084 ], [ -124.018204259999877, 44.927495878000059 ], [ -124.025646594999913, 44.93566194400006 ], [ -124.024484829999906, 44.943833726000044 ], [ -124.015004035999951, 44.967718817000055 ], [ -124.011341925999972, 44.997707424000055 ], [ -124.004790818999908, 45.04352448100007 ], [ -124.015736456999932, 45.054429429000031 ], [ -124.014149542999888, 45.064276434000071 ], [ -124.00422115799995, 45.082586981000077 ], [ -123.99387779105416, 45.094225397213471 ], [ -124.174087347651692, 45.342946108295493 ] ] ] } },
{ "type": "Feature", "properties": { "grid_key": "st40-ln30_hist", "station": 40.0, "line": 30.0, "shore": "nearshore", "pattern": "historical", "zone": "nearshore-historical", "lon_ctr": -125.94629657152511, "lat_ctr": 43.48101893506017 }, "geometry": { "type": "Polygon", "coordinates": [ [ [ -125.801898856568684, 44.676279441628829 ], [ -127.410963077807565, 44.009612774962164 ], [ -126.074938677201416, 42.277561967393282 ], [ -124.511667313419125, 42.944228634059954 ], [ -125.801898856568684, 44.676279441628829 ] ] ] } },
{ "type": "Feature", "properties": { "grid_key": "st60-ln30_hist", "station": 60.0, "line": 30.0, "shore": "nearshore", "pattern": "historical", "zone": "nearshore-historical", "lon_ctr": -127.52351447399724, "lat_ctr": 42.814367135636601 }, "geometry": { "type": "Polygon", "coordinates": [ [ [ -127.410963077807565, 44.009612774962164 ], [ -129.001917141533028, 43.342946108295493 ], [ -127.62163775799003, 41.610895300726611 ], [ -126.074938677201416, 42.277561967393282 ], [ -127.410963077807565, 44.009612774962164 ] ] ] } },
{ "type": "Feature", "properties": { "grid_key": "st80-ln30_hist", "station": 80.0, "line": 30.0, "shore": "offshore", "pattern": "historical", "zone": "offshore-historical", "lon_ctr": -129.08370248276074, "lat_ctr": 42.147715959884287 }, "geometry": { "type": "Polygon", "coordinates": [ [ [ -129.001917141533028, 43.342946108295493 ], [ -130.575372272602493, 42.676279441628829 ], [ -129.15231513979279, 40.944228634059947 ], [ -127.62163775799003, 41.610895300726611 ], [ -129.001917141533028, 43.342946108295493 ] ] ] } },
{ "type": "Feature", "properties": { "grid_key": "st100-ln30_hist", "station": 100.0, "line": 30.0, "shore": "offshore", "pattern": "historical", "zone": "offshore-historical", "lon_ctr": -130.62742906009134, "lat_ctr": 41.481065096150246 }, "geometry": { "type": "Polygon", "coordinates": [ [ [ -130.575372272602493, 42.676279441628829 ], [ -132.131915269459142, 42.009612774962157 ], [ -130.667500369027039, 40.277561967393282 ], [ -129.15231513979279, 40.944228634059947 ], [ -130.575372272602493, 42.676279441628829 ] ] ] } },
{ "type": "Feature", "properties": { "grid_key": "st120-ln30_hist", "station": 120.0, "line": 30.0, "shore": "offshore", "pattern": "historical", "zone": "offshore-historical", "lon_ctr": -132.15524066104038, "lat_ctr": 40.814414242349301 }, "geometry": { "type": "Polygon", "coordinates": [ [ [ -132.131915269459142, 42.009612774962157 ], [ -133.672109881650812, 41.342946108295493 ], [ -132.167703105544916, 39.610895300726618 ], [ -130.667500369027039, 40.277561967393282 ], [ -132.131915269459142, 42.009612774962157 ] ] ] } },
{ "type": "Feature", "properties": { "grid_key": "st140-ln30_hist", "station": 140.0, "line": 30.0, "shore": "offshore", "pattern": "historical", "zone": "offshore-historical", "lon_ctr": -133.66766294536453, "lat_ctr": 40.147763106542271 }, "geometry": { "type": "Polygon", "coordinates": [ [ [ -133.672109881650812, 41.342946108295493 ], [ -135.196498094275455, 40.676279441628829 ], [ -133.653414198705804, 38.944228634059954 ], [ -132.167703105544916, 39.610895300726618 ], [ -133.672109881650812, 41.342946108295493 ] ] ] } },
{ "type": "Feature", "properties": { "grid_key": "st20-ln40_hist", "station": 20.0, "line": 40.0, "shore": "nearshore", "pattern": "historical", "zone": "nearshore-historical", "lon_ctr": -124.49572697454774, "lat_ctr": 42.941690962022072 }, "geometry": { "type": "Polygon", "coordinates": [ [ [ -124.511667313419125, 42.944228634059954 ], [ -124.496516207157498, 42.923632436970841 ], [ -124.492447269999857, 42.92983629400004 ], [ -124.479740681748396, 42.957769025451483 ], [ -124.511667313419125, 42.944228634059954 ] ] ] } },
{ "type": "Feature", "properties": { "grid_key": "st40-ln40_hist", "station": 40.0, "line": 40.0, "shore": "nearshore", "pattern": "historical", "zone": "nearshore-historical", "lon_ctr": -124.89437645751596, "lat_ctr": 41.771188557017091 }, "geometry": { "type": "MultiPolygon", "coordinates": [ [ [ [ -124.511667313419125, 42.944228634059954 ], [ -126.074938677201416, 42.277561967393282 ], [ -124.773721256694557, 40.545511159824407 ], [ -124.213255632119058, 40.791898413695691 ], [ -124.176575122999893, 40.847754338000072 ], [ -124.133757617999933, 40.936398753000049 ], [ -124.120676392999911, 40.978954375000058 ], [ -124.110413345999945, 41.015252825000061 ], [ -124.111412218999945, 41.041660333000038 ], [ -124.117030135999954, 41.048247103000051 ], [ -124.127325767999935, 41.049531427000041 ], [ -124.134573046999932, 41.047949403000075 ], [ -124.142928561999909, 41.053127286000056 ], [ -124.146878394999916, 41.060165416000075 ], [ -124.149302378999906, 41.075956705000067 ], [ -124.155282821999933, 41.086811974000064 ], [ -124.160633917999931, 41.099351304000045 ], [ -124.160277542999907, 41.113563001000045 ], [ -124.164052832999914, 41.132220090000096 ], [ -124.162889787999916, 41.139080266000072 ], [ -124.156331619999989, 41.142351715000075 ], [ -124.1476906689999, 41.140948432000073 ], [ -124.143473806999936, 41.144991874000091 ], [ -124.124261811999958, 41.181808722000092 ], [ -124.113270636999914, 41.221177476000044 ], [ -124.090931769999912, 41.289455471000061 ], [ -124.082183397999984, 41.341782945000034 ], [ -124.067809317999959, 41.398920561000068 ], [ -124.062155357999885, 41.435875986000035 ], [ -124.076079881999902, 41.489976304000038 ], [ -124.082020636999957, 41.521470445000034 ], [ -124.068348761999914, 41.539252020000049 ], [ -124.07892818899991, 41.543361721000053 ], [ -124.08869381399991, 41.549139716000077 ], [ -124.096913214999901, 41.556830145000049 ], [ -124.103098110999881, 41.566555080000057 ], [ -124.10387122299997, 41.576117255000042 ], [ -124.10277258999993, 41.602606512000079 ], [ -124.106516079999864, 41.608099677000041 ], [ -124.114979620999975, 41.617865302000041 ], [ -124.126576300999943, 41.64008209800005 ], [ -124.139881964999915, 41.664292710000041 ], [ -124.138498501999877, 41.679754950000074 ], [ -124.145784942999924, 41.706381248000071 ], [ -124.159458814, 41.736674780000044 ], [ -124.177286450999901, 41.74359991700004 ], [ -124.187921386999875, 41.746991123000036 ], [ -124.196314233999956, 41.744033010000066 ], [ -124.2011074629999, 41.739305330000036 ], [ -124.232360841999977, 41.762362560000042 ], [ -124.262895183999973, 41.776427858000027 ], [ -124.260463991999899, 41.788783114000061 ], [ -124.247924115999936, 41.793873739000048 ], [ -124.233963339999974, 41.813205903000039 ], [ -124.218837133999884, 41.850006372000053 ], [ -124.210958501999954, 41.891009920000045 ], [ -124.202219204999878, 41.96039459800005 ], [ -124.203684048999975, 41.971177476000037 ], [ -124.207875128999945, 41.981512762000079 ], [ -124.216968317999957, 42.006177337000054 ], [ -124.23696829599993, 42.017502766000064 ], [ -124.260875230999929, 42.033797471000078 ], [ -124.274826146999942, 42.045386991000051 ], [ -124.293118568999958, 42.046473703000061 ], [ -124.33595054299991, 42.091502932000083 ], [ -124.350457994999942, 42.097958190000043 ], [ -124.359555776999912, 42.113002399000038 ], [ -124.354164346999923, 42.131903249000061 ], [ -124.366168682999927, 42.15006025100007 ], [ -124.363837888999981, 42.175162873000041 ], [ -124.376235288999922, 42.196647261000066 ], [ -124.379059048999949, 42.220278054000055 ], [ -124.395171678999958, 42.239447333000044 ], [ -124.412464972999942, 42.248928127000056 ], [ -124.410267706999932, 42.258856512000079 ], [ -124.409448772999895, 42.296244456000068 ], [ -124.423329230999954, 42.31781647300005 ], [ -124.427886522999955, 42.320013739000046 ], [ -124.432813586999941, 42.329310740000039 ], [ -124.430653449999923, 42.34955475500005 ], [ -124.426075443999906, 42.361843874000044 ], [ -124.42650048899992, 42.377280563000063 ], [ -124.427318630999906, 42.396577619000084 ], [ -124.424980115999944, 42.419888939000089 ], [ -124.439788396999916, 42.439191830000084 ], [ -124.423541867999916, 42.454090670000078 ], [ -124.422025016999896, 42.467036341000039 ], [ -124.420674997999953, 42.491004834000094 ], [ -124.406320766999897, 42.519517320000034 ], [ -124.402821417999931, 42.532904364000046 ], [ -124.394439256999931, 42.566555080000057 ], [ -124.398181096999906, 42.585520691000056 ], [ -124.403366446999939, 42.594945157000041 ], [ -124.399891262999887, 42.615729872000088 ], [ -124.408533742999964, 42.644964339000076 ], [ -124.414540167999931, 42.66242096600007 ], [ -124.426177537999948, 42.671535549000069 ], [ -124.440907355999883, 42.67804596600007 ], [ -124.454416469999899, 42.686916408000073 ], [ -124.4667862619999, 42.702541408000059 ], [ -124.472927172999931, 42.730308576000084 ], [ -124.491819768999918, 42.737758361000033 ], [ -124.505482550999943, 42.736517645000056 ], [ -124.515004035999922, 42.748724677000041 ], [ -124.532053188999924, 42.803941148000035 ], [ -124.538889126999905, 42.816229559000085 ], [ -124.549387173999989, 42.825588283000059 ], [ -124.566761847999928, 42.833970445000034 ], [ -124.547718878999945, 42.845445054000038 ], [ -124.496516207157498, 42.923632436970841 ], [ -124.511667313419125, 42.944228634059954 ] ] ], [ [ [ -124.084474733578148, 40.848382356887676 ], [ -124.093820766999897, 40.853989976000037 ], [ -124.101802063999898, 40.85844398100005 ], [ -124.108466857999929, 40.854807297000036 ], [ -124.118974668999911, 40.851947235000068 ], [ -124.126072932999946, 40.854001869000058 ], [ -124.131431722999949, 40.858039212000051 ], [ -124.137553855999911, 40.863946744000089 ], [ -124.15132441499992, 40.863321058000054 ], [ -124.154967697999908, 40.861727478000034 ], [ -124.156644445999902, 40.851181181000072 ], [ -124.1666082509999, 40.842159547000051 ], [ -124.170407395999916, 40.826756833000047 ], [ -124.183974688999925, 40.815662637000059 ], [ -124.193598484999953, 40.802370455000073 ], [ -124.194364831387105, 40.800187046306618 ], [ -124.084474733578148, 40.848382356887676 ] ] ] ] } },
{ "type": "Feature", "properties": { "grid_key": "st60-ln40_hist", "station": 60.0, "line": 40.0, "shore": "nearshore", "pattern": "historical", "zone": "nearshore-historical", "lon_ctr": -126.18402228605743, "lat_ctr": 41.082073329539831 }, "geometry": { "type": "Polygon", "coordinates": [ [ [ -126.074938677201416, 42.277561967393282 ], [ -127.62163775799003, 41.610895300726611 ], [ -126.279885784809366, 39.878844493157736 ], [ -124.773721256694557, 40.545511159824407 ], [ -126.074938677201416, 42.277561967393282 ] ] ] } },
{ "type": "Feature", "properties": { "grid_key": "st80-ln40_hist", "station": 80.0, "line": 40.0, "shore": "offshore", "pattern": "historical", "zone": "offshore-historical", "lon_ctr": -127.70255978609624, "lat_ctr": 40.415414285038175 }, "geometry": { "type": "Polygon", "coordinates": [ [ [ -127.62163775799003, 41.610895300726611 ], [ -129.15231513979279, 40.944228634059947 ], [ -127.771363580418821, 39.212177826491072 ], [ -126.279885784809366, 39.878844493157736 ], [ -127.62163775799003, 41.610895300726611 ] ] ] } },
{ "type": "Feature", "properties": { "grid_key": "st100-ln40_hist", "station": 100.0, "line": 40.0, "shore": "offshore", "pattern": "historical", "zone": "offshore-historical", "lon_ctr": -129.20601281402273, "lat_ctr": 39.748755162873152 }, "geometry": { "type": "Polygon", "coordinates": [ [ [ -129.15231513979279, 40.944228634059947 ], [ -130.667500369027039, 40.277561967393282 ], [ -129.248634728190524, 38.545511159824407 ], [ -127.771363580418821, 39.212177826491072 ], [ -129.15231513979279, 40.944228634059947 ] ] ] } },
{ "type": "Feature", "properties": { "grid_key": "st120-ln40_hist", "station": 120.0, "line": 40.0, "shore": "offshore", "pattern": "historical", "zone": "offshore-historical", "lon_ctr": -130.69487608056491, "lat_ctr": 39.08209570507443 }, "geometry": { "type": "Polygon", "coordinates": [ [ [ -130.667500369027039, 40.277561967393282 ], [ -132.167703105544916, 39.610895300726618 ], [ -130.712162080733918, 37.878844493157736 ], [ -129.248634728190524, 38.545511159824407 ], [ -130.667500369027039, 40.277561967393282 ] ] ] } },
{ "type": "Feature", "properties": { "grid_key": "st140-ln40_hist", "station": 140.0, "line": 40.0, "shore": "offshore", "pattern": "historical", "zone": "offshore-historical", "lon_ctr": -132.16962629827782, "lat_ctr": 38.415435663294488 }, "geometry": { "type": "Polygon", "coordinates": [ [ [ -132.167703105544916, 39.610895300726618 ], [ -133.653414198705804, 38.944228634059954 ], [ -132.162392166033328, 37.212177826491072 ], [ -130.712162080733918, 37.878844493157736 ], [ -132.167703105544916, 39.610895300726618 ] ] ] } },
{ "type": "Feature", "properties": { "grid_key": "st100-ln50_hist", "station": 100.0, "line": 50.0, "shore": "offshore", "pattern": "historical", "zone": "offshore-historical", "lon_ctr": -127.8265154251006, "lat_ctr": 38.016459560500579 }, "geometry": { "type": "Polygon", "coordinates": [ [ [ -127.771363580418821, 39.212177826491072 ], [ -129.248634728190524, 38.545511159824407 ], [ -127.871428193908685, 36.813460352255525 ], [ -126.428943936143, 37.48012701892219 ], [ -127.771363580418821, 39.212177826491072 ] ] ] } },
{ "type": "Feature", "properties": { "grid_key": "st120-ln50_hist", "station": 120.0, "line": 50.0, "shore": "offshore", "pattern": "historical", "zone": "offshore-historical", "lon_ctr": -129.27965121236386, "lat_ctr": 37.349792527947372 }, "geometry": { "type": "Polygon", "coordinates": [ [ [ -129.248634728190524, 38.545511159824407 ], [ -130.712162080733918, 37.878844493157736 ], [ -129.301296980832461, 36.146793685588861 ], [ -127.871428193908685, 36.813460352255525 ], [ -129.248634728190524, 38.545511159824407 ] ] ] } },
{ "type": "Feature", "properties": { "grid_key": "st140-ln50_hist", "station": 140.0, "line": 50.0, "shore": "offshore", "pattern": "historical", "zone": "offshore-historical", "lon_ctr": -130.71983488621834, "lat_ctr": 36.683124681448206 }, "geometry": { "type": "Polygon", "coordinates": [ [ [ -130.712162080733918, 37.878844493157736 ], [ -132.162392166033328, 37.212177826491072 ], [ -130.718958262973189, 35.480127018922197 ], [ -129.301296980832461, 36.146793685588861 ], [ -130.712162080733918, 37.878844493157736 ] ] ] } },
{ "type": "Feature", "properties": { "grid_key": "st140-ln60_hist", "station": 140.0, "line": 60.0, "shore": "offshore", "pattern": "historical", "zone": "offshore-historical", "lon_ctr": -129.31419036025221, "lat_ctr": 34.950828298680619 }, "geometry": { "type": "Polygon", "coordinates": [ [ [ -129.301296980832461, 36.146793685588861 ], [ -130.718958262973189, 35.480127018922197 ], [ -129.319108616820074, 33.748076211353315 ], [ -127.931351256160838, 34.414742878019979 ], [ -129.301296980832461, 36.146793685588861 ] ] ] } },
{ "type": "Feature", "properties": { "grid_key": "st160-ln60_hist", "station": 160.0, "line": 60.0, "shore": "offshore", "pattern": "historical", "zone": "offshore-historical", "lon_ctr": -130.71113367573057, "lat_ctr": 34.284152442028649 }, "geometry": { "type": "Polygon", "coordinates": [ [ [ -130.718958262973189, 35.480127018922197 ], [ -132.124806511008472, 34.813460352255532 ], [ -130.696019498955593, 33.08140954468665 ], [ -129.319108616820074, 33.748076211353315 ], [ -130.718958262973189, 35.480127018922197 ] ] ] } },
{ "type": "Feature", "properties": { "grid_key": "st180-ln60_hist", "station": 180.0, "line": 60.0, "shore": "offshore", "pattern": "historical", "zone": "offshore-historical", "lon_ctr": -132.09694176616367, "lat_ctr": 33.617475271943285 }, "geometry": { "type": "Polygon", "coordinates": [ [ [ -133.519223381570498, 34.146793685588861 ], [ -132.062435176209817, 32.414742878019979 ], [ -130.696019498955593, 33.08140954468665 ], [ -132.124806511008472, 34.813460352255532 ], [ -133.519223381570498, 34.146793685588861 ] ] ] } },
{ "type": "Feature", "properties": { "grid_key": "st200-ln60_hist", "station": 200.0, "line": 60.0, "shore": "offshore", "pattern": "historical", "zone": "offshore-historical", "lon_ctr": -133.47197493479877, "lat_ctr": 32.9507966375159 }, "geometry": { "type": "Polygon", "coordinates": [ [ [ -134.902578358981543, 33.48012701892219 ], [ -133.418696251619934, 31.748076211353315 ], [ -132.062435176209817, 32.414742878019979 ], [ -133.519223381570498, 34.146793685588861 ], [ -134.902578358981543, 33.48012701892219 ] ] ] } },
{ "type": "Feature", "properties": { "grid_key": "st140-ln70_hist", "station": 140.0, "line": 70.0, "shore": "offshore", "pattern": "historical", "zone": "offshore-historical", "lon_ctr": -127.94901315378107, "lat_ctr": 33.218544906227798 }, "geometry": { "type": "Polygon", "coordinates": [ [ [ -127.931351256160838, 34.414742878019979 ], [ -129.319108616820074, 33.748076211353315 ], [ -127.959243539099219, 32.01602540378444 ], [ -126.598941363726851, 32.682692070451104 ], [ -127.931351256160838, 34.414742878019979 ] ] ] } },
{ "type": "Feature", "properties": { "grid_key": "st160-ln70_hist", "station": 160.0, "line": 70.0, "shore": "offshore", "pattern": "historical", "zone": "offshore-historical", "lon_ctr": -129.31776173961467, "lat_ctr": 32.551862920252326 }, "geometry": { "type": "Polygon", "coordinates": [ [ [ -129.319108616820074, 33.748076211353315 ], [ -130.696019498955593, 33.08140954468665 ], [ -129.30958993668213, 31.349358737117772 ], [ -127.959243539099219, 32.01602540378444 ], [ -129.319108616820074, 33.748076211353315 ] ] ] } },
{ "type": "Feature", "properties": { "grid_key": "st180-ln70_hist", "station": 180.0, "line": 70.0, "shore": "offshore", "pattern": "historical", "zone": "offshore-historical", "lon_ctr": -130.67628821092677, "lat_ctr": 31.885179554714952 }, "geometry": { "type": "Polygon", "coordinates": [ [ [ -132.062435176209817, 32.414742878019979 ], [ -130.650305176736026, 30.6826920704511 ], [ -129.30958993668213, 31.349358737117772 ], [ -130.696019498955593, 33.08140954468665 ], [ -132.062435176209817, 32.414742878019979 ] ] ] } },
{ "type": "Feature", "properties": { "grid_key": "st200-ln70_hist", "station": 200.0, "line": 70.0, "shore": "offshore", "pattern": "historical", "zone": "offshore-historical", "lon_ctr": -132.02492510874791, "lat_ctr": 31.218494685745913 }, "geometry": { "type": "Polygon", "coordinates": [ [ [ -133.418696251619934, 31.748076211353315 ], [ -131.981704504268748, 30.016025403784436 ], [ -130.650305176736026, 30.6826920704511 ], [ -132.062435176209817, 32.414742878019979 ], [ -133.418696251619934, 31.748076211353315 ] ] ] } },
{ "type": "Feature", "properties": { "grid_key": "st140-ln80_hist", "station": 140.0, "line": 80.0, "shore": "offshore", "pattern": "historical", "zone": "offshore-historical", "lon_ctr": -126.62098493252664, "lat_ctr": 31.486273106043978 }, "geometry": { "type": "Polygon", "coordinates": [ [ [ -126.598941363726851, 32.682692070451104 ], [ -127.959243539099219, 32.01602540378444 ], [ -126.636112661571403, 30.283974596215568 ], [ -125.30100635544521, 30.950641262882232 ], [ -126.598941363726851, 32.682692070451104 ] ] ] } },
{ "type": "Feature", "properties": { "grid_key": "st160-ln80_hist", "station": 160.0, "line": 80.0, "shore": "offshore", "pattern": "historical", "zone": "offshore-historical", "lon_ctr": -127.96385442590889, "lat_ctr": 30.819585742639809 }, "geometry": { "type": "Polygon", "coordinates": [ [ [ -127.959243539099219, 32.01602540378444 ], [ -129.30958993668213, 31.349358737117772 ], [ -127.962087303124434, 29.6173079295489 ], [ -126.636112661571403, 30.283974596215568 ], [ -127.959243539099219, 32.01602540378444 ] ] ] } },
{ "type": "Feature", "properties": { "grid_key": "st180-ln80_hist", "station": 180.0, "line": 80.0, "shore": "offshore", "pattern": "historical", "zone": "offshore-historical", "lon_ctr": -129.29734558539261, "lat_ctr": 30.152896966878618 }, "geometry": { "type": "Polygon", "coordinates": [ [ [ -130.650305176736026, 30.6826920704511 ], [ -129.279231469389487, 28.950641262882229 ], [ -127.962087303124434, 29.6173079295489 ], [ -129.30958993668213, 31.349358737117772 ], [ -130.650305176736026, 30.6826920704511 ] ] ] } },
{ "type": "Feature", "properties": { "grid_key": "st200-ln80_hist", "station": 200.0, "line": 80.0, "shore": "offshore", "pattern": "historical", "zone": "offshore-historical", "lon_ctr": -130.62176656168489, "lat_ctr": 29.486206678514819 }, "geometry": { "type": "Polygon", "coordinates": [ [ [ -131.981704504268748, 30.016025403784436 ], [ -130.587838097928881, 28.283974596215565 ], [ -129.279231469389487, 28.950641262882229 ], [ -130.650305176736026, 30.6826920704511 ], [ -131.981704504268748, 30.016025403784436 ] ] ] } },
{ "type": "Feature", "properties": { "grid_key": "st120-ln90_hist", "station": 120.0, "line": 90.0, "shore": "offshore", "pattern": "historical", "zone": "offshore-historical", "lon_ctr": -124.46560369802502, "lat_ctr": 30.500893096547593 }, "geometry": { "type": "Polygon", "coordinates": [ [ [ -125.30100635544521, 30.950641262882232 ], [ -124.034765446459502, 29.218590455313354 ], [ -123.705423798197259, 29.385257121980018 ], [ -124.124326790719266, 29.965494142515592 ], [ -124.540209418641325, 30.537070909013323 ], [ -123.872057939188963, 30.870404242346659 ], [ -124.293497911794688, 31.450641262882232 ], [ -125.30100635544521, 30.950641262882232 ] ] ] } },
{ "type": "Feature", "properties": { "grid_key": "st140-ln90_hist", "station": 140.0, "line": 90.0, "shore": "offshore", "pattern": "historical", "zone": "offshore-historical", "lon_ctr": -125.32710033733098, "lat_ctr": 29.754011676270753 }, "geometry": { "type": "Polygon", "coordinates": [ [ [ -125.30100635544521, 30.950641262882232 ], [ -126.636112661571403, 30.283974596215568 ], [ -125.346768817927938, 28.55192378864669 ], [ -124.034765446459502, 29.218590455313354 ], [ -125.30100635544521, 30.950641262882232 ] ] ] } },
{ "type": "Feature", "properties": { "grid_key": "st160-ln90_hist", "station": 160.0, "line": 90.0, "shore": "offshore", "pattern": "historical", "zone": "offshore-historical", "lon_ctr": -126.64623320038741, "lat_ctr": 29.087319592021323 }, "geometry": { "type": "Polygon", "coordinates": [ [ [ -126.636112661571403, 30.283974596215568 ], [ -127.962087303124434, 29.6173079295489 ], [ -126.650406070678017, 27.885257121980018 ], [ -125.346768817927938, 28.55192378864669 ], [ -126.636112661571403, 30.283974596215568 ] ] ] } },
{ "type": "Feature", "properties": { "grid_key": "st180-ln90_hist", "station": 180.0, "line": 90.0, "shore": "offshore", "pattern": "historical", "zone": "offshore-historical", "lon_ctr": -127.95677056746389, "lat_ctr": 28.420626090048273 }, "geometry": { "type": "Polygon", "coordinates": [ [ [ -129.279231469389487, 28.950641262882229 ], [ -127.945957762532032, 27.218590455313354 ], [ -126.650406070678017, 27.885257121980018 ], [ -127.962087303124434, 29.6173079295489 ], [ -129.279231469389487, 28.950641262882229 ] ] ] } },
{ "type": "Feature", "properties": { "grid_key": "st200-ln90_hist", "station": 200.0, "line": 90.0, "shore": "offshore", "pattern": "historical", "zone": "offshore-historical", "lon_ctr": -129.2589991232332, "lat_ctr": 27.753931090794701 }, "geometry": { "type": "Polygon", "coordinates": [ [ [ -130.587838097928881, 28.283974596215565 ], [ -129.2336971794156, 26.551923788646686 ], [ -127.945957762532032, 27.218590455313354 ], [ -129.279231469389487, 28.950641262882229 ], [ -130.587838097928881, 28.283974596215565 ] ] ] } },
{ "type": "Feature", "properties": { "grid_key": "st20-ln100_hist", "station": 20.0, "line": 100.0, "shore": "nearshore", "pattern": "historical", "zone": "nearshore-historical", "lon_ctr": -116.84880392238598, "lat_ctr": 31.928158642800003 }, "geometry": { "type": "MultiPolygon", "coordinates": [ [ [ [ -117.140570780009469, 32.64884086378995 ], [ -117.131277764999936, 32.630990883000038 ], [ -117.124085536999957, 32.606766157000038 ], [ -117.115089206999926, 32.600261543000052 ], [ -117.103384153999897, 32.606810452000047 ], [ -117.102311058999916, 32.620468257000077 ], [ -117.119891983999921, 32.652633962000039 ], [ -117.119577635898423, 32.659094318550714 ], [ -117.140570780009469, 32.64884086378995 ] ] ], [ [ [ -117.168378683884612, 32.635257121980018 ], [ -117.338881028406533, 32.55192378864669 ], [ -117.253405945017889, 32.420698995862281 ], [ -117.24763923499988, 32.418630495000059 ], [ -117.245031647999909, 32.414626732000045 ], [ -117.241969628999883, 32.404425521000064 ], [ -117.240929054679256, 32.401530355044208 ], [ -116.335727162457104, 31.001694033581554 ], [ -116.326120018999944, 31.027449096000055 ], [ -116.318109096999947, 31.089660714000054 ], [ -116.309437628999959, 31.148504950000071 ], [ -116.341542120999932, 31.219549872000073 ], [ -116.45413951399992, 31.338544165000087 ], [ -116.497629360999923, 31.406805731000073 ], [ -116.508208787999976, 31.419338283000066 ], [ -116.514149542999888, 31.422796942000051 ], [ -116.530100063999924, 31.44033437700006 ], [ -116.538929816999939, 31.447251695000038 ], [ -116.552357550999943, 31.452093817000051 ], [ -116.572132941999953, 31.466864325000074 ], [ -116.585519985999881, 31.47134023600006 ], [ -116.595936652999924, 31.477850653000075 ], [ -116.599517381999959, 31.483872789000092 ], [ -116.601958787999962, 31.491156317000055 ], [ -116.609120245999932, 31.501410223000054 ], [ -116.646962042999917, 31.528387762000076 ], [ -116.652211066999953, 31.537909247000076 ], [ -116.675607876999919, 31.552639065000047 ], [ -116.681060350999942, 31.566310940000051 ], [ -116.677235480999968, 31.577785549000062 ], [ -116.681060350999942, 31.577297268000052 ], [ -116.667632615999906, 31.580023505000046 ], [ -116.6445206369999, 31.579535223000057 ], [ -116.664173956999932, 31.601141669000082 ], [ -116.661936001999905, 31.616441148000035 ], [ -116.655751105999911, 31.632473049000058 ], [ -116.648060675999986, 31.659165757000036 ], [ -116.655100063999924, 31.677964585000044 ], [ -116.668527798999961, 31.697007554000034 ], [ -116.675363735999923, 31.702582098000047 ], [ -116.690174933999955, 31.708156643000056 ], [ -116.715323268999882, 31.710983804000076 ], [ -116.741176875999926, 31.738533860000071 ], [ -116.750380804999878, 31.752360311000078 ], [ -116.708811001999962, 31.744208075000078 ], [ -116.678822394999969, 31.726996161000045 ], [ -116.661284959999932, 31.723374742000093 ], [ -116.643625454999935, 31.734279690000051 ], [ -116.630441860999923, 31.75283437700006 ], [ -116.619626772999951, 31.771738378000073 ], [ -116.612598333999941, 31.801026872000079 ], [ -116.610001727999958, 31.822600523000062 ], [ -116.611818564999908, 31.842879924000048 ], [ -116.619699673999918, 31.857570705000057 ], [ -116.656925725999955, 31.86390121800008 ], [ -116.676382839999931, 31.868764541000075 ], [ -116.694725319999961, 31.890039683000058 ], [ -116.718788817999894, 31.901189162000041 ], [ -116.735278011999952, 31.903483287000089 ], [ -116.754768356999904, 31.90964102100008 ], [ -116.756011522999941, 31.934556382000043 ], [ -116.757923956999917, 31.965033270000049 ], [ -116.769886847999913, 31.977769273000032 ], [ -116.803863084999918, 31.978705145000053 ], [ -116.842274542999931, 31.986517645000045 ], [ -116.865386522999955, 32.013006903000075 ], [ -116.875314907999922, 32.034491278000075 ], [ -116.87865149599989, 32.069240627000063 ], [ -116.886870897999898, 32.132025458000044 ], [ -116.905100063999882, 32.17837148600006 ], [ -116.92267818899991, 32.21938711100006 ], [ -116.933420376999962, 32.233791408000059 ], [ -116.948312954999906, 32.247015692000055 ], [ -116.966664191999925, 32.256577867000082 ], [ -117.00987708199996, 32.26508209800005 ], [ -117.024973110999923, 32.276922919000071 ], [ -117.073475714999887, 32.36945221600007 ], [ -117.088612433999913, 32.404933986000053 ], [ -117.107289191999968, 32.437648830000064 ], [ -117.118397589999901, 32.45453522300005 ], [ -117.121245897999955, 32.471909898000035 ], [ -117.123384619999882, 32.490564937000045 ], [ -117.12452675999991, 32.512923819000036 ], [ -117.124149853999938, 32.524119343000045 ], [ -117.125121488944188, 32.53166949000402 ], [ -117.126128709999904, 32.539496161000045 ], [ -117.132191535999908, 32.568060614000046 ], [ -117.133948974999882, 32.592895686000077 ], [ -117.137006646999893, 32.615760699000084 ], [ -117.149121460237453, 32.644664207137787 ], [ -117.168378683884612, 32.635257121980018 ] ] ], [ [ [ -116.2189915432904, 30.819872981077811 ], [ -116.148633662640037, 30.854924624346122 ], [ -116.152076213999948, 30.857815507000055 ], [ -116.175774033999929, 30.860147233000074 ], [ -116.201283331999974, 30.891587632000039 ], [ -116.218576626999962, 30.913153387000083 ], [ -116.226185675999957, 30.926459052000045 ], [ -116.249745245999932, 30.956773179000034 ], [ -116.268177863999952, 30.963812567000044 ], [ -116.305444408048587, 30.954555388721086 ], [ -116.2189915432904, 30.819872981077811 ] ] ] ] } },
{ "type": "Feature", "properties": { "grid_key": "st40-ln100_hist", "station": 40.0, "line": 100.0, "shore": "nearshore", "pattern": "historical", "zone": "nearshore-historical", "lon_ctr": -117.45019721440123, "lat_ctr": 31.354484044374328 }, "geometry": { "type": "Polygon", "coordinates": [ [ [ -116.305444408048587, 30.954555388721086 ], [ -116.307312632999924, 30.954091310000081 ], [ -116.335445820999851, 30.956339556000046 ], [ -116.340362532999862, 30.989260414000054 ], [ -116.335727162457104, 31.001694033581554 ], [ -117.240929054679256, 32.401530355044208 ], [ -117.239350998999939, 32.397139758000037 ], [ -117.239320740999901, 32.389117730000066 ], [ -117.243205449999948, 32.388742780000086 ], [ -117.246703258999901, 32.400037487000077 ], [ -117.248026816999911, 32.407326538000063 ], [ -117.251064116999927, 32.410963019000064 ], [ -117.253693337999948, 32.420802080000044 ], [ -117.253405945017889, 32.420698995862281 ], [ -117.338881028406533, 32.55192378864669 ], [ -117.509223638533598, 32.468590455313354 ], [ -117.849432284845477, 32.301923788646683 ], [ -118.189009856529438, 32.135257121980018 ], [ -118.527961547997776, 31.968590455313354 ], [ -118.697204301279584, 31.885257121980022 ], [ -117.552282501281766, 30.153206314411143 ], [ -116.2189915432904, 30.819872981077811 ], [ -116.305444408048587, 30.954555388721086 ] ] ] } },
{ "type": "Feature", "properties": { "grid_key": "st60-ln100_hist", "station": 60.0, "line": 100.0, "shore": "nearshore", "pattern": "historical", "zone": "nearshore-historical", "lon_ctr": -118.79045461165815, "lat_ctr": 30.687990552703344 }, "geometry": { "type": "Polygon", "coordinates": [ [ [ -118.866292514852447, 31.801923788646683 ], [ -119.204007874364152, 31.635257121980018 ], [ -119.709437750841758, 31.385257121980022 ], [ -120.045636232757531, 31.21859045531335 ], [ -118.87650154357371, 29.486539647744472 ], [ -117.552282501281766, 30.153206314411143 ], [ -118.697204301279584, 31.885257121980022 ], [ -118.866292514852447, 31.801923788646683 ] ] ] } },
{ "type": "Feature", "properties": { "grid_key": "st80-ln100_hist", "station": 80.0, "line": 100.0, "shore": "offshore", "pattern": "historical", "zone": "offshore-historical", "lon_ctr": -120.12215710679955, "lat_ctr": 30.021358984553274 }, "geometry": { "type": "Polygon", "coordinates": [ [ [ -121.0506634929542, 30.718590455313358 ], [ -121.384499567378015, 30.551923788646686 ], [ -120.191948208903256, 28.819872981077808 ], [ -118.87650154357371, 29.486539647744472 ], [ -120.045636232757531, 31.21859045531335 ], [ -120.38123672268965, 31.051923788646686 ], [ -121.0506634929542, 30.718590455313358 ] ] ] } },
{ "type": "Feature", "properties": { "grid_key": "st100-ln100_hist", "station": 100.0, "line": 100.0, "shore": "offshore", "pattern": "historical", "zone": "offshore-historical", "lon_ctr": -121.44482534538393, "lat_ctr": 29.354682342178577 }, "geometry": { "type": "Polygon", "coordinates": [ [ [ -122.382556578629661, 30.051923788646683 ], [ -122.714107764861623, 29.885257121980018 ], [ -121.498913862959654, 28.15320631441114 ], [ -120.191948208903256, 28.819872981077808 ], [ -121.384499567378015, 30.551923788646686 ], [ -121.717757238872423, 30.385257121980022 ], [ -122.382556578629661, 30.051923788646683 ] ] ] } },
{ "type": "Feature", "properties": { "grid_key": "st120-ln100_hist", "station": 120.0, "line": 100.0, "shore": "offshore", "pattern": "historical", "zone": "offshore-historical", "lon_ctr": -122.75878087182338, "lat_ctr": 28.688004081267369 }, "geometry": { "type": "Polygon", "coordinates": [ [ [ -123.705423798197259, 29.385257121980018 ], [ -124.034765446459502, 29.218590455313354 ], [ -122.797682087171964, 27.486539647744475 ], [ -121.498913862959654, 28.15320631441114 ], [ -122.714107764861623, 29.885257121980018 ], [ -123.045099584928067, 29.718590455313354 ], [ -123.705423798197259, 29.385257121980018 ] ] ] } },
{ "type": "Feature", "properties": { "grid_key": "st140-ln100_hist", "station": 140.0, "line": 100.0, "shore": "offshore", "pattern": "historical", "zone": "offshore-historical", "lon_ctr": -124.06462627235013, "lat_ctr": 28.021759543189098 }, "geometry": { "type": "Polygon", "coordinates": [ [ [ -124.034765446459502, 29.218590455313354 ], [ -125.346768817927938, 28.55192378864669 ], [ -124.088529047910484, 26.819872981077811 ], [ -122.797682087171964, 27.486539647744475 ], [ -124.034765446459502, 29.218590455313354 ] ] ] } },
{ "type": "Feature", "properties": { "grid_key": "st160-ln100_hist", "station": 160.0, "line": 100.0, "shore": "offshore", "pattern": "historical", "zone": "offshore-historical", "lon_ctr": -125.36201265536704, "lat_ctr": 27.35506331447014 }, "geometry": { "type": "Polygon", "coordinates": [ [ [ -125.346768817927938, 28.55192378864669 ], [ -126.650406070678017, 27.885257121980018 ], [ -125.371723847371229, 26.153206314411143 ], [ -124.088529047910484, 26.819872981077811 ], [ -125.346768817927938, 28.55192378864669 ] ] ] } },
{ "type": "Feature", "properties": { "grid_key": "st180-ln100_hist", "station": 180.0, "line": 100.0, "shore": "offshore", "pattern": "historical", "zone": "offshore-historical", "lon_ctr": -126.65153272310744, "lat_ctr": 26.688365685252869 }, "geometry": { "type": "Polygon", "coordinates": [ [ [ -127.945957762532032, 27.218590455313354 ], [ -126.647528857323479, 25.486539647744475 ], [ -125.371723847371229, 26.153206314411143 ], [ -126.650406070678017, 27.885257121980018 ], [ -127.945957762532032, 27.218590455313354 ] ] ] } },
{ "type": "Feature", "properties": { "grid_key": "st200-ln100_hist", "station": 200.0, "line": 100.0, "shore": "offshore", "pattern": "historical", "zone": "offshore-historical", "lon_ctr": -127.93345424420296, "lat_ctr": 26.02166659412379 }, "geometry": { "type": "Polygon", "coordinates": [ [ [ -129.2336971794156, 26.551923788646686 ], [ -127.916200036815113, 24.819872981077808 ], [ -126.647528857323479, 25.486539647744475 ], [ -127.945957762532032, 27.218590455313354 ], [ -129.2336971794156, 26.551923788646686 ] ] ] } },
{ "type": "Feature", "properties": { "grid_key": "st0-ln110_hist", "station": 0.0, "line": 110.0, "shore": "nearshore", "pattern": "historical", "zone": "nearshore-historical", "lon_ctr": -113.79202742522214, "lat_ctr": 30.78332140577286 }, "geometry": { "type": "Polygon", "coordinates": [ [ [ -114.85279549792196, 31.498178072816348 ], [ -114.852583796239671, 31.448689274958898 ], [ -113.797146642221989, 29.754488840175597 ], [ -112.803578732731722, 30.253760234425108 ], [ -112.808948969999932, 30.258582947000033 ], [ -112.828784312999915, 30.269181114000041 ], [ -112.836790207999954, 30.269763903000069 ], [ -112.846263184999927, 30.271593642000084 ], [ -112.854915128999949, 30.262755919000085 ], [ -112.86078966099987, 30.268998923000094 ], [ -112.848594483999946, 30.288529738000079 ], [ -112.846646651999976, 30.319285425000086 ], [ -112.847743160999912, 30.361345324000066 ], [ -112.856027798999932, 30.40058014500006 ], [ -112.870676235999881, 30.428534247000073 ], [ -112.915395622999938, 30.475129516000045 ], [ -112.986543486999921, 30.532351902000073 ], [ -113.04125758899994, 30.608531018000072 ], [ -113.079894854999893, 30.67044107400006 ], [ -113.113859727999909, 30.78117956400007 ], [ -113.128840603999933, 30.812439603000083 ], [ -113.110907948999909, 30.843332534000073 ], [ -113.099940558999947, 30.906834639000074 ], [ -113.097359181999977, 30.946007914000067 ], [ -113.099921411999887, 30.979240707000091 ], [ -113.130782954999944, 31.050547157000036 ], [ -113.130960831999914, 31.064989647000065 ], [ -113.12291450999993, 31.066933307000063 ], [ -113.116192857999906, 31.056936244000042 ], [ -113.112390375999894, 31.045662567000079 ], [ -113.104080487999909, 31.025008694000064 ], [ -113.089819625999908, 30.993121915000074 ], [ -113.083187103999933, 30.989407858000053 ], [ -113.076771613999966, 30.997056382000043 ], [ -113.055897589999887, 31.030707098000054 ], [ -113.053799304999927, 31.078891088000038 ], [ -113.053524677999903, 31.123423225000067 ], [ -113.048722936999937, 31.156691667000072 ], [ -113.069422169999925, 31.172218187000055 ], [ -113.091744370999976, 31.202152447000064 ], [ -113.1168694979999, 31.217645212000036 ], [ -113.145496279999918, 31.219293245000074 ], [ -113.143942334999906, 31.209906639000053 ], [ -113.128473322999881, 31.203138636000066 ], [ -113.116676993999945, 31.197588884000083 ], [ -113.120993817999917, 31.190025639000055 ], [ -113.13867242299996, 31.195533275000059 ], [ -113.155635420999971, 31.20479716200003 ], [ -113.197046393999955, 31.225187791000064 ], [ -113.208648240999906, 31.248439846000053 ], [ -113.221994594999913, 31.26040273600006 ], [ -113.232899542999931, 31.288031317000048 ], [ -113.24583899599989, 31.286932684000085 ], [ -113.261708136999914, 31.280585028000075 ], [ -113.275990363999924, 31.278265692000048 ], [ -113.264312303999944, 31.262844143000056 ], [ -113.252023891999897, 31.256048895000053 ], [ -113.237863735999952, 31.251776434000078 ], [ -113.229348899999948, 31.245095622000072 ], [ -113.24144437899993, 31.241239754000052 ], [ -113.278391079999864, 31.250637111000071 ], [ -113.434024154999904, 31.276236063000056 ], [ -113.481858102999951, 31.28645039700007 ], [ -113.548947900999877, 31.295700208000085 ], [ -113.558464181999895, 31.315613273000054 ], [ -113.585378565999932, 31.323163873000059 ], [ -113.622268888999983, 31.325583966000067 ], [ -113.643492399999928, 31.341774799000063 ], [ -113.636883768999965, 31.347576984000057 ], [ -113.618394894999938, 31.344939871000069 ], [ -113.609306007999905, 31.352915131000092 ], [ -113.619618292999888, 31.381781317000048 ], [ -113.63583192699987, 31.434851190000078 ], [ -113.63467582499996, 31.465626586000045 ], [ -113.659576662999882, 31.49753958400003 ], [ -113.713587832999906, 31.531902301000066 ], [ -113.757544799999962, 31.549214858000081 ], [ -113.77458153099991, 31.563314466000065 ], [ -113.803987381999946, 31.564353007000079 ], [ -113.848866833999864, 31.584509310000044 ], [ -113.875721808999899, 31.596747137000076 ], [ -113.88487708199996, 31.61469147300005 ], [ -113.912993943999936, 31.604641018000056 ], [ -113.926177537999948, 31.601467190000058 ], [ -113.939523891999869, 31.600409247000073 ], [ -113.957834438999882, 31.61595286700009 ], [ -113.962513800999972, 31.655218817000048 ], [ -113.977691209999918, 31.663072007000039 ], [ -113.980376756999902, 31.650295315000047 ], [ -113.979888475999971, 31.595933335000034 ], [ -113.981068488999952, 31.586737372000073 ], [ -113.974029100999942, 31.579087632000036 ], [ -113.966786261999943, 31.57705312700006 ], [ -113.961415167999931, 31.578111070000038 ], [ -113.960031704999892, 31.579901434000085 ], [ -113.950998502, 31.568019924000058 ], [ -113.954701300999929, 31.565659898000035 ], [ -113.962880011999928, 31.562892971000064 ], [ -113.979668756999928, 31.545206483000076 ], [ -113.982767298999903, 31.53228497200007 ], [ -113.992739983999925, 31.527129052000078 ], [ -114.005302787999923, 31.525509701000093 ], [ -114.010406053999944, 31.516262111000064 ], [ -114.015004035999908, 31.510728257000036 ], [ -114.018788214999915, 31.504055080000057 ], [ -114.028942246999932, 31.491539208000063 ], [ -114.071400519999926, 31.492010809000078 ], [ -114.117873026999888, 31.492307933000063 ], [ -114.159012721999915, 31.494508617000065 ], [ -114.208887877999942, 31.51228340300008 ], [ -114.231950143999924, 31.530488248000044 ], [ -114.259816686999898, 31.53859757400005 ], [ -114.287844805999939, 31.552430480000059 ], [ -114.298132734999911, 31.561551984000062 ], [ -114.312082485999895, 31.57587311400005 ], [ -114.324664492999901, 31.582552049000082 ], [ -114.327480394999924, 31.594665150000086 ], [ -114.360540948999912, 31.608374101000035 ], [ -114.412542493999936, 31.635259168000065 ], [ -114.432125943999893, 31.646343159000086 ], [ -114.448136483999917, 31.648910226000059 ], [ -114.461228691999892, 31.667259179000045 ], [ -114.491768878950367, 31.676603258158515 ], [ -114.85279549792196, 31.498178072816348 ] ] ] } },
{ "type": "Feature", "properties": { "grid_key": "st20-ln110_hist", "station": 20.0, "line": 110.0, "shore": "nearshore", "pattern": "historical", "zone": "nearshore-historical", "lon_ctr": -114.38346671929402, "lat_ctr": 30.338608964043388 }, "geometry": { "type": "MultiPolygon", "coordinates": [ [ [ [ -114.852583796239671, 31.448689274958898 ], [ -114.852310481999893, 31.38942978700004 ], [ -114.875198572999921, 31.328701516000084 ], [ -114.872627455999933, 31.272666801000071 ], [ -114.883783074999968, 31.182244539000067 ], [ -114.888677902999888, 31.162892087000053 ], [ -114.884043052999928, 31.12071543300004 ], [ -114.86390442999992, 31.08967322600007 ], [ -114.83816541399996, 31.066614429000083 ], [ -114.813470958999901, 31.049985552000066 ], [ -114.814930811999972, 31.042799895000087 ], [ -114.832915818999908, 31.027411200000074 ], [ -114.832386847999928, 31.006659247000076 ], [ -114.821766730999926, 30.988959052000038 ], [ -114.803537563999868, 30.976629950000074 ], [ -114.736335892999932, 30.949346628000058 ], [ -114.720258899999919, 30.941097776000046 ], [ -114.716764554999941, 30.935448835000045 ], [ -114.714899781999904, 30.928336923000074 ], [ -114.71045177299996, 30.918416053000044 ], [ -114.709095831999974, 30.884955145000049 ], [ -114.70791581899995, 30.874212958000044 ], [ -114.704601545999907, 30.858455784000057 ], [ -114.709197463999942, 30.844058200000063 ], [ -114.703937171999925, 30.834859636000093 ], [ -114.69685935999992, 30.819984637000065 ], [ -114.70058179999991, 30.774816066000081 ], [ -114.695196301999985, 30.761302603000047 ], [ -114.687241675999871, 30.744994342000044 ], [ -114.693654113999926, 30.736264899000048 ], [ -114.7054681729999, 30.711718878000056 ], [ -114.696445189999878, 30.687496928000087 ], [ -114.691891401999882, 30.670999803000086 ], [ -114.698474403999938, 30.637211563000051 ], [ -114.684326072999909, 30.606765191000083 ], [ -114.661824911999915, 30.574336929000083 ], [ -114.649646129999923, 30.554560873000071 ], [ -114.648547660999867, 30.543856783000077 ], [ -114.646066860999923, 30.534491278000079 ], [ -114.645253058999899, 30.524115302000045 ], [ -114.640288865999921, 30.513006903000079 ], [ -114.630598638999942, 30.494874103000086 ], [ -114.630206742999931, 30.480577456000049 ], [ -114.638055326999918, 30.463267685000062 ], [ -114.636636325999902, 30.441838472000089 ], [ -114.629520163999942, 30.424802805000073 ], [ -114.634549254999968, 30.396789634000072 ], [ -114.640602111999883, 30.375214558000039 ], [ -114.635313702999952, 30.364561504000054 ], [ -114.643962956999914, 30.313731103000066 ], [ -114.651519334999932, 30.296454169000075 ], [ -114.652699347999942, 30.288275458000044 ], [ -114.650949673999975, 30.277004299000058 ], [ -114.640116324999866, 30.263756544000049 ], [ -114.644768145999947, 30.250026874000067 ], [ -114.651582300999877, 30.228483867000079 ], [ -114.655301531999925, 30.213397818000086 ], [ -114.665733130999911, 30.199568176000071 ], [ -114.660302304999888, 30.183252241000051 ], [ -114.652644087999931, 30.174826159000073 ], [ -114.642173867999915, 30.155028462000075 ], [ -114.630686001999948, 30.144517320000034 ], [ -114.630783091999973, 30.132384926000043 ], [ -114.624600824999916, 30.117495341000048 ], [ -114.604533326999928, 30.110741383000068 ], [ -114.596550757999907, 30.089450043000056 ], [ -114.580377514999924, 30.072604697000088 ], [ -114.581434183999946, 30.051117130000087 ], [ -114.558145309999929, 30.017630054000051 ], [ -114.54429788099992, 29.991680126000066 ], [ -114.533132086999913, 29.967950990000091 ], [ -114.481306312999962, 29.947299237000038 ], [ -114.472698421999908, 29.918973981000075 ], [ -114.4593406219999, 29.910115134000083 ], [ -114.427719345999961, 29.907295114000082 ], [ -114.416835507999906, 29.89119658900006 ], [ -114.408794843999956, 29.880942001000051 ], [ -114.415096888999898, 29.854766497000067 ], [ -114.403028014999919, 29.832824062000039 ], [ -114.396297151999917, 29.827228182000056 ], [ -114.403192394999905, 29.826841662000053 ], [ -114.408633897999962, 29.821374160000058 ], [ -114.409438521999945, 29.81543302100005 ], [ -114.398257178999955, 29.809706831000085 ], [ -114.396080708999961, 29.805173136000075 ], [ -114.395817553999905, 29.796110630000044 ], [ -114.392240010999856, 29.783011607000049 ], [ -114.38125128399993, 29.774451764000052 ], [ -114.371096957999882, 29.770169518000046 ], [ -114.363144179999864, 29.772064434000061 ], [ -114.353263226999943, 29.768017999000044 ], [ -114.345851348999915, 29.758730986000046 ], [ -114.345849397999899, 29.751586387000085 ], [ -114.33954217999991, 29.74472279400004 ], [ -114.322525640999899, 29.741100531000086 ], [ -114.304138790999929, 29.741566686000052 ], [ -114.297043423999909, 29.742350247000051 ], [ -114.288811095999932, 29.748292832000061 ], [ -114.287961256999893, 29.753019733000087 ], [ -114.286060857999928, 29.756618538000051 ], [ -114.292342343999934, 29.757059515000037 ], [ -114.293985225999904, 29.761344352000037 ], [ -114.292886628999867, 29.766585621000047 ], [ -114.285523874999896, 29.765682184000067 ], [ -114.283020620000016, 29.769933403000039 ], [ -114.28053984499995, 29.772066592000048 ], [ -114.278650293999974, 29.770426838000038 ], [ -114.273716377999932, 29.770190263000075 ], [ -114.271214983999954, 29.772068418000064 ], [ -114.265776824999932, 29.76924651600007 ], [ -114.263303839999963, 29.764716623000083 ], [ -114.260246890999881, 29.76539764000006 ], [ -114.257550188999929, 29.760431100000062 ], [ -114.253947642999961, 29.762067783000077 ], [ -114.243477970999933, 29.762985342000036 ], [ -114.235905165999895, 29.758599799000081 ], [ -114.227683986999892, 29.750007879000066 ], [ -114.221102259999881, 29.749059239000079 ], [ -114.220291017999898, 29.74640453100006 ], [ -114.208484613999929, 29.744775323000056 ], [ -114.203309720999926, 29.739734056000088 ], [ -114.20032236099992, 29.727354191000078 ], [ -114.196234769999947, 29.72187732400004 ], [ -114.190474954999885, 29.719973314000075 ], [ -114.187205703999908, 29.714262681000037 ], [ -114.18331533999995, 29.712833956000061 ], [ -114.181708774999947, 29.709500576000043 ], [ -114.178931788999961, 29.707592270000077 ], [ -114.175372409999895, 29.704731150000036 ], [ -114.17014893199989, 29.702341677000049 ], [ -114.164948137999957, 29.700193872000053 ], [ -114.160567429999873, 29.692328264000082 ], [ -114.157832632999927, 29.690420938000045 ], [ -114.152333612999954, 29.69255421400004 ], [ -114.15040692099987, 29.693979758000072 ], [ -114.142604564999928, 29.690668948000052 ], [ -114.141251989999972, 29.682821113000045 ], [ -114.132615637999976, 29.676567534000075 ], [ -114.132011368999969, 29.670936835000077 ], [ -114.126580977999922, 29.670359856000061 ], [ -114.118708601999941, 29.662991220000031 ], [ -114.112374989999935, 29.656055207000058 ], [ -114.111222682999966, 29.653061758000039 ], [ -114.09738607299991, 29.647965692000071 ], [ -114.090202577999946, 29.642441610000049 ], [ -114.082225695999981, 29.640981993000075 ], [ -114.062655752999945, 29.629316228000047 ], [ -114.06067309063161, 29.621641170021253 ], [ -113.797146642221989, 29.754488840175597 ], [ -114.852583796239671, 31.448689274958898 ] ], [ [ -114.418541832999921, 29.986776446000079 ], [ -114.401848759999865, 29.98603429700006 ], [ -114.400064733999898, 29.969303853000039 ], [ -114.394780960999938, 29.96018407300005 ], [ -114.407073440999895, 29.958648370000049 ], [ -114.422017485999916, 29.966236160000051 ], [ -114.41588681499988, 29.976131271000039 ], [ -114.418541832999921, 29.986776446000079 ] ] ], [ [ [ -116.2189915432904, 30.819872981077811 ], [ -116.041497364141648, 30.542858574879553 ], [ -116.031117316999911, 30.627142645000053 ], [ -116.036854620999875, 30.730210679000034 ], [ -116.054839647999927, 30.783677476000037 ], [ -116.057932094999884, 30.802476304000038 ], [ -116.068023240999935, 30.813177802000041 ], [ -116.105644313999889, 30.818813746000046 ], [ -116.148633662640037, 30.854924624346122 ], [ -116.2189915432904, 30.819872981077811 ] ] ], [ [ [ -115.959142689519425, 30.414100019198674 ], [ -115.947336391999897, 30.423407294000075 ], [ -115.937001105999911, 30.435126044000079 ], [ -115.933827277999924, 30.449652411000049 ], [ -115.940256313999882, 30.463364976000037 ], [ -115.954701300999957, 30.479559637000079 ], [ -115.972482876999948, 30.492824611000056 ], [ -115.98908443899991, 30.497463283000062 ], [ -115.980132615999935, 30.482570705000054 ], [ -115.970570441999925, 30.470851955000061 ], [ -115.963286912999962, 30.45868561400005 ], [ -115.961740688999896, 30.442206122000076 ], [ -115.971866871999865, 30.434206691000046 ], [ -115.971982264057218, 30.434183706214537 ], [ -115.959142689519425, 30.414100019198674 ] ] ], [ [ [ -115.802235316488478, 30.168383336873067 ], [ -115.79723059799997, 30.195786851000033 ], [ -115.798329230999883, 30.240301825000074 ], [ -115.80728105399993, 30.284125067000051 ], [ -115.825908094999988, 30.317710644000037 ], [ -115.837303008999896, 30.346467032000078 ], [ -115.865966637999975, 30.368713728000049 ], [ -115.898326861999919, 30.386661940000074 ], [ -115.932932094999913, 30.400213934000078 ], [ -115.950546980961164, 30.400652641589989 ], [ -115.802235316488478, 30.168383336873067 ] ] ], [ [ [ -115.11608366503566, 29.087822173508933 ], [ -114.830246052564604, 29.232675543984357 ], [ -114.851396061999949, 29.25829997500006 ], [ -114.879465298999946, 29.287665106000077 ], [ -114.924839005999871, 29.330969118000045 ], [ -114.972035285999908, 29.377752997000076 ], [ -115.104237433999899, 29.418890692000048 ], [ -115.187123175999972, 29.428615627000056 ], [ -115.232289191999939, 29.490057684000078 ], [ -115.285721669999958, 29.529885232000083 ], [ -115.371449347999956, 29.55695221600007 ], [ -115.423565240999906, 29.595688954000082 ], [ -115.451964275999913, 29.620106179000061 ], [ -115.4535580052478, 29.620503020573782 ], [ -115.11608366503566, 29.087822173508933 ] ] ] ] } },
{ "type": "Feature", "properties": { "grid_key": "st40-ln110_hist", "station": 40.0, "line": 110.0, "shore": "nearshore", "pattern": "historical", "zone": "nearshore-historical", "lon_ctr": -116.3386742405504, "lat_ctr": 29.61746686960727 }, "geometry": { "type": "Polygon", "coordinates": [ [ [ -115.4535580052478, 29.620503020573782 ], [ -115.477447068999922, 29.626450914000092 ], [ -115.498583186999852, 29.611401236000066 ], [ -115.519154425999929, 29.627264716000067 ], [ -115.536122199999923, 29.635158596000053 ], [ -115.548085089999944, 29.653387762000079 ], [ -115.572625241999887, 29.668723250000085 ], [ -115.593704829999936, 29.69217307100007 ], [ -115.622053392999902, 29.695295584000068 ], [ -115.697564329999892, 29.755825783000038 ], [ -115.69525202699991, 29.777200286000038 ], [ -115.688012953999959, 29.801772610000057 ], [ -115.685767184999904, 29.830640624000072 ], [ -115.69074459499987, 29.851752020000049 ], [ -115.694776967999942, 29.869225027000088 ], [ -115.699898842999914, 29.898013849000051 ], [ -115.720814581999974, 29.920803127000056 ], [ -115.728911912999976, 29.935126044000071 ], [ -115.744292772999927, 29.947495835000041 ], [ -115.76252193899991, 29.953802802000038 ], [ -115.807484503999973, 29.956203518000052 ], [ -115.811187303999972, 29.968003648000039 ], [ -115.790394660999922, 30.038072007000036 ], [ -115.783272168999957, 30.092637823000082 ], [ -115.790394660999979, 30.123765367000086 ], [ -115.792551235999895, 30.129543361000071 ], [ -115.80190995999989, 30.143133856000077 ], [ -115.804066535999922, 30.151434637000083 ], [ -115.803212042999931, 30.163031317000048 ], [ -115.802235316488478, 30.168383336873067 ], [ -115.950546980961164, 30.400652641589989 ], [ -115.97541256399991, 30.40127187700006 ], [ -115.959142689519425, 30.414100019198674 ], [ -115.971982264057218, 30.434183706214537 ], [ -115.982997821999916, 30.431989539000082 ], [ -115.989282003999932, 30.440486464000063 ], [ -116.002674933999927, 30.449652411000049 ], [ -116.010243292999959, 30.443670966000063 ], [ -116.015126105999897, 30.434475002000049 ], [ -116.014637824999909, 30.426011460000041 ], [ -116.00609290299991, 30.422308661000045 ], [ -115.996449347999942, 30.410549221000053 ], [ -115.991363084999946, 30.388617255000042 ], [ -115.979784791999919, 30.359355827000055 ], [ -116.00454898599989, 30.359164572000054 ], [ -116.012330527999893, 30.392249560000039 ], [ -116.028981279999954, 30.441271407000045 ], [ -116.049254001999969, 30.479593016000081 ], [ -116.041497364141648, 30.542858574879553 ], [ -116.2189915432904, 30.819872981077811 ], [ -117.552282501281766, 30.153206314411143 ], [ -116.426423526751677, 28.421155506842261 ], [ -115.11608366503566, 29.087822173508933 ], [ -115.4535580052478, 29.620503020573782 ] ], [ [ -116.114410682999903, 30.496223352000072 ], [ -116.109611945999973, 30.495346739000073 ], [ -116.104239503999906, 30.488080085000039 ], [ -116.104175031999944, 30.482589479000065 ], [ -116.114763643999964, 30.48203451300008 ], [ -116.12276736499993, 30.485167435000054 ], [ -116.122843898999918, 30.491572071000064 ], [ -116.114410682999903, 30.496223352000072 ] ] ] } },
{ "type": "Feature", "properties": { "grid_key": "st60-ln110_hist", "station": 60.0, "line": 110.0, "shore": "nearshore", "pattern": "historical", "zone": "nearshore-historical", "lon_ctr": -117.63875579679467, "lat_ctr": 28.955616229583242 }, "geometry": { "type": "Polygon", "coordinates": [ [ [ -117.552282501281766, 30.153206314411143 ], [ -118.87650154357371, 29.486539647744472 ], [ -117.728452892033417, 27.754488840175597 ], [ -116.426423526751677, 28.421155506842261 ], [ -117.552282501281766, 30.153206314411143 ] ], [ [ -118.251478028999955, 29.089444080000071 ], [ -118.229588891999924, 29.061719537000045 ], [ -118.220528732999924, 29.015180125000086 ], [ -118.22907773499989, 28.995973456000058 ], [ -118.221364517999916, 28.95934258300008 ], [ -118.225803574999929, 28.91505206100004 ], [ -118.251362043999904, 28.884541890000037 ], [ -118.270375128999973, 28.886175848000047 ], [ -118.282019885999958, 28.879102129000042 ], [ -118.289214370999886, 28.878881774000028 ], [ -118.288782020999946, 28.868082591000082 ], [ -118.298392241999935, 28.876797863000039 ], [ -118.294749758999927, 28.888623817000052 ], [ -118.283586396999922, 28.892569644000051 ], [ -118.292746419999872, 28.915717156000088 ], [ -118.297472247999906, 28.930890638000054 ], [ -118.294043466999923, 28.948116962000086 ], [ -118.299980135999945, 28.96775888600007 ], [ -118.315990107999951, 28.981686714000091 ], [ -118.304343044999925, 28.998019411000087 ], [ -118.313678638999932, 29.025563069000043 ], [ -118.323495245999979, 29.039965813000038 ], [ -118.335276065999906, 29.051158149000059 ], [ -118.355518469999907, 29.067003973000059 ], [ -118.358205408999908, 29.083665909000047 ], [ -118.364018787999882, 29.098314793000043 ], [ -118.368804228999906, 29.114401178000037 ], [ -118.365382987999894, 29.131653493000044 ], [ -118.356778032999912, 29.149480610000069 ], [ -118.336728813999898, 29.163293131000049 ], [ -118.309249621999939, 29.171555914000066 ], [ -118.296345585999873, 29.186158661000039 ], [ -118.273755186999878, 29.189562864000042 ], [ -118.255894549999965, 29.180932220000049 ], [ -118.271781764999929, 29.165123835000081 ], [ -118.283693241999956, 29.15185512000005 ], [ -118.2861760709999, 29.136439960000072 ], [ -118.279112527999942, 29.116244771000083 ], [ -118.267209772999934, 29.098056713000062 ], [ -118.251478028999955, 29.089444080000071 ] ] ] } },
{ "type": "Feature", "properties": { "grid_key": "st80-ln110_hist", "station": 80.0, "line": 110.0, "shore": "offshore", "pattern": "historical", "zone": "offshore-historical", "lon_ctr": -118.95286778479228, "lat_ctr": 28.289607709510154 }, "geometry": { "type": "Polygon", "coordinates": [ [ [ -118.87650154357371, 29.486539647744472 ], [ -120.191948208903256, 28.819872981077808 ], [ -119.022450864365297, 27.087822173508929 ], [ -117.728452892033417, 27.754488840175597 ], [ -118.87650154357371, 29.486539647744472 ] ] ] } },
{ "type": "Feature", "properties": { "grid_key": "st100-ln110_hist", "station": 100.0, "line": 110.0, "shore": "offshore", "pattern": "historical", "zone": "offshore-historical", "lon_ctr": -120.25348676278942, "lat_ctr": 27.622911605575357 }, "geometry": { "type": "Polygon", "coordinates": [ [ [ -120.191948208903256, 28.819872981077808 ], [ -121.498913862959654, 28.15320631441114 ], [ -120.308689344152612, 26.421155506842265 ], [ -119.022450864365297, 27.087822173508929 ], [ -120.191948208903256, 28.819872981077808 ] ] ] } },
{ "type": "Feature", "properties": { "grid_key": "st120-ln110_hist", "station": 120.0, "line": 110.0, "shore": "offshore", "pattern": "historical", "zone": "offshore-historical", "lon_ctr": -121.54612977547863, "lat_ctr": 26.956214309719599 }, "geometry": { "type": "Polygon", "coordinates": [ [ [ -121.498913862959654, 28.15320631441114 ], [ -122.797682087171964, 27.486539647744475 ], [ -121.587433369220747, 25.754488840175597 ], [ -120.308689344152612, 26.421155506842265 ], [ -121.498913862959654, 28.15320631441114 ] ] ] } },
{ "type": "Feature", "properties": { "grid_key": "st140-ln110_hist", "station": 140.0, "line": 110.0, "shore": "offshore", "pattern": "historical", "zone": "offshore-historical", "lon_ctr": -122.83106736007244, "lat_ctr": 26.289515758264425 }, "geometry": { "type": "Polygon", "coordinates": [ [ [ -122.797682087171964, 27.486539647744475 ], [ -124.088529047910484, 26.819872981077811 ], [ -122.858941438841541, 25.087822173508933 ], [ -121.587433369220747, 25.754488840175597 ], [ -122.797682087171964, 27.486539647744475 ] ] ] } },
{ "type": "Feature", "properties": { "grid_key": "st160-ln110_hist", "station": 160.0, "line": 110.0, "shore": "offshore", "pattern": "historical", "zone": "offshore-historical", "lon_ctr": -124.10856325524936, "lat_ctr": 25.622815893644393 }, "geometry": { "type": "Polygon", "coordinates": [ [ [ -124.088529047910484, 26.819872981077811 ], [ -125.371723847371229, 26.153206314411143 ], [ -124.123465822336129, 24.421155506842265 ], [ -122.858941438841541, 25.087822173508933 ], [ -124.088529047910484, 26.819872981077811 ] ] ] } },
{ "type": "Feature", "properties": { "grid_key": "st180-ln110_hist", "station": 180.0, "line": 110.0, "shore": "offshore", "pattern": "historical", "zone": "offshore-historical", "lon_ctr": -125.37887472179933, "lat_ctr": 24.956114664361447 }, "geometry": { "type": "Polygon", "coordinates": [ [ [ -126.647528857323479, 25.486539647744475 ], [ -125.38125285323089, 23.754488840175597 ], [ -124.123465822336129, 24.421155506842265 ], [ -125.371723847371229, 26.153206314411143 ], [ -126.647528857323479, 25.486539647744475 ] ] ] } },
{ "type": "Feature", "properties": { "grid_key": "st0-ln120_hist", "station": 0.0, "line": 120.0, "shore": "nearshore", "pattern": "historical", "zone": "nearshore-historical", "lon_ctr": -112.78683953174266, "lat_ctr": 29.131194946009575 }, "geometry": { "type": "Polygon", "coordinates": [ [ [ -113.797146642221989, 29.754488840175597 ], [ -113.591232864453914, 29.421451559319316 ], [ -113.593419426999901, 29.433628912000081 ], [ -113.588400516999982, 29.456846298000077 ], [ -113.573646404999948, 29.478520097000057 ], [ -113.564594835999955, 29.507679189000047 ], [ -113.568951531999915, 29.524473106000073 ], [ -113.571144405999888, 29.539949646000085 ], [ -113.559801705999931, 29.54427536500009 ], [ -113.558357346999884, 29.538080978000043 ], [ -113.549117495999894, 29.533139372000043 ], [ -113.535663713999909, 29.538128666000038 ], [ -113.523624382999941, 29.543113419000065 ], [ -113.523646349999936, 29.549928796000074 ], [ -113.510875745999883, 29.549337562000062 ], [ -113.510843841999915, 29.537581515000056 ], [ -113.499490830999989, 29.535137933000044 ], [ -113.476789048999905, 29.532103626000044 ], [ -113.463296843999856, 29.518877573000058 ], [ -113.432773707999885, 29.492536988000037 ], [ -113.419336478999895, 29.466392283000058 ], [ -113.395160474999898, 29.459317684000041 ], [ -113.394494038999966, 29.451168177000056 ], [ -113.385273808999912, 29.442559862000049 ], [ -113.385993391999918, 29.435119452000038 ], [ -113.373195341999917, 29.421643346000053 ], [ -113.361132952999938, 29.401929736000056 ], [ -113.363257464999947, 29.393283964000091 ], [ -113.349778631999882, 29.384066381000082 ], [ -113.361101045999931, 29.374184550000056 ], [ -113.373138164999915, 29.361205388000087 ], [ -113.375959211999941, 29.343928322000068 ], [ -113.372406296999941, 29.334687142000067 ], [ -113.370287135999973, 29.31000892100008 ], [ -113.345596754999917, 29.295826504000047 ], [ -113.306590062999945, 29.290325292000038 ], [ -113.297414798999895, 29.280457269000067 ], [ -113.285383667999895, 29.280460522000055 ], [ -113.276862386999937, 29.289100765000061 ], [ -113.264136498999918, 29.288483249000084 ], [ -113.255681578999955, 29.285394654000072 ], [ -113.238026733999902, 29.288472069000079 ], [ -113.221093926999913, 29.289078993000089 ], [ -113.20626765199988, 29.285371068000075 ], [ -113.182760148999961, 29.289693397000065 ], [ -113.168524502999915, 29.276117742000057 ], [ -113.178810752999965, 29.259458681000069 ], [ -113.17792591599995, 29.237876320000058 ], [ -113.171412833999952, 29.226131886000079 ], [ -113.172142346999934, 29.206390588000094 ], [ -113.172183265999877, 29.19467073800007 ], [ -113.165771776999918, 29.189100008000075 ], [ -113.170734930999942, 29.178614271000072 ], [ -113.173592756999909, 29.157020570000043 ], [ -113.174315440999933, 29.129247556000053 ], [ -113.170086266999931, 29.119985664000069 ], [ -113.158063585999926, 29.100211344000058 ], [ -113.154501466999932, 29.093400958000075 ], [ -113.157381878999928, 29.083551832000072 ], [ -113.148229583999907, 29.06626656300006 ], [ -113.138172980999897, 29.064886786000052 ], [ -113.12484665399991, 29.060636971000065 ], [ -113.117766261999904, 29.056293871000037 ], [ -113.102083822999901, 29.053105584000036 ], [ -113.116636247999921, 29.026198018000063 ], [ -113.114360645999938, 29.013734428000078 ], [ -113.114791758999871, 28.984477801000086 ], [ -113.123286524999941, 28.986357217000087 ], [ -113.13575669699992, 29.000333272000034 ], [ -113.147074210999918, 29.004075740000076 ], [ -113.159162918999925, 29.017744151000045 ], [ -113.190745171999936, 29.028753242000054 ], [ -113.199404688999948, 29.046809250000081 ], [ -113.216277337999912, 29.055408113000055 ], [ -113.229488302999926, 29.059573915000044 ], [ -113.243627546999889, 29.069470069000086 ], [ -113.250890852999902, 29.081976563000079 ], [ -113.258177664999934, 29.087713471000086 ], [ -113.262920136999938, 29.102877481000068 ], [ -113.275736889999891, 29.117226451000079 ], [ -113.29269581599992, 29.133263241000066 ], [ -113.300654090999899, 29.145094822000093 ], [ -113.312546125999958, 29.146265316000044 ], [ -113.321091091999904, 29.155550398000056 ], [ -113.335010524999916, 29.160959159000068 ], [ -113.353974435999973, 29.170739069000035 ], [ -113.362071669999935, 29.187579281000069 ], [ -113.38720949999994, 29.197237997000059 ], [ -113.405532775999916, 29.211974587000039 ], [ -113.431031513999926, 29.242771749000038 ], [ -113.427533386999912, 29.252014825000057 ], [ -113.43461267999993, 29.266778881000054 ], [ -113.450128240999859, 29.27971522200005 ], [ -113.46497012699993, 29.279067957000056 ], [ -113.481929594999954, 29.278443883000079 ], [ -113.496080308999936, 29.285201040000057 ], [ -113.503167546999933, 29.298122615000068 ], [ -113.50460668599996, 29.316581293000077 ], [ -113.511685285999945, 29.326409491000049 ], [ -113.524442289999925, 29.334423246000089 ], [ -113.531552040999955, 29.349202346000084 ], [ -113.539365260999972, 29.354764180000078 ], [ -113.543679725999937, 29.366527261000044 ], [ -113.558573538999894, 29.378214490000062 ], [ -113.56067818599989, 29.386168642000086 ], [ -113.571984532999934, 29.397790602000047 ], [ -113.580063038872638, 29.403363058214925 ], [ -113.22662266284496, 28.829797801730809 ], [ -113.220263467999914, 28.824842538000041 ], [ -113.214158872999903, 28.817311735000093 ], [ -113.212470036153462, 28.80678268178071 ], [ -113.209334019888388, 28.801682367634907 ], [ -113.202662656999934, 28.798512799000044 ], [ -113.196043892999938, 28.792052096000074 ], [ -113.198532240972739, 28.784113325354028 ], [ -113.191752437660952, 28.77308491295037 ], [ -113.191401238999887, 28.772794082000079 ], [ -113.191376660309174, 28.772473627528662 ], [ -112.996856390502842, 28.455696560427622 ], [ -112.97126836899993, 28.456328013000075 ], [ -112.930454068999865, 28.466580271000051 ], [ -112.902361800999927, 28.475341649000082 ], [ -112.885558967999927, 28.463433553000073 ], [ -112.886895497999944, 28.455982926000047 ], [ -112.876003602999859, 28.450512122000081 ], [ -112.875484478999908, 28.445175240000083 ], [ -112.881709697999909, 28.437256879000081 ], [ -112.879938481999986, 28.434580870000048 ], [ -112.867778013999882, 28.432283916000074 ], [ -112.862246815999953, 28.434876226000085 ], [ -112.857884265999928, 28.44122392800006 ], [ -112.846304023999949, 28.441077049000057 ], [ -112.847057051999926, 28.430400821000031 ], [ -112.844741646999907, 28.42238654700008 ], [ -112.851492066999981, 28.417096718000039 ], [ -112.858393380999885, 28.40384421400006 ], [ -112.854198083999933, 28.397904676000053 ], [ -112.849531985999917, 28.382344540000073 ], [ -112.853981567999938, 28.368510023000052 ], [ -112.870301946999959, 28.330779120000042 ], [ -112.874260493999927, 28.307856184000062 ], [ -112.8688666729999, 28.299726410000059 ], [ -112.872126380999944, 28.283739528000066 ], [ -112.864957736999941, 28.271832495000069 ], [ -112.853063645999882, 28.260047718000067 ], [ -112.839224514999884, 28.252418250000062 ], [ -112.837847481999958, 28.243550708000043 ], [ -112.805016636999952, 28.210680251000042 ], [ -112.800273719999893, 28.203683743000052 ], [ -112.791826907999891, 28.201475361000064 ], [ -112.786455795999942, 28.196077404000057 ], [ -112.793808910999886, 28.190265680000042 ], [ -112.79571921999991, 28.183888823000075 ], [ -112.798972439999957, 28.168438296000087 ], [ -112.803899518999884, 28.162607920000081 ], [ -112.807706362999866, 28.150914709000062 ], [ -112.808135739652727, 28.147707944309214 ], [ -112.731488399001975, 28.022438032606718 ], [ -111.737570453622567, 28.530440831023732 ], [ -111.741943196999912, 28.539617281000062 ], [ -111.760609503999945, 28.583970445000091 ], [ -111.920399542999917, 28.720038153000079 ], [ -111.940072155999914, 28.746447444000069 ], [ -111.949379798999942, 28.756513934000054 ], [ -111.945082484999929, 28.763422516000055 ], [ -111.932907932999953, 28.763408887000082 ], [ -111.921447259999937, 28.767792578000073 ], [ -111.90353532599994, 28.779704056000075 ], [ -111.894357876999933, 28.780666408000055 ], [ -111.88735917899993, 28.770900783000052 ], [ -111.882313605999911, 28.760809637000076 ], [ -111.876372850999942, 28.75283437700006 ], [ -111.867054816999968, 28.749579169000071 ], [ -111.861195441999968, 28.753241278000075 ], [ -111.857492641999883, 28.762274481000084 ], [ -111.856027798999932, 28.773627020000049 ], [ -111.857085740999963, 28.784369208000047 ], [ -111.868234829999977, 28.803127346000046 ], [ -111.883615688999924, 28.80329010600008 ], [ -111.902007615999977, 28.799994208000044 ], [ -111.925017105, 28.801718859000061 ], [ -111.952945232999909, 28.824980531000051 ], [ -111.967271457999942, 28.841320533000047 ], [ -112.004514437999973, 28.855152588000074 ], [ -112.030295579999901, 28.861430953000081 ], [ -112.035267706999889, 28.88056061400005 ], [ -112.048919955999935, 28.885892416000047 ], [ -112.046773557999927, 28.895933908000078 ], [ -112.061097154999899, 28.908517462000088 ], [ -112.084019443999907, 28.923540051000085 ], [ -112.091185934999956, 28.938583944000076 ], [ -112.098866339999915, 28.950873114000046 ], [ -112.105526317999946, 28.957377676000082 ], [ -112.115576, 28.961755502000074 ], [ -112.129216149999934, 28.964250974000031 ], [ -112.150725194999879, 28.962978092000068 ], [ -112.166507716999959, 28.966725705000044 ], [ -112.170818663999924, 28.972993070000083 ], [ -112.160787113999902, 28.980529845000039 ], [ -112.152178957999908, 28.987435522000066 ], [ -112.155018683999884, 28.996649481000077 ], [ -112.157338019999983, 29.006048895000053 ], [ -112.170918195999946, 29.047161802000062 ], [ -112.173087584999962, 29.070372575000075 ], [ -112.186017461999953, 29.074745442000051 ], [ -112.18387199699994, 29.08415728600005 ], [ -112.17383930099993, 29.098593563000065 ], [ -112.16494706899995, 29.109930731000073 ], [ -112.16612708199996, 29.120428778000075 ], [ -112.17746890999986, 29.140602336000089 ], [ -112.194752794999928, 29.157518750000069 ], [ -112.191147641999933, 29.166919730000075 ], [ -112.209136522999927, 29.180975653000075 ], [ -112.227040167999888, 29.188421942000044 ], [ -112.213584152999971, 29.227754780000058 ], [ -112.211424803999918, 29.252807880000034 ], [ -112.224465065999937, 29.280427663000079 ], [ -112.239453327999925, 29.315336646000052 ], [ -112.263473881999914, 29.329980488000047 ], [ -112.314001748999942, 29.330542532000042 ], [ -112.323347682999923, 29.326753219000068 ], [ -112.330527549999914, 29.321086728000065 ], [ -112.332142706999917, 29.316351630000042 ], [ -112.329457160999965, 29.308254299000055 ], [ -112.333078579999963, 29.296535549000058 ], [ -112.341297980999926, 29.300930080000057 ], [ -112.356760219999899, 29.318793036000045 ], [ -112.393889440999928, 29.332826061000048 ], [ -112.41122409299993, 29.344728143000054 ], [ -112.41982229999995, 29.375909650000043 ], [ -112.407378709999904, 29.404364325000078 ], [ -112.38536536399991, 29.443182684000078 ], [ -112.377837693999936, 29.462795315000051 ], [ -112.377753811999909, 29.485729055000032 ], [ -112.387149966999928, 29.498274969000075 ], [ -112.408037089999937, 29.502706999000054 ], [ -112.419598590999925, 29.510208876000029 ], [ -112.430452376999952, 29.520222293000071 ], [ -112.429092808999954, 29.541564114000039 ], [ -112.431996222999928, 29.561183986000064 ], [ -112.466623501999962, 29.58563873900005 ], [ -112.505971709999898, 29.616918785000053 ], [ -112.530873175999929, 29.676011460000044 ], [ -112.535878058999899, 29.688218492000086 ], [ -112.543771938999882, 29.698228257000039 ], [ -112.560475967999977, 29.696341251000039 ], [ -112.580189582, 29.718003648000035 ], [ -112.587025519999969, 29.732652085000041 ], [ -112.595814581999946, 29.771307684000075 ], [ -112.610259568999936, 29.791896877000056 ], [ -112.626535610999937, 29.809881903000068 ], [ -112.637928839999915, 29.825873114000036 ], [ -112.658314581999946, 29.88344961100006 ], [ -112.669455230999887, 29.89762272300004 ], [ -112.686350063999924, 29.907782294000079 ], [ -112.693382408999938, 29.903178992000051 ], [ -112.70934523499993, 29.909995156000047 ], [ -112.729577368999927, 29.903012034000085 ], [ -112.746287020999944, 29.910465452000039 ], [ -112.75147171699993, 29.924263526000058 ], [ -112.739265808999889, 29.941248914000081 ], [ -112.744487548999928, 29.958832783000052 ], [ -112.736001602999906, 29.987754070000051 ], [ -112.730458136999943, 30.01337311400005 ], [ -112.737945115999977, 30.028021552000038 ], [ -112.74693762899993, 30.041693427000041 ], [ -112.758815122999948, 30.059180580000088 ], [ -112.759611890999935, 30.076086279000037 ], [ -112.752765086999943, 30.12940342700006 ], [ -112.753235969999963, 30.185882953000089 ], [ -112.764293261999924, 30.211519729000091 ], [ -112.779616681999968, 30.229884284000036 ], [ -112.795753592999915, 30.246732371000061 ], [ -112.803578732731722, 30.253760234425108 ], [ -113.797146642221989, 29.754488840175597 ] ], [ [ -112.893769329999955, 28.677695720000088 ], [ -112.860756510999934, 28.671860307000088 ], [ -112.804955687999907, 28.636536613000089 ], [ -112.791246134999938, 28.622883142000042 ], [ -112.782998757999891, 28.617606260000059 ], [ -112.778415244999863, 28.61030354200005 ], [ -112.763543928999923, 28.602824208000072 ], [ -112.760108558999974, 28.594853116000088 ], [ -112.752400501999929, 28.591080524000059 ], [ -112.762045127999883, 28.581963524000059 ], [ -112.773918633999926, 28.575782119000049 ], [ -112.780993969999898, 28.581026645000065 ], [ -112.783653772999898, 28.585982793000078 ], [ -112.789131121999887, 28.586870431000079 ], [ -112.797926326999928, 28.609920211000087 ], [ -112.810568782999894, 28.618432575000046 ], [ -112.829319838999965, 28.625782954000044 ], [ -112.842642372999947, 28.640067870000056 ], [ -112.867797614999915, 28.643278413000079 ], [ -112.865227370999975, 28.650153054000036 ], [ -112.87186763499993, 28.655575326000076 ], [ -112.87743648099989, 28.663389815000073 ], [ -112.884488984999891, 28.670215334000094 ], [ -112.893769329999955, 28.677695720000088 ] ], [ [ -112.613150046999962, 28.725762994000039 ], [ -112.60065889899991, 28.727974773000089 ], [ -112.593493752999962, 28.732231962000071 ], [ -112.569892356999915, 28.72889942200004 ], [ -112.557450777999904, 28.733809269000059 ], [ -112.547957024999917, 28.728549475000072 ], [ -112.546722686999956, 28.717457159000041 ], [ -112.541401838999903, 28.712268452000043 ], [ -112.545979773999946, 28.701872250000065 ], [ -112.545738736999922, 28.686589775000073 ], [ -112.553939265999944, 28.672288046000062 ], [ -112.572056779999897, 28.668401137000043 ], [ -112.594673487999898, 28.673082513000058 ], [ -112.604349301999946, 28.669433828000081 ], [ -112.600934965999897, 28.676981198000082 ], [ -112.612242991999892, 28.705233499000087 ], [ -112.613150046999962, 28.725762994000039 ] ], [ [ -112.274656898999922, 28.768387890000049 ], [ -112.289051886999928, 28.763006903000072 ], [ -112.309660183999924, 28.746360236000047 ], [ -112.326175200999899, 28.76272248600009 ], [ -112.345488785999933, 28.765191770000058 ], [ -112.359055353999878, 28.758235980000052 ], [ -112.366965251999957, 28.772016148000038 ], [ -112.382004350999907, 28.773821588000089 ], [ -112.399217202999935, 28.792626505000044 ], [ -112.412818876999864, 28.800127908000039 ], [ -112.425726244999936, 28.796911519000044 ], [ -112.435751470999961, 28.801907462000088 ], [ -112.455049313999879, 28.800603801000079 ], [ -112.466536288999933, 28.805570414000048 ], [ -112.467215607999933, 28.819405736000082 ], [ -112.493848578999888, 28.823018660000059 ], [ -112.496043368999906, 28.833045195000068 ], [ -112.521820248999916, 28.84487915700004 ], [ -112.548493929999893, 28.857934456000066 ], [ -112.562165992999866, 28.869173542000059 ], [ -112.572931497999932, 28.868502359000036 ], [ -112.583033009999895, 28.875362888000037 ], [ -112.555837127999922, 28.891784263000087 ], [ -112.526104267, 28.908841835000086 ], [ -112.510731574999909, 28.928371486000064 ], [ -112.504302537999891, 28.931870835000044 ], [ -112.499826626999933, 28.940415757000039 ], [ -112.495757615999949, 28.950628973000047 ], [ -112.490834113999924, 28.959418036000045 ], [ -112.485910610999895, 28.971625067000051 ], [ -112.489735480999897, 28.981024481000077 ], [ -112.500152147999984, 28.990423895000042 ], [ -112.503570115999935, 29.032171942000048 ], [ -112.500355597999956, 29.075628973000054 ], [ -112.492054816999968, 29.117621161000045 ], [ -112.480295376999919, 29.154933986000064 ], [ -112.473866339999887, 29.168524481000077 ], [ -112.464711066999953, 29.181830145000053 ], [ -112.452992316999968, 29.193548895000045 ], [ -112.438710089999958, 29.202093817000044 ], [ -112.42229018299993, 29.18938998800008 ], [ -112.401451891999869, 29.189440997000077 ], [ -112.379950439999931, 29.205163290000087 ], [ -112.362748134999947, 29.21773604100008 ], [ -112.343361767999937, 29.220875562000064 ], [ -112.31606889199989, 29.220302162000053 ], [ -112.299564535999949, 29.222822831000087 ], [ -112.287332853999956, 29.232996247000074 ], [ -112.277991961999945, 29.242467285000089 ], [ -112.264337222999941, 29.246890478000065 ], [ -112.267196605999956, 29.238094579000066 ], [ -112.281568881999945, 29.225470832000042 ], [ -112.27723957399995, 29.209133718000089 ], [ -112.265735390999907, 29.197847286000069 ], [ -112.263566509999947, 29.192840508000074 ], [ -112.267152486999919, 29.184665715000051 ], [ -112.268558370999955, 29.175270872000052 ], [ -112.274286059999881, 29.165222437000068 ], [ -112.268481923999914, 29.152726306000094 ], [ -112.272747047999943, 29.137675178000041 ], [ -112.235312954999969, 29.095725314000045 ], [ -112.195606065999911, 29.02132978700007 ], [ -112.213543018999971, 28.986747267000055 ], [ -112.214898694999974, 28.954147638000055 ], [ -112.228424120999932, 28.903951465000034 ], [ -112.243473628, 28.889499255000082 ], [ -112.237684153999879, 28.876342013000059 ], [ -112.254137056999909, 28.85687883800005 ], [ -112.259109819999935, 28.837435669000058 ], [ -112.271259783999909, 28.823632539000069 ], [ -112.276229260999955, 28.805450989000061 ], [ -112.272563576999943, 28.78409566300007 ], [ -112.261089263999921, 28.780332430000044 ], [ -112.253187350999895, 28.76905021400006 ], [ -112.263193258999934, 28.763387988000083 ], [ -112.274656898999922, 28.768387890000049 ] ] ] } },
{ "type": "Feature", "properties": { "grid_key": "st20-ln120_hist", "station": 20.0, "line": 120.0, "shore": "nearshore", "pattern": "historical", "zone": "nearshore-historical", "lon_ctr": -114.49186004357148, "lat_ctr": 28.516446935806162 }, "geometry": { "type": "MultiPolygon", "coordinates": [ [ [ [ -112.808135739652727, 28.147707944309214 ], [ -112.811770571999972, 28.120539654000083 ], [ -112.801389521999894, 28.085751805000086 ], [ -112.798427601999961, 28.081451504000086 ], [ -112.791215886999879, 28.078168021000064 ], [ -112.789558122999892, 28.067474823000055 ], [ -112.796956273999925, 28.057951230000068 ], [ -112.803700324999923, 28.045721747000076 ], [ -112.805409308999941, 28.032049872000073 ], [ -112.799362776999899, 28.017423908000069 ], [ -112.785676802999916, 28.002865940000049 ], [ -112.770941863970876, 28.002222505601914 ], [ -112.731488399001975, 28.022438032606718 ], [ -112.808135739652727, 28.147707944309214 ] ] ], [ [ [ -113.191376660309174, 28.772473627528662 ], [ -113.190377581999911, 28.759452771000042 ], [ -113.194240514999919, 28.744019945000048 ], [ -113.181988983999943, 28.715733758000056 ], [ -113.175859700999894, 28.713513219000049 ], [ -113.169892199, 28.691519064000094 ], [ -113.156045968999948, 28.657625721000045 ], [ -113.132354267999901, 28.64130317200005 ], [ -113.126991715999949, 28.627869492000059 ], [ -113.1316091999999, 28.604583012000035 ], [ -113.120982885999922, 28.578888678000059 ], [ -113.116293579999919, 28.565513819000049 ], [ -113.111657378999922, 28.545722047000083 ], [ -113.114286691999894, 28.528135410000058 ], [ -113.102970240999895, 28.504583284000034 ], [ -113.08249857499996, 28.493182379000082 ], [ -113.080723423999942, 28.486809703000063 ], [ -113.063236165999953, 28.479690770000047 ], [ -113.039617251999914, 28.476230324000085 ], [ -113.036098091999961, 28.466607144000083 ], [ -113.001638772999883, 28.455578548000059 ], [ -112.996856390502842, 28.455696560427622 ], [ -113.191376660309174, 28.772473627528662 ] ] ], [ [ [ -113.198532240972739, 28.784113325354028 ], [ -113.199879392999975, 28.779814605000073 ], [ -113.191752437660952, 28.77308491295037 ], [ -113.198532240972739, 28.784113325354028 ] ] ], [ [ [ -113.212470036153462, 28.80678268178071 ], [ -113.211843059999907, 28.80287436600009 ], [ -113.209334019888388, 28.801682367634907 ], [ -113.212470036153462, 28.80678268178071 ] ] ], [ [ [ -113.580063038872638, 29.403363058214925 ], [ -113.589104184999911, 29.409598965000043 ], [ -113.591232864453914, 29.421451559319316 ], [ -113.797146642221989, 29.754488840175597 ], [ -114.06067309063161, 29.621641170021253 ], [ -114.059388610999903, 29.616669048000066 ], [ -114.056386536999938, 29.612137577000059 ], [ -114.050378296999895, 29.605218922000063 ], [ -114.046275929999922, 29.596376266000046 ], [ -114.032590007999929, 29.594428926000035 ], [ -114.030395803999909, 29.593208578000095 ], [ -114.027680569999887, 29.587264548000068 ], [ -114.023048441999975, 29.584202874000084 ], [ -114.022508965999918, 29.581341168000055 ], [ -114.01486293499994, 29.57795358900006 ], [ -114.005573949999899, 29.576748600000084 ], [ -113.994333518999909, 29.576981853000067 ], [ -113.98128726399996, 29.567895576000073 ], [ -113.974193584999938, 29.556943620000084 ], [ -113.96552405899989, 29.546708029000055 ], [ -113.9580646, 29.540235620000093 ], [ -113.952003403999896, 29.53877545000006 ], [ -113.943134597999929, 29.524751897000048 ], [ -113.930501614999869, 29.520161322000032 ], [ -113.922476879999877, 29.512402578000032 ], [ -113.910877522999868, 29.500628559000059 ], [ -113.897464381999868, 29.48564994100008 ], [ -113.880316807999918, 29.477049733000054 ], [ -113.865047415999911, 29.463655595000034 ], [ -113.850323560999925, 29.458786835000069 ], [ -113.838665294999956, 29.456602332000056 ], [ -113.831948928999935, 29.450170392000075 ], [ -113.832674001999933, 29.435245228000039 ], [ -113.824752658999913, 29.429886443000036 ], [ -113.813107042999931, 29.428236665000032 ], [ -113.803888111999896, 29.424445129000048 ], [ -113.796631523999892, 29.416436904000083 ], [ -113.787386412999922, 29.414768583000068 ], [ -113.770866493999947, 29.407756444000089 ], [ -113.680839961999951, 29.315998444000051 ], [ -113.648516853999894, 29.293960740000042 ], [ -113.636330875999931, 29.282178761000068 ], [ -113.631579100999971, 29.263960920000041 ], [ -113.624869241999932, 29.258601734000084 ], [ -113.62307566099993, 29.252714105000052 ], [ -113.638481333999934, 29.240484145000035 ], [ -113.647320520999912, 29.228004951000056 ], [ -113.656557338999917, 29.218440144000063 ], [ -113.655336902999935, 29.20732339500006 ], [ -113.646118096999928, 29.202034654000048 ], [ -113.638349524999938, 29.198636264000076 ], [ -113.641377554999906, 29.183833347000068 ], [ -113.632231001999884, 29.173680200000035 ], [ -113.628547618999875, 29.175265809000045 ], [ -113.624917920999906, 29.169906257000036 ], [ -113.624364398999916, 29.162424688000041 ], [ -113.613964710999952, 29.162374683000049 ], [ -113.60844984499991, 29.163416270000088 ], [ -113.608517435999943, 29.154337611000074 ], [ -113.602051691999904, 29.140883879000057 ], [ -113.591054021999952, 29.12912103400004 ], [ -113.579373613999934, 29.126417711000048 ], [ -113.570880685999924, 29.115163004000067 ], [ -113.564329165999951, 29.091634348000074 ], [ -113.547400572999976, 29.065372281000066 ], [ -113.535883837999918, 29.051420258000068 ], [ -113.539641832999905, 29.039615325000057 ], [ -113.5500342549999, 29.03860904600009 ], [ -113.556217231999952, 29.027955902000084 ], [ -113.561717738999889, 29.023672457000089 ], [ -113.563598550999956, 29.014041636000059 ], [ -113.561865175999912, 29.000146323000081 ], [ -113.549743403999926, 28.993182009000069 ], [ -113.544987666999901, 28.975526763000065 ], [ -113.546938498999936, 28.958981665000064 ], [ -113.555473362999919, 28.955259039000055 ], [ -113.557875556999889, 28.948253316000034 ], [ -113.546486330999926, 28.933322377000085 ], [ -113.540495648999908, 28.920487058000049 ], [ -113.53388600399991, 28.906565173000047 ], [ -113.526006512999956, 28.901184722000032 ], [ -113.524853686999876, 28.891565685000046 ], [ -113.504770648999894, 28.889319670000077 ], [ -113.481537759999966, 28.893398388000037 ], [ -113.477229254999926, 28.898159433000046 ], [ -113.479029024999946, 28.90190909800009 ], [ -113.472212675999913, 28.915174921000066 ], [ -113.483147017999883, 28.921696566000037 ], [ -113.487972788999912, 28.930302828000041 ], [ -113.480619316999935, 28.933431489000046 ], [ -113.483019915999947, 28.939342175000036 ], [ -113.478693027999853, 28.946247890000048 ], [ -113.473187247999931, 28.947796431000089 ], [ -113.462221135999954, 28.946654498000036 ], [ -113.450063970999921, 28.942290453000059 ], [ -113.440231061999896, 28.95133313000008 ], [ -113.434664594999859, 28.959873562000041 ], [ -113.426217559999941, 28.949139258000063 ], [ -113.428789621999869, 28.934712853000065 ], [ -113.413052099999916, 28.922322388000055 ], [ -113.406285366999924, 28.927115752000073 ], [ -113.405622305999898, 28.932984210000086 ], [ -113.387870989999897, 28.939804082000077 ], [ -113.383030979999958, 28.93549944800008 ], [ -113.386735093999874, 28.930719804000034 ], [ -113.391024084999898, 28.928613701000071 ], [ -113.394227154999868, 28.913138573000079 ], [ -113.367439284999932, 28.907096091000085 ], [ -113.36809913999997, 28.901762658000052 ], [ -113.37912064799994, 28.900213080000071 ], [ -113.380417932999947, 28.893275941000073 ], [ -113.372511788999915, 28.886313569000041 ], [ -113.368324310999938, 28.877743557000088 ], [ -113.359215245999891, 28.873942552000074 ], [ -113.365971388999881, 28.86865211100007 ], [ -113.367288991999899, 28.85851929100005 ], [ -113.367461775999942, 28.845178073000049 ], [ -113.370632815999912, 28.837205767000054 ], [ -113.36529018899995, 28.823844166000068 ], [ -113.35184894899993, 28.81838645900007 ], [ -113.354475925999907, 28.800274136000038 ], [ -113.332493792999898, 28.800621422000063 ], [ -113.309970576999973, 28.802063611000055 ], [ -113.302035884999924, 28.808953568000049 ], [ -113.291005533999851, 28.819009772000072 ], [ -113.28543402499993, 28.825897953000037 ], [ -113.268491092999867, 28.83217978100004 ], [ -113.260386064999906, 28.840106827000053 ], [ -113.234099018999885, 28.835623150000064 ], [ -113.22662266284496, 28.829797801730809 ], [ -113.580063038872638, 29.403363058214925 ] ], [ [ -113.518839895999932, 29.095563248000076 ], [ -113.511900355999927, 29.095005531000083 ], [ -113.504706946999931, 29.092177592000045 ], [ -113.504046799999898, 29.087954149000037 ], [ -113.507860211999912, 29.082914924000079 ], [ -113.508918362999879, 29.078725642000052 ], [ -113.504132983999909, 29.075319585000045 ], [ -113.505555504999933, 29.070761490000049 ], [ -113.505964873999915, 29.062595345000091 ], [ -113.50014401699994, 29.056222472000062 ], [ -113.501222013999907, 29.050493187000086 ], [ -113.496750632999877, 29.048354430000074 ], [ -113.496450312999912, 29.042315394000074 ], [ -113.491638410999911, 29.039570896000043 ], [ -113.492010987999961, 29.035949829000057 ], [ -113.501327065999931, 29.036305058000035 ], [ -113.506824752999947, 29.039656543000035 ], [ -113.504720402999908, 29.044173343000068 ], [ -113.508831033999911, 29.048422577000053 ], [ -113.514317890999891, 29.053284405000053 ], [ -113.512211061999906, 29.058103620000058 ], [ -113.509429819999909, 29.060804369000039 ], [ -113.513553647999913, 29.063243666000062 ], [ -113.515227983999949, 29.070196360000075 ], [ -113.514838204, 29.076230884000044 ], [ -113.521030661999959, 29.078982847000077 ], [ -113.522705126999981, 29.085933634000074 ], [ -113.527145650999913, 29.092295149000051 ], [ -113.518839895999932, 29.095563248000076 ] ] ], [ [ [ -115.11608366503566, 29.087822173508933 ], [ -114.34557506227064, 27.862954660013216 ], [ -114.345204230999911, 27.863185940000054 ], [ -114.334462042999874, 27.869777736000067 ], [ -114.325347459999932, 27.87470123900005 ], [ -114.316273566999939, 27.87470123900005 ], [ -114.303863084999932, 27.872259833000047 ], [ -114.29808508999993, 27.868109442000051 ], [ -114.297271287999962, 27.860663153000083 ], [ -114.294789191999953, 27.85244375200006 ], [ -114.290638800999943, 27.833400783000055 ], [ -114.295643683999899, 27.817694403000072 ], [ -114.301421678999944, 27.801947333000047 ], [ -114.304162859282712, 27.796786861978951 ], [ -114.258297428116748, 27.723464395626667 ], [ -114.2402237619999, 27.706040757000046 ], [ -114.223703579999906, 27.69696686400005 ], [ -114.195627407999865, 27.69204336100006 ], [ -114.176584438999896, 27.67963288000005 ], [ -114.150949673999961, 27.669663804000042 ], [ -114.136057094999913, 27.657294012000083 ], [ -114.126128709999932, 27.643255927000038 ], [ -114.119496222999942, 27.635809637000079 ], [ -114.120350714999958, 27.625881252000056 ], [ -114.112049933999899, 27.620917059000082 ], [ -114.102935350999914, 27.620917059000078 ], [ -114.105458136999886, 27.610174872000069 ], [ -114.102935350999928, 27.601874091000067 ], [ -114.093861456999946, 27.607652085000041 ], [ -114.082346157999922, 27.614243882000043 ], [ -114.074859178999944, 27.622544664000085 ], [ -114.074045376999962, 27.629136460000041 ], [ -114.056711391999912, 27.641546942000048 ], [ -114.047596808999927, 27.653143622000073 ], [ -114.043446417999917, 27.668036200000078 ], [ -114.050038214999944, 27.673814195000094 ], [ -114.057484503999959, 27.669663804000042 ], [ -114.059966600999914, 27.676255601000033 ], [ -114.063303188999924, 27.679632880000042 ], [ -114.064930792999888, 27.682928778000075 ], [ -114.071603969999913, 27.679632880000042 ], [ -114.07819576699994, 27.680405992000093 ], [ -114.079823370999918, 27.686224677000045 ], [ -114.074859178999915, 27.690375067000048 ], [ -114.066558397999913, 27.69204336100006 ], [ -114.055043097999942, 27.694484768000056 ], [ -114.048410610999909, 27.691148179000038 ], [ -114.046742316999925, 27.684556382000039 ], [ -114.042591925999915, 27.679632880000042 ], [ -114.030181443999922, 27.682928778000075 ], [ -114.021107550999943, 27.679632880000042 ], [ -114.02033443899991, 27.671332098000047 ], [ -114.012033657999879, 27.665513414000088 ], [ -113.994699673999918, 27.658921617000093 ], [ -113.968169725999928, 27.654771226000037 ], [ -113.953277147999927, 27.655666408000062 ], [ -113.950021938999896, 27.659735419000071 ], [ -113.942534959999932, 27.669663804000042 ], [ -113.935943162999948, 27.678778387000083 ], [ -113.931019660999965, 27.68789297100005 ], [ -113.917795376999891, 27.696966864000046 ], [ -113.914458787999934, 27.710191148000035 ], [ -113.918568488999924, 27.719305731000077 ], [ -113.929351365999977, 27.726752020000053 ], [ -113.940093553999958, 27.728420315000051 ], [ -113.944203253999959, 27.734198309000078 ], [ -113.959095831999903, 27.740790106000073 ], [ -113.969064907999893, 27.742417710000044 ], [ -113.973988410999979, 27.744940497000073 ], [ -113.975656704999892, 27.752386786000045 ], [ -113.98306230399993, 27.757310289000088 ], [ -113.987212693999879, 27.75649648600006 ], [ -113.993804490999935, 27.749904690000051 ], [ -114.002919074999895, 27.750677802000041 ], [ -114.015288865999949, 27.749009507000043 ], [ -114.021107550999943, 27.748236395000053 ], [ -114.025257941999925, 27.749904690000047 ], [ -114.036854620999961, 27.768052476000037 ], [ -114.045074022999984, 27.783758856000073 ], [ -114.050038214999873, 27.792059637000079 ], [ -114.059152798999989, 27.801174221000057 ], [ -114.066558397999927, 27.803656317000044 ], [ -114.069081183999913, 27.799505927000045 ], [ -114.064930792999888, 27.790432033000055 ], [ -114.056711391999926, 27.775539455000061 ], [ -114.057484503999959, 27.764797268000052 ], [ -114.049224412999919, 27.759833075000067 ], [ -114.042591925999943, 27.750677802000048 ], [ -114.0384822259999, 27.73916250200006 ], [ -114.04181881399991, 27.732489325000074 ], [ -114.049224412999948, 27.732489325000074 ], [ -114.050892706999946, 27.726752020000053 ], [ -114.051747199999909, 27.720119533000062 ], [ -114.055816209999932, 27.720933335000041 ], [ -114.062489386999886, 27.725083726000037 ], [ -114.072377081999917, 27.72508372600004 ], [ -114.079823370999918, 27.719305731000073 ], [ -114.091420050999915, 27.711859442000051 ], [ -114.104603644999983, 27.707709052000045 ], [ -114.117054816999953, 27.70937734600005 ], [ -114.125314907999936, 27.714300848000054 ], [ -114.131947394999941, 27.723456122000073 ], [ -114.140980597999928, 27.730861721000057 ], [ -114.142689581999946, 27.742417710000041 ], [ -114.145985480999897, 27.755682684000082 ], [ -114.153431769999955, 27.765570380000046 ], [ -114.161691860999895, 27.774644273000035 ], [ -114.172434048999975, 27.788763739000046 ], [ -114.173247850999928, 27.803656317000044 ], [ -114.174916144999926, 27.816066799000055 ], [ -114.173247850999957, 27.826808986000064 ], [ -114.16661536399991, 27.834214585000041 ], [ -114.161691860999895, 27.844956773000039 ], [ -114.145985480999897, 27.863959052000041 ], [ -114.134388800999943, 27.877183335000041 ], [ -114.131092902999882, 27.888820705000057 ], [ -114.135243292999903, 27.89288971600007 ], [ -114.144357876999976, 27.894598700000074 ], [ -114.149281378999945, 27.89541250200006 ], [ -114.150949673999961, 27.898667710000041 ], [ -114.143462694, 27.902818101000037 ], [ -114.136870897999913, 27.906154690000051 ], [ -114.135243292999931, 27.911932684000078 ], [ -114.139312303999944, 27.915228583000044 ], [ -114.148426886999886, 27.918524481000077 ], [ -114.154204881999902, 27.923529364000046 ], [ -114.158355272999913, 27.930121161000041 ], [ -114.154204881999917, 27.936712958000044 ], [ -114.153431769999955, 27.945013739000046 ], [ -114.161691860999852, 27.949164130000046 ], [ -114.168324347999928, 27.950832424000055 ], [ -114.177398240999921, 27.945868231000077 ], [ -114.178212042999917, 27.938421942000048 ], [ -114.182362433999913, 27.930975653000083 ], [ -114.190581834999904, 27.928452867000086 ], [ -114.19806881399991, 27.922674872000076 ], [ -114.208811001999919, 27.917710679000031 ], [ -114.220366990999949, 27.91937897300005 ], [ -114.239409959999946, 27.911932684000078 ], [ -114.247670050999943, 27.901190497000073 ], [ -114.256743943999922, 27.892075914000088 ], [ -114.267693744999931, 27.886901287000057 ], [ -114.276451566999924, 27.901147773000048 ], [ -114.273789642999915, 27.916593688000034 ], [ -114.270451418999926, 27.92966307800009 ], [ -114.261708136999914, 27.944159247000073 ], [ -114.253488735999895, 27.952460028000075 ], [ -114.233631964999901, 27.968166408000066 ], [ -114.226958787999976, 27.980536200000074 ], [ -114.211293097999928, 27.995428778000079 ], [ -114.2070206369999, 27.999986070000087 ], [ -114.185658331999946, 28.022691148000035 ], [ -114.155100063999939, 28.062445380000042 ], [ -114.134388800999915, 28.083929755000042 ], [ -114.119868489999917, 28.085949775000074 ], [ -114.113811560999892, 28.060406953000044 ], [ -114.117183907999916, 28.043179942000059 ], [ -114.135365806999914, 28.031295451000062 ], [ -114.146133337999927, 28.021789660000078 ], [ -114.149494888999925, 28.013474461000044 ], [ -114.150836367999958, 28.004566200000053 ], [ -114.138714142999888, 27.988534887000068 ], [ -114.130635814999948, 27.971907196000071 ], [ -114.129960616999938, 27.96121693200007 ], [ -114.106402190999887, 27.927951567000029 ], [ -114.094298995999921, 27.957650688000061 ], [ -114.091602766999898, 27.976062463000062 ], [ -114.095638811999919, 27.996258391000083 ], [ -114.107081423999944, 28.013484002000038 ], [ -114.117854026999908, 28.011107101000054 ], [ -114.123241629999953, 28.016451491000055 ], [ -114.121223577999899, 28.022984960000088 ], [ -114.108430894999898, 28.030708416000039 ], [ -114.094287435999945, 28.024176268000083 ], [ -114.077457131999921, 28.009324405000086 ], [ -114.068036125999924, 27.99565965100004 ], [ -114.05523800499995, 28.007536667000064 ], [ -114.039736361999942, 28.02772981500004 ], [ -114.037709191999923, 28.037234640000062 ], [ -114.046465382999955, 28.038425827000083 ], [ -114.057914203999957, 28.04199331600006 ], [ -114.070030591999895, 28.055065106000082 ], [ -114.085519446999911, 28.05684845400009 ], [ -114.099667336999943, 28.055064041000037 ], [ -114.101007367999912, 28.071104546000072 ], [ -114.101670176999889, 28.099027745000061 ], [ -114.105709301999937, 28.111503506000076 ], [ -114.113120564999932, 28.120412927000078 ], [ -114.110422329999892, 28.125230210000041 ], [ -114.105694612999912, 28.134681592000046 ], [ -114.090162644999907, 28.156094875000065 ], [ -114.078667286999945, 28.176320572000066 ], [ -114.069875302999932, 28.193571201000054 ], [ -114.057484503999959, 28.206284898000039 ], [ -114.061634894999941, 28.212103583000044 ], [ -114.064930792999931, 28.223618882000036 ], [ -114.069935675999915, 28.239406643000052 ], [ -114.078195766999912, 28.246771552000045 ], [ -114.088937954999906, 28.246771552000041 ], [ -114.098783322999864, 28.238653168000042 ], [ -114.109854080999909, 28.241791231000036 ], [ -114.117369631999907, 28.250848444000042 ], [ -114.124882888999963, 28.255725035000069 ], [ -114.118561173999908, 28.269303182000048 ], [ -114.110597318999936, 28.286219916000054 ], [ -114.099290541999949, 28.307129428000049 ], [ -114.081174382999833, 28.342968946000038 ], [ -114.060762475999937, 28.404697378000041 ], [ -114.049418136999932, 28.432574824000085 ], [ -114.042591925999972, 28.458441473000054 ], [ -114.050892706999946, 28.474188544000071 ], [ -114.064321624999934, 28.479447901000075 ], [ -114.071495970999919, 28.486944187000059 ], [ -114.069005917999917, 28.504102774000042 ], [ -114.068226691999897, 28.518011786000045 ], [ -114.077300584999932, 28.523830471000053 ], [ -114.083119269999884, 28.532049872000073 ], [ -114.086415167999945, 28.541164455000061 ], [ -114.096343553999958, 28.551906643000056 ], [ -114.110422329999906, 28.561835028000072 ], [ -114.127797003999945, 28.562648830000054 ], [ -114.147990766999882, 28.560773251000057 ], [ -114.160125821999983, 28.566186918000081 ], [ -114.157583568999939, 28.582221889000042 ], [ -114.154967270999919, 28.601041279000071 ], [ -114.157269997999933, 28.625672197000089 ], [ -114.165842251999962, 28.646958726000033 ], [ -114.174916144999926, 28.657700914000088 ], [ -114.183990037999934, 28.661851304000038 ], [ -114.207753058999913, 28.661444403000072 ], [ -114.235340949999909, 28.660060940000047 ], [ -114.246157976999982, 28.653317288000039 ], [ -114.271751199999954, 28.658801351000083 ], [ -114.273060675999929, 28.673081773000035 ], [ -114.269154425999972, 28.675116278000083 ], [ -114.271706233999893, 28.684466972000052 ], [ -114.275341987999894, 28.696240946000046 ], [ -114.298307723999912, 28.703820338000071 ], [ -114.314059875999931, 28.726333475000047 ], [ -114.346922525999915, 28.730754736000051 ], [ -114.34687008199991, 28.748911288000048 ], [ -114.34802032999994, 28.763867369000081 ], [ -114.361371336999909, 28.777802814000037 ], [ -114.362049933999927, 28.795111395000042 ], [ -114.370920376999948, 28.813177802000045 ], [ -114.391645824999941, 28.806778586000068 ], [ -114.407282303999935, 28.839983903000075 ], [ -114.402316782999975, 28.860248671000086 ], [ -114.419298505999876, 28.878479626000054 ], [ -114.437582284999905, 28.87750745400006 ], [ -114.439941669999925, 28.894610312000054 ], [ -114.459395822999895, 28.910713 ], [ -114.476633266999926, 28.929144598000047 ], [ -114.501942511999914, 28.932562567000051 ], [ -114.515939907999922, 28.929673570000091 ], [ -114.523060675999929, 28.925360419000071 ], [ -114.529937303999944, 28.925523179000034 ], [ -114.542831956999947, 28.934394031000068 ], [ -114.54892017899995, 28.951515414000085 ], [ -114.556304490999906, 28.970282294000075 ], [ -114.561214727999911, 28.980400083000063 ], [ -114.575021938999939, 28.979234117000097 ], [ -114.591633127999884, 28.965404173000088 ], [ -114.603764537999908, 28.997609376000074 ], [ -114.602528449999909, 29.030340887000083 ], [ -114.608306443999908, 29.046210028000079 ], [ -114.618153449999909, 29.06305573100008 ], [ -114.623361782999922, 29.080511786000041 ], [ -114.631418423999946, 29.094468492000093 ], [ -114.659535285999965, 29.103013414000088 ], [ -114.689036054999931, 29.113135089000089 ], [ -114.704926797999974, 29.096113213000084 ], [ -114.722010329999904, 29.117504618000055 ], [ -114.727894660999908, 29.14118073100008 ], [ -114.734934048999932, 29.151800848000047 ], [ -114.739816860999895, 29.175523179000038 ], [ -114.743804490999878, 29.187567450000074 ], [ -114.752308723, 29.19281647300005 ], [ -114.78531304499991, 29.194160130000061 ], [ -114.829352681999893, 29.231593020000048 ], [ -114.830246052564604, 29.232675543984357 ], [ -115.11608366503566, 29.087822173508933 ] ] ] ] } },
{ "type": "Feature", "properties": { "grid_key": "st40-ln120_hist", "station": 40.0, "line": 120.0, "shore": "nearshore", "pattern": "historical", "zone": "nearshore-historical", "lon_ctr": -115.31337878541177, "lat_ctr": 27.927090853286359 }, "geometry": { "type": "MultiPolygon", "coordinates": [ [ [ [ -114.304162859282712, 27.796786861978951 ], [ -114.308013475999957, 27.78953685100004 ], [ -114.312163865999949, 27.779689846000053 ], [ -114.304758266999897, 27.764797268000056 ], [ -114.282378709999961, 27.735825914000095 ], [ -114.261708136999928, 27.726752020000049 ], [ -114.258297428116748, 27.723464395626667 ], [ -114.304162859282712, 27.796786861978951 ] ] ], [ [ [ -115.11608366503566, 29.087822173508933 ], [ -116.426423526751677, 28.421155506842261 ], [ -115.318006274012149, 26.689104699273386 ], [ -114.377190097373273, 27.175963986155892 ], [ -114.395149232999913, 27.182913648000067 ], [ -114.421405139999948, 27.166457302000083 ], [ -114.435143183999926, 27.176367458000076 ], [ -114.428334113999966, 27.188055731000077 ], [ -114.43049068899991, 27.19790273600006 ], [ -114.429798956999917, 27.208929755000046 ], [ -114.444535869999939, 27.214356291000055 ], [ -114.463368292999931, 27.222479559000075 ], [ -114.475893826999979, 27.217653590000054 ], [ -114.487541872999955, 27.238097781000079 ], [ -114.486890466999924, 27.281644124000085 ], [ -114.484445766999926, 27.324286200000071 ], [ -114.491566535999965, 27.362697658000059 ], [ -114.506460737999916, 27.406184127000071 ], [ -114.529164191999925, 27.426906643000052 ], [ -114.537831183999941, 27.43390534100007 ], [ -114.563343878999945, 27.448635158000059 ], [ -114.581077698999906, 27.450845063000088 ], [ -114.596586434999921, 27.47718936200005 ], [ -114.631888174999901, 27.488772567000069 ], [ -114.681094225999928, 27.507628890000031 ], [ -114.715752476999938, 27.521904491000043 ], [ -114.734229126999949, 27.521251508000031 ], [ -114.748890753999945, 27.547308661000041 ], [ -114.752105272999927, 27.553045966000067 ], [ -114.766184048999946, 27.569403387000079 ], [ -114.769398566999953, 27.574652411000049 ], [ -114.781730112999952, 27.602757451000059 ], [ -114.805719256999936, 27.621042742000043 ], [ -114.830385898999936, 27.631132388000083 ], [ -114.83879971999994, 27.628357350000048 ], [ -114.844865710999883, 27.616063557000075 ], [ -114.85567270699994, 27.622137059000067 ], [ -114.861885731999934, 27.630958901000046 ], [ -114.87581933099996, 27.643824269000049 ], [ -114.872011878999871, 27.649294652000041 ], [ -114.858097639999897, 27.63915318700009 ], [ -114.848878460999899, 27.640564808000075 ], [ -114.844471808999913, 27.659654039000088 ], [ -114.847645636999914, 27.671332098000047 ], [ -114.853342251999948, 27.681626695000094 ], [ -114.86156165299991, 27.689886786000045 ], [ -114.872425910999965, 27.695054429000038 ], [ -114.886586066999953, 27.694891669000071 ], [ -114.892404752, 27.687323309000078 ], [ -114.897531704999906, 27.67829010600008 ], [ -114.899805398999973, 27.664122211000063 ], [ -114.912148489999922, 27.66950057400004 ], [ -114.93219519599991, 27.676193309000041 ], [ -114.939304913999919, 27.700669451000067 ], [ -114.950964362999883, 27.716258811000049 ], [ -114.974110480999911, 27.724107164000085 ], [ -114.988708823999886, 27.726853978000069 ], [ -115.001726330999915, 27.71593090500005 ], [ -115.011041285999951, 27.728108086000081 ], [ -115.022684265999942, 27.740290592000061 ], [ -115.033626397999939, 27.759293089000039 ], [ -115.034583061999896, 27.77905848000006 ], [ -115.0463103969999, 27.795381771000052 ], [ -115.049508541999913, 27.80831244500007 ], [ -115.052886522999941, 27.822088934000082 ], [ -115.05675208199996, 27.824774481000077 ], [ -115.083823479999893, 27.851054038000086 ], [ -115.055897589999915, 27.860256252000056 ], [ -115.041470229999888, 27.856781707000039 ], [ -115.022860367999897, 27.844617793000054 ], [ -115.014257435999937, 27.830346771000055 ], [ -114.966451179999936, 27.826466694000089 ], [ -114.923404503999933, 27.836275496000042 ], [ -114.884054305999925, 27.830456545000064 ], [ -114.868640636999956, 27.830553734000095 ], [ -114.84780084599987, 27.825215872000058 ], [ -114.840015620999907, 27.812302501000097 ], [ -114.819193986999949, 27.809006011000065 ], [ -114.786089597999975, 27.815328708000038 ], [ -114.764470469999949, 27.810672990000057 ], [ -114.739771081999933, 27.806713604000041 ], [ -114.723568385999855, 27.806800852000038 ], [ -114.718947443999937, 27.796561740000076 ], [ -114.708985254999874, 27.791792963000034 ], [ -114.692002119999927, 27.787788434000049 ], [ -114.669594040999939, 27.787915749000035 ], [ -114.638346075999934, 27.779745623000053 ], [ -114.604457277999899, 27.774408886000057 ], [ -114.571420831999959, 27.782077595000089 ], [ -114.530645613999937, 27.787640384000042 ], [ -114.49905714399992, 27.774071481000085 ], [ -114.463490363999924, 27.788763739000046 ], [ -114.432850714999915, 27.800279039000088 ], [ -114.404774542999917, 27.817694403000072 ], [ -114.394032355999926, 27.828436591000067 ], [ -114.381312579999914, 27.836503220000054 ], [ -114.365101691999925, 27.850775458000044 ], [ -114.34557506227064, 27.862954660013216 ], [ -115.11608366503566, 29.087822173508933 ] ], [ [ -115.194979655999944, 28.34135825300007 ], [ -115.184135885999922, 28.314740695000069 ], [ -115.173929610999949, 28.308830826000072 ], [ -115.175765637999916, 28.298818501000085 ], [ -115.168585383, 28.285121379000088 ], [ -115.16271472199989, 28.261342294000091 ], [ -115.172759568999936, 28.234564520000049 ], [ -115.172268374999945, 28.212645169000041 ], [ -115.158847946999913, 28.192840181000062 ], [ -115.155489886999945, 28.17070354000009 ], [ -115.159710334999971, 28.150714655000058 ], [ -115.155828813999946, 28.14077993200004 ], [ -115.162688722999931, 28.129624921000069 ], [ -115.17533643199998, 28.124479492000042 ], [ -115.176458305999887, 28.116755135000066 ], [ -115.185776548999939, 28.106172687000079 ], [ -115.183040137999882, 28.09514711900005 ], [ -115.187970831999905, 28.08680143100008 ], [ -115.182148866999924, 28.070236396000041 ], [ -115.18828828499997, 28.05634696400006 ], [ -115.179321470999923, 28.040344774000062 ], [ -115.183031183999915, 28.034777741000081 ], [ -115.181697355999944, 28.027581981000086 ], [ -115.189264567999913, 28.030301958000056 ], [ -115.194569464999958, 28.03392161700009 ], [ -115.206299380999923, 28.037940216000038 ], [ -115.218147632999958, 28.031745308000044 ], [ -115.2281429639999, 28.028322673000051 ], [ -115.233878700999895, 28.036059358000042 ], [ -115.247023848999874, 28.033716118000086 ], [ -115.253995140999919, 28.040303985000044 ], [ -115.261845294999929, 28.07014344900006 ], [ -115.280262824999923, 28.087469794000071 ], [ -115.303544901999942, 28.094698587000035 ], [ -115.321669566999915, 28.086785194000072 ], [ -115.336700209999947, 28.084436037000046 ], [ -115.346609760999939, 28.071051225000073 ], [ -115.358052030999986, 28.082578651000063 ], [ -115.352156705999931, 28.116420125000044 ], [ -115.334004399999898, 28.124877560000066 ], [ -115.273671027999939, 28.189520575000074 ], [ -115.239755839999916, 28.23360633000004 ], [ -115.25515489299994, 28.263917329000041 ], [ -115.262453424999919, 28.298756383000068 ], [ -115.257088232999948, 28.327435599000069 ], [ -115.248642452999945, 28.359315181000056 ], [ -115.234996318999961, 28.370230333000045 ], [ -115.214867471999881, 28.378279134000081 ], [ -115.19199501499989, 28.360835960000092 ], [ -115.194979655999944, 28.34135825300007 ] ], [ [ -115.204155654999923, 27.892496164000075 ], [ -115.196922390999944, 27.891489235000055 ], [ -115.184782927999919, 27.882007663000081 ], [ -115.171452982999909, 27.873595298000058 ], [ -115.162365446999971, 27.868343484000039 ], [ -115.159267428999897, 27.859851379000077 ], [ -115.164596190999902, 27.851296074000064 ], [ -115.172994728999925, 27.848570985000038 ], [ -115.178434050999897, 27.850657260000052 ], [ -115.182235128999935, 27.868723690000081 ], [ -115.193806718999923, 27.881404487000054 ], [ -115.209488097999909, 27.88447246800007 ], [ -115.220367385999907, 27.888640469000052 ], [ -115.218039287999957, 27.896107671000038 ], [ -115.204155654999923, 27.892496164000075 ] ], [ [ -115.593806506999897, 28.317167183000041 ], [ -115.588264857999988, 28.309779406000075 ], [ -115.579262776999954, 28.314132820000058 ], [ -115.567776603999903, 28.313724 ], [ -115.564667348999976, 28.307373446000042 ], [ -115.575541243999879, 28.307258248000036 ], [ -115.579077170999909, 28.300834950000084 ], [ -115.592321396999921, 28.297500526000078 ], [ -115.602687832999891, 28.304302844000063 ], [ -115.603978663999882, 28.310139824000085 ], [ -115.601041713999905, 28.316023197000046 ], [ -115.593806506999897, 28.317167183000041 ] ] ] ] } },
{ "type": "Feature", "properties": { "grid_key": "st60-ln120_hist", "station": 60.0, "line": 120.0, "shore": "nearshore", "pattern": "historical", "zone": "nearshore-historical", "lon_ctr": -116.51639764741786, "lat_ctr": 27.224079366765935 }, "geometry": { "type": "Polygon", "coordinates": [ [ [ -116.426423526751677, 28.421155506842261 ], [ -117.728452892033417, 27.754488840175597 ], [ -116.599731069392888, 26.022438032606718 ], [ -115.318006274012149, 26.689104699273386 ], [ -116.426423526751677, 28.421155506842261 ] ] ] } },
{ "type": "Feature", "properties": { "grid_key": "st80-ln120_hist", "station": 80.0, "line": 120.0, "shore": "offshore", "pattern": "historical", "zone": "offshore-historical", "lon_ctr": -117.80439454093093, "lat_ctr": 26.557381144930112 }, "geometry": { "type": "Polygon", "coordinates": [ [ [ -117.728452892033417, 27.754488840175597 ], [ -119.022450864365297, 27.087822173508929 ], [ -117.87411677809925, 25.355771365940051 ], [ -116.599731069392888, 26.022438032606718 ], [ -117.728452892033417, 27.754488840175597 ] ] ] } },
{ "type": "Feature", "properties": { "grid_key": "st100-ln120_hist", "station": 100.0, "line": 120.0, "shore": "offshore", "pattern": "historical", "zone": "offshore-historical", "lon_ctr": -119.08484447501489, "lat_ctr": 25.890681791413925 }, "geometry": { "type": "Polygon", "coordinates": [ [ [ -119.022450864365297, 27.087822173508929 ], [ -120.308689344152612, 26.421155506842265 ], [ -119.141418137272723, 24.689104699273386 ], [ -117.87411677809925, 25.355771365940051 ], [ -119.022450864365297, 27.087822173508929 ] ] ] } },
{ "type": "Feature", "properties": { "grid_key": "st120-ln120_hist", "station": 120.0, "line": 120.0, "shore": "offshore", "pattern": "historical", "zone": "offshore-historical", "lon_ctr": -120.35800727350646, "lat_ctr": 25.223981252269109 }, "geometry": { "type": "Polygon", "coordinates": [ [ [ -120.308689344152612, 26.421155506842265 ], [ -121.587433369220747, 25.754488840175597 ], [ -120.401883831708332, 24.022438032606718 ], [ -119.141418137272723, 24.689104699273386 ], [ -120.308689344152612, 26.421155506842265 ] ] ] } },
{ "type": "Feature", "properties": { "grid_key": "st140-ln120_hist", "station": 140.0, "line": 120.0, "shore": "offshore", "pattern": "historical", "zone": "offshore-historical", "lon_ctr": -121.6241364673424, "lat_ctr": 24.557279479243938 }, "geometry": { "type": "Polygon", "coordinates": [ [ [ -121.587433369220747, 25.754488840175597 ], [ -122.858941438841541, 25.087822173508933 ], [ -121.655756779809039, 23.355771365940054 ], [ -120.401883831708332, 24.022438032606718 ], [ -121.587433369220747, 25.754488840175597 ] ] ] } },
{ "type": "Feature", "properties": { "grid_key": "st160-ln120_hist", "station": 160.0, "line": 120.0, "shore": "offshore", "pattern": "historical", "zone": "offshore-historical", "lon_ctr": -122.88347959137332, "lat_ctr": 23.890576429731279 }, "geometry": { "type": "Polygon", "coordinates": [ [ [ -122.858941438841541, 25.087822173508933 ], [ -124.123465822336129, 24.421155506842265 ], [ -122.903274406516147, 22.689104699273386 ], [ -121.655756779809039, 23.355771365940054 ], [ -122.858941438841541, 25.087822173508933 ] ] ] } },
{ "type": "Feature", "properties": { "grid_key": "st-20-ln130_hist", "station": -20.0, "line": 130.0, "shore": "nearshore", "pattern": "historical", "zone": "nearshore-historical", "lon_ctr": -110.58459216916066, "lat_ctr": 27.48515626524896 }, "geometry": { "type": "MultiPolygon", "coordinates": [ [ [ [ -110.960754827901766, 27.910659005541625 ], [ -110.953236456999932, 27.916571356000073 ], [ -110.947621222999956, 27.919094143000049 ], [ -110.938465949999937, 27.920355536000045 ], [ -110.955393032999908, 27.936468817000051 ], [ -110.975941535999908, 27.952134507000043 ], [ -110.989697428846569, 27.959168783190112 ], [ -110.960754827901766, 27.910659005541625 ] ] ], [ [ [ -110.393342958167011, 26.957053891704504 ], [ -110.104502904245678, 27.106392138809216 ], [ -110.149309017999911, 27.118419558000085 ], [ -110.192395096999931, 27.127871069000044 ], [ -110.216847419999894, 27.134573515000056 ], [ -110.241281809999919, 27.138415901000091 ], [ -110.265092335999896, 27.143402375000054 ], [ -110.287621579999907, 27.148393774000052 ], [ -110.320871548999975, 27.165228583000044 ], [ -110.336688422999927, 27.172061820000067 ], [ -110.371788843999909, 27.208982662000039 ], [ -110.403717755999935, 27.245371116000054 ], [ -110.447882787999902, 27.274262017000069 ], [ -110.464766510999951, 27.283309489000089 ], [ -110.500370973999921, 27.291081661000074 ], [ -110.522329421999913, 27.290354190000073 ], [ -110.524393595999939, 27.300083369000053 ], [ -110.493354929999938, 27.298008329000083 ], [ -110.466212451999951, 27.295904755000041 ], [ -110.43842313599994, 27.292655264000082 ], [ -110.425627966999869, 27.301905619000078 ], [ -110.445057745999932, 27.317694403000075 ], [ -110.471058722999985, 27.345851955000057 ], [ -110.47915605399993, 27.358628648000025 ], [ -110.477406378999916, 27.363104559000078 ], [ -110.473540818999922, 27.370266018000045 ], [ -110.473500128999959, 27.376857815000058 ], [ -110.487375455, 27.381293036000041 ], [ -110.492095506999917, 27.384995835000041 ], [ -110.499663865999963, 27.393377997000076 ], [ -110.518462693999936, 27.379055080000061 ], [ -110.530384894999926, 27.373236395000049 ], [ -110.540638800999915, 27.37225983300004 ], [ -110.550933397999913, 27.377386786000045 ], [ -110.554758266999869, 27.384751695000087 ], [ -110.554310675999972, 27.410142320000091 ], [ -110.558501756999931, 27.434393622000073 ], [ -110.587404920999901, 27.449364946000063 ], [ -110.58884897799993, 27.511864521000071 ], [ -110.598026240999872, 27.543684361000093 ], [ -110.626708270999941, 27.60853697400006 ], [ -110.627100960999954, 27.641099162000046 ], [ -110.617004606999899, 27.657476743000082 ], [ -110.599191860999923, 27.664618231000077 ], [ -110.578968878999973, 27.668361721000061 ], [ -110.567941860999881, 27.681382554000034 ], [ -110.570139126999962, 27.697414455000057 ], [ -110.581939256999931, 27.700140692000041 ], [ -110.595611131999931, 27.693548895000053 ], [ -110.603342251999948, 27.681382554000038 ], [ -110.594715949999909, 27.714504299000055 ], [ -110.589019334999904, 27.722357489000046 ], [ -110.575835740999935, 27.72797272300005 ], [ -110.563384568999908, 27.729478257000043 ], [ -110.553456183999941, 27.732489325000074 ], [ -110.548085089999901, 27.74282461100006 ], [ -110.581898566999925, 27.744818427000045 ], [ -110.599517381999931, 27.752346096000057 ], [ -110.601714647999927, 27.767075914000092 ], [ -110.589019334999904, 27.791245835000041 ], [ -110.60326087099989, 27.793158270000053 ], [ -110.612863735999866, 27.80093008000005 ], [ -110.615589972999928, 27.812201239000043 ], [ -110.609527147999898, 27.82477448100008 ], [ -110.603993292999917, 27.815090236000064 ], [ -110.597238735999881, 27.81289297100005 ], [ -110.591460740999935, 27.817572333000047 ], [ -110.586577928999958, 27.837062893000056 ], [ -110.580148891999869, 27.838853257000043 ], [ -110.571156378999916, 27.837958075000074 ], [ -110.521066860999881, 27.844549872000076 ], [ -110.508371548999932, 27.853664455000057 ], [ -110.513295050999957, 27.873195705000057 ], [ -110.533273891999926, 27.86595286700009 ], [ -110.591664191999897, 27.88751862200008 ], [ -110.616322394999926, 27.88617584800005 ], [ -110.604115363999966, 27.875637111000067 ], [ -110.60912024599989, 27.870835679000038 ], [ -110.623768683999899, 27.872992255000042 ], [ -110.654652472999942, 27.892238674000058 ], [ -110.670969204999949, 27.898382880000039 ], [ -110.741851365999935, 27.914129950000074 ], [ -110.776966925999957, 27.916896877000056 ], [ -110.812123175999957, 27.91453685100004 ], [ -110.849110480999897, 27.906683661000041 ], [ -110.84911048099994, 27.914129950000078 ], [ -110.838490363999966, 27.91657135600008 ], [ -110.808176235999909, 27.927801825000074 ], [ -110.815988735999923, 27.941066799000051 ], [ -110.819976365999906, 27.950262762000076 ], [ -110.82152258999993, 27.959377346000064 ], [ -110.821848110999895, 27.972154039000095 ], [ -110.827137824999909, 27.982855536000045 ], [ -110.838856574999895, 27.989406643000056 ], [ -110.850656704999949, 27.989081122000073 ], [ -110.855946417999917, 27.979315497000076 ], [ -110.856556769999969, 27.951605536000045 ], [ -110.86058508999993, 27.934881903000068 ], [ -110.870920376999948, 27.920599677000045 ], [ -110.890695766999926, 27.89984772300005 ], [ -110.875843878999959, 27.901922919000075 ], [ -110.86742102799991, 27.898423570000091 ], [ -110.86363684799997, 27.889797268000056 ], [ -110.862782355999926, 27.876288153000079 ], [ -110.867176886999886, 27.863104559000082 ], [ -110.876779751999948, 27.847113348000054 ], [ -110.886301235999895, 27.838853257000043 ], [ -110.890695766999912, 27.848944403000075 ], [ -110.895130988999924, 27.850816148000039 ], [ -110.918039516999912, 27.879380601000037 ], [ -110.923207160999937, 27.881496486000056 ], [ -110.939076300999972, 27.883368231000084 ], [ -110.945912238999938, 27.886175848000054 ], [ -110.946629832736704, 27.886979834771573 ], [ -110.393342958167011, 26.957053891704504 ] ], [ [ -110.604176023999941, 27.318023509000064 ], [ -110.606556769999926, 27.358587958000047 ], [ -110.604562954999921, 27.38251373900005 ], [ -110.597482876999948, 27.405747789000095 ], [ -110.593089712999927, 27.416985674000038 ], [ -110.598433307999926, 27.378078924000082 ], [ -110.594041798999939, 27.331831771000058 ], [ -110.575181964999871, 27.313715466000072 ], [ -110.53065936899992, 27.300391905000076 ], [ -110.534342194999908, 27.284356682000066 ], [ -110.588564314999971, 27.302735408000046 ], [ -110.604176023999941, 27.318023509000064 ] ] ] ] } },
{ "type": "Feature", "properties": { "grid_key": "st0-ln130_hist", "station": 0.0, "line": 130.0, "shore": "nearshore", "pattern": "historical", "zone": "nearshore-historical", "lon_ctr": -111.54736288544434, "lat_ctr": 27.4887717643754 }, "geometry": { "type": "Polygon", "coordinates": [ [ [ -110.946629832736704, 27.886979834771573 ], [ -110.950306769999969, 27.891099351000037 ], [ -110.953724738999981, 27.896714585000041 ], [ -110.958241339999915, 27.902289130000039 ], [ -110.96580969999988, 27.906683661000049 ], [ -110.960754827901766, 27.910659005541625 ], [ -110.989697428846569, 27.959168783190112 ], [ -110.999256964999915, 27.964056708000044 ], [ -111.021021836999935, 27.961886265000093 ], [ -111.040561320999885, 27.955910476000042 ], [ -111.059145689999937, 27.937017087000072 ], [ -111.087448422999913, 27.936204641000074 ], [ -111.105025249999898, 27.935372175000055 ], [ -111.102087924999907, 27.944838267000083 ], [ -111.095236472999943, 27.951711511000042 ], [ -111.1039952779999, 27.962050585000043 ], [ -111.118644310999926, 27.969824937000052 ], [ -111.128443255999898, 27.968989087000065 ], [ -111.142592843999907, 27.984057328000063 ], [ -111.171799530999948, 27.990087038000073 ], [ -111.183473949999907, 28.006418425000049 ], [ -111.198070165999937, 28.021866693000053 ], [ -111.220463743999915, 28.044274 ], [ -111.25066202399988, 28.052012803000082 ], [ -111.263337588999931, 28.073517728000066 ], [ -111.281835904999966, 28.091529312000095 ], [ -111.300371777999928, 28.129349264000041 ], [ -111.332648271999886, 28.160407105000044 ], [ -111.340443488999952, 28.205267645000049 ], [ -111.349354620999918, 28.215765692000044 ], [ -111.352447068999922, 28.216538804000042 ], [ -111.366769985999895, 28.215765692000044 ], [ -111.372792120999861, 28.217718817000044 ], [ -111.375599738999938, 28.222316799000062 ], [ -111.377308722999928, 28.227932033000059 ], [ -111.384836391999912, 28.241644598000047 ], [ -111.388335740999963, 28.263373114000046 ], [ -111.394113735999909, 28.27383047100005 ], [ -111.438832160999937, 28.308498440000051 ], [ -111.451771613999938, 28.32562897300005 ], [ -111.458322719999913, 28.347235419000068 ], [ -111.45205644399995, 28.358832098000054 ], [ -111.442290818999936, 28.369289455000057 ], [ -111.43814042899993, 28.38711172100005 ], [ -111.473500128999945, 28.381048895000049 ], [ -111.516224738999966, 28.393784898000035 ], [ -111.586204025999891, 28.415414668000036 ], [ -111.649541033999895, 28.444398917000054 ], [ -111.673672163999939, 28.452284864000038 ], [ -111.697796946999887, 28.457520444000068 ], [ -111.70835409699994, 28.460141185000055 ], [ -111.723638109999897, 28.501201297000083 ], [ -111.737570453622567, 28.530440831023732 ], [ -112.731488399001975, 28.022438032606718 ], [ -112.48582795450271, 27.620234141918495 ], [ -112.485215195999899, 27.62001972600007 ], [ -112.478694820999934, 27.614038085000068 ], [ -112.466822045999976, 27.605989652000069 ], [ -112.456129753999917, 27.597824209000066 ], [ -112.418331001999931, 27.58989009100009 ], [ -112.403441925999914, 27.580606076000038 ], [ -112.373106449999881, 27.56409536600006 ], [ -112.354713572999927, 27.547323351000042 ], [ -112.353207193999921, 27.53394285500007 ], [ -112.33299561199992, 27.516593396000072 ], [ -112.323767609999962, 27.494574088000039 ], [ -112.319050478999941, 27.45928183500007 ], [ -112.320572129999917, 27.443835574000047 ], [ -112.309530658999932, 27.422317218000046 ], [ -112.29901202799995, 27.405066796000085 ], [ -112.301863362999953, 27.392880697000063 ], [ -112.297324723999878, 27.381062106000055 ], [ -112.287012881999971, 27.365820285000041 ], [ -112.270758519999887, 27.357595669000091 ], [ -112.265235248999986, 27.341979668000079 ], [ -112.258043924999939, 27.330599016000065 ], [ -112.241707877999943, 27.326584052000047 ], [ -112.236121600999937, 27.314723295000082 ], [ -112.230242593999975, 27.291104420000071 ], [ -112.217685164999921, 27.283397535000066 ], [ -112.20700211899991, 27.261130164000061 ], [ -112.195579221999907, 27.250129257000083 ], [ -112.202760645999959, 27.230588670000081 ], [ -112.2076565509999, 27.225864187000074 ], [ -112.211405131999925, 27.218450645000075 ], [ -112.212763696999914, 27.210462858000085 ], [ -112.194385667999953, 27.198955360000067 ], [ -112.181426961999946, 27.187016804000052 ], [ -112.169660939999929, 27.175629826000094 ], [ -112.164947068999936, 27.166815497000076 ], [ -112.154936892999913, 27.162046299000053 ], [ -112.133955235999935, 27.16007058200006 ], [ -112.114534376999927, 27.142147339000076 ], [ -112.088939376999917, 27.131560293000067 ], [ -112.067862189999971, 27.133851711000091 ], [ -112.064373184999894, 27.128450431000086 ], [ -112.054259800999944, 27.124002316000087 ], [ -112.011168123999951, 27.116831402000059 ], [ -111.993584507999898, 27.096208304000072 ], [ -111.959941255999922, 27.09559047800008 ], [ -111.950372303999941, 27.093275544000051 ], [ -111.951738229999961, 27.085276192000038 ], [ -111.946452953999966, 27.079294951000065 ], [ -111.944253939999896, 27.069626075000095 ], [ -111.95758810599996, 27.064527002000087 ], [ -111.970151987999984, 27.067982150000034 ], [ -111.98660597699994, 27.05596831500009 ], [ -112.003128114999939, 27.035743279000087 ], [ -112.011987693999899, 27.014497603000056 ], [ -112.014735105999975, 26.99849793900006 ], [ -112.017160610999881, 26.978501695000087 ], [ -112.001454230999883, 26.952215887000079 ], [ -111.98338782499988, 26.940904039000092 ], [ -111.973947719999941, 26.936916408000062 ], [ -111.971424933999927, 26.928045966000067 ], [ -111.957356306999955, 26.910975596000071 ], [ -111.951795044999926, 26.892183984000049 ], [ -111.941747176999939, 26.886665623000056 ], [ -111.915598062999948, 26.878197695000043 ], [ -111.910042893999872, 26.858882292000086 ], [ -111.870716925999915, 26.828070380000039 ], [ -111.863359555999907, 26.805189837000057 ], [ -111.860701139999975, 26.790189540000085 ], [ -111.861446337999865, 26.783795461000068 ], [ -111.872398155999889, 26.776523094000083 ], [ -111.876810121999924, 26.766457834000054 ], [ -111.877629443999922, 26.75632544300003 ], [ -111.890207485999895, 26.762925523000032 ], [ -111.905181443999979, 26.734279690000054 ], [ -111.900114155999873, 26.714559432000048 ], [ -111.885975714999944, 26.711167710000041 ], [ -111.863509438999927, 26.693051648000051 ], [ -111.853050342999936, 26.677335726000077 ], [ -111.848580912999907, 26.663902722000053 ], [ -111.847106767999932, 26.655421526000058 ], [ -111.843102837999965, 26.64515861000007 ], [ -111.824613114999963, 26.639946536000082 ], [ -111.811686199999968, 26.628998638000045 ], [ -111.798227025999907, 26.612647085000056 ], [ -111.78427506899996, 26.571795806000072 ], [ -111.761799474999918, 26.553561570000063 ], [ -111.735810481999891, 26.539683596000085 ], [ -111.714552053999896, 26.551538640000043 ], [ -111.676792838999916, 26.581858923000084 ], [ -111.680070244999911, 26.593675962000077 ], [ -111.69241301699995, 26.603013730000043 ], [ -111.714608612999982, 26.629706987000073 ], [ -111.742877703999937, 26.652758829000046 ], [ -111.757064085999886, 26.659438916000052 ], [ -111.766890672999935, 26.676219181000079 ], [ -111.794121459999943, 26.690113248000049 ], [ -111.807421266999924, 26.715524999000081 ], [ -111.814584774999915, 26.714577386000087 ], [ -111.816189410999911, 26.722615469000061 ], [ -111.813610977999915, 26.731114451000053 ], [ -111.817003348999933, 26.739186512000057 ], [ -111.816702386999893, 26.766478085000077 ], [ -111.822236156999935, 26.778824536000055 ], [ -111.823291856999901, 26.792198666000047 ], [ -111.828683800999897, 26.808293115000087 ], [ -111.82364059799994, 26.820474768000057 ], [ -111.831644482999906, 26.828640878000041 ], [ -111.836904018999903, 26.834612744000083 ], [ -111.836703569999926, 26.843154749000067 ], [ -111.840148868999876, 26.849626261000076 ], [ -111.845976252999961, 26.85667571800008 ], [ -111.845115883999952, 26.867876480000056 ], [ -111.8521677089999, 26.873878785000052 ], [ -111.851419317999927, 26.880274807000038 ], [ -111.833969662999962, 26.883165419000083 ], [ -111.826603192999954, 26.890510923000079 ], [ -111.818073396999893, 26.896233164000076 ], [ -111.795091088999939, 26.884027951000064 ], [ -111.792353856999924, 26.875419651000072 ], [ -111.768130561999911, 26.86268218400005 ], [ -111.745229364999915, 26.844098924000036 ], [ -111.729076264999975, 26.822432899000034 ], [ -111.721082058999883, 26.806267109000085 ], [ -111.680124220999957, 26.778759020000045 ], [ -111.667337229999944, 26.780550931000054 ], [ -111.662838548999929, 26.768699070000089 ], [ -111.656490624999961, 26.758929361000074 ], [ -111.648875867999962, 26.752936608000084 ], [ -111.647831192999945, 26.746479980000057 ], [ -111.625894620999929, 26.739700568000046 ], [ -111.623063458999937, 26.733213602000035 ], [ -111.608286709999916, 26.726508451000086 ], [ -111.608420140999897, 26.721133913000074 ], [ -111.584741307999934, 26.712147502000047 ], [ -111.57230284399995, 26.70763775100005 ], [ -111.570090117999953, 26.700650711000041 ], [ -111.560054941999908, 26.695653004000064 ], [ -111.564271417999905, 26.671157594000082 ], [ -111.566027527999935, 26.649299624000037 ], [ -111.563040316999945, 26.625754082000071 ], [ -111.569080044999865, 26.576233743000049 ], [ -111.564771594999925, 26.558000735000064 ], [ -111.548895265999931, 26.548600160000042 ], [ -111.524619419999908, 26.540620121000078 ], [ -111.503651495999918, 26.533107815000047 ], [ -111.482411261999928, 26.528509833000037 ], [ -111.474726709999885, 26.531034909000084 ], [ -111.472808051999976, 26.53579900700004 ], [ -111.460221133999951, 26.537668965000076 ], [ -111.461030287999918, 26.529677131000081 ], [ -111.455791289999922, 26.524761843000086 ], [ -111.442238039999907, 26.517526 ], [ -111.448912935999957, 26.513936419000057 ], [ -111.454530247999926, 26.505522992000071 ], [ -111.455675670999938, 26.486354034000044 ], [ -111.468247403999911, 26.46643627800006 ], [ -111.466431641999932, 26.440147032000088 ], [ -111.468866814999942, 26.419503693000074 ], [ -111.462491547801605, 26.402537387768035 ], [ -110.393342958167011, 26.957053891704504 ], [ -110.946629832736704, 27.886979834771573 ] ], [ [ -112.097003139999913, 27.224523119000075 ], [ -112.108811854999942, 27.23691513600005 ], [ -112.090090105999934, 27.259978197000063 ], [ -112.064140726999923, 27.241471524000076 ], [ -112.045252822999956, 27.216644319000068 ], [ -112.052226777999905, 27.193672018000083 ], [ -112.066278963999949, 27.178964897000068 ], [ -112.08744774799996, 27.182942202000049 ], [ -112.092220934999943, 27.203736787000089 ], [ -112.097003139999913, 27.224523119000075 ] ], [ [ -111.892268133999934, 27.429018960000061 ], [ -111.904287519999912, 27.437639374000067 ], [ -111.901082545999955, 27.44922802800005 ], [ -111.879331597999936, 27.453189264000059 ], [ -111.862972160999945, 27.446516250000062 ], [ -111.856394270999985, 27.43786963600007 ], [ -111.859620893999889, 27.43014061100007 ], [ -111.879203345999926, 27.428118197000057 ], [ -111.892268133999934, 27.429018960000061 ] ], [ [ -111.388508381999969, 27.968801946000042 ], [ -111.395064981999894, 27.979388662000069 ], [ -111.387439598999933, 27.988079089000053 ], [ -111.373235794999943, 27.968813943000043 ], [ -111.365586541999903, 27.953400352000077 ], [ -111.381950727999907, 27.957242503000092 ], [ -111.388508381999969, 27.968801946000042 ] ] ] } },
{ "type": "Feature", "properties": { "grid_key": "st20-ln130_hist", "station": 20.0, "line": 130.0, "shore": "nearshore", "pattern": "historical", "zone": "nearshore-historical", "lon_ctr": -112.95742649750223, "lat_ctr": 26.227116299144697 }, "geometry": { "type": "MultiPolygon", "coordinates": [ [ [ [ -112.731488399001975, 28.022438032606718 ], [ -112.770941863970876, 28.002222505601914 ], [ -112.768760998999966, 28.002127270000077 ], [ -112.760362202999957, 27.997756250000066 ], [ -112.761169065999908, 27.984430036000049 ], [ -112.756584687999904, 27.968385500000071 ], [ -112.757255267999938, 27.963031241000071 ], [ -112.766109967999896, 27.938125142000047 ], [ -112.762164150999951, 27.919976643000041 ], [ -112.761725836999915, 27.907640291000064 ], [ -112.763025423999906, 27.901244906000041 ], [ -112.761921149999907, 27.893727370000079 ], [ -112.766799427999914, 27.890589222000074 ], [ -112.768750372999961, 27.880418553000084 ], [ -112.773217562999932, 27.863902157000041 ], [ -112.758387027999916, 27.846107019000044 ], [ -112.742824389999882, 27.837394733000057 ], [ -112.738603073999897, 27.82957627400009 ], [ -112.725440414999895, 27.822488923000037 ], [ -112.724180813999908, 27.827303216000079 ], [ -112.719370634999905, 27.826180209000086 ], [ -112.719450593999909, 27.81920876900006 ], [ -112.712993246999957, 27.806302205000065 ], [ -112.716085565999947, 27.800454686000077 ], [ -112.715129159999947, 27.783898672000081 ], [ -112.705608237999911, 27.777407574000044 ], [ -112.708750664999897, 27.767281714000031 ], [ -112.703531282999904, 27.754959928000062 ], [ -112.69286807899995, 27.742555740000057 ], [ -112.678863084999932, 27.728583075000074 ], [ -112.670342106999897, 27.717730224000039 ], [ -112.663154352999911, 27.71497417900008 ], [ -112.657828742999939, 27.708503498000081 ], [ -112.64876278699991, 27.710528211000049 ], [ -112.643341270999954, 27.710461831000092 ], [ -112.636813216999911, 27.703974955000039 ], [ -112.632746340999915, 27.694317683000062 ], [ -112.623220438999965, 27.687261564000043 ], [ -112.621123707999899, 27.678078158000066 ], [ -112.599626250999933, 27.666613031000054 ], [ -112.598007758999913, 27.654297399000086 ], [ -112.566737065999902, 27.641440690000078 ], [ -112.543965832999902, 27.64075227600005 ], [ -112.528322515999974, 27.636730044000043 ], [ -112.515753427999883, 27.628983948000041 ], [ -112.497755161999933, 27.62440750900004 ], [ -112.48582795450271, 27.620234141918495 ], [ -112.731488399001975, 28.022438032606718 ] ] ], [ [ [ -112.955395192737257, 25.623720558371176 ], [ -112.215099794797936, 26.010570029022894 ], [ -112.22024480999994, 26.015300589000045 ], [ -112.238514777999882, 26.040838934000082 ], [ -112.264149542999917, 26.054103908000059 ], [ -112.292872818999939, 26.04971152700006 ], [ -112.308745897999913, 26.06976959800005 ], [ -112.312896287999934, 26.101996161000049 ], [ -112.321156378999916, 26.131008205000057 ], [ -112.343495245999904, 26.178127346000057 ], [ -112.379058397999913, 26.220282294000071 ], [ -112.402699347999956, 26.240220445000091 ], [ -112.442738410999951, 26.260728257000039 ], [ -112.452951626999905, 26.262925523000039 ], [ -112.465321417999888, 26.258124091000074 ], [ -112.472564256999959, 26.247870184000085 ], [ -112.481312628999959, 26.238104559000078 ], [ -112.498280402999924, 26.235012111000056 ], [ -112.556792772999913, 26.27236562700006 ], [ -112.555816209999918, 26.276353257000036 ], [ -112.554554816999982, 26.290920315000054 ], [ -112.559966600999886, 26.30109284100007 ], [ -112.573353644999941, 26.293036200000074 ], [ -112.590168298999899, 26.287845357000045 ], [ -112.604893046999905, 26.29797738200006 ], [ -112.612782355999883, 26.316310940000047 ], [ -112.617095506999945, 26.319728908000055 ], [ -112.633615688999896, 26.321112372000073 ], [ -112.676258917999917, 26.319281317000044 ], [ -112.689116990999949, 26.32273997600004 ], [ -112.728363436999942, 26.37022722700004 ], [ -112.755096971999961, 26.387062145000073 ], [ -112.786065528999899, 26.404706531000038 ], [ -112.805292859999938, 26.417705090000084 ], [ -112.830358293999907, 26.435268437000051 ], [ -112.862904102999977, 26.463448394000068 ], [ -112.903037413999925, 26.493197105000032 ], [ -112.953357982999961, 26.518493545000073 ], [ -112.955962693999936, 26.529120184000078 ], [ -112.956532355999926, 26.531195380000046 ], [ -112.957102016999897, 26.535549221000057 ], [ -112.958648240999963, 26.540228583000044 ], [ -112.962228969999913, 26.543402411000041 ], [ -112.967762824999909, 26.54437897300005 ], [ -112.987049933999955, 26.543402411000038 ], [ -113.003651495999947, 26.549750067000044 ], [ -113.018137173999961, 26.564276434000078 ], [ -113.044003053999916, 26.585463600000082 ], [ -113.060716442999961, 26.599117770000078 ], [ -113.058926688999904, 26.611881542000049 ], [ -113.060373501999948, 26.628729559000078 ], [ -113.056223110999881, 26.639471747000076 ], [ -113.057036912999934, 26.650213934000082 ], [ -113.063628709999932, 26.65680573100008 ], [ -113.076893683999927, 26.674994208000044 ], [ -113.087635870999918, 26.689886786000045 ], [ -113.103382941999911, 26.708929755000042 ], [ -113.115793423999961, 26.717189846000057 ], [ -113.126535610999866, 26.730414130000039 ], [ -113.137277798999946, 26.746975002000056 ], [ -113.143055792999959, 26.757717190000051 ], [ -113.143055792999917, 26.770086981000077 ], [ -113.140533006999974, 26.781683661000052 ], [ -113.125640428999986, 26.789129950000074 ], [ -113.119048631999945, 26.794094143000056 ], [ -113.128163214999944, 26.798244533000066 ], [ -113.136382615999935, 26.799017645000049 ], [ -113.149647589999915, 26.794907945000091 ], [ -113.163685675999929, 26.789129950000078 ], [ -113.166981574999937, 26.777533270000049 ], [ -113.170318162999948, 26.765122789000092 ], [ -113.185210740999949, 26.762640692000048 ], [ -113.195952928999958, 26.760199286000041 ], [ -113.191802537999934, 26.751125393000052 ], [ -113.192616339999887, 26.743638414000088 ], [ -113.205881313999882, 26.738674221000053 ], [ -113.21580969999988, 26.74445221600007 ], [ -113.224029100999942, 26.755194403000079 ], [ -113.229847785999965, 26.766791083000037 ], [ -113.231516079999878, 26.780829169000071 ], [ -113.238148566999911, 26.786607164000085 ], [ -113.231516079999892, 26.791571356000077 ], [ -113.212513800999972, 26.79242584800005 ], [ -113.204213019999912, 26.799872137000079 ], [ -113.189320441999925, 26.80898672100005 ], [ -113.181060350999957, 26.81476471600007 ], [ -113.169504360999866, 26.827134507000043 ], [ -113.16038977799991, 26.839544989000046 ], [ -113.146351691999925, 26.846991278000072 ], [ -113.137277798999946, 26.85773346600007 ], [ -113.13145911399991, 26.875921942000048 ], [ -113.124582485999909, 26.886297919000068 ], [ -113.126210089999887, 26.93789297100005 ], [ -113.131418423999975, 26.955145575000078 ], [ -113.145741339999958, 26.970119533000059 ], [ -113.163807745999918, 26.974798895000049 ], [ -113.179351365999949, 26.966945705000061 ], [ -113.192544136999913, 26.945060148000042 ], [ -113.196406759999959, 26.883465684000047 ], [ -113.204221101999906, 26.853463499000043 ], [ -113.2324112619999, 26.829331773000032 ], [ -113.244740363999895, 26.837103583000044 ], [ -113.257964647999941, 26.824652411000045 ], [ -113.263783331999988, 26.811468817000051 ], [ -113.263783331999932, 26.802313544000075 ], [ -113.264556443999922, 26.794094143000049 ], [ -113.262928839999915, 26.785834052000045 ], [ -113.263783331999946, 26.774237372000069 ], [ -113.26541744299989, 26.759968672000067 ], [ -113.270544002999955, 26.752474040000038 ], [ -113.285772308, 26.749550769000059 ], [ -113.325270431999925, 26.776833426000053 ], [ -113.363970584999947, 26.795067743000054 ], [ -113.400990363999966, 26.802679755000046 ], [ -113.419563576999877, 26.805843165000063 ], [ -113.448232264999987, 26.804462017000048 ], [ -113.470986483999909, 26.804554152000037 ], [ -113.503887177999871, 26.793415760000073 ], [ -113.518345129999958, 26.769428706000049 ], [ -113.526478644999912, 26.753607489000046 ], [ -113.542307094999941, 26.742092190000051 ], [ -113.542965967999947, 26.719196007000054 ], [ -113.554839647999913, 26.718207098000054 ], [ -113.574148562999937, 26.705038979000051 ], [ -113.597675304999939, 26.709627805000075 ], [ -113.636396825466434, 26.725232401245488 ], [ -112.955395192737257, 25.623720558371176 ] ], [ [ -113.244740363999938, 26.724595445000091 ], [ -113.228993292999917, 26.732896226000037 ], [ -113.21996008999993, 26.731268622000076 ], [ -113.210804816999925, 26.727932033000059 ], [ -113.202544725999914, 26.72296784100007 ], [ -113.203439907999922, 26.717189846000057 ], [ -113.195139126999962, 26.713853257000043 ], [ -113.191802537999976, 26.717189846000057 ], [ -113.186879035999922, 26.721340236000056 ], [ -113.180246548999961, 26.72296784100007 ], [ -113.17442786399991, 26.720445054000038 ], [ -113.16291256399991, 26.704779364000046 ], [ -113.14712480399993, 26.684068101000037 ], [ -113.13890540299991, 26.672552802000041 ], [ -113.138050910999937, 26.665106512000079 ], [ -113.146351691999939, 26.665106512000087 ], [ -113.154611782999879, 26.670884507000039 ], [ -113.165394660999908, 26.677476304000034 ], [ -113.191802537999962, 26.687445380000046 ], [ -113.221587693999922, 26.695705471000057 ], [ -113.246408657999851, 26.701483466000081 ], [ -113.257964647999913, 26.704779364000039 ], [ -113.264556443999936, 26.708929755000042 ], [ -113.257964647999927, 26.718003648000032 ], [ -113.244740363999938, 26.724595445000091 ] ] ] ] } },
{ "type": "Feature", "properties": { "grid_key": "st40-ln130_hist", "station": 40.0, "line": 130.0, "shore": "nearshore", "pattern": "historical", "zone": "nearshore-historical", "lon_ctr": -114.13420712350388, "lat_ctr": 26.123322097275956 }, "geometry": { "type": "Polygon", "coordinates": [ [ [ -113.636396825466434, 26.725232401245488 ], [ -113.637137675999881, 26.725530915000036 ], [ -113.665842251999976, 26.769435940000051 ], [ -113.725209114, 26.799994208000044 ], [ -113.734038865999921, 26.813788153000079 ], [ -113.737294074999909, 26.82868073100008 ], [ -113.754139777999924, 26.860581773000039 ], [ -113.79148967799992, 26.920046326000094 ], [ -113.816388137999922, 26.948969388000076 ], [ -113.851247815999912, 26.967914275000055 ], [ -113.878660207999886, 26.983500183000046 ], [ -113.909901495999918, 26.992336330000057 ], [ -113.959767075999949, 26.997984165000048 ], [ -113.974739229999926, 26.993548188000094 ], [ -113.973518719999902, 26.980216155000054 ], [ -113.984120245999918, 26.976263739000046 ], [ -113.993885870999947, 26.971828518000056 ], [ -114.005197719999927, 26.977443752000053 ], [ -114.049540312999909, 27.017985091000071 ], [ -114.063628709999975, 27.050767320000094 ], [ -114.08441305399991, 27.075748010000037 ], [ -114.114369269999969, 27.105454820000094 ], [ -114.147043423999918, 27.123480536000045 ], [ -114.181955532999922, 27.139634507000039 ], [ -114.209183285999956, 27.14233824900009 ], [ -114.236561652999896, 27.153306382000039 ], [ -114.274083245999918, 27.148897894000072 ], [ -114.290295614999962, 27.146540328000064 ], [ -114.293999284999941, 27.125461609000073 ], [ -114.320245179999915, 27.145496995000087 ], [ -114.350819464999944, 27.165757554000038 ], [ -114.377190097373273, 27.175963986155892 ], [ -115.318006274012149, 26.689104699273386 ], [ -114.225513697584347, 24.957053891704508 ], [ -112.955395192737257, 25.623720558371176 ], [ -113.636396825466434, 26.725232401245488 ] ] ] } },
{ "type": "Feature", "properties": { "grid_key": "st60-ln130_hist", "station": 60.0, "line": 130.0, "shore": "nearshore", "pattern": "historical", "zone": "nearshore-historical", "lon_ctr": -115.40638444834737, "lat_ctr": 25.491861721908851 }, "geometry": { "type": "Polygon", "coordinates": [ [ [ -115.318006274012149, 26.689104699273386 ], [ -116.599731069392888, 26.022438032606718 ], [ -115.488697294183879, 24.29038722503784 ], [ -114.225513697584347, 24.957053891704508 ], [ -115.318006274012149, 26.689104699273386 ] ], [ [ -115.75279700399993, 24.954779364000043 ], [ -115.752308722999942, 24.95429108300004 ], [ -115.752308722999942, 24.953273830000057 ], [ -115.753285285999937, 24.953029690000058 ], [ -115.753773566999911, 24.95351797100005 ], [ -115.753773566999939, 24.954413153000075 ], [ -115.75279700399993, 24.954779364000043 ] ] ] } },
{ "type": "Feature", "properties": { "grid_key": "st80-ln130_hist", "station": 80.0, "line": 130.0, "shore": "offshore", "pattern": "historical", "zone": "offshore-historical", "lon_ctr": -116.67530554889912, "lat_ctr": 24.825160221701449 }, "geometry": { "type": "Polygon", "coordinates": [ [ [ -116.599731069392888, 26.022438032606718 ], [ -117.87411677809925, 25.355771365940051 ], [ -116.745191185072642, 23.623720558371172 ], [ -115.488697294183879, 24.29038722503784 ], [ -116.599731069392888, 26.022438032606718 ] ] ] } },
{ "type": "Feature", "properties": { "grid_key": "st100-ln130_hist", "station": 100.0, "line": 130.0, "shore": "offshore", "pattern": "historical", "zone": "offshore-historical", "lon_ctr": -117.93734149422151, "lat_ctr": 24.158457972295196 }, "geometry": { "type": "Polygon", "coordinates": [ [ [ -117.87411677809925, 25.355771365940051 ], [ -119.141418137272723, 24.689104699273386 ], [ -117.995234971140462, 22.957053891704508 ], [ -116.745191185072642, 23.623720558371172 ], [ -117.87411677809925, 25.355771365940051 ] ] ] } },
{ "type": "Feature", "properties": { "grid_key": "st120-ln130_hist", "station": 120.0, "line": 130.0, "shore": "offshore", "pattern": "historical", "zone": "offshore-historical", "lon_ctr": -119.19273660842066, "lat_ctr": 23.491754561421356 }, "geometry": { "type": "Polygon", "coordinates": [ [ [ -119.141418137272723, 24.689104699273386 ], [ -120.401883831708332, 24.022438032606718 ], [ -119.239062917164489, 22.29038722503784 ], [ -117.995234971140462, 22.957053891704508 ], [ -119.141418137272723, 24.689104699273386 ] ] ] } },
{ "type": "Feature", "properties": { "grid_key": "st140-ln130_hist", "station": 140.0, "line": 130.0, "shore": "offshore", "pattern": "historical", "zone": "offshore-historical", "lon_ctr": -120.44172942501878, "lat_ctr": 22.82504995447287 }, "geometry": { "type": "Polygon", "coordinates": [ [ [ -120.401883831708332, 24.022438032606718 ], [ -121.655756779809039, 23.355771365940054 ], [ -120.476904205594877, 21.623720558371176 ], [ -119.239062917164489, 22.29038722503784 ], [ -120.401883831708332, 24.022438032606718 ] ] ] } },
{ "type": "Feature", "properties": { "grid_key": "st-20-ln140_hist", "station": -20.0, "line": 140.0, "shore": "nearshore", "pattern": "historical", "zone": "nearshore-historical", "lon_ctr": -109.65351263214963, "lat_ctr": 26.243269646184835 }, "geometry": { "type": "Polygon", "coordinates": [ [ [ -110.393342958167011, 26.957053891704504 ], [ -109.369818102315008, 25.225003084135629 ], [ -108.985199531405001, 25.426825435235763 ], [ -108.994007941999939, 25.426743882000039 ], [ -109.007964647999941, 25.432562567000048 ], [ -109.0130916009999, 25.446926174000051 ], [ -108.947312857200743, 25.446687429470657 ], [ -108.768945371808172, 25.54015161289853 ], [ -108.7689509759999, 25.540187893000052 ], [ -108.775013800999929, 25.541408596000053 ], [ -108.78355872299997, 25.537543036000045 ], [ -108.793365037999919, 25.536322333000044 ], [ -108.828114386999886, 25.54930247600004 ], [ -108.829335089999944, 25.551906643000052 ], [ -108.830393032999865, 25.556789455000061 ], [ -108.832834438999882, 25.561468817000044 ], [ -108.838368292999917, 25.563625393000052 ], [ -108.84434973899991, 25.562486070000094 ], [ -108.853830532999908, 25.557847398000035 ], [ -108.858876105999897, 25.556789455000057 ], [ -108.876820441999939, 25.559637762000079 ], [ -108.889515753999973, 25.563299872000076 ], [ -108.896311001999948, 25.560248114000046 ], [ -108.896392381999945, 25.543117580000054 ], [ -108.892933722999913, 25.532456773000032 ], [ -108.887806769999955, 25.526312567000048 ], [ -108.883615688999896, 25.519842841000074 ], [ -108.882720506999902, 25.50836823100008 ], [ -108.8847550119999, 25.496771552000038 ], [ -108.887847459999946, 25.48969147300005 ], [ -108.892648891999926, 25.484320380000046 ], [ -108.899810350999942, 25.47797272300005 ], [ -108.915842251999962, 25.467474677000041 ], [ -108.929676886999914, 25.466376044000071 ], [ -108.941558397999955, 25.473537502000063 ], [ -108.951649542999888, 25.487860419000064 ], [ -108.947010870999918, 25.486802476000037 ], [ -108.940297003999945, 25.489406643000049 ], [ -108.937367316999968, 25.494777736000056 ], [ -108.944203253999945, 25.502142645000049 ], [ -108.951812303999915, 25.503892320000094 ], [ -109.001861131999917, 25.499945380000042 ], [ -109.015777147999898, 25.493353583000047 ], [ -109.018788214999915, 25.482489325000078 ], [ -109.006255662999934, 25.467352606000077 ], [ -109.034657355999911, 25.465236721000046 ], [ -109.066314256999902, 25.485052802000041 ], [ -109.116118943999922, 25.536322333000047 ], [ -109.094390428999915, 25.545314846000053 ], [ -109.088246222999942, 25.54930247600004 ], [ -109.082020636999943, 25.558742580000057 ], [ -109.077381964999873, 25.570461330000057 ], [ -109.070464647999927, 25.580471096000046 ], [ -109.05776933499989, 25.584662177000041 ], [ -109.023915167999931, 25.573065497000076 ], [ -109.016224738999952, 25.573879299000055 ], [ -109.005360480999883, 25.577948309000075 ], [ -108.99815833199996, 25.568670966000067 ], [ -108.992583787999919, 25.549302476000037 ], [ -108.983143683999955, 25.544378973000054 ], [ -108.980458136999914, 25.54462311400005 ], [ -108.978627081999903, 25.550848700000074 ], [ -108.971547003999945, 25.563625393000052 ], [ -108.970570441999939, 25.568182684000082 ], [ -108.972320115999935, 25.579982815000051 ], [ -108.971547003999916, 25.584662177000041 ], [ -108.967681443999936, 25.588771877000056 ], [ -108.959787563999924, 25.590521552000045 ], [ -108.906564907999879, 25.63906484600005 ], [ -108.896392381999931, 25.65298086100006 ], [ -108.895375128999973, 25.65851471600007 ], [ -108.897368943999936, 25.662176825000078 ], [ -108.898915167999931, 25.666205145000049 ], [ -108.896392381999945, 25.672837632000032 ], [ -108.893299933999927, 25.675360419000075 ], [ -108.887847459999989, 25.678168036000038 ], [ -108.883290167999888, 25.67837148600006 ], [ -108.880523240999935, 25.684881903000079 ], [ -108.882720506999959, 25.717230536000041 ], [ -108.873117641999912, 25.736721096000053 ], [ -108.833322719999884, 25.768866278000072 ], [ -108.828114386999914, 25.78953685100004 ], [ -108.838042772999884, 25.804632880000042 ], [ -108.849842902999882, 25.792710679000034 ], [ -108.871896938999924, 25.75226471600007 ], [ -108.886057094999899, 25.732163804000042 ], [ -108.900868292999888, 25.700669664000085 ], [ -108.916900193999936, 25.687160549000058 ], [ -108.940988735999881, 25.676988023000032 ], [ -108.989369269999955, 25.663031317000044 ], [ -109.009673631999902, 25.649562893000056 ], [ -109.041737433999913, 25.60468170800004 ], [ -109.062123175999972, 25.590277411000041 ], [ -109.08824622299997, 25.597723700000078 ], [ -109.113677537999976, 25.584377346000057 ], [ -109.131255662999976, 25.583400783000059 ], [ -109.144398566999953, 25.594712632000043 ], [ -109.15648352799991, 25.618231512000083 ], [ -109.164418097999956, 25.638820705000061 ], [ -109.171213344999899, 25.648749091000074 ], [ -109.180734829999935, 25.652980861000064 ], [ -109.193186001999976, 25.655422268000056 ], [ -109.224476691999939, 25.668890692000044 ], [ -109.250152147999927, 25.68618398600006 ], [ -109.254383917999917, 25.681708075000078 ], [ -109.251698370999918, 25.67023346600007 ], [ -109.245920376999948, 25.659165757000039 ], [ -109.237700975999928, 25.650783596000053 ], [ -109.169260219999856, 25.597967841000067 ], [ -109.152740037999919, 25.576483466000063 ], [ -109.156483527999924, 25.556789455000057 ], [ -109.179921027999896, 25.576361395000049 ], [ -109.201649542999917, 25.603989976000037 ], [ -109.227528449999937, 25.628648179000042 ], [ -109.26292883999993, 25.639308986000064 ], [ -109.373890753999973, 25.637152411000045 ], [ -109.410308397999941, 25.646144924000055 ], [ -109.387196417999945, 25.660834052000045 ], [ -109.359283006999945, 25.668402411000049 ], [ -109.329457160999922, 25.668158270000053 ], [ -109.300526495999961, 25.659165757000043 ], [ -109.301584438999896, 25.67633698100008 ], [ -109.300526495999904, 25.693304755000039 ], [ -109.297840949999895, 25.698065497000069 ], [ -109.288807745999932, 25.70571523600006 ], [ -109.286854620999932, 25.710679429000034 ], [ -109.287993943999936, 25.716742255000042 ], [ -109.290598110999895, 25.719468492000093 ], [ -109.293120897999955, 25.721136786000049 ], [ -109.294300910999922, 25.724351304000038 ], [ -109.302561001999976, 25.735541083000047 ], [ -109.321766730999911, 25.748195705000057 ], [ -109.343576626999962, 25.758530992000086 ], [ -109.35948645699996, 25.762884833000044 ], [ -109.378041144999955, 25.761786200000074 ], [ -109.389475063999882, 25.75641510600008 ], [ -109.395171678999944, 25.743719794000071 ], [ -109.395863410999979, 25.685858466000067 ], [ -109.39964758999993, 25.678534247000073 ], [ -109.410308397999927, 25.693304755000046 ], [ -109.405262824999937, 25.711167710000041 ], [ -109.403553839999958, 25.736558335000041 ], [ -109.406239386999928, 25.759222723000047 ], [ -109.414133266999897, 25.769029039000088 ], [ -109.435170050999943, 25.776312567000051 ], [ -109.440541144999941, 25.793402411000045 ], [ -109.436919725999971, 25.813788153000075 ], [ -109.425404425999957, 25.852280992000093 ], [ -109.42052161399991, 25.86102936400005 ], [ -109.418405727999897, 25.862046617000093 ], [ -109.417836066999968, 25.882025458000047 ], [ -109.419097459999932, 25.89594147300005 ], [ -109.422434048999918, 25.905178127000053 ], [ -109.43081620999989, 25.920477606000077 ], [ -109.437814907999908, 25.942694403000065 ], [ -109.439523891999869, 25.961330471000046 ], [ -109.437652147999913, 26.005519924000051 ], [ -109.433257615999921, 26.021673895000053 ], [ -109.396717902999896, 26.07689036700009 ], [ -109.359283006999917, 26.113959052000041 ], [ -109.342396613999952, 26.134751695000091 ], [ -109.329701300999915, 26.175116278000072 ], [ -109.288807745999918, 26.243882554000042 ], [ -109.26964270699996, 26.277411200000074 ], [ -109.266346808999884, 26.293524481000084 ], [ -109.262196417999931, 26.304103908000062 ], [ -109.254709438999896, 26.301988023000039 ], [ -109.251332160999937, 26.289455471000057 ], [ -109.26207434799997, 26.268011786000038 ], [ -109.268950975999914, 26.262518622000073 ], [ -109.275135870999918, 26.255072333000047 ], [ -109.280140753999945, 26.247626044000071 ], [ -109.283640102999897, 26.240627346000053 ], [ -109.283843553999958, 26.240179755000046 ], [ -109.287953253999945, 26.226141669000068 ], [ -109.286854620999918, 26.204494533000059 ], [ -109.289214647999941, 26.194566148000032 ], [ -109.293568488999938, 26.183539130000046 ], [ -109.295521613999981, 26.172552802000045 ], [ -109.290598110999881, 26.163153387000072 ], [ -109.280425584999932, 26.160630601000037 ], [ -109.272816535999937, 26.168036200000071 ], [ -109.268055792999931, 26.179877020000053 ], [ -109.261708136999943, 26.210394598000054 ], [ -109.231597459999932, 26.262518622000073 ], [ -109.226958787999919, 26.280991929000045 ], [ -109.225412563999896, 26.334458726000044 ], [ -109.216664191999953, 26.343980210000041 ], [ -109.196888800999957, 26.343817450000071 ], [ -109.176096157999922, 26.338202216000074 ], [ -109.163929816999953, 26.331366278000079 ], [ -109.156117316999911, 26.312323309000075 ], [ -109.15713456899995, 26.292792059000078 ], [ -109.164865688999882, 26.276922919000075 ], [ -109.176991339999944, 26.268703518000049 ], [ -109.176991339999915, 26.262518622000069 ], [ -109.156076626999948, 26.254828192000051 ], [ -109.109364386999886, 26.216457424000051 ], [ -109.095041469999913, 26.214748440000044 ], [ -109.093739386999914, 26.225409247000069 ], [ -109.107777472999899, 26.249335028000079 ], [ -109.108713344999913, 26.262518622000073 ], [ -109.100982225999914, 26.268784898000039 ], [ -109.089833136999914, 26.271714585000041 ], [ -109.082997199999923, 26.277004299000048 ], [ -109.088246222999899, 26.290432033000062 ], [ -109.116118943999936, 26.288885809000082 ], [ -109.139230923999946, 26.331773179000038 ], [ -109.156727667999945, 26.364203192000048 ], [ -109.184437628999945, 26.378566799000055 ], [ -109.180246548999961, 26.375189520000045 ], [ -109.176503058999927, 26.370917059000082 ], [ -109.173166469999913, 26.365627346000057 ], [ -109.170155402999939, 26.358710028000072 ], [ -109.190541144999912, 26.364243882000036 ], [ -109.201324022999984, 26.365952867000086 ], [ -109.211740688999882, 26.364935614000046 ], [ -109.240101691999939, 26.335516669000071 ], [ -109.249623175999943, 26.334458726000033 ], [ -109.253000454999977, 26.349066473000054 ], [ -109.239003058999941, 26.419501044000071 ], [ -109.244781053999944, 26.458726304000038 ], [ -109.255726691999939, 26.497992255000046 ], [ -109.277352621999867, 26.521766079000091 ], [ -109.314153771999955, 26.568716230000071 ], [ -109.357904715999908, 26.597391015000085 ], [ -109.387088657, 26.638021127000062 ], [ -109.417433237999958, 26.661963897000074 ], [ -109.446593220999958, 26.67183455300005 ], [ -109.475163070999926, 26.674927979000074 ], [ -109.482752635999915, 26.682211429000059 ], [ -109.471678955999934, 26.684829622000048 ], [ -109.451267619999911, 26.679643130000049 ], [ -109.428521774999922, 26.671851485000051 ], [ -109.433789495999903, 26.690078576000076 ], [ -109.441374201999906, 26.694238642000077 ], [ -109.435554236999906, 26.703620647000037 ], [ -109.441397752999904, 26.714554887000077 ], [ -109.45947745799991, 26.716099636000084 ], [ -109.473475523999937, 26.717646973000061 ], [ -109.480490465999921, 26.728578227000074 ], [ -109.483428483999944, 26.742640547000061 ], [ -109.495086275999924, 26.737416140000054 ], [ -109.506154127999935, 26.729065926000086 ], [ -109.512019415999944, 26.747297161000066 ], [ -109.528945769999922, 26.751437709000069 ], [ -109.541169199999885, 26.738390186000061 ], [ -109.549896114999882, 26.727955911000034 ], [ -109.552788095999944, 26.717010425000069 ], [ -109.545195363999923, 26.711813493000079 ], [ -109.532945909999881, 26.710270478000041 ], [ -109.521862150999922, 26.708203730000037 ], [ -109.518351607999918, 26.701957448000091 ], [ -109.521838183999932, 26.695700825000074 ], [ -109.523573288999884, 26.688405051000068 ], [ -109.503733956999923, 26.67853660000009 ], [ -109.493237255999901, 26.676467500000058 ], [ -109.494391002999905, 26.669173329000046 ], [ -109.530561075999884, 26.684226796000072 ], [ -109.604641712999921, 26.696596864000075 ], [ -109.647798151999922, 26.693379237000045 ], [ -109.661770089999919, 26.683968056000083 ], [ -109.664070630999959, 26.674062412000069 ], [ -109.694428426999949, 26.678155055000051 ], [ -109.725422633999926, 26.691102545000035 ], [ -109.768372181999894, 26.706511899000077 ], [ -109.784575975999914, 26.719427802000045 ], [ -109.831450975999928, 26.765692450000078 ], [ -109.85631262899993, 26.800970770000045 ], [ -109.864042372999876, 26.835453692000044 ], [ -109.871572792999928, 26.870793039000095 ], [ -109.886545376999933, 26.892035223000047 ], [ -109.900542772999884, 26.922919012000083 ], [ -109.903797980999954, 26.93781159100007 ], [ -109.911244269999912, 26.951971747000073 ], [ -109.945565009999967, 26.997089810000094 ], [ -109.941773469999958, 27.007393763000039 ], [ -109.93244381399991, 26.994086005000046 ], [ -109.904164191999925, 26.954413153000079 ], [ -109.883290167999931, 26.940904039000085 ], [ -109.908359172999894, 26.996682920000069 ], [ -109.90911034699991, 27.017251504000058 ], [ -109.917036608999922, 27.060074427000075 ], [ -109.952219204999963, 27.098578192000044 ], [ -109.966175910999965, 27.108872789000092 ], [ -109.982167120999961, 27.115139065000058 ], [ -109.999175584999932, 27.118150132000039 ], [ -110.01646887899993, 27.119045315000054 ], [ -110.023833787999976, 27.117417710000048 ], [ -110.031483527999953, 27.113430080000057 ], [ -110.0384822259999, 27.107977606000077 ], [ -110.044056769999941, 27.102280992000086 ], [ -110.052104456999956, 27.090320845000061 ], [ -110.062328881999917, 27.081692415000074 ], [ -110.090782985999923, 27.102708605000085 ], [ -110.104502904245678, 27.106392138809216 ], [ -110.393342958167011, 26.957053891704504 ] ], [ [ -110.044442005999954, 27.086999694000045 ], [ -110.036751996999911, 27.089324977000054 ], [ -110.017450884999889, 27.083705616000088 ], [ -109.985244646999959, 27.069567861000049 ], [ -109.957509618999907, 27.051966609000097 ], [ -109.938034079999923, 27.021164677000062 ], [ -109.945746826999965, 27.021134875000087 ], [ -109.968414167999939, 27.049062125000031 ], [ -109.991444464999944, 27.064195054000042 ], [ -110.018690238999909, 27.076841114000043 ], [ -110.035404674999924, 27.07961621000004 ], [ -110.044442005999954, 27.086999694000045 ] ] ] } },
{ "type": "Feature", "properties": { "grid_key": "st0-ln140_hist", "station": 0.0, "line": 140.0, "shore": "nearshore", "pattern": "historical", "zone": "nearshore-historical", "lon_ctr": -110.45304858801445, "lat_ctr": 25.772657148127116 }, "geometry": { "type": "Polygon", "coordinates": [ [ [ -110.393342958167011, 26.957053891704504 ], [ -111.462491547801605, 26.402537387768035 ], [ -111.46155960399993, 26.400057229000087 ], [ -111.438140428999915, 26.385972398000042 ], [ -111.42848546199987, 26.38262387300006 ], [ -111.423834909999897, 26.377154358000041 ], [ -111.422774155999946, 26.371778583000044 ], [ -111.433074565999917, 26.367970202000038 ], [ -111.432384622999933, 26.360874588000058 ], [ -111.422968172999902, 26.350371924000065 ], [ -111.406422359999908, 26.344437607000092 ], [ -111.393656465999925, 26.330011249000055 ], [ -111.387946945999957, 26.314165705000047 ], [ -111.384790895999885, 26.299881134000088 ], [ -111.38192468599992, 26.277072565000079 ], [ -111.393223450999926, 26.277997341000063 ], [ -111.397449067999915, 26.252214582000079 ], [ -111.388150544999888, 26.24269012600007 ], [ -111.387485951999878, 26.234812349000041 ], [ -111.375823082999958, 26.212549508000048 ], [ -111.379663185999945, 26.20005411000006 ], [ -111.37572080799994, 26.183452175000074 ], [ -111.364520641999931, 26.176120365000081 ], [ -111.358725676999967, 26.162611475000062 ], [ -111.359197732999931, 26.143760379000078 ], [ -111.35094657899991, 26.126319104000064 ], [ -111.341773243999924, 26.110419525000054 ], [ -111.322037324999926, 26.098183177000067 ], [ -111.323219601999924, 26.086442515000051 ], [ -111.318337671999942, 26.073736881000059 ], [ -111.319482783999945, 26.06356014000005 ], [ -111.325744123999968, 26.058970419000051 ], [ -111.32779495599992, 26.04801441800004 ], [ -111.340291726999908, 26.038863111000069 ], [ -111.344941029999944, 26.028751273000069 ], [ -111.337510076999934, 26.012859448000093 ], [ -111.337328392999893, 25.987698037000094 ], [ -111.347307209999983, 25.974555364000082 ], [ -111.360259568999936, 25.964097398000035 ], [ -111.35511956899991, 25.944840968000047 ], [ -111.349354620999904, 25.92609284100007 ], [ -111.339019334999946, 25.908433335000044 ], [ -111.335764126999948, 25.899400132000036 ], [ -111.332546796999907, 25.884906769000054 ], [ -111.338890057999961, 25.873077970000061 ], [ -111.333871692999963, 25.865937369000054 ], [ -111.331028164999921, 25.837357703000073 ], [ -111.323369336999875, 25.832578891000086 ], [ -111.317839048999957, 25.833631856000068 ], [ -111.315740593999934, 25.836201611000035 ], [ -111.308719097999912, 25.831294614000054 ], [ -111.300156136999902, 25.821149225000056 ], [ -111.297454103999968, 25.816458971000092 ], [ -111.291923226999941, 25.812265834000073 ], [ -111.296760973999966, 25.807459515000065 ], [ -111.301077361999958, 25.807895376000086 ], [ -111.305737559999898, 25.812208769000044 ], [ -111.306880579999941, 25.817424033000066 ], [ -111.315394052999949, 25.820033626000058 ], [ -111.314425414999903, 25.815138064000053 ], [ -111.310670274999865, 25.800984754000073 ], [ -111.309295758999895, 25.789260052000088 ], [ -111.307115977999914, 25.779207115000077 ], [ -111.302340292999943, 25.771518295000075 ], [ -111.28941809699991, 25.764196377000076 ], [ -111.278322505999967, 25.750659439000056 ], [ -111.262894305999893, 25.745890377000087 ], [ -111.255638021999914, 25.741656787000068 ], [ -111.247334944999892, 25.731119748000083 ], [ -111.244281674999954, 25.723302812000039 ], [ -111.23660637699993, 25.719808552000075 ], [ -111.231986516999967, 25.723769159000085 ], [ -111.225005248999935, 25.724353272000087 ], [ -111.212532834999948, 25.701567166000075 ], [ -111.215183852999928, 25.694985539000079 ], [ -111.212258843999919, 25.682742801000082 ], [ -111.206945752999914, 25.668234098000084 ], [ -111.200373120999942, 25.654047170000069 ], [ -111.199994521999912, 25.63929787800004 ], [ -111.196571652999921, 25.630370620000065 ], [ -111.191744341999978, 25.61482905400004 ], [ -111.183225002999933, 25.602614556000052 ], [ -111.172384382999866, 25.594971869000066 ], [ -111.163958458999872, 25.573333115000082 ], [ -111.15092708399996, 25.57042483400005 ], [ -111.14570204199994, 25.56622063500004 ], [ -111.145072462999877, 25.55881115000005 ], [ -111.137769609999935, 25.544283596000067 ], [ -111.128967911999894, 25.539309113000058 ], [ -111.123896178999956, 25.53032225600009 ], [ -111.113801678999948, 25.525650048000042 ], [ -111.103591226999967, 25.525409575000086 ], [ -111.099804036999913, 25.529385405000085 ], [ -111.096217543999899, 25.525973789000091 ], [ -111.076626276999932, 25.524768070000047 ], [ -111.069453302999932, 25.53235330200005 ], [ -111.067486673999909, 25.529721777000081 ], [ -111.073851421999905, 25.521747241000067 ], [ -111.071937165999955, 25.517271013000087 ], [ -111.063412749999912, 25.515221955000072 ], [ -111.059197233999896, 25.519552620000074 ], [ -111.054247993999894, 25.520904451000035 ], [ -111.048652023999921, 25.516276281000049 ], [ -111.041722712999913, 25.516087634000094 ], [ -111.039126361999919, 25.520859563000037 ], [ -111.035452262999925, 25.520775411000049 ], [ -111.031868900999939, 25.51773533800008 ], [ -111.019256291999909, 25.515249937000089 ], [ -111.014626991999961, 25.505915940000087 ], [ -111.022222638999892, 25.498709334000072 ], [ -111.014877138999893, 25.483782587000064 ], [ -111.014654755999914, 25.47750239800007 ], [ -111.02054602599992, 25.472861603000066 ], [ -111.019220670999914, 25.461747136000042 ], [ -111.026272974999955, 25.458611932000046 ], [ -111.025388863999922, 25.447153397000079 ], [ -111.020259601999911, 25.440738810000084 ], [ -111.013441395999905, 25.424029543000078 ], [ -111.003817009999935, 25.416713064000078 ], [ -111.000874522999979, 25.392673350000049 ], [ -110.996699232999916, 25.382637924000051 ], [ -110.982299711999943, 25.359417908000065 ], [ -110.979544631999985, 25.342369421000058 ], [ -110.972013202999918, 25.335186286000067 ], [ -110.955807880999984, 25.328375369000067 ], [ -110.956562800999933, 25.322690210000076 ], [ -110.947389432999898, 25.315447737000056 ], [ -110.943534956999926, 25.30758148700005 ], [ -110.946850133999916, 25.305421921000054 ], [ -110.947453941999896, 25.298009961000044 ], [ -110.94067347899994, 25.293826456000097 ], [ -110.934261502999917, 25.291140982000059 ], [ -110.936773142999954, 25.288979937000079 ], [ -110.938539201999902, 25.284203510000054 ], [ -110.934660920999917, 25.277843736000076 ], [ -110.938473443999911, 25.273128494000048 ], [ -110.942507818999886, 25.273553124000045 ], [ -110.947315526999915, 25.26181430400004 ], [ -110.945912238999952, 25.255113023000042 ], [ -110.938475507999911, 25.245782520000091 ], [ -110.940018306999931, 25.234345591000082 ], [ -110.932023664999946, 25.215313087000087 ], [ -110.922815537999938, 25.210301929000074 ], [ -110.915174876999885, 25.19198830800007 ], [ -110.908416808999888, 25.186659156000079 ], [ -110.906093441999971, 25.182161566000048 ], [ -110.912711338999912, 25.177878763000077 ], [ -110.910873438999971, 25.160155138000057 ], [ -110.904450659999895, 25.143012755000083 ], [ -110.893360971999897, 25.131662635000062 ], [ -110.880107398999954, 25.12652946500009 ], [ -110.880993722999875, 25.123970090000057 ], [ -110.874230024999932, 25.11899890200004 ], [ -110.875160459999933, 25.114967077000067 ], [ -110.873673366999924, 25.110499902000072 ], [ -110.868143165999953, 25.105186235000076 ], [ -110.867930654999867, 25.098906733000035 ], [ -110.864042032999905, 25.092902661000043 ], [ -110.861615420999883, 25.079188502000079 ], [ -110.847525527999935, 25.073668406000078 ], [ -110.846447291999937, 25.068879012000085 ], [ -110.829473367999938, 25.06469863000007 ], [ -110.823572172999988, 25.058328327000076 ], [ -110.826738562999935, 25.048018056000039 ], [ -110.821691810999923, 25.041048241000052 ], [ -110.814231622999912, 25.033190174000083 ], [ -110.80208312799995, 25.031351138000044 ], [ -110.794464272999861, 25.030599309000081 ], [ -110.793828959999956, 25.034389542000039 ], [ -110.790454412999907, 25.036795205000093 ], [ -110.783366196999921, 25.032748908000084 ], [ -110.779543966999938, 25.026462549000083 ], [ -110.757790510999968, 25.012238703000037 ], [ -110.759710417999969, 25.006549 ], [ -110.757326106999926, 25.00347259200003 ], [ -110.758336804999956, 24.997222811000086 ], [ -110.751118248999958, 24.993705256000052 ], [ -110.749214693999946, 24.987265829000084 ], [ -110.748772356999893, 24.97392480600007 ], [ -110.74724089299994, 24.963790281000062 ], [ -110.7344792479999, 24.952262771000051 ], [ -110.727903153999918, 24.940858099000081 ], [ -110.718208084999858, 24.930105998000045 ], [ -110.719186615999931, 24.924158737000088 ], [ -110.710809336999958, 24.920442592000089 ], [ -110.705368229999934, 24.921015192000084 ], [ -110.701629259999947, 24.917408268000084 ], [ -110.698632283999913, 24.914527744000054 ], [ -110.70024293899985, 24.912812595000045 ], [ -110.70571049899992, 24.911541904000046 ], [ -110.708514816999937, 24.90880644300006 ], [ -110.704321315999934, 24.906952197000066 ], [ -110.704504086999904, 24.901702002000036 ], [ -110.690532973999908, 24.891886380000074 ], [ -110.690710267999904, 24.886989246000041 ], [ -110.683868453999921, 24.882959352000057 ], [ -110.687462875999941, 24.879905020000081 ], [ -110.687977395999908, 24.875019167000058 ], [ -110.684306572999915, 24.868264539000045 ], [ -110.682855110999881, 24.865423333000081 ], [ -110.684341097999919, 24.857073424000077 ], [ -110.678756542999864, 24.849910789000095 ], [ -110.674719361999919, 24.843142748000048 ], [ -110.674172084999924, 24.836833253000062 ], [ -110.673650768999906, 24.829828839000069 ], [ -110.667299544999921, 24.822994179000091 ], [ -110.665168688999898, 24.816258035000093 ], [ -110.664182415999946, 24.810975559000038 ], [ -110.661543740999946, 24.808795350000082 ], [ -110.65883229799995, 24.809071516000067 ], [ -110.656972379999928, 24.806918217000092 ], [ -110.660684109999906, 24.79966172600006 ], [ -110.661684099999931, 24.793042481000047 ], [ -110.660298041999923, 24.789180078000076 ], [ -110.663892201999943, 24.775693905000079 ], [ -110.664524203999889, 24.764721176000076 ], [ -110.679135142999939, 24.747766965000039 ], [ -110.687208480999914, 24.730660767000074 ], [ -110.691037298999916, 24.719232213000051 ], [ -110.688437622999899, 24.710239002000041 ], [ -110.693983365999955, 24.699878561000045 ], [ -110.709120278999919, 24.697604311000077 ], [ -110.715101214981559, 24.690785590808176 ], [ -110.635759208628684, 24.558336417468961 ], [ -109.369818102315008, 25.225003084135629 ], [ -110.393342958167011, 26.957053891704504 ] ], [ [ -110.71079188599991, 25.095047107000088 ], [ -110.708706787999915, 25.102208052000034 ], [ -110.706899637999925, 25.105136333000072 ], [ -110.702020387999937, 25.103374973000086 ], [ -110.694998234999886, 25.093982836000059 ], [ -110.684752327999959, 25.066186037000083 ], [ -110.668625409999962, 25.052773248000058 ], [ -110.642319492999945, 25.049226687000044 ], [ -110.614125128999916, 25.041937567000044 ], [ -110.5930923909999, 25.034447349000065 ], [ -110.590228305999929, 25.026122044000086 ], [ -110.583646765999916, 25.022437961000037 ], [ -110.574916468999916, 25.015727364000043 ], [ -110.575695670999934, 25.005967387000055 ], [ -110.568362437999895, 24.997681793000083 ], [ -110.565806863999967, 24.980569350000053 ], [ -110.570691974999946, 24.95549260100006 ], [ -110.559289460999949, 24.93570414200008 ], [ -110.553352914999934, 24.925823262000048 ], [ -110.548472038999947, 24.911490180000044 ], [ -110.533971311999977, 24.890802534000045 ], [ -110.524928568999968, 24.880000918000061 ], [ -110.533095522999972, 24.876578652000035 ], [ -110.553356308999938, 24.872682024000088 ], [ -110.562717292999892, 24.873757369000089 ], [ -110.571703437999929, 24.87238182700008 ], [ -110.579152886999879, 24.863661812000089 ], [ -110.583538891999936, 24.866218003000082 ], [ -110.579312866999942, 24.872187285000052 ], [ -110.5737060619999, 24.879335815000047 ], [ -110.573880011999904, 24.88745461100007 ], [ -110.583992458999958, 24.892602441000069 ], [ -110.595361653999944, 24.900216377000046 ], [ -110.610358020999897, 24.906305998000054 ], [ -110.610193305999942, 24.911166024000071 ], [ -110.620301896999948, 24.916724148000078 ], [ -110.631990941999902, 24.915431955000084 ], [ -110.642313414999919, 24.91449753400008 ], [ -110.641651341999903, 24.920972040000041 ], [ -110.636499640999958, 24.927725502000051 ], [ -110.64402345099991, 24.942502631000082 ], [ -110.654682916999974, 24.946073180000045 ], [ -110.660405461999858, 24.962457452000077 ], [ -110.660135386999897, 24.970982727000035 ], [ -110.665655834999953, 24.98006119900009 ], [ -110.673019177999919, 24.987986253000091 ], [ -110.674037049999939, 24.997328081000038 ], [ -110.675837887999975, 25.011197812000088 ], [ -110.68224833499994, 25.020289296000048 ], [ -110.69693856499994, 25.019755559000085 ], [ -110.704941399999967, 25.029921422000086 ], [ -110.713281774999942, 25.029215408000084 ], [ -110.716550635999909, 25.039890378000049 ], [ -110.716512057999935, 25.05406544300007 ], [ -110.713062595999943, 25.062019201000052 ], [ -110.713490363999924, 25.075018622000076 ], [ -110.71079188599991, 25.095047107000088 ] ], [ [ -110.765292480999932, 25.593939417000062 ], [ -110.785886240999858, 25.604369005000077 ], [ -110.805531983999927, 25.644418101000046 ], [ -110.803560542999946, 25.67493264400008 ], [ -110.791943025999913, 25.695302068000046 ], [ -110.782474039999869, 25.710334678000038 ], [ -110.773414250999906, 25.712794990000077 ], [ -110.770003890999931, 25.695627298000094 ], [ -110.762062075999893, 25.693617526000082 ], [ -110.766683539999917, 25.675785541000035 ], [ -110.759612921999931, 25.647755683000071 ], [ -110.753186948999939, 25.598095819000036 ], [ -110.765292480999932, 25.593939417000062 ] ], [ [ -111.081193830999865, 25.99865840200005 ], [ -111.07000793899995, 25.997039048000087 ], [ -111.070849548999931, 25.986061812000063 ], [ -111.065343767999906, 25.982723084000039 ], [ -111.065662104999944, 25.972193182000069 ], [ -111.067386237999941, 25.96581801300005 ], [ -111.072311287999938, 25.971434832000057 ], [ -111.079413736999939, 25.972519751000046 ], [ -111.086777981999944, 25.981856867000094 ], [ -111.093815562999907, 25.985226997000044 ], [ -111.101114270999915, 25.996851137000078 ], [ -111.112330499999871, 25.996659549000078 ], [ -111.119618487999958, 25.992217757000049 ], [ -111.119262339999878, 25.986286845000052 ], [ -111.120577808999954, 25.97624182800007 ], [ -111.130683119999929, 25.961821332000056 ], [ -111.1411585889999, 25.952874674000043 ], [ -111.153946475999945, 25.93304514800008 ], [ -111.172855651999924, 25.913328371000095 ], [ -111.180803487999938, 25.902525408000088 ], [ -111.177875725999911, 25.897446674000033 ], [ -111.183414363999958, 25.882008298000073 ], [ -111.181303471999883, 25.86685113500004 ], [ -111.188714300999962, 25.856955100000057 ], [ -111.197892682999907, 25.856273276000081 ], [ -111.204302713999951, 25.845438301000055 ], [ -111.20284973499993, 25.82523079200007 ], [ -111.200741136999923, 25.810068806000061 ], [ -111.204990832999897, 25.803754252000097 ], [ -111.213290651999898, 25.815855302000049 ], [ -111.219859689999936, 25.817379909000064 ], [ -111.23034479499988, 25.82361198600006 ], [ -111.229725714999915, 25.830877997000076 ], [ -111.233355136999947, 25.842899160000059 ], [ -111.231814140999916, 25.851619962000086 ], [ -111.21834429599997, 25.871688495000058 ], [ -111.219310620999948, 25.884235896000067 ], [ -111.209888472999921, 25.91695274500006 ], [ -111.211071893999943, 25.92886868700009 ], [ -111.201016, 25.942358080000073 ], [ -111.196592204999931, 25.954632974000052 ], [ -111.188099738999938, 25.969916083000037 ], [ -111.174679817999902, 25.978365239000087 ], [ -111.169255414999853, 25.987594179000038 ], [ -111.172041185999944, 26.002715416000058 ], [ -111.168212930999957, 26.023480400000039 ], [ -111.175617427999924, 26.035206350000074 ], [ -111.17602678499992, 26.043341528000042 ], [ -111.161770169999912, 26.045362833000073 ], [ -111.133812972999905, 26.052844358000073 ], [ -111.136070015999906, 26.063303259000069 ], [ -111.127520359999963, 26.068313202000073 ], [ -111.119997543999972, 26.061188066000057 ], [ -111.10341373999988, 26.05381684800005 ], [ -111.079320083999889, 26.060190875000046 ], [ -111.074545732999951, 26.068776139000075 ], [ -111.056369474999926, 26.071817312000068 ], [ -111.071118480999942, 26.053609465000086 ], [ -111.08198562499993, 26.028694466000044 ], [ -111.081193830999865, 25.99865840200005 ] ], [ [ -110.586162603999924, 24.832117105000066 ], [ -110.574518635999951, 24.84023698500005 ], [ -110.569228424999949, 24.84384223700005 ], [ -110.56519201899998, 24.840915688000056 ], [ -110.567620164999937, 24.830196709000067 ], [ -110.564648789999922, 24.826361567000049 ], [ -110.561239639999968, 24.820171102000081 ], [ -110.561413600999927, 24.815017092000062 ], [ -110.568125241999908, 24.815203173000047 ], [ -110.568405077999941, 24.822245591000062 ], [ -110.574083867999946, 24.82240354400005 ], [ -110.580328322999947, 24.821168422000078 ], [ -110.586790087999944, 24.828851199000042 ], [ -110.586162603999924, 24.832117105000066 ] ], [ [ -110.714790648999895, 25.305925660000071 ], [ -110.704799479999878, 25.306051100000047 ], [ -110.696518211999944, 25.307006880000078 ], [ -110.690685247999895, 25.312737940000087 ], [ -110.689525336999907, 25.308388679000071 ], [ -110.694043159999893, 25.303015619000064 ], [ -110.703989024999913, 25.289108078000083 ], [ -110.70719465899991, 25.271563092000061 ], [ -110.713437684999903, 25.264268410000057 ], [ -110.71977787499992, 25.259347713000068 ], [ -110.728872849999917, 25.259981991000075 ], [ -110.7297561809999, 25.266260189000036 ], [ -110.73393939799989, 25.277780090000075 ], [ -110.732742108999886, 25.287954409000069 ], [ -110.714790648999895, 25.305925660000071 ] ], [ [ -111.059148244999903, 25.70097758800005 ], [ -111.059550211999934, 25.708223700000076 ], [ -111.043540311999948, 25.706724900000044 ], [ -111.043375216999962, 25.71228737000007 ], [ -111.037153753999931, 25.713810758000076 ], [ -111.031282784999902, 25.703644765000028 ], [ -111.023445213999949, 25.697335088000045 ], [ -111.019225630999912, 25.693887127000043 ], [ -111.0128891089999, 25.678704954000068 ], [ -111.016256774999889, 25.669321518000057 ], [ -111.022108142999883, 25.659441285000071 ], [ -111.02850967, 25.651792606000075 ], [ -111.035261418999966, 25.653070770000067 ], [ -111.044167126999923, 25.664981510000072 ], [ -111.047702945999916, 25.670635757000074 ], [ -111.046203749999918, 25.679509106000072 ], [ -111.053793753999926, 25.694168687000058 ], [ -111.059148244999903, 25.70097758800005 ] ], [ [ -111.258235306999879, 25.81278910400005 ], [ -111.254789777999918, 25.811284971000081 ], [ -111.253163856999933, 25.801545692000051 ], [ -111.247524854999966, 25.799136094000065 ], [ -111.249873092999877, 25.794622036000074 ], [ -111.245900782999939, 25.789395178000056 ], [ -111.244706797999953, 25.786799451000036 ], [ -111.247956535999961, 25.784017793000086 ], [ -111.246909147999943, 25.776286882000083 ], [ -111.243229643999939, 25.771922456000087 ], [ -111.243059530999915, 25.766779947000092 ], [ -111.245943294999933, 25.76570238600004 ], [ -111.253010224999954, 25.773568347000037 ], [ -111.258493741999985, 25.781398624000079 ], [ -111.257900341999914, 25.791091002000087 ], [ -111.256974166999896, 25.801345626000057 ], [ -111.260225636999934, 25.809694639000043 ], [ -111.258235306999879, 25.81278910400005 ] ], [ [ -111.286624067999909, 26.125845586000089 ], [ -111.275238226999974, 26.136377506000088 ], [ -111.268557695999888, 26.136262321000054 ], [ -111.263724964999952, 26.135042107000057 ], [ -111.262487443999945, 26.125414309000067 ], [ -111.264429640999907, 26.11824711000008 ], [ -111.267161651999928, 26.115103197000053 ], [ -111.262557473999919, 26.111305647000052 ], [ -111.264243265999923, 26.105005716000051 ], [ -111.27402031299998, 26.104977506000068 ], [ -111.281422319999962, 26.104882898000088 ], [ -111.286204471999895, 26.103131543000075 ], [ -111.283449800999918, 26.106524656000087 ], [ -111.280380143999949, 26.110437642000075 ], [ -111.279931775999898, 26.114641237000058 ], [ -111.286581934999901, 26.119009039000048 ], [ -111.286624067999909, 26.125845586000089 ] ] ] } },
{ "type": "Feature", "properties": { "grid_key": "st20-ln140_hist", "station": 20.0, "line": 140.0, "shore": "nearshore", "pattern": "historical", "zone": "nearshore-historical", "lon_ctr": -112.19806378241191, "lat_ctr": 24.982386988404485 }, "geometry": { "type": "MultiPolygon", "coordinates": [ [ [ [ -110.715101214981559, 24.690785590808176 ], [ -110.723527531999935, 24.681177848000068 ], [ -110.729313773999948, 24.662464433000082 ], [ -110.732979113999946, 24.638413615000047 ], [ -110.739313618999901, 24.621252694000077 ], [ -110.738802906999908, 24.60129212500004 ], [ -110.73980203899994, 24.588196111000059 ], [ -110.735173044999911, 24.570233039000072 ], [ -110.732611056999957, 24.560709437000071 ], [ -110.738585197999868, 24.55457229600006 ], [ -110.734872229999894, 24.54450097300009 ], [ -110.728647994999918, 24.522280589000051 ], [ -110.728855354999894, 24.515989407000063 ], [ -110.725606280889863, 24.510883593919868 ], [ -110.635759208628684, 24.558336417468961 ], [ -110.715101214981559, 24.690785590808176 ] ] ], [ [ [ -112.955395192737257, 25.623720558371176 ], [ -111.89491274509183, 23.891669750802297 ], [ -111.255251025868375, 24.230783681598528 ], [ -111.280751105999883, 24.242987372000076 ], [ -111.444444757999918, 24.324391423000066 ], [ -111.449590315999899, 24.330119099000061 ], [ -111.437324042999975, 24.327432971000064 ], [ -111.359748755999973, 24.290321719000076 ], [ -111.374375835999913, 24.305914751000046 ], [ -111.412342902999896, 24.325262762000072 ], [ -111.444945073999932, 24.339625712000039 ], [ -111.460704849999914, 24.343196048000038 ], [ -111.47805517399992, 24.354804107000064 ], [ -111.486381380999916, 24.374213889000089 ], [ -111.522591979999888, 24.404638722000069 ], [ -111.541687844999899, 24.415463338000048 ], [ -111.565365980999886, 24.419181170000059 ], [ -111.59557761799995, 24.442235301000046 ], [ -111.619424807999863, 24.473136650000072 ], [ -111.62908477499991, 24.508529205000062 ], [ -111.649362468999911, 24.541738674000044 ], [ -111.653499646999904, 24.552218829000079 ], [ -111.64568529599994, 24.548059494000086 ], [ -111.634251136999922, 24.547823389000087 ], [ -111.64708135999993, 24.562484596000044 ], [ -111.667840735999889, 24.576507460000073 ], [ -111.679030018999896, 24.586333593000063 ], [ -111.695627407999879, 24.587144273000032 ], [ -111.695237640999935, 24.571470255000062 ], [ -111.685927788999948, 24.556889028000064 ], [ -111.698780879999873, 24.535561715000085 ], [ -111.725952227999926, 24.539306414000063 ], [ -111.737199036999925, 24.546734199000067 ], [ -111.748743787999871, 24.542169326000078 ], [ -111.765539989999951, 24.538508444000058 ], [ -111.78830781799995, 24.542159594000054 ], [ -111.803145453999974, 24.546450916000083 ], [ -111.782508566999951, 24.527655185000075 ], [ -111.761714510999923, 24.515248939000063 ], [ -111.781119381999915, 24.512440268000095 ], [ -111.791545381999924, 24.51744372700006 ], [ -111.801321268999914, 24.51284271500009 ], [ -111.812908100999962, 24.505879613000044 ], [ -111.819686265999891, 24.516404126000054 ], [ -111.821019752999902, 24.534014953000057 ], [ -111.818994567999923, 24.54516602100006 ], [ -111.814883569999907, 24.569866631000085 ], [ -111.834743268999986, 24.621425576000036 ], [ -111.848924172999958, 24.653685574000065 ], [ -111.866146994999895, 24.669216855000062 ], [ -111.885900292999906, 24.689602256000054 ], [ -111.906296704999932, 24.713611438000044 ], [ -111.929201442999883, 24.730469754000072 ], [ -111.941596571999952, 24.744224981000055 ], [ -111.938179580999943, 24.748322727000069 ], [ -111.916001950999913, 24.733513184000063 ], [ -111.912219551999868, 24.73658333700007 ], [ -111.912928626999943, 24.74377610800008 ], [ -111.932850714999887, 24.756170966000063 ], [ -111.952788865999949, 24.774847723000047 ], [ -111.968129035999937, 24.794419664000088 ], [ -111.974191860999909, 24.809393622000069 ], [ -111.977040167999917, 24.825995184000082 ], [ -111.98473059799997, 24.847154039000088 ], [ -111.995676235999881, 24.865790106000084 ], [ -112.008371548999946, 24.874579169000071 ], [ -111.999826627000019, 24.845648505000035 ], [ -111.995838995999918, 24.819403387000079 ], [ -111.987660285999965, 24.796698309000078 ], [ -111.966704881999945, 24.778306382000043 ], [ -111.972523566999953, 24.775702216000067 ], [ -111.988433397999927, 24.764715887000076 ], [ -111.982736782999865, 24.760199286000049 ], [ -111.972401495999904, 24.74876536700009 ], [ -111.966704881999945, 24.744208075000074 ], [ -111.975656704999949, 24.741156317000051 ], [ -111.983550584999932, 24.742824611000056 ], [ -111.990061001999976, 24.74852122600003 ], [ -111.994699673999975, 24.757879950000074 ], [ -112.011626756999945, 24.73944733300004 ], [ -112.025257941999911, 24.755560614000046 ], [ -112.04308020699996, 24.805650132000039 ], [ -112.033762173999961, 24.81195709800005 ], [ -112.029286261999886, 24.820217190000051 ], [ -112.029896613999938, 24.829820054000031 ], [ -112.035633917999917, 24.840399481000077 ], [ -112.051258917999945, 24.830064195000091 ], [ -112.054514126999962, 24.81712474200009 ], [ -112.049305792999917, 24.78579336100006 ], [ -112.047542217999947, 24.765129620000042 ], [ -112.043053712999892, 24.753465898000059 ], [ -112.063588019999983, 24.751654364000057 ], [ -112.0781143869999, 24.762152411000038 ], [ -112.088042772999913, 24.773382880000046 ], [ -112.094309048999961, 24.787176825000078 ], [ -112.097727016999897, 24.805650132000043 ], [ -112.095773891999841, 24.836004950000071 ], [ -112.097727016999926, 24.846625067000041 ], [ -112.103505011999914, 24.853013414000085 ], [ -112.110951300999957, 24.854315497000069 ], [ -112.116851365999935, 24.857082424000055 ], [ -112.124214732999931, 24.874045774000084 ], [ -112.113392706999946, 24.878892320000098 ], [ -112.095773891999926, 24.893784898000042 ], [ -112.090240037999919, 24.901190497000069 ], [ -112.096831834999961, 24.923488674000058 ], [ -112.100656704999921, 24.927313544000071 ], [ -112.103911912999919, 24.93219635600008 ], [ -112.103505011999871, 24.940415757000039 ], [ -112.099476691999939, 24.944810289000085 ], [ -112.086171027999924, 24.953273830000057 ], [ -112.08238684799997, 24.960272528000075 ], [ -112.083851691999953, 24.966945705000057 ], [ -112.093739386999914, 24.980210679000038 ], [ -112.096058722999928, 24.991359768000049 ], [ -112.096920952999952, 24.999608758000079 ], [ -112.104170806999946, 25.007872679000059 ], [ -112.11037377699995, 25.002610667000056 ], [ -112.120242163999947, 24.988123979000079 ], [ -112.119568001999937, 24.970645316000059 ], [ -112.129786307999893, 24.959129086000079 ], [ -112.137277798999975, 24.946112372000073 ], [ -112.13133404899996, 24.927151651000084 ], [ -112.123023162999914, 24.909326969000059 ], [ -112.133619675999881, 24.889896771000053 ], [ -112.144931271999894, 24.874094379000045 ], [ -112.15583112999991, 24.875437767000047 ], [ -112.160872236999936, 24.893257184000049 ], [ -112.157562979999895, 24.907430275000081 ], [ -112.153862344999936, 24.931819231000077 ], [ -112.162205455999924, 24.939090445000094 ], [ -112.16328683499988, 24.942719486000044 ], [ -112.165803135999894, 24.953934792000041 ], [ -112.160333555999884, 24.959527890000061 ], [ -112.147237140999948, 24.961147297000078 ], [ -112.141755964999916, 24.970367296000063 ], [ -112.149004713999943, 24.979616087000071 ], [ -112.142426697999923, 24.990483385000054 ], [ -112.130729959999954, 25.009254805000072 ], [ -112.123363292999883, 25.038267207000047 ], [ -112.128078662999926, 25.046380979000048 ], [ -112.120752974999917, 25.062188891000062 ], [ -112.122175890999969, 25.073402313000088 ], [ -112.132368336999946, 25.073426677000047 ], [ -112.132713254999956, 25.080021508000065 ], [ -112.142525312999894, 25.085978837000088 ], [ -112.138115344999903, 25.100476214000082 ], [ -112.135537108999912, 25.110692130000071 ], [ -112.140227754999913, 25.125871403000076 ], [ -112.1383537399999, 25.144335639000076 ], [ -112.130621345999927, 25.172027650000079 ], [ -112.117746548999961, 25.199448960000037 ], [ -112.099761522999898, 25.224066473000054 ], [ -112.084117729999946, 25.243583568000073 ], [ -112.077870594999922, 25.258735367000039 ], [ -112.076682474999942, 25.290387096000071 ], [ -112.074688455999905, 25.34406773600006 ], [ -112.074227940999933, 25.372746603000056 ], [ -112.086247609999958, 25.377724715000053 ], [ -112.086932435999913, 25.390585037000051 ], [ -112.081034918999976, 25.407714161000062 ], [ -112.072611132999882, 25.416592210000083 ], [ -112.070724992999914, 25.433733344000075 ], [ -112.070697324999927, 25.441318252000087 ], [ -112.083097511999938, 25.443995402000041 ], [ -112.074291716999909, 25.456501440000071 ], [ -112.048352566999952, 25.46641487800008 ], [ -112.030778445999971, 25.47361454900005 ], [ -112.042464471999921, 25.477605946000047 ], [ -112.067313378999941, 25.475699486000057 ], [ -112.079372601999935, 25.471117378000084 ], [ -112.084450125999922, 25.481021014000081 ], [ -112.074941771999903, 25.486598933000042 ], [ -112.062570766999855, 25.49469635600008 ], [ -112.063628709999946, 25.513251044000071 ], [ -112.067044145999915, 25.55020809400008 ], [ -112.072078692999924, 25.57133346400008 ], [ -112.064717288999915, 25.591713450000046 ], [ -112.063133376999929, 25.625334205000058 ], [ -112.070978191999927, 25.684037544000091 ], [ -112.075994096999949, 25.713400290000042 ], [ -112.081449678999931, 25.720681661000071 ], [ -112.089516630999938, 25.715430734000051 ], [ -112.088477264999952, 25.698934203000078 ], [ -112.087025519999955, 25.593207098000054 ], [ -112.092251741999945, 25.549298610000051 ], [ -112.096400024999909, 25.510726956000042 ], [ -112.104090330999924, 25.50415366400005 ], [ -112.10514924099995, 25.515697431000032 ], [ -112.103978350999938, 25.538779142000063 ], [ -112.099769421999909, 25.595179037000037 ], [ -112.101911295999926, 25.728014313000074 ], [ -112.108712383999958, 25.784145291000073 ], [ -112.130953168999866, 25.816505326000083 ], [ -112.13962818399996, 25.857525108000061 ], [ -112.159686357999959, 25.890531301000067 ], [ -112.178941962999943, 25.955174832000075 ], [ -112.198282353999929, 25.995105533000071 ], [ -112.215099794797936, 26.010570029022894 ], [ -112.955395192737257, 25.623720558371176 ] ], [ [ -111.561634894999941, 24.378078518000056 ], [ -111.539450883999919, 24.372666735000056 ], [ -111.509632941999925, 24.363959052000041 ], [ -111.467094093999918, 24.336731689000096 ], [ -111.462957897999928, 24.329770950000068 ], [ -111.532816738999927, 24.358311569000087 ], [ -111.561252571999972, 24.362367053000078 ], [ -111.597245127999926, 24.365109379000042 ], [ -111.638366432999916, 24.355703484000063 ], [ -111.664814398999908, 24.351855932000035 ], [ -111.673254053999955, 24.358400544000069 ], [ -111.665461264999934, 24.369011883000038 ], [ -111.657777569999908, 24.375217206000059 ], [ -111.646049536999925, 24.37105109700008 ], [ -111.628798016999895, 24.372644277000063 ], [ -111.600187254999923, 24.376440140000057 ], [ -111.582998526999901, 24.375088554000055 ], [ -111.561634894999941, 24.378078518000056 ] ], [ [ -111.753488735999866, 24.446966864000046 ], [ -111.724207777999922, 24.396167005000056 ], [ -111.706205178999923, 24.379817576000054 ], [ -111.694748679999947, 24.381188915000049 ], [ -111.692317498999898, 24.373939418000077 ], [ -111.699751638999956, 24.358923824000041 ], [ -111.693867092999938, 24.347602274000057 ], [ -111.701264453999897, 24.330945383000078 ], [ -111.710354545999905, 24.318345521000083 ], [ -111.708110696999924, 24.299854358000058 ], [ -111.738835006999949, 24.338117159000038 ], [ -111.75856116599995, 24.356101453000061 ], [ -111.807803391999968, 24.389074884000085 ], [ -111.845752119999929, 24.417814566000054 ], [ -111.871583285999918, 24.439098904000048 ], [ -111.908027334999957, 24.457385915000092 ], [ -111.914881727999898, 24.464710549000078 ], [ -111.926217436999906, 24.468124111000073 ], [ -111.940789894999924, 24.483586751000079 ], [ -111.975593874999916, 24.497832298000048 ], [ -112.001754172999966, 24.506312847000068 ], [ -112.006843724999896, 24.514400042000091 ], [ -111.988974326999937, 24.527653881000042 ], [ -111.971610830999921, 24.518536051000066 ], [ -111.960196135999922, 24.518320957000075 ], [ -111.90484224099994, 24.518864115000042 ], [ -111.88115444499995, 24.517606765000039 ], [ -111.86439535399991, 24.520478691000054 ], [ -111.850590210999954, 24.509819021000059 ], [ -111.837343290999897, 24.51275622900005 ], [ -111.838525550999961, 24.499991039000061 ], [ -111.830952803999935, 24.486254022000082 ], [ -111.821430530999933, 24.480471174000058 ], [ -111.818232291999934, 24.467621027000064 ], [ -111.798202347999933, 24.464035415000069 ], [ -111.775477275999933, 24.461988059000074 ], [ -111.753488735999866, 24.446966864000046 ] ], [ [ -112.103485314999944, 24.617166414000057 ], [ -112.096343069999918, 24.607004017000062 ], [ -112.078084940999929, 24.584837267000076 ], [ -112.07091075599989, 24.585177949000069 ], [ -112.070948276999914, 24.57395338200007 ], [ -112.064594014999912, 24.568160634000037 ], [ -112.057477746999879, 24.553690517000067 ], [ -112.05990735599994, 24.540602578000065 ], [ -112.068265954999887, 24.542448684000078 ], [ -112.091341538999956, 24.551534022000062 ], [ -112.102477836999938, 24.559152037000047 ], [ -112.100067908999918, 24.564234767000077 ], [ -112.105586062999905, 24.583818767000079 ], [ -112.113861962999877, 24.599166260000064 ], [ -112.127014963999926, 24.611790559000038 ], [ -112.137332490999938, 24.619088895000058 ], [ -112.14653348799996, 24.618710786000065 ], [ -112.159215585999888, 24.643023274000086 ], [ -112.171974122999956, 24.646668426000076 ], [ -112.176343728999925, 24.653562288000053 ], [ -112.168343920999916, 24.661157474000049 ], [ -112.166325637999975, 24.67093667000006 ], [ -112.159937403999919, 24.672373487000073 ], [ -112.151963330999962, 24.670545450000077 ], [ -112.144785502999923, 24.670891586000042 ], [ -112.138381461999941, 24.680296655000063 ], [ -112.135938028999973, 24.69804552800008 ], [ -112.139481722999903, 24.71472116200005 ], [ -112.146216080999935, 24.732128918000061 ], [ -112.155764301999938, 24.743385225000054 ], [ -112.167710317999919, 24.755373340000062 ], [ -112.175673923999895, 24.763364067000055 ], [ -112.189533470999947, 24.773923376000081 ], [ -112.206776495999947, 24.782131252000056 ], [ -112.213850655999963, 24.784838708000056 ], [ -112.224618629999881, 24.788118796000049 ], [ -112.237785336999949, 24.789227892000049 ], [ -112.245961066999939, 24.788763739000043 ], [ -112.250545131999871, 24.787795561000053 ], [ -112.256930387999944, 24.783819839000046 ], [ -112.260932356999945, 24.776581989000075 ], [ -112.260955857999917, 24.769700153000084 ], [ -112.257814355999912, 24.751578125000041 ], [ -112.259412772999923, 24.74940725600004 ], [ -112.268576339999925, 24.758116050000069 ], [ -112.272531923999864, 24.772977454000056 ], [ -112.304595506999945, 24.792181708000044 ], [ -112.301637417999885, 24.803093277000077 ], [ -112.302029962999953, 24.807442141000077 ], [ -112.300028975999936, 24.80997586900008 ], [ -112.290033192999914, 24.812495007000052 ], [ -112.275181911999965, 24.839512620000043 ], [ -112.257339710999901, 24.884474586000064 ], [ -112.206302282999914, 25.017660458000087 ], [ -112.190744594999899, 25.062974351000037 ], [ -112.163224170999925, 25.156268241000081 ], [ -112.144520636999943, 25.227769273000039 ], [ -112.142494810999864, 25.255132472000071 ], [ -112.137846461999928, 25.265260829000059 ], [ -112.125325905999944, 25.265833482000055 ], [ -112.1202239939999, 25.220520601000089 ], [ -112.126876103999919, 25.201467647000072 ], [ -112.143463051999888, 25.162781904000042 ], [ -112.156033912999973, 25.140773276000065 ], [ -112.169371508999902, 25.073534125000037 ], [ -112.179303645999909, 25.044985661000059 ], [ -112.17083786099991, 25.029572655000035 ], [ -112.167319268999904, 25.019389709000048 ], [ -112.169719309999934, 25.006005860000077 ], [ -112.164129885999927, 24.996891562000087 ], [ -112.161494714999961, 24.988050817000044 ], [ -112.161827058999904, 24.974397215000067 ], [ -112.170109570999884, 24.96959576900008 ], [ -112.178957126999933, 24.974700467000044 ], [ -112.186963757999919, 24.961331119000075 ], [ -112.18875719699993, 24.95223261600006 ], [ -112.187353576999882, 24.921709196000055 ], [ -112.195929687999936, 24.91530064900007 ], [ -112.190969715999941, 24.889849179000066 ], [ -112.183318506999896, 24.879654277000043 ], [ -112.176864685999917, 24.872387684000049 ], [ -112.182556620999961, 24.865960379000061 ], [ -112.195322994999898, 24.867272565000064 ], [ -112.204309945999967, 24.866860723000052 ], [ -112.207161008999933, 24.860857139000075 ], [ -112.209305875999917, 24.855129483000042 ], [ -112.213715002999962, 24.847526510000083 ], [ -112.210938581999955, 24.838823146000035 ], [ -112.208975635999963, 24.823599279000064 ], [ -112.206194946999943, 24.817434121000076 ], [ -112.195829695999933, 24.811616674000046 ], [ -112.187859620999959, 24.806166062000045 ], [ -112.182287728999952, 24.799633117000042 ], [ -112.178705619999889, 24.795640332000062 ], [ -112.171125406999906, 24.794537781000088 ], [ -112.17312647899989, 24.79236799400007 ], [ -112.17752014099996, 24.790927773000078 ], [ -112.175930015999938, 24.788388373000089 ], [ -112.165587368999937, 24.77568580600007 ], [ -112.162111934999942, 24.759709437000083 ], [ -112.139018757999935, 24.737909984000062 ], [ -112.131464658999931, 24.728470923000092 ], [ -112.130702537999937, 24.71578731500006 ], [ -112.131119238999929, 24.709628569000074 ], [ -112.127139568999908, 24.706358276000056 ], [ -112.12314905999996, 24.707073139000045 ], [ -112.11562348799994, 24.68930103800005 ], [ -112.126436871999957, 24.673747081000041 ], [ -112.1316392949999, 24.666875547000071 ], [ -112.140029123999909, 24.659288498000073 ], [ -112.143234407999884, 24.649882403000053 ], [ -112.140439025999925, 24.643734424000058 ], [ -112.136463635999903, 24.632881907000069 ], [ -112.103485314999944, 24.617166414000057 ] ], [ [ -112.106306186999944, 25.484113397000044 ], [ -112.102929361999955, 25.488874927000047 ], [ -112.098136166999851, 25.485821819000087 ], [ -112.099140748999943, 25.47194615300009 ], [ -112.097754221999935, 25.455028570000088 ], [ -112.099750081999886, 25.431189394000057 ], [ -112.100770207999915, 25.412118626000055 ], [ -112.106591642999973, 25.391761856000073 ], [ -112.10955788099993, 25.363164023000081 ], [ -112.104347411999953, 25.342347995000068 ], [ -112.105837839999936, 25.325880927000071 ], [ -112.113066362999902, 25.314194651000033 ], [ -112.118860470999962, 25.301203586000046 ], [ -112.117475550999913, 25.283858161000069 ], [ -112.122754293999961, 25.282136463000089 ], [ -112.130884620999893, 25.288659129000056 ], [ -112.138050580999959, 25.297346614000055 ], [ -112.134168460999931, 25.312944434000091 ], [ -112.125492949999881, 25.327662273000044 ], [ -112.11771916799988, 25.360583888000065 ], [ -112.113270910999901, 25.403915398000038 ], [ -112.10547262599998, 25.442912302000074 ], [ -112.103014795999897, 25.461550521000049 ], [ -112.106306186999944, 25.484113397000044 ] ] ] ] } },
{ "type": "Feature", "properties": { "grid_key": "st40-ln140_hist", "station": 40.0, "line": 140.0, "shore": "nearshore", "pattern": "historical", "zone": "nearshore-historical", "lon_ctr": -113.05439868322186, "lat_ctr": 24.426350774242199 }, "geometry": { "type": "Polygon", "coordinates": [ [ [ -112.955395192737257, 25.623720558371176 ], [ -114.225513697584347, 24.957053891704508 ], [ -113.147520531428995, 23.225003084135629 ], [ -111.89491274509183, 23.891669750802297 ], [ -112.955395192737257, 25.623720558371176 ] ] ] } },
{ "type": "Feature", "properties": { "grid_key": "st60-ln140_hist", "station": 60.0, "line": 140.0, "shore": "nearshore", "pattern": "historical", "zone": "nearshore-historical", "lon_ctr": -114.31242913548482, "lat_ctr": 23.759648106312838 }, "geometry": { "type": "Polygon", "coordinates": [ [ [ -114.225513697584347, 24.957053891704508 ], [ -115.488697294183879, 24.29038722503784 ], [ -114.393818945982375, 22.558336417468961 ], [ -113.147520531428995, 23.225003084135629 ], [ -114.225513697584347, 24.957053891704508 ] ] ] } },
{ "type": "Feature", "properties": { "grid_key": "st80-ln140_hist", "station": 80.0, "line": 140.0, "shore": "offshore", "pattern": "historical", "zone": "offshore-historical", "lon_ctr": -115.56396201989905, "lat_ctr": 23.092944375751888 }, "geometry": { "type": "Polygon", "coordinates": [ [ [ -115.488697294183879, 24.29038722503784 ], [ -116.745191185072642, 23.623720558371172 ], [ -115.634039184128895, 21.891669750802293 ], [ -114.393818945982375, 22.558336417468961 ], [ -115.488697294183879, 24.29038722503784 ] ] ] } },
{ "type": "Feature", "properties": { "grid_key": "st100-ln140_hist", "station": 100.0, "line": 140.0, "shore": "offshore", "pattern": "historical", "zone": "offshore-historical", "lon_ctr": -116.80923267594031, "lat_ctr": 22.426239550265489 }, "geometry": { "type": "Polygon", "coordinates": [ [ [ -116.745191185072642, 23.623720558371172 ], [ -117.995234971140462, 22.957053891704508 ], [ -116.868407505391176, 21.225003084135629 ], [ -115.634039184128895, 21.891669750802293 ], [ -116.745191185072642, 23.623720558371172 ] ] ] } },
{ "type": "Feature", "properties": { "grid_key": "st120-ln140_hist", "station": 120.0, "line": 140.0, "shore": "offshore", "pattern": "historical", "zone": "offshore-historical", "lon_ctr": -118.04847130876193, "lat_ctr": 21.759533602469336 }, "geometry": { "type": "Polygon", "coordinates": [ [ [ -117.995234971140462, 22.957053891704508 ], [ -119.239062917164489, 22.29038722503784 ], [ -118.097145469943158, 20.558336417468961 ], [ -116.868407505391176, 21.225003084135629 ], [ -117.995234971140462, 22.957053891704508 ] ] ] } },
{ "type": "Feature", "properties": { "grid_key": "st-20-ln150_hist", "station": -20.0, "line": 150.0, "shore": "nearshore", "pattern": "historical", "zone": "nearshore-historical", "lon_ctr": -108.3629000553871, "lat_ctr": 24.503110968694429 }, "geometry": { "type": "Polygon", "coordinates": [ [ [ -108.947312857200743, 25.446687429470657 ], [ -108.900990363999938, 25.446519273000032 ], [ -108.882720506999945, 25.443182684000078 ], [ -108.831613735999909, 25.426418361000056 ], [ -108.818837042999903, 25.420803127000063 ], [ -108.799305792999903, 25.394110419000071 ], [ -108.786529100999928, 25.385443427000038 ], [ -108.803944464999944, 25.374579169000075 ], [ -108.836577928999915, 25.388128973000043 ], [ -108.8724666009999, 25.408840236000064 ], [ -108.899810350999928, 25.419623114000046 ], [ -108.90705318899991, 25.420355536000045 ], [ -108.916086391999912, 25.424465236000064 ], [ -108.923736131999917, 25.426418361000056 ], [ -108.93248450399993, 25.427313544000071 ], [ -108.985199531405001, 25.426825435235763 ], [ -109.369818102315008, 25.225003084135629 ], [ -108.354547011510263, 23.492952276566751 ], [ -107.209338229284185, 24.101334033073954 ], [ -107.312977667999917, 24.166327216000074 ], [ -107.37775631399991, 24.206854559000075 ], [ -107.38878333199996, 24.217352606000077 ], [ -107.392893032999879, 24.241156317000048 ], [ -107.404286261999957, 24.252508856000077 ], [ -107.443430141999897, 24.268255927000048 ], [ -107.480865037999934, 24.293402411000045 ], [ -107.543202277999882, 24.346584377000056 ], [ -107.775013800999986, 24.477443752000063 ], [ -107.792347785999922, 24.494045315000054 ], [ -107.799672003999945, 24.512152411000041 ], [ -107.796742316999925, 24.522650458000044 ], [ -107.789906378999973, 24.523016669000079 ], [ -107.78189042899993, 24.518011786000045 ], [ -107.775461391999912, 24.512152411000041 ], [ -107.772531704999921, 24.507554429000042 ], [ -107.771473761999914, 24.502386786000045 ], [ -107.771717902999924, 24.491034247000076 ], [ -107.769154425999943, 24.489325262000083 ], [ -107.690541144999926, 24.449530341000067 ], [ -107.680165167999903, 24.446966864000046 ], [ -107.541493292999903, 24.365057684000078 ], [ -107.52603105399993, 24.358221747000076 ], [ -107.51488196499993, 24.351996161000045 ], [ -107.498036261999914, 24.343939520000049 ], [ -107.508900519999955, 24.352606512000087 ], [ -107.538441535999908, 24.369370835000037 ], [ -107.553293423999946, 24.378078518000052 ], [ -107.549672003999987, 24.387884833000047 ], [ -107.53075110599994, 24.380113023000035 ], [ -107.498036261999943, 24.357611395000049 ], [ -107.49673417899993, 24.360825914000088 ], [ -107.493031378999959, 24.366766669000064 ], [ -107.491810675999929, 24.370591539000085 ], [ -107.495106574999923, 24.370794989000046 ], [ -107.502186652999953, 24.370184637000079 ], [ -107.505482550999929, 24.370591539000085 ], [ -107.495106574999951, 24.382228908000059 ], [ -107.485096808999913, 24.389878648000035 ], [ -107.47826087099989, 24.400091864000039 ], [ -107.477528449999909, 24.419094143000056 ], [ -107.481800910999951, 24.432847398000032 ], [ -107.519195115999906, 24.511379299000051 ], [ -107.529693162999905, 24.521918036000049 ], [ -107.546457485999923, 24.528957424000055 ], [ -107.563384568999908, 24.530666408000059 ], [ -107.579416469999927, 24.527573960000044 ], [ -107.592640753999945, 24.520086981000077 ], [ -107.601673956999932, 24.508449611000056 ], [ -107.587554490999935, 24.505438544000071 ], [ -107.56090247299997, 24.514960028000083 ], [ -107.553293423999946, 24.50844961100006 ], [ -107.55752519399995, 24.499497789000095 ], [ -107.584095831999988, 24.47492096600007 ], [ -107.594227667999917, 24.467474677000045 ], [ -107.624134894999955, 24.458482164000088 ], [ -107.642201300999929, 24.470200914000081 ], [ -107.656849738999924, 24.489081122000073 ], [ -107.676747199999923, 24.501613674000055 ], [ -107.696441209999946, 24.490139065000047 ], [ -107.704090949999909, 24.487941799000055 ], [ -107.711740688999882, 24.489203192000048 ], [ -107.718820766999897, 24.492377020000049 ], [ -107.739125128999945, 24.50726959800005 ], [ -107.745025193999936, 24.515855210000037 ], [ -107.747222459999918, 24.52212148600006 ], [ -107.74828040299991, 24.535467841000081 ], [ -107.751861131999931, 24.542547919000075 ], [ -107.758168097999956, 24.547796942000048 ], [ -107.772694464999944, 24.552923895000053 ], [ -107.779164191999953, 24.556219794000068 ], [ -107.820546027999924, 24.595160223000047 ], [ -107.832875128999916, 24.598700262000079 ], [ -107.848052537999962, 24.590318101000033 ], [ -107.867095506999931, 24.608221747000069 ], [ -107.889027472999956, 24.623765367000093 ], [ -107.912709113999881, 24.634670315000051 ], [ -107.936838344999899, 24.638820705000061 ], [ -107.932484503999959, 24.628241278000079 ], [ -107.924794074999895, 24.620998440000044 ], [ -107.909535285999937, 24.610825914000092 ], [ -107.878529425999943, 24.579820054000042 ], [ -107.861683722999942, 24.56712474200009 ], [ -107.819081183999913, 24.544419664000092 ], [ -107.806507941999953, 24.528957424000051 ], [ -107.833892381999931, 24.535223700000074 ], [ -107.908558722999913, 24.577866929000034 ], [ -107.995187954999949, 24.648382880000046 ], [ -108.004709438999868, 24.661810614000046 ], [ -108.008615688999882, 24.677232164000088 ], [ -108.013172980999897, 24.713853257000032 ], [ -108.018869594999899, 24.730861721000053 ], [ -108.027943488999952, 24.74892812700006 ], [ -108.038929816999925, 24.763251044000071 ], [ -108.050119594999884, 24.769110419000071 ], [ -108.054514126999933, 24.772284247000069 ], [ -108.058705206999974, 24.779364325000074 ], [ -108.060292120999918, 24.786444403000072 ], [ -108.0566300119999, 24.78961823100008 ], [ -108.045725063999896, 24.788478908000055 ], [ -108.036203579999949, 24.785223700000074 ], [ -108.01878821499993, 24.775336005000039 ], [ -108.011057094999899, 24.768540757000036 ], [ -107.994862433999884, 24.758042710000044 ], [ -107.978871222999956, 24.756984768000045 ], [ -107.971587693999922, 24.778753973000047 ], [ -107.976307745999861, 24.796779690000054 ], [ -107.987538214999887, 24.814601955000061 ], [ -108.001210089999887, 24.828924872000076 ], [ -108.013172980999897, 24.83681875200006 ], [ -108.000843878999959, 24.847642320000094 ], [ -107.999501105999897, 24.86359284100007 ], [ -108.005726691999968, 24.898871161000045 ], [ -108.004261847999956, 24.914618231000077 ], [ -107.999867316999939, 24.927639065000051 ], [ -107.98521887899993, 24.953436591000074 ], [ -107.996571417999931, 24.967840887000072 ], [ -108.036122199999895, 24.998480536000052 ], [ -108.048695441999939, 25.001450914000085 ], [ -108.04918372299997, 24.982611395000056 ], [ -108.036488410999937, 24.929103908000062 ], [ -108.03380286399991, 24.923773505000046 ], [ -108.032338019999941, 24.917954820000091 ], [ -108.032378709999946, 24.90501536700009 ], [ -108.038807745999932, 24.872992255000039 ], [ -108.041127081999946, 24.83836497600004 ], [ -108.044178839999887, 24.827622789000085 ], [ -108.050119594999913, 24.82314687700006 ], [ -108.0566300119999, 24.823675848000054 ], [ -108.061350063999896, 24.825588283000059 ], [ -108.065419074999895, 24.82884349200009 ], [ -108.070301886999928, 24.833685614000043 ], [ -108.077748175999943, 24.837795315000051 ], [ -108.080799933999899, 24.832953192000048 ], [ -108.082915818999922, 24.82587311400005 ], [ -108.087635870999947, 24.823146877000049 ], [ -108.124379035999922, 24.844549872000069 ], [ -108.155588344999884, 24.883002020000045 ], [ -108.234120245999918, 25.028387762000076 ], [ -108.257801886999928, 25.056341864000046 ], [ -108.293120897999913, 25.083807684000078 ], [ -108.312611456999932, 25.092433986000056 ], [ -108.322255011999928, 25.099514065000051 ], [ -108.327870245999975, 25.111151434000075 ], [ -108.306263800999929, 25.111314195000091 ], [ -108.283802863999924, 25.106838283000062 ], [ -108.266184048999946, 25.09686920800004 ], [ -108.258941209999946, 25.080389716000067 ], [ -108.197499152999939, 25.014878648000042 ], [ -108.186390753999959, 24.986558335000044 ], [ -108.183257615999921, 24.981390692000048 ], [ -108.177479620999932, 24.980698960000044 ], [ -108.171376105999911, 24.98314036700009 ], [ -108.166330532999893, 24.986314195000084 ], [ -108.163400844999913, 24.987616278000072 ], [ -108.144357876999962, 24.975775458000044 ], [ -108.139149542999945, 24.973944403000079 ], [ -108.130604620999904, 24.976792710000041 ], [ -108.12775631399991, 24.984198309000082 ], [ -108.12865149599989, 25.005316473000047 ], [ -108.132476365999935, 25.019354559000075 ], [ -108.141916469999899, 25.019191799000058 ], [ -108.153309699999923, 25.016302802000041 ], [ -108.163400844999899, 25.022365627000053 ], [ -108.162587042999959, 25.028509833000044 ], [ -108.152577277999924, 25.04588450700005 ], [ -108.149077928999944, 25.05023834800005 ], [ -108.140695766999883, 25.057684637000087 ], [ -108.136789516999912, 25.059963283000055 ], [ -108.133168097999956, 25.056382554000042 ], [ -108.125559048999961, 25.046576239000043 ], [ -108.105539516999897, 25.026922919000075 ], [ -108.089019334999918, 25.019517320000087 ], [ -108.046701626999919, 25.014878648000042 ], [ -108.013172980999911, 25.001898505000039 ], [ -108.004750128999916, 25.009507554000034 ], [ -108.00169837099989, 25.020982164000092 ], [ -108.003529425999957, 25.031439520000053 ], [ -108.10692298099994, 25.116929429000034 ], [ -108.119536912999948, 25.123480536000049 ], [ -108.136097785999965, 25.124741929000038 ], [ -108.128244594999899, 25.116848049000055 ], [ -108.129139777999939, 25.110744533000062 ], [ -108.136789516999897, 25.106594143000052 ], [ -108.149077928999958, 25.104315497000076 ], [ -108.161732550999929, 25.106431382000039 ], [ -108.172922329999935, 25.113592841000074 ], [ -108.190744594999899, 25.131577867000093 ], [ -108.212269660999922, 25.166937567000048 ], [ -108.21800696499993, 25.173163153000075 ], [ -108.231597459999961, 25.171861070000087 ], [ -108.242014126999933, 25.16494375200006 ], [ -108.252430792999846, 25.160305080000061 ], [ -108.266428188999896, 25.165716864000053 ], [ -108.279774542999917, 25.158351955000054 ], [ -108.305775519999941, 25.156968492000093 ], [ -108.333607550999943, 25.160956122000076 ], [ -108.35179602799991, 25.169501044000075 ], [ -108.356068488999938, 25.200181382000032 ], [ -108.355213995999947, 25.206732489000046 ], [ -108.348052537999905, 25.20477936400005 ], [ -108.325062628999959, 25.190659898000035 ], [ -108.314198370999918, 25.186224677000041 ], [ -108.31720943899991, 25.199448960000041 ], [ -108.317453579999935, 25.228501695000094 ], [ -108.320423956999917, 25.241441148000035 ], [ -108.329416469999884, 25.251654364000046 ], [ -108.352894660999965, 25.26166413000005 ], [ -108.361398891999883, 25.269354559000075 ], [ -108.386057094999913, 25.161932684000078 ], [ -108.399240688999882, 25.14524974200009 ], [ -108.40074622299997, 25.154364325000074 ], [ -108.396107550999929, 25.198431708000047 ], [ -108.396148240999921, 25.214178778000079 ], [ -108.405181443999936, 25.233832098000047 ], [ -108.419016079999963, 25.249172268000056 ], [ -108.435047980999883, 25.260809637000083 ], [ -108.450795050999957, 25.269354559000075 ], [ -108.554188605999911, 25.307766018000049 ], [ -108.614003058999899, 25.343329169000064 ], [ -108.654286261999914, 25.353705145000053 ], [ -108.69652258999993, 25.358547268000049 ], [ -108.731922980999926, 25.358140367000093 ], [ -108.708607550999972, 25.373846747000073 ], [ -108.667347785999951, 25.370794989000046 ], [ -108.594146287999919, 25.351304429000038 ], [ -108.618316209999961, 25.361965236000056 ], [ -108.657215949999909, 25.392238674000058 ], [ -108.687245245999961, 25.398504950000078 ], [ -108.740549282999893, 25.382879950000081 ], [ -108.76573645699996, 25.380926825000078 ], [ -108.779693162999919, 25.398504950000071 ], [ -108.738677537999919, 25.399074611000053 ], [ -108.729888475999928, 25.405991929000038 ], [ -108.741851365999906, 25.423000393000049 ], [ -108.745961066999925, 25.431057033000059 ], [ -108.745676235999852, 25.438788153000072 ], [ -108.74693762899993, 25.444647528000079 ], [ -108.755848761999914, 25.446926174000055 ], [ -108.759917772999941, 25.445054429000038 ], [ -108.771595831999946, 25.436224677000045 ], [ -108.779693162999919, 25.433254299000058 ], [ -108.769764777999868, 25.464667059000082 ], [ -108.767445441999953, 25.478705145000045 ], [ -108.766713019999955, 25.52570221600007 ], [ -108.768945371808172, 25.54015161289853 ], [ -108.947312857200743, 25.446687429470657 ] ] ] } },
{ "type": "Feature", "properties": { "grid_key": "st0-ln150_hist", "station": 0.0, "line": 150.0, "shore": "nearshore", "pattern": "historical", "zone": "nearshore-historical", "lon_ctr": -109.3997624495363, "lat_ctr": 24.104123607288663 }, "geometry": { "type": "Polygon", "coordinates": [ [ [ -109.369818102315008, 25.225003084135629 ], [ -110.635759208628684, 24.558336417468961 ], [ -110.407190070630861, 24.176235890365483 ], [ -110.402088995999904, 24.175523179000034 ], [ -110.34935462099989, 24.176743882000036 ], [ -110.330189581999917, 24.177191473000047 ], [ -110.325195193999946, 24.175709083000068 ], [ -110.327148216999916, 24.169464141000045 ], [ -110.337814653999956, 24.160845986000083 ], [ -110.352420981999884, 24.154973178000091 ], [ -110.369309868999935, 24.149692956000084 ], [ -110.378935098999889, 24.154709877000069 ], [ -110.401163058874715, 24.166149743105681 ], [ -110.369538003497198, 24.113216522802304 ], [ -110.360856968999968, 24.111082928000087 ], [ -110.350380956999928, 24.11445597800008 ], [ -110.349524136999989, 24.122307478000042 ], [ -110.348596469999919, 24.132260721000083 ], [ -110.347186565999948, 24.139573845000083 ], [ -110.343030525999936, 24.143129078000072 ], [ -110.324104546999934, 24.157282286000051 ], [ -110.306134249999928, 24.176715521000062 ], [ -110.300810708999876, 24.217041665000071 ], [ -110.312186505999946, 24.21840980100006 ], [ -110.310732135999899, 24.228354515000039 ], [ -110.309885495999893, 24.237264481000071 ], [ -110.318325455999883, 24.241185814000058 ], [ -110.324567754999904, 24.24504780400008 ], [ -110.32159915099993, 24.248640057000042 ], [ -110.320752909999896, 24.256490334000091 ], [ -110.322139259999915, 24.265455974000073 ], [ -110.327789752999948, 24.267722026000058 ], [ -110.329900262999928, 24.257282129000085 ], [ -110.336258645999933, 24.255891694000073 ], [ -110.339001727999943, 24.274881183000051 ], [ -110.334748548999897, 24.281057492000059 ], [ -110.338576060999884, 24.286947840000042 ], [ -110.334205246999957, 24.296275783000056 ], [ -110.338053853999909, 24.301641027000073 ], [ -110.336007034999881, 24.310511445000081 ], [ -110.33927957599991, 24.315859706000076 ], [ -110.324846832999953, 24.315964730000072 ], [ -110.321218649999935, 24.320587082000095 ], [ -110.329197386999937, 24.323446282000077 ], [ -110.332470260999912, 24.328794744000049 ], [ -110.323577015999945, 24.335366192000034 ], [ -110.309064951999929, 24.337570435000092 ], [ -110.301346332999898, 24.343648649000041 ], [ -110.296997347999934, 24.351931580000038 ], [ -110.276237186999921, 24.350801266000072 ], [ -110.249851084999932, 24.345818524000034 ], [ -110.246199865999927, 24.350445393000086 ], [ -110.232613392999923, 24.343205646000051 ], [ -110.228845398999937, 24.335734064000061 ], [ -110.235350306999933, 24.332243562000091 ], [ -110.236384444999956, 24.320184181000055 ], [ -110.230842234999926, 24.313189894000061 ], [ -110.219719671999968, 24.310163291000038 ], [ -110.211399066999988, 24.30041943700007 ], [ -110.200000235999951, 24.296919312000064 ], [ -110.192155855999943, 24.290353900000074 ], [ -110.183914044999923, 24.279612874000055 ], [ -110.183699561999859, 24.269626624000061 ], [ -110.176520187999969, 24.260442942000054 ], [ -110.172760333999904, 24.252975845000041 ], [ -110.145991097999911, 24.245907456000051 ], [ -110.135924991999872, 24.237716017000082 ], [ -110.125918650999907, 24.227948046000048 ], [ -110.117353349999945, 24.226113625000039 ], [ -110.100412406999936, 24.217161466000046 ], [ -110.087230551999951, 24.215752725000076 ], [ -110.083897968999906, 24.212493301000048 ], [ -110.077140144, 24.208578556000074 ], [ -110.073409971999951, 24.201035169000079 ], [ -110.062581362999964, 24.198124319000033 ], [ -110.0588517999999, 24.190630484000057 ], [ -110.046347094999916, 24.185588287000087 ], [ -110.031672229999927, 24.177080524000072 ], [ -110.0181381189999, 24.169279489000076 ], [ -110.006985326999967, 24.158826143000059 ], [ -110.002610944999901, 24.137087741000073 ], [ -109.996632547999923, 24.128611152000072 ], [ -109.998252370999964, 24.115413683000039 ], [ -109.993859501999907, 24.110659351000038 ], [ -109.988629374999917, 24.065737051000045 ], [ -109.987651835999927, 24.04631887700009 ], [ -109.974160276999939, 24.038575986000073 ], [ -109.952916100999929, 24.037894511000047 ], [ -109.931409217999942, 24.029305440000087 ], [ -109.890279501999942, 24.037453886000037 ], [ -109.852925709999923, 24.050979706000085 ], [ -109.835310987999932, 24.05987216300008 ], [ -109.828288042999944, 24.062799557000066 ], [ -109.827368150999945, 24.056989437000091 ], [ -109.825464555999929, 24.04694522200009 ], [ -109.821795519999938, 24.037895010000057 ], [ -109.81109289099993, 24.03228953700005 ], [ -109.803443974999951, 24.022060036000088 ], [ -109.804931285999956, 24.013700952000079 ], [ -109.809680689999936, 24.010175745000087 ], [ -109.811185690999963, 24.001295581000079 ], [ -109.824910194999916, 23.989131978000049 ], [ -109.830665223999901, 23.989313980000077 ], [ -109.833103666999946, 23.985721631000047 ], [ -109.832228812999944, 23.977827905000083 ], [ -109.836340871999937, 23.96167748300007 ], [ -109.839057709999963, 23.951788613000073 ], [ -109.83732193999991, 23.938086676000072 ], [ -109.830049999999886, 23.918961044000067 ], [ -109.823963995999932, 23.910386460000037 ], [ -109.815377356999917, 23.905835740000047 ], [ -109.808614354999946, 23.90246108000008 ], [ -109.804760071999965, 23.897572783000051 ], [ -109.797352667999931, 23.89150625200006 ], [ -109.793568488999952, 23.888739325000078 ], [ -109.78581758499989, 23.882216090000043 ], [ -109.772777998999914, 23.87755896300007 ], [ -109.740874803999944, 23.842515367000086 ], [ -109.721913214999944, 23.826320705000061 ], [ -109.711835794999871, 23.807786234000044 ], [ -109.698442817999918, 23.798428157000046 ], [ -109.710272498999942, 23.775182892000085 ], [ -109.711322101999954, 23.748969669000076 ], [ -109.7044978509999, 23.724269924000055 ], [ -109.694203253999987, 23.688950914000092 ], [ -109.696320631999924, 23.66552013800009 ], [ -109.679825130999944, 23.648164954000038 ], [ -109.660081912999928, 23.64012602500009 ], [ -109.642592651999919, 23.633232246000091 ], [ -109.636000764999963, 23.626181869000053 ], [ -109.62183711099992, 23.622015963000077 ], [ -109.608732443999969, 23.619986334000085 ], [ -109.585086524999895, 23.609192748000059 ], [ -109.577401274999943, 23.601044866000041 ], [ -109.566668098999926, 23.596988404000061 ], [ -109.541090256999908, 23.591361439000082 ], [ -109.524018723999902, 23.588134580000084 ], [ -109.517353731999947, 23.582637004000048 ], [ -109.514421421999955, 23.570454 ], [ -109.49871660699992, 23.564193532000054 ], [ -109.476458898999908, 23.560204887000054 ], [ -109.468015878999935, 23.555138226000054 ], [ -109.467952044999933, 23.548122673000076 ], [ -109.476774360999926, 23.538987847000044 ], [ -109.477948975999908, 23.525434874000041 ], [ -109.468358933999909, 23.503872469000047 ], [ -109.443734358999919, 23.474550606000037 ], [ -109.426315601999903, 23.458513309000065 ], [ -109.423241502999943, 23.439432773000078 ], [ -109.427808228999965, 23.42299093400004 ], [ -109.427065405999898, 23.409930794000051 ], [ -109.414317079999933, 23.405944876000035 ], [ -109.413624654999893, 23.391696740000047 ], [ -109.416653246999886, 23.38113237500005 ], [ -109.428556397999913, 23.374433057000086 ], [ -109.426425716999901, 23.363695656000058 ], [ -109.427171183999917, 23.345946645000083 ], [ -109.423751503999938, 23.335158168000074 ], [ -109.425984830999937, 23.312715084000047 ], [ -109.425648566999953, 23.29718659100007 ], [ -109.433745897999913, 23.284979559000078 ], [ -109.437652147999927, 23.281317450000071 ], [ -109.43838456899995, 23.271307684000078 ], [ -109.436675584999961, 23.250392971000053 ], [ -109.437652147999898, 23.240383205000054 ], [ -109.442250128999959, 23.230617580000054 ], [ -109.451627943999952, 23.213409279000071 ], [ -109.453837636999907, 23.202270627000079 ], [ -109.462961391999912, 23.19476959800005 ], [ -109.474842902999953, 23.177964585000037 ], [ -109.49420327299994, 23.151730649000054 ], [ -109.504915891999943, 23.144919023000057 ], [ -109.516177243999934, 23.125282931000068 ], [ -109.525883031999896, 23.121642359000077 ], [ -109.531672267999909, 23.10820700600005 ], [ -109.566146701999941, 23.094967829000044 ], [ -109.577143967999916, 23.081713563000051 ], [ -109.607599393999905, 23.081166444000075 ], [ -109.627142798999913, 23.071412215000066 ], [ -109.672143203999909, 23.056103844000059 ], [ -109.69454477299989, 23.040804457000039 ], [ -109.713176320999921, 23.031050315000073 ], [ -109.716957898526715, 23.017639114038747 ], [ -109.603353239737601, 22.826285609900083 ], [ -108.354547011510263, 23.492952276566751 ], [ -109.369818102315008, 25.225003084135629 ] ], [ [ -109.835749743999898, 24.224654329000085 ], [ -109.822848590999939, 24.20940559100006 ], [ -109.808562533999932, 24.182221868000052 ], [ -109.807147534999885, 24.171565618000045 ], [ -109.798425189999975, 24.155164565000064 ], [ -109.802865109999885, 24.137062296000067 ], [ -109.814843529999891, 24.140431111000058 ], [ -109.831012462999908, 24.143511042000057 ], [ -109.862482669999906, 24.147087282000086 ], [ -109.873927077999895, 24.151702835000041 ], [ -109.871761251999928, 24.159690718000032 ], [ -109.885044237999878, 24.176658209000035 ], [ -109.900432099999918, 24.19924080800007 ], [ -109.912972104999909, 24.235720661000073 ], [ -109.923875308999925, 24.266637803000037 ], [ -109.921179927999901, 24.275815512000058 ], [ -109.916620995999949, 24.284812325000082 ], [ -109.937425448999932, 24.325148634000072 ], [ -109.93423363299992, 24.359386 ], [ -109.933220374999891, 24.374414236000064 ], [ -109.926751404999905, 24.372929555000042 ], [ -109.919246158999883, 24.362028983000073 ], [ -109.917413070999956, 24.348511088000066 ], [ -109.905844075, 24.334834182000069 ], [ -109.899694173999947, 24.325687604000056 ], [ -109.892155255999896, 24.316288133000057 ], [ -109.882330805999928, 24.294285878000039 ], [ -109.870630981999952, 24.27235586200004 ], [ -109.858089652999922, 24.258939500000054 ], [ -109.842571442999954, 24.230300382000056 ], [ -109.835749743999898, 24.224654329000085 ] ], [ [ -110.324940558999927, 24.515855210000041 ], [ -110.315221546999922, 24.504558301000088 ], [ -110.305002407999893, 24.503159898000035 ], [ -110.302350180999866, 24.488769550000086 ], [ -110.295852753999881, 24.476886616000058 ], [ -110.28786260899993, 24.469741671000062 ], [ -110.292345736999948, 24.458185259000064 ], [ -110.306513016999929, 24.456491962000076 ], [ -110.312733527999896, 24.446682033000055 ], [ -110.307850714999944, 24.432684637000079 ], [ -110.31720943899991, 24.426214911000041 ], [ -110.322580532999879, 24.417303778000075 ], [ -110.326504761999885, 24.400748607000086 ], [ -110.348040078999929, 24.402450981000072 ], [ -110.34886633999993, 24.411444403000072 ], [ -110.35274593799997, 24.418000290000062 ], [ -110.348837274999937, 24.429574826000071 ], [ -110.355062646999912, 24.435071164000078 ], [ -110.363187344999886, 24.436372359000064 ], [ -110.370426477999899, 24.429677898000079 ], [ -110.372441005999917, 24.438768833000044 ], [ -110.375659193999923, 24.446831939000052 ], [ -110.358635145999926, 24.452199639000078 ], [ -110.36016195099991, 24.457545576000086 ], [ -110.367069959999938, 24.45880017100006 ], [ -110.36863507399994, 24.464158732000048 ], [ -110.377247216999919, 24.468128529000065 ], [ -110.384639893999932, 24.473656319000039 ], [ -110.389027364999919, 24.482282726000054 ], [ -110.391990390999936, 24.497767921000044 ], [ -110.387648583999933, 24.50560072300004 ], [ -110.396769581999962, 24.511183282000044 ], [ -110.395913752999959, 24.519119929000052 ], [ -110.382908520999948, 24.524046609000042 ], [ -110.376231639999929, 24.530767280000081 ], [ -110.385099181999934, 24.529389449000064 ], [ -110.395966055999935, 24.535026734000041 ], [ -110.394442926999986, 24.546094078000067 ], [ -110.405571107999961, 24.543804317000081 ], [ -110.407653291999935, 24.551281840000055 ], [ -110.403323784999927, 24.55907602800005 ], [ -110.412501875999922, 24.562579940000091 ], [ -110.415744972999917, 24.569601448000068 ], [ -110.400211374999884, 24.581266476000053 ], [ -110.397506631999889, 24.590805014000079 ], [ -110.386496620999964, 24.586863813000029 ], [ -110.380522833999891, 24.574957721000089 ], [ -110.374365565999952, 24.566835459000067 ], [ -110.363636354999926, 24.556947663000074 ], [ -110.360527078999866, 24.546743507000084 ], [ -110.363989419999939, 24.532488947000047 ], [ -110.345923495999884, 24.530394921000038 ], [ -110.324940558999927, 24.515855210000041 ] ] ] } },
{ "type": "Feature", "properties": { "grid_key": "st20-ln150_hist", "station": 20.0, "line": 150.0, "shore": "nearshore", "pattern": "historical", "zone": "nearshore-historical", "lon_ctr": -110.8433679870227, "lat_ctr": 23.210686509627145 }, "geometry": { "type": "MultiPolygon", "coordinates": [ [ [ [ -109.716957898526715, 23.017639114038747 ], [ -109.717191082999946, 23.016811990000068 ], [ -109.712383191999933, 23.007791566000041 ], [ -109.731519007999921, 22.987542751000031 ], [ -109.758578849999935, 22.984465443000094 ], [ -109.803376984999986, 22.956122423000075 ], [ -109.806009819999943, 22.936069701000061 ], [ -109.824158493999903, 22.919920368000078 ], [ -109.836705232999918, 22.909939941000061 ], [ -109.85106360599994, 22.899969794000075 ], [ -109.85912024599989, 22.897772528000075 ], [ -109.88496870499992, 22.897214056000056 ], [ -109.901738961999939, 22.889677279000072 ], [ -109.902909272000016, 22.881673934000045 ], [ -109.895378362999921, 22.874202959000062 ], [ -109.934523222999914, 22.872302374000064 ], [ -109.95449645099994, 22.872155118000084 ], [ -109.965551409999918, 22.878142711000066 ], [ -109.978431413999942, 22.881775402000077 ], [ -109.999659062999896, 22.894442213000051 ], [ -110.027479256999925, 22.916159029000092 ], [ -110.04337454599991, 22.931879038000091 ], [ -110.060017581999958, 22.950816487000058 ], [ -110.078358527999882, 22.980658270000049 ], [ -110.081898566999953, 22.990220445000094 ], [ -110.089947660999925, 23.010914975000052 ], [ -110.098379910999924, 23.017562399000042 ], [ -110.106796806999924, 23.048194121000055 ], [ -110.107593440999963, 23.075454753000088 ], [ -110.151575224, 23.226266827000078 ], [ -110.160480530999948, 23.292108040000077 ], [ -110.167259852999962, 23.321086283000053 ], [ -110.178245116999918, 23.330218908000063 ], [ -110.185723306999918, 23.340053627000096 ], [ -110.209598392999951, 23.378440434000083 ], [ -110.21601538499992, 23.393849697000068 ], [ -110.229486537999946, 23.407075367000065 ], [ -110.234636989999913, 23.426069079000058 ], [ -110.266839603999941, 23.478260650000042 ], [ -110.277799113999933, 23.488175823000066 ], [ -110.30736234399987, 23.541032370000039 ], [ -110.353907452999948, 23.580785918000061 ], [ -110.404396346999917, 23.608645611000043 ], [ -110.523986450999928, 23.658460456000057 ], [ -110.577343147999912, 23.681560456000053 ], [ -110.647517664999882, 23.733900839000054 ], [ -110.75331122599998, 23.839107342000091 ], [ -110.815787947999965, 23.908745668000051 ], [ -110.851633266999912, 23.940375067000051 ], [ -110.869554245999865, 23.95176412800004 ], [ -110.880872389999894, 23.953662259000055 ], [ -110.883335285999948, 23.966502989000052 ], [ -110.894453681999934, 23.976404645000056 ], [ -110.931711391999912, 24.014960028000075 ], [ -110.953837809999911, 24.030837235000039 ], [ -110.987235234999929, 24.057347751000073 ], [ -111.010011223999939, 24.071446481000073 ], [ -111.016622038999898, 24.085213902000081 ], [ -111.039714268999958, 24.10418492000008 ], [ -111.082749850999946, 24.130840387000038 ], [ -111.107674837999895, 24.147442066000053 ], [ -111.138751691999914, 24.163386826000078 ], [ -111.174152485999912, 24.181031536000088 ], [ -111.227440934999962, 24.21747185200007 ], [ -111.255251025868375, 24.230783681598528 ], [ -111.89491274509183, 23.891669750802297 ], [ -110.845988975513123, 22.159618943233419 ], [ -109.603353239737601, 22.826285609900083 ], [ -109.716957898526715, 23.017639114038747 ] ] ], [ [ [ -110.401163058874715, 24.166149743105681 ], [ -110.403838539999896, 24.167526581000065 ], [ -110.432428585999901, 24.173617081000089 ], [ -110.433779377999954, 24.167880681000046 ], [ -110.425396866999904, 24.160277785000066 ], [ -110.429377956999915, 24.145168147000046 ], [ -110.421038185999905, 24.136519105000048 ], [ -110.417302906999879, 24.128009113000076 ], [ -110.422763945999918, 24.120304374000057 ], [ -110.416836620999902, 24.108575691000059 ], [ -110.392693890999922, 24.106242929000075 ], [ -110.370558172999907, 24.113467250000049 ], [ -110.369538003497198, 24.113216522802304 ], [ -110.401163058874715, 24.166149743105681 ] ] ], [ [ [ -110.635759208628684, 24.558336417468961 ], [ -110.725606280889863, 24.510883593919868 ], [ -110.721720145999981, 24.504776451000055 ], [ -110.68720018899991, 24.466038831000045 ], [ -110.685699022999913, 24.454169012000076 ], [ -110.684360735999874, 24.444250825000037 ], [ -110.692113489999969, 24.435499643000078 ], [ -110.692486543999877, 24.423956403000091 ], [ -110.688740808999896, 24.415469539000068 ], [ -110.693595781999932, 24.407715844000055 ], [ -110.686437419999933, 24.398092977000093 ], [ -110.681499192999937, 24.390615316000034 ], [ -110.68350771399993, 24.381732926000041 ], [ -110.678601850999968, 24.373202029000083 ], [ -110.681849134999922, 24.360659657000046 ], [ -110.655231058999917, 24.328967275000082 ], [ -110.653678192999905, 24.323143650000077 ], [ -110.638426488999897, 24.314865990000047 ], [ -110.641474824999889, 24.309167794000075 ], [ -110.628443937999918, 24.284665595000039 ], [ -110.615115328999934, 24.269087751000082 ], [ -110.609889757999909, 24.253724964000078 ], [ -110.59803011399994, 24.247097888000038 ], [ -110.581001241999914, 24.240310912000044 ], [ -110.57688516499995, 24.225514130000079 ], [ -110.564987772999956, 24.219922452000048 ], [ -110.562358638999953, 24.212502865000086 ], [ -110.539622694999935, 24.203989020000048 ], [ -110.511586066999925, 24.195746161000041 ], [ -110.485707160999951, 24.190130927000041 ], [ -110.452855918999916, 24.182615512000044 ], [ -110.407190070630861, 24.176235890365483 ], [ -110.635759208628684, 24.558336417468961 ] ] ] ] } },
{ "type": "Feature", "properties": { "grid_key": "st40-ln150_hist", "station": 40.0, "line": 150.0, "shore": "nearshore", "pattern": "historical", "zone": "nearshore-historical", "lon_ctr": -111.99146552750688, "lat_ctr": 22.694144174026292 }, "geometry": { "type": "Polygon", "coordinates": [ [ [ -111.89491274509183, 23.891669750802297 ], [ -113.147520531428995, 23.225003084135629 ], [ -112.082682433190556, 21.492952276566751 ], [ -110.845988975513123, 22.159618943233419 ], [ -111.89491274509183, 23.891669750802297 ] ] ] } },
{ "type": "Feature", "properties": { "grid_key": "st60-ln150_hist", "station": 60.0, "line": 150.0, "shore": "nearshore", "pattern": "historical", "zone": "nearshore-historical", "lon_ctr": -113.23309680134408, "lat_ctr": 22.027439150737528 }, "geometry": { "type": "Polygon", "coordinates": [ [ [ -113.147520531428995, 23.225003084135629 ], [ -114.393818945982375, 22.558336417468961 ], [ -113.313657033949212, 20.826285609900083 ], [ -112.082682433190556, 21.492952276566751 ], [ -113.147520531428995, 23.225003084135629 ] ] ] } },
{ "type": "Feature", "properties": { "grid_key": "st80-ln150_hist", "station": 80.0, "line": 150.0, "shore": "offshore", "pattern": "historical", "zone": "offshore-historical", "lon_ctr": -114.46883133854757, "lat_ctr": 21.360733094054787 }, "geometry": { "type": "Polygon", "coordinates": [ [ [ -114.393818945982375, 22.558336417468961 ], [ -115.634039184128895, 21.891669750802293 ], [ -114.539131636273581, 20.159618943233415 ], [ -113.313657033949212, 20.826285609900083 ], [ -114.393818945982375, 22.558336417468961 ] ] ] } },
{ "type": "Feature", "properties": { "grid_key": "st100-ln150_hist", "station": 100.0, "line": 150.0, "shore": "offshore", "pattern": "historical", "zone": "offshore-historical", "lon_ctr": -115.69889164227787, "lat_ctr": 20.694025983133923 }, "geometry": { "type": "Polygon", "coordinates": [ [ [ -115.634039184128895, 21.891669750802293 ], [ -116.868407505391176, 21.225003084135629 ], [ -115.759320756855914, 19.492952276566751 ], [ -114.539131636273581, 20.159618943233415 ], [ -115.634039184128895, 21.891669750802293 ] ] ] } },
{ "type": "Feature", "properties": { "grid_key": "st-40-ln160_hist", "station": -40.0, "line": 160.0, "shore": "nearshore", "pattern": "historical", "zone": "nearshore-historical", "lon_ctr": -106.24325124982795, "lat_ctr": 22.910645989179738 }, "geometry": { "type": "Polygon", "coordinates": [ [ [ -106.10747793038496, 22.427568135664544 ], [ -105.776922431661205, 22.604880269674613 ], [ -105.800160285999965, 22.638454494000079 ], [ -105.881133592999873, 22.712795315000051 ], [ -105.925445115999977, 22.766140041000085 ], [ -105.942534959999961, 22.781683661000045 ], [ -105.984486456999946, 22.805975653000079 ], [ -105.990996873999933, 22.812079169000068 ], [ -105.992909308999941, 22.815375067000048 ], [ -105.997181769999926, 22.81867096600007 ], [ -106.001616990999921, 22.823187567000044 ], [ -106.00401770699996, 22.830104885000079 ], [ -105.984120245999918, 22.856756903000075 ], [ -105.997792120999932, 22.854518947000088 ], [ -106.010161912999919, 22.848944403000072 ], [ -106.021514451999906, 22.840643622000073 ], [ -106.031971808999913, 22.830104885000083 ], [ -106.220326300999972, 23.051947333000044 ], [ -106.22874915299991, 23.058050848000047 ], [ -106.247100389999858, 23.064032294000071 ], [ -106.257842576999948, 23.069037177000038 ], [ -106.277333136999928, 23.083685614000046 ], [ -106.370838995999918, 23.183986721000057 ], [ -106.388213670999903, 23.192572333000047 ], [ -106.400176561999899, 23.190090236000056 ], [ -106.410064256999945, 23.183661200000074 ], [ -106.419341600999971, 23.179877020000049 ], [ -106.42979895699996, 23.185126044000071 ], [ -106.431752081999974, 23.193182684000075 ], [ -106.42979895699996, 23.230414130000046 ], [ -106.435170050999901, 23.244289455000064 ], [ -106.470733201999877, 23.294989325000071 ], [ -106.486927863999938, 23.307684637000072 ], [ -106.489369269999955, 23.314520575000074 ], [ -106.476958787999934, 23.322292385000079 ], [ -106.478505011999943, 23.328395901000086 ], [ -106.481312628999916, 23.333929755000046 ], [ -106.4853816399999, 23.338934637000072 ], [ -106.486561652999939, 23.339911200000071 ], [ -106.522816535999965, 23.407538153000075 ], [ -106.535633917999945, 23.418524481000077 ], [ -106.552723761999928, 23.423529364000046 ], [ -106.571400519999955, 23.43532949400009 ], [ -106.611846482999937, 23.46906159100007 ], [ -106.616485154999921, 23.473944403000072 ], [ -106.621571417999888, 23.480617580000057 ], [ -106.632476365999921, 23.50478750200006 ], [ -106.640410936999913, 23.516546942000051 ], [ -106.666533982999866, 23.528753973000054 ], [ -106.681426561999885, 23.545436916000085 ], [ -106.703521287999934, 23.576808986000056 ], [ -106.732574022999941, 23.606512762000079 ], [ -106.750599738999924, 23.618923244000083 ], [ -106.793242967999859, 23.632350979000076 ], [ -106.804066535999965, 23.65265534100007 ], [ -106.813384568999936, 23.699652411000049 ], [ -106.82652747299997, 23.717718817000051 ], [ -106.844756639999872, 23.735541083000047 ], [ -106.860991990999935, 23.755153713000087 ], [ -106.873321092999888, 23.798285223000047 ], [ -106.902007615999963, 23.846625067000048 ], [ -106.943666322449857, 23.888387983033081 ], [ -106.10747793038496, 22.427568135664544 ] ] ] } },
{ "type": "Feature", "properties": { "grid_key": "st-20-ln160_hist", "station": -20.0, "line": 160.0, "shore": "nearshore", "pattern": "historical", "zone": "nearshore-historical", "lon_ctr": -107.22687273432618, "lat_ctr": 22.955003846331234 }, "geometry": { "type": "Polygon", "coordinates": [ [ [ -106.943666322449857, 23.888387983033081 ], [ -107.035878058999927, 23.980780341000067 ], [ -107.084868943999936, 24.015082098000047 ], [ -107.104156053999972, 24.02179596600007 ], [ -107.116932745999918, 24.029201565000054 ], [ -107.169667120999947, 24.076442776000082 ], [ -107.209338229284185, 24.101334033073954 ], [ -108.354547011510263, 23.492952276566751 ], [ -107.346532613944575, 21.760901468997876 ], [ -106.10747793038496, 22.427568135664544 ], [ -106.943666322449857, 23.888387983033081 ] ] ] } },
{ "type": "Feature", "properties": { "grid_key": "st0-ln160_hist", "station": 0.0, "line": 160.0, "shore": "nearshore", "pattern": "historical", "zone": "nearshore-historical", "lon_ctr": -108.46988437013991, "lat_ctr": 22.295352541874124 }, "geometry": { "type": "Polygon", "coordinates": [ [ [ -108.354547011510263, 23.492952276566751 ], [ -109.603353239737601, 22.826285609900083 ], [ -108.579779203414887, 21.094234802331208 ], [ -107.346532613944575, 21.760901468997876 ], [ -108.354547011510263, 23.492952276566751 ] ] ] } },
{ "type": "Feature", "properties": { "grid_key": "st20-ln160_hist", "station": 20.0, "line": 160.0, "shore": "nearshore", "pattern": "historical", "zone": "nearshore-historical", "lon_ctr": -109.70795795569647, "lat_ctr": 21.628647336860059 }, "geometry": { "type": "Polygon", "coordinates": [ [ [ -109.603353239737601, 22.826285609900083 ], [ -110.845988975513123, 22.159618943233419 ], [ -109.807438364061412, 20.42756813566454 ], [ -108.579779203414887, 21.094234802331208 ], [ -109.603353239737601, 22.826285609900083 ] ] ] } },
{ "type": "Feature", "properties": { "grid_key": "st40-ln160_hist", "station": 40.0, "line": 160.0, "shore": "nearshore", "pattern": "historical", "zone": "nearshore-historical", "lon_ctr": -110.94026839976776, "lat_ctr": 20.961941174891326 }, "geometry": { "type": "Polygon", "coordinates": [ [ [ -110.845988975513123, 22.159618943233419 ], [ -112.082682433190556, 21.492952276566751 ], [ -111.029726331683563, 19.760901468997876 ], [ -109.807438364061412, 20.42756813566454 ], [ -110.845988975513123, 22.159618943233419 ] ] ] } },
{ "type": "Feature", "properties": { "grid_key": "st60-ln160_hist", "station": 60.0, "line": 160.0, "shore": "nearshore", "pattern": "historical", "zone": "nearshore-historical", "lon_ctr": -112.16703547490067, "lat_ctr": 20.295234036790667 }, "geometry": { "type": "Polygon", "coordinates": [ [ [ -112.082682433190556, 21.492952276566751 ], [ -113.313657033949212, 20.826285609900083 ], [ -112.246855128075296, 19.094234802331208 ], [ -111.029726331683563, 19.760901468997876 ], [ -112.082682433190556, 21.492952276566751 ] ] ] } },
{ "type": "Feature", "properties": { "grid_key": "st80-ln160_hist", "station": 80.0, "line": 160.0, "shore": "offshore", "pattern": "historical", "zone": "offshore-historical", "lon_ctr": -113.38847456657156, "lat_ctr": 19.628525907663551 }, "geometry": { "type": "Polygon", "coordinates": [ [ [ -113.313657033949212, 20.826285609900083 ], [ -114.539131636273581, 20.159618943233415 ], [ -113.459032767836661, 18.427568135664544 ], [ -112.246855128075296, 19.094234802331208 ], [ -113.313657033949212, 20.826285609900083 ] ] ] } },
{ "type": "Feature", "properties": { "grid_key": "st70-ln60", "station": 70.0, "line": 60.0, "shore": "offshore", "pattern": "extended", "zone": "offshore-extended", "lon_ctr": -124.33272965798145, "lat_ctr": 37.281209508041201 }, "geometry": { "type": "Polygon", "coordinates": [ [ [ -124.482199567975528, 36.828313231888885 ], [ -123.762418684609059, 37.16164656522222 ], [ -124.116570920402026, 37.646620791341512 ], [ -124.180062809345827, 37.733223331719955 ], [ -124.543129369987554, 37.566556665053284 ], [ -124.905377662354894, 37.39988999838662 ], [ -124.482199567975528, 36.828313231888885 ] ] ] } },
{ "type": "Feature", "properties": { "grid_key": "st80-ln60", "station": 80.0, "line": 60.0, "shore": "offshore", "pattern": "extended", "zone": "offshore-extended", "lon_ctr": -125.05371909955531, "lat_ctr": 36.948042393245196 }, "geometry": { "type": "Polygon", "coordinates": [ [ [ -124.905377662354894, 37.39988999838662 ], [ -125.627446231455806, 37.066556665053291 ], [ -125.198824493888523, 36.494979898555556 ], [ -124.482199567975528, 36.828313231888885 ], [ -124.905377662354894, 37.39988999838662 ] ] ] } },
{ "type": "Feature", "properties": { "grid_key": "st90-ln60", "station": 90.0, "line": 60.0, "shore": "offshore", "pattern": "extended", "zone": "offshore-extended", "lon_ctr": -125.77137519036404, "lat_ctr": 36.614571405174615 }, "geometry": { "type": "Polygon", "coordinates": [ [ [ -125.198824493888523, 36.494979898555556 ], [ -125.627446231455806, 37.066556665053291 ], [ -125.987279758171653, 36.89988999838662 ], [ -126.346321518092168, 36.733223331719955 ], [ -125.912344924239733, 36.16164656522222 ], [ -125.198824493888523, 36.494979898555556 ] ] ] } },
{ "type": "Feature", "properties": { "grid_key": "st70-ln63.3", "station": 70.0, "line": 63.3, "shore": "offshore", "pattern": "extended", "zone": "offshore-extended", "lon_ctr": -123.91086121369132, "lat_ctr": 36.705465772696833 }, "geometry": { "type": "Polygon", "coordinates": [ [ [ -123.762418684609059, 37.16164656522222 ], [ -124.482199567975528, 36.828313231888885 ], [ -124.056089421614203, 36.248076211353315 ], [ -123.341768923071101, 36.58140954468665 ], [ -123.762418684609059, 37.16164656522222 ] ] ] } },
{ "type": "Feature", "properties": { "grid_key": "st100-ln60", "station": 100.0, "line": 60.0, "shore": "offshore", "pattern": "extended", "zone": "offshore-extended", "lon_ctr": -126.48610976913639, "lat_ctr": 36.281367631074858 }, "geometry": { "type": "Polygon", "coordinates": [ [ [ -126.346321518092168, 36.733223331719955 ], [ -127.062055617445623, 36.39988999838662 ], [ -126.622811454517887, 35.828313231888885 ], [ -125.912344924239733, 36.16164656522222 ], [ -126.346321518092168, 36.733223331719955 ] ] ] } },
{ "type": "Feature", "properties": { "grid_key": "st80-ln63.3", "station": 80.0, "line": 63.3, "shore": "offshore", "pattern": "extended", "zone": "offshore-extended", "lon_ctr": -124.62634080482515, "lat_ctr": 36.372128375825369 }, "geometry": { "type": "Polygon", "coordinates": [ [ [ -124.482199567975528, 36.828313231888885 ], [ -125.198824493888523, 36.494979898555556 ], [ -124.767342983179248, 35.914742878019986 ], [ -124.056089421614203, 36.248076211353315 ], [ -124.482199567975528, 36.828313231888885 ] ] ] } },
{ "type": "Feature", "properties": { "grid_key": "st90-ln63.3", "station": 90.0, "line": 63.3, "shore": "offshore", "pattern": "extended", "zone": "offshore-extended", "lon_ctr": -125.33873473793565, "lat_ctr": 36.038791017990903 }, "geometry": { "type": "Polygon", "coordinates": [ [ [ -125.198824493888523, 36.494979898555556 ], [ -125.912344924239733, 36.16164656522222 ], [ -125.475579575912889, 35.58140954468665 ], [ -124.767342983179248, 35.914742878019986 ], [ -125.198824493888523, 36.494979898555556 ] ] ] } },
{ "type": "Feature", "properties": { "grid_key": "st70-ln66.7", "station": 70.0, "line": 66.7, "shore": "offshore", "pattern": "extended", "zone": "offshore-extended", "lon_ctr": -123.48913973973357, "lat_ctr": 36.1252159611902 }, "geometry": { "type": "Polygon", "coordinates": [ [ [ -123.341768923071101, 36.58140954468665 ], [ -124.056089421614203, 36.248076211353315 ], [ -123.633386406987512, 35.667839190817737 ], [ -122.924372299490955, 36.001172524151073 ], [ -123.341768923071101, 36.58140954468665 ] ] ] } },
{ "type": "Feature", "properties": { "grid_key": "st100-ln63.3", "station": 100.0, "line": 63.3, "shore": "offshore", "pattern": "extended", "zone": "offshore-extended", "lon_ctr": -126.04809329571887, "lat_ctr": 35.705453695221344 }, "geometry": { "type": "Polygon", "coordinates": [ [ [ -125.912344924239733, 36.16164656522222 ], [ -126.622811454517887, 35.828313231888885 ], [ -126.180848339939502, 35.248076211353315 ], [ -125.475579575912889, 35.58140954468665 ], [ -125.912344924239733, 36.16164656522222 ] ] ] } },
{ "type": "Feature", "properties": { "grid_key": "st80-ln66.7", "station": 80.0, "line": 66.7, "shore": "offshore", "pattern": "extended", "zone": "offshore-extended", "lon_ctr": -124.19928047998118, "lat_ctr": 35.791878535121477 }, "geometry": { "type": "Polygon", "coordinates": [ [ [ -124.056089421614203, 36.248076211353315 ], [ -124.767342983179248, 35.914742878019986 ], [ -124.339420022610796, 35.334505857484409 ], [ -123.633386406987512, 35.667839190817737 ], [ -124.056089421614203, 36.248076211353315 ] ] ] } },
{ "type": "Feature", "properties": { "grid_key": "st90-ln66.7", "station": 90.0, "line": 66.7, "shore": "offshore", "pattern": "extended", "zone": "offshore-extended", "lon_ctr": -124.90642254743986, "lat_ctr": 35.458541144257495 }, "geometry": { "type": "Polygon", "coordinates": [ [ [ -124.767342983179248, 35.914742878019986 ], [ -125.475579575912889, 35.58140954468665 ], [ -125.042521686831265, 35.001172524151073 ], [ -124.339420022610796, 35.334505857484409 ], [ -124.767342983179248, 35.914742878019986 ] ] ] } },
{ "type": "Feature", "properties": { "grid_key": "st70-ln70", "station": 70.0, "line": 70.0, "shore": "offshore", "pattern": "extended", "zone": "offshore-extended", "lon_ctr": -123.073822796331, "lat_ctr": 35.549291200768877 }, "geometry": { "type": "Polygon", "coordinates": [ [ [ -122.924372299490955, 36.001172524151073 ], [ -123.633386406987512, 35.667839190817737 ], [ -123.220229969701435, 35.09626242432001 ], [ -122.516296810554664, 35.429595757653345 ], [ -122.924372299490955, 36.001172524151073 ] ] ] } },
{ "type": "Feature", "properties": { "grid_key": "st100-ln66.7", "station": 100.0, "line": 66.7, "shore": "offshore", "pattern": "extended", "zone": "offshore-extended", "lon_ctr": -125.61061478320941, "lat_ctr": 35.125203784828315 }, "geometry": { "type": "Polygon", "coordinates": [ [ [ -125.475579575912889, 35.58140954468665 ], [ -126.180848339939502, 35.248076211353315 ], [ -125.742739148511532, 34.667839190817737 ], [ -125.042521686831265, 35.001172524151073 ], [ -125.475579575912889, 35.58140954468665 ] ] ] } },
{ "type": "Feature", "properties": { "grid_key": "st80-ln70", "station": 80.0, "line": 70.0, "shore": "offshore", "pattern": "extended", "zone": "offshore-extended", "lon_ctr": -123.77881282888266, "lat_ctr": 35.215953681805274 }, "geometry": { "type": "Polygon", "coordinates": [ [ [ -123.633386406987512, 35.667839190817737 ], [ -124.339420022610796, 35.334505857484409 ], [ -123.921265384523906, 34.762929090986681 ], [ -123.220229969701435, 35.09626242432001 ], [ -123.633386406987512, 35.667839190817737 ] ] ] } },
{ "type": "Feature", "properties": { "grid_key": "st90-ln70", "station": 90.0, "line": 70.0, "shore": "offshore", "pattern": "extended", "zone": "offshore-extended", "lon_ctr": -124.48088806719646, "lat_ctr": 34.882616196461569 }, "geometry": { "type": "Polygon", "coordinates": [ [ [ -124.339420022610796, 35.334505857484409 ], [ -125.042521686831265, 35.001172524151073 ], [ -124.61945025043677, 34.429595757653345 ], [ -123.921265384523906, 34.762929090986681 ], [ -124.339420022610796, 35.334505857484409 ] ] ] } },
{ "type": "Feature", "properties": { "grid_key": "st70-ln73.3", "station": 70.0, "line": 73.3, "shore": "offshore", "pattern": "extended", "zone": "offshore-extended", "lon_ctr": -122.66162873750496, "lat_ctr": 34.973377345846124 }, "geometry": { "type": "Polygon", "coordinates": [ [ [ -122.516296810554664, 35.429595757653345 ], [ -123.220229969701435, 35.09626242432001 ], [ -122.804007979305084, 34.516025403784433 ], [ -122.105088487175365, 34.849358737117768 ], [ -122.516296810554664, 35.429595757653345 ] ] ] } },
{ "type": "Feature", "properties": { "grid_key": "st100-ln70", "station": 100.0, "line": 70.0, "shore": "offshore", "pattern": "extended", "zone": "offshore-extended", "lon_ctr": -125.18009598421554, "lat_ctr": 34.549278741193547 }, "geometry": { "type": "Polygon", "coordinates": [ [ [ -125.042521686831265, 35.001172524151073 ], [ -125.742739148511532, 34.667839190817737 ], [ -125.314831005314971, 34.09626242432001 ], [ -124.61945025043677, 34.429595757653345 ], [ -125.042521686831265, 35.001172524151073 ] ] ] } },
{ "type": "Feature", "properties": { "grid_key": "st80-ln73.3", "station": 80.0, "line": 73.3, "shore": "offshore", "pattern": "extended", "zone": "offshore-extended", "lon_ctr": -123.36161314259893, "lat_ctr": 34.640039865397206 }, "geometry": { "type": "Polygon", "coordinates": [ [ [ -123.220229969701435, 35.09626242432001 ], [ -123.921265384523906, 34.762929090986681 ], [ -123.500111391245355, 34.182692070451104 ], [ -122.804007979305084, 34.516025403784433 ], [ -123.220229969701435, 35.09626242432001 ] ] ] } },
{ "type": "Feature", "properties": { "grid_key": "st90-ln73.3", "station": 90.0, "line": 73.3, "shore": "offshore", "pattern": "extended", "zone": "offshore-extended", "lon_ctr": -124.05876428923239, "lat_ctr": 34.306702413260474 }, "geometry": { "type": "Polygon", "coordinates": [ [ [ -123.921265384523906, 34.762929090986681 ], [ -124.61945025043677, 34.429595757653345 ], [ -124.193444612088811, 33.849358737117768 ], [ -123.500111391245355, 34.182692070451104 ], [ -123.921265384523906, 34.762929090986681 ] ] ] } },
{ "type": "Feature", "properties": { "grid_key": "st70-ln76.7", "station": 70.0, "line": 76.7, "shore": "offshore", "pattern": "standard", "zone": "offshore-standard", "lon_ctr": -122.24943628438371, "lat_ctr": 34.393128088116043 }, "geometry": { "type": "Polygon", "coordinates": [ [ [ -122.105088487175365, 34.849358737117768 ], [ -122.804007979305084, 34.516025403784433 ], [ -122.390914197158082, 33.93578838324887 ], [ -121.696867062393011, 34.269121716582205 ], [ -122.105088487175365, 34.849358737117768 ] ] ] } },
{ "type": "Feature", "properties": { "grid_key": "st100-ln73.3", "station": 100.0, "line": 73.3, "shore": "offshore", "pattern": "extended", "zone": "offshore-extended", "lon_ctr": -124.75312834155071, "lat_ctr": 33.973364986041503 }, "geometry": { "type": "Polygon", "coordinates": [ [ [ -124.61945025043677, 34.429595757653345 ], [ -125.314831005314971, 34.09626242432001 ], [ -124.884052806255895, 33.516025403784433 ], [ -124.193444612088811, 33.849358737117768 ], [ -124.61945025043677, 34.429595757653345 ] ] ] } },
{ "type": "Feature", "properties": { "grid_key": "st80-ln76.7", "station": 80.0, "line": 76.7, "shore": "offshore", "pattern": "standard", "zone": "offshore-standard", "lon_ctr": -122.94451852913978, "lat_ctr": 34.059790581967377 }, "geometry": { "type": "Polygon", "coordinates": [ [ [ -122.804007979305084, 34.516025403784433 ], [ -123.500111391245355, 34.182692070451104 ], [ -123.082224663181677, 33.602455049915541 ], [ -122.390914197158082, 33.93578838324887 ], [ -122.804007979305084, 34.516025403784433 ] ] ] } },
{ "type": "Feature", "properties": { "grid_key": "st90-ln76.7", "station": 90.0, "line": 76.7, "shore": "offshore", "pattern": "standard", "zone": "offshore-standard", "lon_ctr": -123.63684739927075, "lat_ctr": 33.726453100990639 }, "geometry": { "type": "Polygon", "coordinates": [ [ [ -123.500111391245355, 34.182692070451104 ], [ -124.193444612088811, 33.849358737117768 ], [ -123.770843099835787, 33.269121716582205 ], [ -123.082224663181677, 33.602455049915541 ], [ -123.500111391245355, 34.182692070451104 ] ] ] } },
{ "type": "Feature", "properties": { "grid_key": "st70-ln80", "station": 70.0, "line": 80.0, "shore": "offshore", "pattern": "standard", "zone": "offshore-standard", "lon_ctr": -121.84331070773645, "lat_ctr": 33.817204199526962 }, "geometry": { "type": "Polygon", "coordinates": [ [ [ -121.696867062393011, 34.269121716582205 ], [ -122.390914197158082, 33.93578838324887 ], [ -121.986958863713923, 33.364211616751128 ], [ -121.297576982695517, 33.69754495008447 ], [ -121.696867062393011, 34.269121716582205 ] ] ] } },
{ "type": "Feature", "properties": { "grid_key": "st100-ln76.7", "station": 100.0, "line": 76.7, "shore": "offshore", "pattern": "standard", "zone": "offshore-standard", "lon_ctr": -124.32646779727048, "lat_ctr": 33.393115641968862 }, "geometry": { "type": "Polygon", "coordinates": [ [ [ -124.193444612088811, 33.849358737117768 ], [ -124.884052806255895, 33.516025403784433 ], [ -124.456813453063617, 32.93578838324887 ], [ -123.770843099835787, 33.269121716582205 ], [ -124.193444612088811, 33.849358737117768 ] ] ] } },
{ "type": "Feature", "properties": { "grid_key": "st80-ln80", "station": 80.0, "line": 80.0, "shore": "offshore", "pattern": "standard", "zone": "offshore-standard", "lon_ctr": -122.53366358532951, "lat_ctr": 33.483866617136194 }, "geometry": { "type": "Polygon", "coordinates": [ [ [ -122.390914197158082, 33.93578838324887 ], [ -123.082224663181677, 33.602455049915541 ], [ -122.673680194537283, 33.030878283417799 ], [ -121.986958863713923, 33.364211616751128 ], [ -122.390914197158082, 33.93578838324887 ] ] ] } },
{ "type": "Feature", "properties": { "grid_key": "st90-ln80", "station": 90.0, "line": 80.0, "shore": "offshore", "pattern": "standard", "zone": "offshore-standard", "lon_ctr": -123.22134022471685, "lat_ctr": 33.150529058953424 }, "geometry": { "type": "Polygon", "coordinates": [ [ [ -123.082224663181677, 33.602455049915541 ], [ -123.770843099835787, 33.269121716582205 ], [ -123.357784436095343, 32.697544950084463 ], [ -122.673680194537283, 33.030878283417799 ], [ -123.082224663181677, 33.602455049915541 ] ] ] } },
{ "type": "Feature", "properties": { "grid_key": "st70-ln83.3", "station": 70.0, "line": 83.3, "shore": "offshore", "pattern": "standard", "zone": "offshore-standard", "lon_ctr": -121.44005276579561, "lat_ctr": 33.241290515181213 }, "geometry": { "type": "Polygon", "coordinates": [ [ [ -121.297576982695517, 33.69754495008447 ], [ -121.986958863713923, 33.364211616751128 ], [ -121.579816433698255, 32.783974596215565 ], [ -120.895037746058847, 33.1173079295489 ], [ -121.297576982695517, 33.69754495008447 ] ] ] } },
{ "type": "Feature", "properties": { "grid_key": "st100-ln80", "station": 100.0, "line": 80.0, "shore": "offshore", "pattern": "standard", "zone": "offshore-standard", "lon_ctr": -123.90638432993075, "lat_ctr": 32.817191521958826 }, "geometry": { "type": "Polygon", "coordinates": [ [ [ -123.770843099835787, 33.269121716582205 ], [ -124.456813453063617, 32.93578838324887 ], [ -124.039314385174393, 32.364211616751128 ], [ -123.357784436095343, 32.697544950084463 ], [ -123.770843099835787, 33.269121716582205 ] ] ] } },
{ "type": "Feature", "properties": { "grid_key": "st80-ln83.3", "station": 80.0, "line": 83.3, "shore": "offshore", "pattern": "standard", "zone": "offshore-standard", "lon_ctr": -122.12580977985888, "lat_ctr": 32.907952961132281 }, "geometry": { "type": "Polygon", "coordinates": [ [ [ -121.986958863713923, 33.364211616751128 ], [ -122.673680194537283, 33.030878283417799 ], [ -122.262009794978781, 32.450641262882236 ], [ -121.579816433698255, 32.783974596215565 ], [ -121.986958863713923, 33.364211616751128 ] ] ] } },
{ "type": "Feature", "properties": { "grid_key": "st90-ln83.3", "station": 90.0, "line": 83.3, "shore": "offshore", "pattern": "standard", "zone": "offshore-standard", "lon_ctr": -122.80896563973913, "lat_ctr": 32.574615426624824 }, "geometry": { "type": "Polygon", "coordinates": [ [ [ -122.673680194537283, 33.030878283417799 ], [ -123.357784436095343, 32.697544950084463 ], [ -122.941660145367166, 32.1173079295489 ], [ -122.262009794978781, 32.450641262882236 ], [ -122.673680194537283, 33.030878283417799 ] ] ] } },
{ "type": "Feature", "properties": { "grid_key": "st70-ln86.7", "station": 70.0, "line": 86.7, "shore": "offshore", "pattern": "standard", "zone": "offshore-standard", "lon_ctr": -121.03661014608738, "lat_ctr": 32.661041755398379 }, "geometry": { "type": "Polygon", "coordinates": [ [ [ -120.895037746058847, 33.1173079295489 ], [ -121.579816433698255, 32.783974596215565 ], [ -121.17554677379627, 32.203737575679988 ], [ -120.495241076622619, 32.537070909013323 ], [ -120.895037746058847, 33.1173079295489 ] ] ] } },
{ "type": "Feature", "properties": { "grid_key": "st100-ln83.3", "station": 100.0, "line": 83.3, "shore": "offshore", "pattern": "standard", "zone": "offshore-standard", "lon_ctr": -123.4895629020462, "lat_ctr": 32.241277908767628 }, "geometry": { "type": "Polygon", "coordinates": [ [ [ -123.357784436095343, 32.697544950084463 ], [ -124.039314385174393, 32.364211616751128 ], [ -123.618809164492987, 31.783974596215561 ], [ -122.941660145367166, 32.1173079295489 ], [ -123.357784436095343, 32.697544950084463 ] ] ] } },
{ "type": "Feature", "properties": { "grid_key": "st80-ln86.7", "station": 80.0, "line": 86.7, "shore": "offshore", "pattern": "standard", "zone": "offshore-standard", "lon_ctr": -121.71786669432045, "lat_ctr": 32.327704178699442 }, "geometry": { "type": "Polygon", "coordinates": [ [ [ -121.579816433698255, 32.783974596215565 ], [ -122.262009794978781, 32.450641262882236 ], [ -121.853340392819803, 31.870404242346662 ], [ -121.17554677379627, 32.203737575679988 ], [ -121.579816433698255, 32.783974596215565 ] ] ] } },
{ "type": "Feature", "properties": { "grid_key": "st110-ln83.3", "station": 110.0, "line": 83.3, "shore": "offshore", "pattern": "standard", "zone": "offshore-standard", "lon_ctr": -124.16756252277263, "lat_ctr": 31.907829113246368 }, "geometry": { "type": "Polygon", "coordinates": [ [ [ -123.618809164492987, 31.783974596215561 ], [ -124.039314385174393, 32.364211616751128 ], [ -124.37912719648142, 32.197544950084463 ], [ -124.718312190848692, 32.030878283417799 ], [ -124.293497911794688, 31.450641262882232 ], [ -123.618809164492987, 31.783974596215561 ] ] ] } },
{ "type": "Feature", "properties": { "grid_key": "st90-ln86.7", "station": 90.0, "line": 86.7, "shore": "offshore", "pattern": "standard", "zone": "offshore-standard", "lon_ctr": -122.39659575078845, "lat_ctr": 31.99436661898374 }, "geometry": { "type": "Polygon", "coordinates": [ [ [ -122.262009794978781, 32.450641262882236 ], [ -122.941660145367166, 32.1173079295489 ], [ -122.528663152462144, 31.537070909013323 ], [ -121.853340392819803, 31.870404242346662 ], [ -122.262009794978781, 32.450641262882236 ] ] ] } },
{ "type": "Feature", "properties": { "grid_key": "st70-ln90", "station": 70.0, "line": 90.0, "shore": "offshore", "pattern": "standard", "zone": "offshore-standard", "lon_ctr": -120.63892459004875, "lat_ctr": 32.085118671033463 }, "geometry": { "type": "Polygon", "coordinates": [ [ [ -120.495241076622619, 32.537070909013323 ], [ -121.17554677379627, 32.203737575679988 ], [ -120.780041104684955, 31.63216080918226 ], [ -120.104017650030997, 31.965494142515595 ], [ -120.495241076622619, 32.537070909013323 ] ] ] } },
{ "type": "Feature", "properties": { "grid_key": "st100-ln86.7", "station": 100.0, "line": 86.7, "shore": "offshore", "pattern": "standard", "zone": "offshore-standard", "lon_ctr": -123.07283876511778, "lat_ctr": 31.661029073517206 }, "geometry": { "type": "Polygon", "coordinates": [ [ [ -122.941660145367166, 32.1173079295489 ], [ -123.618809164492987, 31.783974596215561 ], [ -123.201555662612606, 31.203737575679988 ], [ -122.528663152462144, 31.537070909013323 ], [ -122.941660145367166, 32.1173079295489 ] ] ] } },
{ "type": "Feature", "properties": { "grid_key": "st80-ln90", "station": 80.0, "line": 90.0, "shore": "offshore", "pattern": "standard", "zone": "offshore-standard", "lon_ctr": -121.3158398734723, "lat_ctr": 31.751781032952955 }, "geometry": { "type": "Polygon", "coordinates": [ [ [ -121.17554677379627, 32.203737575679988 ], [ -121.853340392819803, 31.870404242346662 ], [ -121.453622786272206, 31.298827475848931 ], [ -120.780041104684955, 31.63216080918226 ], [ -121.17554677379627, 32.203737575679988 ] ] ] } },
{ "type": "Feature", "properties": { "grid_key": "st110-ln86.7", "station": 110.0, "line": 86.7, "shore": "offshore", "pattern": "standard", "zone": "offshore-standard", "lon_ctr": -123.74663657237643, "lat_ctr": 31.327691539645887 }, "geometry": { "type": "Polygon", "coordinates": [ [ [ -123.618809164492987, 31.783974596215561 ], [ -124.293497911794688, 31.450641262882232 ], [ -123.872057939188963, 30.870404242346659 ], [ -123.201555662612606, 31.203737575679988 ], [ -123.618809164492987, 31.783974596215561 ] ] ] } },
{ "type": "Feature", "properties": { "grid_key": "st90-ln90", "station": 90.0, "line": 90.0, "shore": "offshore", "pattern": "standard", "zone": "offshore-standard", "lon_ctr": -121.99029888992435, "lat_ctr": 31.418443411395945 }, "geometry": { "type": "Polygon", "coordinates": [ [ [ -121.853340392819803, 31.870404242346662 ], [ -122.528663152462144, 31.537070909013323 ], [ -122.124802878656595, 30.965494142515592 ], [ -121.453622786272206, 31.298827475848931 ], [ -121.853340392819803, 31.870404242346662 ] ] ] } },
{ "type": "Feature", "properties": { "grid_key": "st70-ln93.3", "station": 70.0, "line": 93.3, "shore": "offshore", "pattern": "standard", "zone": "offshore-standard", "lon_ctr": -120.24387219448703, "lat_ctr": 31.509205120355674 }, "geometry": { "type": "MultiPolygon", "coordinates": [ [ [ [ -120.104017650030997, 31.965494142515595 ], [ -120.780041104684955, 31.63216080918226 ], [ -120.38123672268965, 31.051923788646686 ], [ -119.709437750841758, 31.385257121980022 ], [ -120.104017650030997, 31.965494142515595 ] ] ], [ [ [ -117.338881028406533, 32.55192378864669 ], [ -117.168378683884612, 32.635257121980018 ], [ -117.509223638533598, 32.468590455313354 ], [ -117.338881028406533, 32.55192378864669 ] ] ] ] } },
{ "type": "Feature", "properties": { "grid_key": "st100-ln90", "station": 100.0, "line": 90.0, "shore": "offshore", "pattern": "standard", "zone": "offshore-standard", "lon_ctr": -122.66234203670895, "lat_ctr": 31.085105803795244 }, "geometry": { "type": "Polygon", "coordinates": [ [ [ -122.528663152462144, 31.537070909013323 ], [ -123.201555662612606, 31.203737575679988 ], [ -122.793620982137227, 30.632160809182256 ], [ -122.124802878656595, 30.965494142515592 ], [ -122.528663152462144, 31.537070909013323 ] ] ] } },
{ "type": "Feature", "properties": { "grid_key": "st80-ln93.3", "station": 80.0, "line": 93.3, "shore": "offshore", "pattern": "standard", "zone": "offshore-standard", "lon_ctr": -120.91656956368645, "lat_ctr": 31.175867501422417 }, "geometry": { "type": "Polygon", "coordinates": [ [ [ -120.780041104684955, 31.63216080918226 ], [ -121.453622786272206, 31.298827475848931 ], [ -121.0506634929542, 30.718590455313358 ], [ -120.38123672268965, 31.051923788646686 ], [ -120.780041104684955, 31.63216080918226 ] ] ] } },
{ "type": "Feature", "properties": { "grid_key": "st110-ln90", "station": 110.0, "line": 90.0, "shore": "offshore", "pattern": "standard", "zone": "offshore-standard", "lon_ctr": -123.33200912233906, "lat_ctr": 30.751768207660344 }, "geometry": { "type": "Polygon", "coordinates": [ [ [ -123.201555662612606, 31.203737575679988 ], [ -123.872057939188963, 30.870404242346659 ], [ -123.460116127671725, 30.298827475848928 ], [ -122.793620982137227, 30.632160809182256 ], [ -123.201555662612606, 31.203737575679988 ] ] ] } },
{ "type": "Feature", "properties": { "grid_key": "st90-ln93.3", "station": 90.0, "line": 93.3, "shore": "offshore", "pattern": "standard", "zone": "offshore-standard", "lon_ctr": -121.58688008845596, "lat_ctr": 30.842529894902381 }, "geometry": { "type": "MultiPolygon", "coordinates": [ [ [ [ -121.453622786272206, 31.298827475848924 ], [ -122.124802878656595, 30.965494142515592 ], [ -121.717757238872423, 30.385257121980022 ], [ -121.0506634929542, 30.718590455313358 ], [ -121.453622786272206, 31.298827475848924 ] ] ], [ [ [ -120.38123672268965, 31.051923788646686 ], [ -120.045636232757531, 31.21859045531335 ], [ -119.709437750841758, 31.385257121980022 ], [ -120.38123672268965, 31.051923788646686 ] ] ] ] } },
{ "type": "Feature", "properties": { "grid_key": "st120-ln90", "station": 120.0, "line": 90.0, "shore": "offshore", "pattern": "standard", "zone": "offshore-standard", "lon_ctr": -123.99933938089562, "lat_ctr": 30.418430620577048 }, "geometry": { "type": "Polygon", "coordinates": [ [ [ -123.872057939188963, 30.870404242346659 ], [ -124.540209418641325, 30.537070909013323 ], [ -124.124326790719266, 29.965494142515592 ], [ -123.460116127671725, 30.298827475848928 ], [ -123.872057939188963, 30.870404242346659 ] ] ] } },
{ "type": "Feature", "properties": { "grid_key": "st100-ln93.3", "station": 100.0, "line": 93.3, "shore": "offshore", "pattern": "standard", "zone": "offshore-standard", "lon_ctr": -122.2548431578896, "lat_ctr": 30.509192298349141 }, "geometry": { "type": "Polygon", "coordinates": [ [ [ -122.124802878656595, 30.965494142515592 ], [ -122.793620982137227, 30.632160809182256 ], [ -122.382556578629661, 30.051923788646683 ], [ -121.717757238872423, 30.385257121980022 ], [ -122.124802878656595, 30.965494142515592 ] ] ] } },
{ "type": "Feature", "properties": { "grid_key": "st110-ln93.3", "station": 110.0, "line": 93.3, "shore": "offshore", "pattern": "standard", "zone": "offshore-standard", "lon_ctr": -122.92049759686581, "lat_ctr": 30.175854709389267 }, "geometry": { "type": "MultiPolygon", "coordinates": [ [ [ [ -122.793620982137227, 30.632160809182256 ], [ -123.460116127671725, 30.29882747584892 ], [ -123.045099584928067, 29.718590455313354 ], [ -122.382556578629661, 30.051923788646683 ], [ -122.793620982137227, 30.632160809182256 ] ] ], [ [ [ -121.717757238872423, 30.385257121980022 ], [ -121.384499567378015, 30.551923788646665 ], [ -121.0506634929542, 30.718590455313358 ], [ -121.717757238872423, 30.385257121980022 ] ] ] ] } },
{ "type": "Feature", "properties": { "grid_key": "st120-ln93.3", "station": 120.0, "line": 93.3, "shore": "offshore", "pattern": "standard", "zone": "offshore-standard", "lon_ctr": -123.58388167974972, "lat_ctr": 29.842517125726829 }, "geometry": { "type": "Polygon", "coordinates": [ [ [ -123.460116127671725, 30.298827475848928 ], [ -124.124326790719266, 29.965494142515592 ], [ -123.705423798197259, 29.385257121980018 ], [ -123.045099584928067, 29.718590455313354 ], [ -123.460116127671725, 30.298827475848928 ] ] ] } },
{ "type": "Feature", "properties": { "grid_key": "st60-ln60", "station": 60.0, "line": 60.0, "shore": "nearshore", "pattern": "extended", "zone": "nearshore-extended", "lon_ctr": -123.66767088275562, "lat_ctr": 37.529508247616853 }, "geometry": { "type": "Polygon", "coordinates": [ [ [ -123.571067658227918, 37.896620791341512 ], [ -124.116570920402026, 37.646620791341512 ], [ -123.762418684609059, 37.16164656522222 ], [ -123.220480466539854, 37.41164656522222 ], [ -123.571067658227918, 37.896620791341512 ] ] ] } },
{ "type": "Feature", "properties": { "grid_key": "st45-ln60", "station": 45.0, "line": 60.0, "shore": "nearshore", "pattern": "extended", "zone": "nearshore-extended", "lon_ctr": -122.40165468786763, "lat_ctr": 37.973290161143922 }, "geometry": { "type": "Polygon", "coordinates": [ [ [ -122.296841737735591, 37.83579418840575 ], [ -122.297888076999925, 37.839311075000069 ], [ -122.303863106999927, 37.862902251000037 ], [ -122.316023658999939, 37.860890743000091 ], [ -122.317747123999894, 37.867864906000079 ], [ -122.308306775999938, 37.870329380000044 ], [ -122.313902037999952, 37.885829354000066 ], [ -122.328759888999926, 37.908057592000034 ], [ -122.347832189999949, 37.90637152100004 ], [ -122.364829592999925, 37.903659221000055 ], [ -122.39108785399992, 37.907674614000079 ], [ -122.387628340999939, 37.920218397000042 ], [ -122.396259253999929, 37.928049189000035 ], [ -122.410173387999947, 37.931922281000084 ], [ -122.421315688999925, 37.948316087000066 ], [ -122.429698153999908, 37.964261981000057 ], [ -122.413807246999923, 37.962083423000081 ], [ -122.397725146999875, 37.95611727000005 ], [ -122.395031795999884, 37.970267004000064 ], [ -122.368795656999922, 37.980316416000051 ], [ -122.359565618999866, 37.987648655000051 ], [ -122.369976190999921, 38.003555794000079 ], [ -122.366305957999927, 38.012335587000052 ], [ -122.346302863999981, 38.006048895000049 ], [ -122.336008266999897, 38.003810940000058 ], [ -122.322499152999882, 38.005194403000075 ], [ -122.31676985599988, 38.010136438000075 ], [ -122.299040563999952, 38.011198076000092 ], [ -122.27697261299997, 38.024950739000076 ], [ -122.275570494999869, 38.03910111600004 ], [ -122.264236112999924, 38.045952152000041 ], [ -122.249745245999932, 38.055365302000041 ], [ -122.234108293473255, 38.057467029214095 ], [ -122.244245318485198, 38.071802744575088 ], [ -122.245207978999957, 38.07208563100005 ], [ -122.260887954999944, 38.06943282900005 ], [ -122.271459165999943, 38.074509308000074 ], [ -122.281674116999895, 38.086084697000047 ], [ -122.300677480999894, 38.108195570000078 ], [ -122.396519648999885, 38.153231178000055 ], [ -122.410629795999895, 38.133846197000082 ], [ -122.434130813999886, 38.123345321000052 ], [ -122.449307870999888, 38.124468515000039 ], [ -122.457880291999913, 38.117698999000083 ], [ -122.502317470999884, 38.113520866000044 ], [ -122.487421946999945, 38.104826882000054 ], [ -122.482488475999915, 38.076881029000056 ], [ -122.494091007999913, 38.050007846000085 ], [ -122.502724523999944, 38.031880216000054 ], [ -122.505684726999917, 38.02313140800004 ], [ -122.506049972999875, 38.017172177000077 ], [ -122.493456137999928, 38.012783035000041 ], [ -122.469746411999893, 38.005427059000056 ], [ -122.454241609999954, 37.997805286000073 ], [ -122.445335789999959, 37.985123056000077 ], [ -122.451239965999974, 37.980061808000066 ], [ -122.459541619999911, 37.981407048000058 ], [ -122.469221377999901, 37.982745656000077 ], [ -122.474355503999917, 37.97612186300006 ], [ -122.492543097999899, 37.969794012000079 ], [ -122.4935603509999, 37.958563544000071 ], [ -122.483713344999941, 37.948553778000075 ], [ -122.480345583999892, 37.941820138000082 ], [ -122.491667501999956, 37.935487565000074 ], [ -122.503592822999934, 37.94049531200006 ], [ -122.504221157999893, 37.934881903000075 ], [ -122.503439636999943, 37.92481173200008 ], [ -122.476231976999955, 37.915990882000081 ], [ -122.472552794999899, 37.911245787000041 ], [ -122.47429034399994, 37.905238230000066 ], [ -122.460063778999881, 37.895436944000046 ], [ -122.4490030179999, 37.893641492000086 ], [ -122.438800504999875, 37.882082590000039 ], [ -122.447949954999885, 37.873668560000056 ], [ -122.454733024999896, 37.872361174000048 ], [ -122.459462618999879, 37.871122781000054 ], [ -122.459009212999931, 37.862484926000036 ], [ -122.469520141999908, 37.867002837000086 ], [ -122.473341138999899, 37.874445071000082 ], [ -122.472259514999905, 37.879888759000039 ], [ -122.476052436999893, 37.886791545000058 ], [ -122.490135432999892, 37.893890372000051 ], [ -122.499028738999883, 37.89359014900004 ], [ -122.496485695999894, 37.884483468000035 ], [ -122.494742089, 37.877513015000041 ], [ -122.499279924999911, 37.872485288000064 ], [ -122.489308753999921, 37.864131370000052 ], [ -122.478052385999902, 37.859680785000073 ], [ -122.479767152999912, 37.853132619000064 ], [ -122.47649014699995, 37.843521035000045 ], [ -122.470391197999874, 37.83183162000006 ], [ -122.477564809999933, 37.825104395000039 ], [ -122.487840297999909, 37.825303128000087 ], [ -122.502640854999939, 37.820482206000065 ], [ -122.511796860999908, 37.82448963100007 ], [ -122.522586146999899, 37.821970017000069 ], [ -122.528425812999899, 37.816371593000049 ], [ -122.537954047999847, 37.827939647000051 ], [ -122.547903979999958, 37.834622633000038 ], [ -122.563690482999917, 37.848147881000045 ], [ -122.573698633999939, 37.85590833800007 ], [ -122.574024033693078, 37.856017283775252 ], [ -122.514713239553572, 37.772641025301887 ], [ -122.515171646999917, 37.781126118000095 ], [ -122.5058736699999, 37.786455717000081 ], [ -122.497669986999909, 37.787102375000067 ], [ -122.485930131999936, 37.79081053200008 ], [ -122.476449091999925, 37.810675016000062 ], [ -122.463358567999961, 37.805303535000064 ], [ -122.41875724599997, 37.81114348400007 ], [ -122.408636661999935, 37.810391705000086 ], [ -122.398195119999897, 37.803494794000073 ], [ -122.389782942633815, 37.793224793260968 ], [ -122.296841737735591, 37.83579418840575 ] ] ] } },
{ "type": "Feature", "properties": { "grid_key": "st50-ln60", "station": 50.0, "line": 60.0, "shore": "nearshore", "pattern": "extended", "zone": "nearshore-extended", "lon_ctr": -122.86176460232171, "lat_ctr": 37.856544835669688 }, "geometry": { "type": "MultiPolygon", "coordinates": [ [ [ [ -122.858174674729511, 37.578313231888885 ], [ -122.510886531621736, 37.73771919219805 ], [ -122.513610291999868, 37.752261117000039 ], [ -122.514713239553572, 37.772641025301887 ], [ -122.574024033693078, 37.856017283775252 ], [ -122.588341258999904, 37.860810405000052 ], [ -122.601304429999928, 37.873227615000076 ], [ -122.620730577999907, 37.877496484000055 ], [ -122.645198853999929, 37.898815966000093 ], [ -122.672391568999956, 37.906573792000067 ], [ -122.685973136999905, 37.903959004000065 ], [ -122.696670641999887, 37.899257335000065 ], [ -122.700383075999923, 37.892100954000057 ], [ -122.713182013999926, 37.900299208000035 ], [ -122.727738257999945, 37.903039615000068 ], [ -122.734204749999918, 37.920124324000085 ], [ -122.74864097899993, 37.932601282000064 ], [ -122.765348407999895, 37.937396405000072 ], [ -122.780243859999914, 37.948131095000065 ], [ -122.795998772999866, 37.975519631000054 ], [ -122.810550402999979, 37.985193801000037 ], [ -122.821432247999866, 37.997669778000045 ], [ -122.83939709899991, 38.006349484000054 ], [ -122.90684321199987, 38.031843985000073 ], [ -122.921111944999922, 38.034871294000084 ], [ -122.932695539999955, 38.049519338000039 ], [ -122.932122705999916, 38.058805503000087 ], [ -122.920142064999936, 38.065312404000053 ], [ -122.935414191999925, 38.070746161000045 ], [ -122.941558397999941, 38.06476471600007 ], [ -122.94847571499993, 38.060736395000049 ], [ -122.947099134999903, 38.054754507000041 ], [ -122.946888800999943, 38.045314846000053 ], [ -122.942494269999941, 38.041245835000041 ], [ -122.936085525999957, 38.030770371000074 ], [ -122.949370897999941, 38.029445705000057 ], [ -122.963376935999918, 38.025314910000077 ], [ -122.979069671999923, 38.014515591000077 ], [ -122.984027208999876, 38.00323086700007 ], [ -122.980330499999951, 37.998039062000089 ], [ -122.971765000999937, 37.996142070000083 ], [ -122.962504008999943, 37.992047822000075 ], [ -122.9742291069999, 37.990277222000088 ], [ -122.984480311999903, 37.992113214000085 ], [ -122.997547065999925, 37.99384217100004 ], [ -123.017815502999909, 37.993521681000061 ], [ -123.027453026999837, 37.994488745000062 ], [ -123.021621651999922, 38.000482830000067 ], [ -123.015998228999976, 38.00069532800007 ], [ -122.990726317999901, 38.048715678000065 ], [ -122.949648005999919, 38.143990916000071 ], [ -122.950285100999878, 38.164493251000067 ], [ -122.955510032999925, 38.176271984000046 ], [ -122.956778722136079, 38.177123223502562 ], [ -123.023692978242394, 38.146620791341512 ], [ -123.206360572424273, 38.063287458008176 ], [ -122.858174674729511, 37.578313231888885 ] ] ], [ [ [ -122.936089812232339, 38.186551525371414 ], [ -122.925570098999927, 38.175140664000082 ], [ -122.907277248999904, 38.152344259000067 ], [ -122.891509568999936, 38.130804755000035 ], [ -122.868763800999929, 38.110256252000063 ], [ -122.843373175999929, 38.091986395000049 ], [ -122.825672980999911, 38.072088934000078 ], [ -122.832264777999953, 38.095892645000049 ], [ -122.85043186299994, 38.110698133000085 ], [ -122.888417120999947, 38.15460846600007 ], [ -122.919122926698137, 38.194282716787107 ], [ -122.936089812232339, 38.186551525371414 ] ] ] ] } },
{ "type": "Feature", "properties": { "grid_key": "st55-ln60", "station": 55.0, "line": 60.0, "shore": "nearshore", "pattern": "extended", "zone": "nearshore-extended", "lon_ctr": -123.21372299378851, "lat_ctr": 37.737707197936736 }, "geometry": { "type": "Polygon", "coordinates": [ [ [ -122.858174674729511, 37.578313231888885 ], [ -123.206360572424273, 38.063287458008176 ], [ -123.571067658227918, 37.896620791341512 ], [ -123.220480466539854, 37.41164656522222 ], [ -122.858174674729511, 37.578313231888885 ] ] ] } },
{ "type": "Feature", "properties": { "grid_key": "st50-ln63.3", "station": 50.0, "line": 63.3, "shore": "nearshore", "pattern": "extended", "zone": "nearshore-extended", "lon_ctr": -122.56248452654356, "lat_ctr": 37.385336062635609 }, "geometry": { "type": "Polygon", "coordinates": [ [ [ -122.268371640729939, 37.079584495078166 ], [ -122.281029860999922, 37.096582914000066 ], [ -122.290061628999865, 37.104236081000067 ], [ -122.297658442999918, 37.111226697000063 ], [ -122.308354444999935, 37.11667500800008 ], [ -122.318730468999959, 37.115617245000067 ], [ -122.327655643999975, 37.112807727000074 ], [ -122.339290056999928, 37.118581815000084 ], [ -122.337853206999924, 37.13490240200008 ], [ -122.359527538999913, 37.150485414000059 ], [ -122.361038528999913, 37.162356196000076 ], [ -122.369353199999907, 37.174019993000051 ], [ -122.383412109999924, 37.182271109000055 ], [ -122.396109331999895, 37.181859916000064 ], [ -122.404456977999942, 37.19452597500004 ], [ -122.407867944999907, 37.216117025000074 ], [ -122.41070366299995, 37.226870680000054 ], [ -122.416499265999903, 37.233919856000057 ], [ -122.418363404999965, 37.252309719000039 ], [ -122.410150356999907, 37.268845184000035 ], [ -122.407412333999929, 37.294983806000062 ], [ -122.402522319999903, 37.34050411700008 ], [ -122.400337817999912, 37.359741136000082 ], [ -122.408736250999951, 37.364171592000048 ], [ -122.411569086999947, 37.374931261000086 ], [ -122.429193801999929, 37.407270842000059 ], [ -122.444446441999887, 37.437519345000055 ], [ -122.449160188999983, 37.476655219000065 ], [ -122.463246222999956, 37.496649481000077 ], [ -122.479267580999903, 37.502783450000038 ], [ -122.486096134999912, 37.502556444000049 ], [ -122.494211917999905, 37.500839443000075 ], [ -122.495284826999907, 37.495371003000059 ], [ -122.499263169999878, 37.493066185000089 ], [ -122.501074149999909, 37.501329036000072 ], [ -122.512025435999902, 37.51000308600004 ], [ -122.520471886999928, 37.531421460000054 ], [ -122.517565391999938, 37.545265769000082 ], [ -122.514759298999948, 37.560893426000064 ], [ -122.520027872999918, 37.574124813000083 ], [ -122.519040027999878, 37.589713519000036 ], [ -122.522424280999928, 37.593217442000082 ], [ -122.517468184999942, 37.594472564000057 ], [ -122.51308925599993, 37.597843855000065 ], [ -122.507597153999939, 37.597698121000064 ], [ -122.50323288299991, 37.601462648000059 ], [ -122.501698410999893, 37.606944275000046 ], [ -122.495946980999918, 37.627373970000065 ], [ -122.494740363999952, 37.665228583000051 ], [ -122.501874297999876, 37.703488398000054 ], [ -122.508493013999896, 37.72494382900004 ], [ -122.510886531621736, 37.73771919219805 ], [ -122.858174674729511, 37.578313231888885 ], [ -122.444477919039883, 36.998076211353315 ], [ -122.268371640729939, 37.079584495078166 ] ] ] } },
{ "type": "Feature", "properties": { "grid_key": "st55-ln63.3", "station": 55.0, "line": 63.3, "shore": "nearshore", "pattern": "extended", "zone": "nearshore-extended", "lon_ctr": -122.83124983070768, "lat_ctr": 37.205152788043563 }, "geometry": { "type": "Polygon", "coordinates": [ [ [ -122.444477919039883, 36.998076211353315 ], [ -122.858174674729511, 37.578313231888885 ], [ -123.220480466539854, 37.41164656522222 ], [ -122.803985334168544, 36.83140954468665 ], [ -122.444477919039883, 36.998076211353315 ] ] ] } },
{ "type": "Feature", "properties": { "grid_key": "st60-ln63.3", "station": 60.0, "line": 63.3, "shore": "nearshore", "pattern": "extended", "zone": "nearshore-extended", "lon_ctr": -123.28195887861166, "lat_ctr": 36.996951704087401 }, "geometry": { "type": "Polygon", "coordinates": [ [ [ -122.803985334168544, 36.83140954468665 ], [ -123.220480466539854, 37.41164656522222 ], [ -123.762418684609059, 37.16164656522222 ], [ -123.341768923071101, 36.58140954468665 ], [ -122.803985334168544, 36.83140954468665 ] ] ] } },
{ "type": "Feature", "properties": { "grid_key": "st45-ln66.7", "station": 45.0, "line": 66.7, "shore": "nearshore", "pattern": "extended", "zone": "nearshore-extended", "lon_ctr": -121.86073864410885, "lat_ctr": 36.881987938629649 }, "geometry": { "type": "MultiPolygon", "coordinates": [ [ [ [ -121.801134031552664, 36.762558974697633 ], [ -121.798162203, 36.77990716100004 ], [ -121.78981175499986, 36.80619896700005 ], [ -121.804245937999923, 36.836018241000033 ], [ -121.859934048999975, 36.927476304000031 ], [ -121.887115037999905, 36.954901434000078 ], [ -121.905601189999857, 36.969126309000046 ], [ -121.937243162999906, 36.97830698000007 ], [ -121.948926218840043, 36.972813775087921 ], [ -121.801134031552664, 36.762558974697633 ] ] ], [ [ [ -121.775180904521292, 36.725580528815755 ], [ -121.763742641999926, 36.722072658000066 ], [ -121.761274397999884, 36.730286095000054 ], [ -121.766442165999905, 36.735207993000074 ], [ -121.77021495599989, 36.739083170000072 ], [ -121.775111714999952, 36.737499773000081 ], [ -121.783707483999919, 36.737983648000061 ], [ -121.784008340590745, 36.738159899837861 ], [ -121.775180904521292, 36.725580528815755 ] ] ] ] } },
{ "type": "Feature", "properties": { "grid_key": "st50-ln66.7", "station": 50.0, "line": 66.7, "shore": "nearshore", "pattern": "extended", "zone": "nearshore-extended", "lon_ctr": -122.09178337278219, "lat_ctr": 36.779901124514275 }, "geometry": { "type": "Polygon", "coordinates": [ [ [ -121.933514036284407, 36.464638821819577 ], [ -121.938040328999946, 36.468264580000039 ], [ -121.944699073999914, 36.486151827000072 ], [ -121.946309010999911, 36.49189143600006 ], [ -121.942480509999896, 36.496705038000073 ], [ -121.943207904999923, 36.502832352000041 ], [ -121.944237493999921, 36.505694754000046 ], [ -121.942269540999916, 36.511900845000071 ], [ -121.949574751999933, 36.514217538000082 ], [ -121.956929621999876, 36.517617502000057 ], [ -121.955362532999899, 36.522727685000064 ], [ -121.94820416499995, 36.523661799000081 ], [ -121.94006480099992, 36.522815646000083 ], [ -121.927533152999914, 36.523851999000044 ], [ -121.928299653999943, 36.53138031900005 ], [ -121.9299445609999, 36.537845670000081 ], [ -121.933123776999977, 36.538475389000048 ], [ -121.9356328289999, 36.544187772000043 ], [ -121.931268944999971, 36.547209922000036 ], [ -121.932527777999894, 36.555128979000074 ], [ -121.934616623999929, 36.561225309000065 ], [ -121.940335484999935, 36.558517432000095 ], [ -121.942798721999893, 36.563146222000057 ], [ -121.946476926999921, 36.564848380000058 ], [ -121.950890438999934, 36.562908855000046 ], [ -121.9538914339999, 36.559565391000035 ], [ -121.970075389999963, 36.568854416000086 ], [ -121.978002256999872, 36.574767454000032 ], [ -121.981115218999989, 36.58371687600004 ], [ -121.973934469999861, 36.584291224000083 ], [ -121.967219888999963, 36.585212701000053 ], [ -121.966635985999886, 36.592101378000045 ], [ -121.963867392999973, 36.600500741000076 ], [ -121.959862546999915, 36.611472799000076 ], [ -121.956379834999908, 36.614103583000087 ], [ -121.95033388599991, 36.609938392000061 ], [ -121.94664431399994, 36.618006564000041 ], [ -121.94252160699989, 36.626447756000061 ], [ -121.94153113299987, 36.634434026000065 ], [ -121.937694666999917, 36.639249335000045 ], [ -121.929526144999912, 36.638040214000057 ], [ -121.921210777999931, 36.633581243000037 ], [ -121.920548853999932, 36.628897996000042 ], [ -121.913135481999859, 36.624411953000049 ], [ -121.902154127999893, 36.620752134000043 ], [ -121.895936844999909, 36.612611487000038 ], [ -121.887421360999937, 36.601994493000063 ], [ -121.878836012999926, 36.602614043000081 ], [ -121.87000389099984, 36.60721214900007 ], [ -121.853874547999936, 36.619613892000075 ], [ -121.837928762999908, 36.635611954000069 ], [ -121.827060928999884, 36.656200019000046 ], [ -121.814258246999941, 36.683237837000036 ], [ -121.809925910999951, 36.718817450000074 ], [ -121.805359412999906, 36.737739027000089 ], [ -121.792423796999898, 36.730867810000063 ], [ -121.775180904521292, 36.725580528815755 ], [ -121.784008340590745, 36.738159899837861 ], [ -121.790190125999914, 36.741781238000044 ], [ -121.794901396, 36.746351552000071 ], [ -121.803204864999941, 36.750459474000081 ], [ -121.801134031552664, 36.762558974697633 ], [ -121.948926218840043, 36.972813775087921 ], [ -121.952767306999931, 36.971007662000034 ], [ -121.963566150999839, 36.959490179000063 ], [ -121.974235369999903, 36.955199274000059 ], [ -121.993967251999933, 36.959865627000056 ], [ -122.006701206999963, 36.962378329000039 ], [ -122.02121037499991, 36.962667850000059 ], [ -122.025156091, 36.959653313000047 ], [ -122.024075444999909, 36.956070354000076 ], [ -122.025189385999909, 36.950974006000081 ], [ -122.034823934999906, 36.953212567000037 ], [ -122.046794080999931, 36.948156804000071 ], [ -122.060867827999914, 36.948813136000069 ], [ -122.080901399999902, 36.951462594000077 ], [ -122.106004018999911, 36.955755369000087 ], [ -122.120842988999925, 36.963255874000083 ], [ -122.134990691999917, 36.965726027000073 ], [ -122.142237514999948, 36.975250521000078 ], [ -122.153643159999973, 36.977075436000071 ], [ -122.177586857999927, 36.995104660000038 ], [ -122.207915818999908, 37.019273179000038 ], [ -122.222117576999949, 37.02429494200004 ], [ -122.227945638999913, 37.040059559000042 ], [ -122.253802123999975, 37.059123309000086 ], [ -122.266041901999941, 37.0764555250001 ], [ -122.268371640729939, 37.079584495078166 ], [ -122.444477919039883, 36.998076211353315 ], [ -122.033838083510275, 36.417839190817737 ], [ -121.933514036284407, 36.464638821819577 ] ] ] } },
{ "type": "Feature", "properties": { "grid_key": "st55-ln66.7", "station": 55.0, "line": 66.7, "shore": "nearshore", "pattern": "extended", "zone": "nearshore-extended", "lon_ctr": -122.41771700219954, "lat_ctr": 36.62490973829739 }, "geometry": { "type": "Polygon", "coordinates": [ [ [ -122.033838083510275, 36.417839190817737 ], [ -122.444477919039883, 36.998076211353315 ], [ -122.803985334168544, 36.83140954468665 ], [ -122.390626113442011, 36.251172524151073 ], [ -122.033838083510275, 36.417839190817737 ] ] ] } },
{ "type": "Feature", "properties": { "grid_key": "st60-ln66.7", "station": 60.0, "line": 66.7, "shore": "nearshore", "pattern": "extended", "zone": "nearshore-extended", "lon_ctr": -122.86498955587203, "lat_ctr": 36.416705798225877 }, "geometry": { "type": "Polygon", "coordinates": [ [ [ -122.390626113442011, 36.251172524151073 ], [ -122.803985334168544, 36.83140954468665 ], [ -123.341768923071101, 36.58140954468665 ], [ -122.924372299490955, 36.001172524151073 ], [ -122.390626113442011, 36.251172524151073 ] ] ] } },
{ "type": "Feature", "properties": { "grid_key": "st50-ln70", "station": 50.0, "line": 70.0, "shore": "nearshore", "pattern": "extended", "zone": "nearshore-extended", "lon_ctr": -121.73263303810434, "lat_ctr": 36.110026749075139 }, "geometry": { "type": "Polygon", "coordinates": [ [ [ -121.474555638496014, 35.920346119909603 ], [ -121.478381525999893, 35.93158161000008 ], [ -121.482226478999877, 35.948975515000086 ], [ -121.486903628999926, 35.965828066000086 ], [ -121.489979620999904, 35.982245184000071 ], [ -121.506677586999885, 36.003260042000079 ], [ -121.522569024999953, 36.010070734000067 ], [ -121.541083525999966, 36.015013049000061 ], [ -121.566738868999906, 36.020117263000095 ], [ -121.58224375999994, 36.036027173000036 ], [ -121.592661372999942, 36.050570011000048 ], [ -121.594522310999935, 36.064233426000044 ], [ -121.606444047, 36.071504863000087 ], [ -121.618221380999927, 36.084429003000082 ], [ -121.630155127999885, 36.11305683900008 ], [ -121.642659486999932, 36.12354988900006 ], [ -121.657758694999899, 36.142646683000066 ], [ -121.67792076799995, 36.162675352000065 ], [ -121.693576414999924, 36.171656473000034 ], [ -121.703879557999926, 36.18221673000005 ], [ -121.729139027999864, 36.198144643000035 ], [ -121.753953875999912, 36.211546510000062 ], [ -121.781441447999939, 36.22632573200007 ], [ -121.798857694999896, 36.234479655000094 ], [ -121.81036663299993, 36.232397340000034 ], [ -121.824859178999901, 36.239203192000048 ], [ -121.835601365999906, 36.249172268000052 ], [ -121.840077277999953, 36.259344794000071 ], [ -121.845418036999973, 36.272399878000044 ], [ -121.85220292899993, 36.279445705000057 ], [ -121.863189256999959, 36.283189195000034 ], [ -121.873605923999889, 36.290025132000039 ], [ -121.881011522999927, 36.299505927000041 ], [ -121.899660522999881, 36.304399527000044 ], [ -121.895628818999938, 36.313928729000054 ], [ -121.89712580099993, 36.327981200000067 ], [ -121.893723924999946, 36.332057557000049 ], [ -121.893586326999937, 36.338568490000057 ], [ -121.897856076999958, 36.343868345000089 ], [ -121.901072382999942, 36.352760124000035 ], [ -121.90364536699991, 36.362116214000082 ], [ -121.905844840999904, 36.371751793000044 ], [ -121.90612695499992, 36.37714037600005 ], [ -121.904168130999892, 36.384536730000036 ], [ -121.906123448999864, 36.388477716000068 ], [ -121.908274684999895, 36.396371347000063 ], [ -121.914431504999939, 36.403035903000045 ], [ -121.917671747999975, 36.415548510000065 ], [ -121.915329132999929, 36.423193583000057 ], [ -121.918351247999908, 36.43032732700005 ], [ -121.929012139999941, 36.447786047000079 ], [ -121.930224976999881, 36.454603356000064 ], [ -121.931506626999919, 36.463030718000091 ], [ -121.933514036284407, 36.464638821819577 ], [ -122.033838083510275, 36.417839190817737 ], [ -121.632232249756882, 35.84626242432001 ], [ -121.474555638496014, 35.920346119909603 ] ] ] } },
{ "type": "Feature", "properties": { "grid_key": "st55-ln70", "station": 55.0, "line": 70.0, "shore": "nearshore", "pattern": "extended", "zone": "nearshore-extended", "lon_ctr": -122.01029998662155, "lat_ctr": 36.048991687892318 }, "geometry": { "type": "Polygon", "coordinates": [ [ [ -121.632232249756882, 35.84626242432001 ], [ -122.033838083510275, 36.417839190817737 ], [ -122.390626113442011, 36.251172524151073 ], [ -121.986416467746054, 35.679595757653345 ], [ -121.632232249756882, 35.84626242432001 ] ] ] } },
{ "type": "Feature", "properties": { "grid_key": "st60-ln70", "station": 60.0, "line": 70.0, "shore": "nearshore", "pattern": "extended", "zone": "nearshore-extended", "lon_ctr": -122.45425723406117, "lat_ctr": 35.84078491434979 }, "geometry": { "type": "Polygon", "coordinates": [ [ [ -121.986416467746054, 35.679595757653345 ], [ -122.390626113442011, 36.251172524151073 ], [ -122.924372299490955, 36.001172524151073 ], [ -122.516296810554664, 35.429595757653345 ], [ -121.986416467746054, 35.679595757653345 ] ] ] } },
{ "type": "Feature", "properties": { "grid_key": "st50-ln73.3", "station": 50.0, "line": 73.3, "shore": "nearshore", "pattern": "extended", "zone": "nearshore-extended", "lon_ctr": -121.28875219396069, "lat_ctr": 35.573074984711816 }, "geometry": { "type": "Polygon", "coordinates": [ [ [ -120.884350002074697, 35.428303339615667 ], [ -120.887318488999938, 35.432928778000075 ], [ -120.908184147999918, 35.448243818000044 ], [ -120.946192229999923, 35.446285131000081 ], [ -120.963465629999916, 35.456651356000066 ], [ -120.982768674999946, 35.459987898000065 ], [ -121.005362163999891, 35.460656967000034 ], [ -121.036976691999897, 35.489203192000048 ], [ -121.068311503999894, 35.517869279000088 ], [ -121.101811690999938, 35.54966720200008 ], [ -121.130870197999883, 35.600701175000054 ], [ -121.14327538499991, 35.60504282900007 ], [ -121.159108368999924, 35.627235283000061 ], [ -121.169401557999919, 35.636919404000082 ], [ -121.187366959999935, 35.641920587000072 ], [ -121.193066839999886, 35.639615762000062 ], [ -121.191525738999943, 35.633864719000087 ], [ -121.195030889999941, 35.632336335000048 ], [ -121.216496041999889, 35.647747645000038 ], [ -121.234003236999897, 35.652037747000065 ], [ -121.25199004699995, 35.65739446300006 ], [ -121.269145896999916, 35.664210591000085 ], [ -121.288312801999865, 35.664829516000054 ], [ -121.288474449999924, 35.681458255000052 ], [ -121.298414451999975, 35.697488963000069 ], [ -121.30901580099993, 35.707709393000073 ], [ -121.314590223999915, 35.713723753000068 ], [ -121.323068813999868, 35.764553127000049 ], [ -121.337232304999958, 35.786528670000052 ], [ -121.368006771999944, 35.810361061000037 ], [ -121.387116923999969, 35.821431931000063 ], [ -121.408930921999882, 35.844020730000068 ], [ -121.413349774999944, 35.854745748000092 ], [ -121.425536751999957, 35.858420443000064 ], [ -121.442025246999933, 35.869221839000033 ], [ -121.463200875999931, 35.886731338000061 ], [ -121.462717252, 35.903713283000059 ], [ -121.472247747999958, 35.913568528000042 ], [ -121.474555638496014, 35.920346119909603 ], [ -121.632232249756882, 35.84626242432001 ], [ -121.227407895308701, 35.266025403784433 ], [ -120.884350002074697, 35.428303339615667 ] ] ] } },
{ "type": "Feature", "properties": { "grid_key": "st55-ln73.3", "station": 55.0, "line": 73.3, "shore": "nearshore", "pattern": "extended", "zone": "nearshore-extended", "lon_ctr": -121.60578331923091, "lat_ctr": 35.473084240562201 }, "geometry": { "type": "Polygon", "coordinates": [ [ [ -121.227407895308701, 35.266025403784433 ], [ -121.632232249756882, 35.84626242432001 ], [ -121.986416467746054, 35.679595757653345 ], [ -121.579022791613028, 35.099358737117768 ], [ -121.227407895308701, 35.266025403784433 ] ] ] } },
{ "type": "Feature", "properties": { "grid_key": "st60-ln73.3", "station": 60.0, "line": 73.3, "shore": "nearshore", "pattern": "extended", "zone": "nearshore-extended", "lon_ctr": -122.04651865646503, "lat_ctr": 35.264874761878119 }, "geometry": { "type": "Polygon", "coordinates": [ [ [ -121.579022791613028, 35.099358737117768 ], [ -121.986416467746054, 35.679595757653345 ], [ -122.516296810554664, 35.429595757653345 ], [ -122.105088487175365, 34.849358737117768 ], [ -121.579022791613028, 35.099358737117768 ] ] ] } },
{ "type": "Feature", "properties": { "grid_key": "st45-ln76.7", "station": 45.0, "line": 76.7, "shore": "nearshore", "pattern": "standard", "zone": "nearshore-standard", "lon_ctr": -120.65289442552401, "lat_ctr": 35.125095935806009 }, "geometry": { "type": "Polygon", "coordinates": [ [ [ -120.631530192003851, 35.079449299507594 ], [ -120.635731574999909, 35.108587958000044 ], [ -120.644886848000013, 35.13939036700009 ], [ -120.652943488999938, 35.144232489000039 ], [ -120.658554893999906, 35.150479678000075 ], [ -120.671159987999957, 35.150225857000066 ], [ -120.679025844999927, 35.15306224200009 ], [ -120.68660036515044, 35.159455820185215 ], [ -120.631530192003851, 35.079449299507594 ] ] ] } },
{ "type": "Feature", "properties": { "grid_key": "st50-ln76.7", "station": 50.0, "line": 76.7, "shore": "nearshore", "pattern": "standard", "zone": "nearshore-standard", "lon_ctr": -120.88475195121606, "lat_ctr": 35.05756212870088 }, "geometry": { "type": "Polygon", "coordinates": [ [ [ -120.631581215968254, 34.778165902257349 ], [ -120.629917942999896, 34.781932656000038 ], [ -120.619212167999976, 34.819206217000044 ], [ -120.61741248099996, 34.843631567000045 ], [ -120.615573189999878, 34.858002598000041 ], [ -120.622188411999872, 34.867299625000044 ], [ -120.632557745999947, 34.871405341000063 ], [ -120.640248175999957, 34.87921784100007 ], [ -120.644610471999869, 34.895112857000065 ], [ -120.654973021999922, 34.901185974000043 ], [ -120.667646859999934, 34.898848112000053 ], [ -120.672839345999876, 34.90752128400004 ], [ -120.666195046999945, 34.931769275000079 ], [ -120.642375558999888, 35.000873310000088 ], [ -120.633697068999936, 35.035101630000042 ], [ -120.630726691999968, 35.073879299000055 ], [ -120.631530192003851, 35.079449299507594 ], [ -120.68660036515044, 35.159455820185215 ], [ -120.698068813999839, 35.169134833000051 ], [ -120.706369594999899, 35.174221096000053 ], [ -120.723849416999926, 35.175226033000058 ], [ -120.74966923399991, 35.177396791000035 ], [ -120.7556083999999, 35.171922497000082 ], [ -120.755346169999953, 35.163123925000043 ], [ -120.759440295999937, 35.15921462700004 ], [ -120.765533768999944, 35.160242155000049 ], [ -120.790842251999962, 35.179022528000083 ], [ -120.849792732999845, 35.202913231000082 ], [ -120.876682473999864, 35.223790356000052 ], [ -120.886097785999922, 35.233791408000059 ], [ -120.897654183999947, 35.249765515000036 ], [ -120.895590616999954, 35.273513581000095 ], [ -120.887067596999927, 35.285935479000045 ], [ -120.867831188999915, 35.330392167000078 ], [ -120.862243646999914, 35.361905041000057 ], [ -120.853814633999917, 35.347529367000057 ], [ -120.857391897999918, 35.326764807000082 ], [ -120.855580206999988, 35.321519273000035 ], [ -120.843242048999869, 35.32434774900009 ], [ -120.84205910299994, 35.331669812000086 ], [ -120.831404972999934, 35.336087589000044 ], [ -120.835834936999944, 35.342912953000059 ], [ -120.841558010999904, 35.345866813000043 ], [ -120.852074160999905, 35.367051064000066 ], [ -120.860263661999895, 35.373802556000044 ], [ -120.866749607999935, 35.370992622000067 ], [ -120.871096717999961, 35.405308394000087 ], [ -120.879081212999878, 35.420093047000087 ], [ -120.884350002074697, 35.428303339615667 ], [ -121.227407895308701, 35.266025403784433 ], [ -120.825390545591262, 34.68578838324887 ], [ -120.631581215968254, 34.778165902257349 ] ] ] } },
{ "type": "Feature", "properties": { "grid_key": "st55-ln76.7", "station": 55.0, "line": 76.7, "shore": "nearshore", "pattern": "standard", "zone": "nearshore-standard", "lon_ctr": -121.20110957658606, "lat_ctr": 34.892841444431809 }, "geometry": { "type": "Polygon", "coordinates": [ [ [ -120.825390545591262, 34.68578838324887 ], [ -121.227407895308701, 35.266025403784433 ], [ -121.579022791613028, 35.099358737117768 ], [ -121.174508518514571, 34.519121716582198 ], [ -120.825390545591262, 34.68578838324887 ] ] ] } },
{ "type": "Feature", "properties": { "grid_key": "st60-ln76.7", "station": 60.0, "line": 76.7, "shore": "nearshore", "pattern": "standard", "zone": "nearshore-standard", "lon_ctr": -121.63868959774268, "lat_ctr": 34.684629238538641 }, "geometry": { "type": "Polygon", "coordinates": [ [ [ -121.174508518514571, 34.519121716582198 ], [ -121.579022791613028, 35.099358737117768 ], [ -122.105088487175365, 34.849358737117768 ], [ -121.696867062393011, 34.269121716582205 ], [ -121.174508518514571, 34.519121716582198 ] ] ] } },
{ "type": "Feature", "properties": { "grid_key": "st45-ln80", "station": 45.0, "line": 80.0, "shore": "nearshore", "pattern": "standard", "zone": "nearshore-standard", "lon_ctr": -120.04015509979661, "lat_ctr": 34.392498244693364 }, "geometry": { "type": "Polygon", "coordinates": [ [ [ -119.798595357542936, 34.417844936390182 ], [ -119.802964752999927, 34.418097903000046 ], [ -119.808548752999926, 34.416345410000069 ], [ -119.832035359999921, 34.416264303000048 ], [ -119.8364073689999, 34.414948130000084 ], [ -119.841011731999927, 34.41298291600009 ], [ -119.840942211999902, 34.410039772000061 ], [ -119.842389676999929, 34.40623308000005 ], [ -119.844384790999968, 34.403892494000047 ], [ -119.854720134999951, 34.408806865000088 ], [ -119.868241575999917, 34.409479315000056 ], [ -119.874350160999953, 34.408769703000075 ], [ -119.878635816999889, 34.406613060000041 ], [ -119.890366276999941, 34.419092434000049 ], [ -119.900601458999901, 34.420435951000059 ], [ -119.921527970999932, 34.433401349000064 ], [ -119.934840716999972, 34.435541072000042 ], [ -119.942755918999893, 34.435237310000048 ], [ -119.949897361999945, 34.434311362000074 ], [ -119.95707218999982, 34.435892305000046 ], [ -119.962248484999932, 34.43981498100004 ], [ -119.975932049999955, 34.447209800000053 ], [ -119.984667386999973, 34.450034968000068 ], [ -119.989527355999925, 34.449767523000048 ], [ -120.009967660999962, 34.461011957000039 ], [ -120.022136204999939, 34.457696147000036 ], [ -120.03659899599991, 34.463137087000071 ], [ -120.091420050999915, 34.458807684000078 ], [ -120.133412238999952, 34.472723700000074 ], [ -120.171871103999962, 34.469984758000066 ], [ -120.213334967791852, 34.469472356099814 ], [ -120.084623577821773, 34.280878283417799 ], [ -119.798595357542936, 34.417844936390182 ] ] ] } },
{ "type": "Feature", "properties": { "grid_key": "st50-ln80", "station": 50.0, "line": 80.0, "shore": "nearshore", "pattern": "standard", "zone": "nearshore-standard", "lon_ctr": -120.45145103082963, "lat_ctr": 34.402560359006181 }, "geometry": { "type": "Polygon", "coordinates": [ [ [ -120.084623577821773, 34.280878283417799 ], [ -120.213334967791852, 34.469472356099814 ], [ -120.293206557999952, 34.468485563000058 ], [ -120.425200975999957, 34.451320705000057 ], [ -120.444342400999943, 34.451182132000042 ], [ -120.454107498999917, 34.442811833000064 ], [ -120.472681432999934, 34.45027297200005 ], [ -120.491607225999886, 34.491359768000052 ], [ -120.509985793999931, 34.521374539000078 ], [ -120.536363226999939, 34.535293291000073 ], [ -120.557835565999923, 34.541159594000078 ], [ -120.57793149599992, 34.553543183000045 ], [ -120.594568531999954, 34.554696821000043 ], [ -120.621616008999936, 34.552613560000054 ], [ -120.636626756999874, 34.562892971000053 ], [ -120.644436689999878, 34.574131281000064 ], [ -120.647834192999937, 34.585675589000061 ], [ -120.642109133999838, 34.601023237000042 ], [ -120.630566680999891, 34.628194386000082 ], [ -120.614135657999881, 34.659403305000069 ], [ -120.606054635999925, 34.679349989000059 ], [ -120.603053655999929, 34.70478195000004 ], [ -120.617014126999962, 34.725653387000079 ], [ -120.627593554000015, 34.743475653000083 ], [ -120.640248175999957, 34.75853099200009 ], [ -120.631581215968254, 34.778165902257349 ], [ -120.825390545591262, 34.68578838324887 ], [ -120.432040918919341, 34.114211616751128 ], [ -120.084623577821773, 34.280878283417799 ] ] ] } },
{ "type": "Feature", "properties": { "grid_key": "st55-ln80", "station": 55.0, "line": 80.0, "shore": "nearshore", "pattern": "standard", "zone": "nearshore-standard", "lon_ctr": -120.80223777468474, "lat_ctr": 34.316923958246903 }, "geometry": { "type": "Polygon", "coordinates": [ [ [ -120.432040918919341, 34.114211616751128 ], [ -120.825390545591262, 34.68578838324887 ], [ -121.174508518514571, 34.519121716582198 ], [ -120.778768057801599, 33.947544950084463 ], [ -120.432040918919341, 34.114211616751128 ] ] ] } },
{ "type": "Feature", "properties": { "grid_key": "st35-ln83.3", "station": 35.0, "line": 83.3, "shore": "nearshore", "pattern": "standard", "zone": "nearshore-standard", "lon_ctr": -118.99430970374254, "lat_ctr": 34.05359586609454 }, "geometry": { "type": "Polygon", "coordinates": [ [ [ -118.961538180508086, 34.051600958398922 ], [ -118.977503824999928, 34.059566 ], [ -118.99736639399994, 34.065651406000086 ], [ -119.008079924999919, 34.066119549000064 ], [ -119.027132121534777, 34.077180971803656 ], [ -118.99821258074094, 34.033974596215565 ], [ -118.961538180508086, 34.051600958398922 ] ] ] } },
{ "type": "Feature", "properties": { "grid_key": "st60-ln80", "station": 60.0, "line": 80.0, "shore": "nearshore", "pattern": "standard", "zone": "nearshore-standard", "lon_ctr": -121.23677365485771, "lat_ctr": 34.108709050720996 }, "geometry": { "type": "Polygon", "coordinates": [ [ [ -120.778768057801599, 33.947544950084463 ], [ -121.174508518514571, 34.519121716582198 ], [ -121.696867062393011, 34.269121716582205 ], [ -121.297576982695517, 33.69754495008447 ], [ -120.778768057801599, 33.947544950084463 ] ] ] } },
{ "type": "Feature", "properties": { "grid_key": "st40-ln83.3", "station": 40.0, "line": 83.3, "shore": "nearshore", "pattern": "standard", "zone": "nearshore-standard", "lon_ctr": -119.3665607557836, "lat_ctr": 34.145523514901804 }, "geometry": { "type": "Polygon", "coordinates": [ [ [ -118.99821258074094, 34.033974596215565 ], [ -119.027132121534777, 34.077180971803656 ], [ -119.038258998999922, 34.083639885000075 ], [ -119.060904976999893, 34.085529608000058 ], [ -119.089698202999898, 34.100483864000068 ], [ -119.100158818999915, 34.102807020000057 ], [ -119.117051769999961, 34.106416041000045 ], [ -119.119778543, 34.106131528000049 ], [ -119.119594330999917, 34.103739206000057 ], [ -119.114328579999963, 34.101792710000041 ], [ -119.100651873999908, 34.098963103000067 ], [ -119.106481596999913, 34.094466109000059 ], [ -119.128652932999927, 34.100546906000034 ], [ -119.153757635999881, 34.116325435000078 ], [ -119.193701624999875, 34.14173784900003 ], [ -119.20437988199987, 34.144096672000046 ], [ -119.205750069999937, 34.145757407000083 ], [ -119.204198666999943, 34.148413816000073 ], [ -119.204664557999905, 34.149535727000057 ], [ -119.208322636, 34.152321691000054 ], [ -119.21013591899991, 34.152308076000054 ], [ -119.210994508, 34.147987264000051 ], [ -119.214822881999922, 34.145707164000044 ], [ -119.217087473999925, 34.14550181900006 ], [ -119.220799551999889, 34.15316553800006 ], [ -119.22469729999996, 34.157075251000037 ], [ -119.226080561999922, 34.159128338000073 ], [ -119.23116096999992, 34.16734425900006 ], [ -119.237164492999938, 34.176865095000039 ], [ -119.243967251999948, 34.19009023600006 ], [ -119.252674933999955, 34.203924872000073 ], [ -119.260194046999914, 34.217123971000035 ], [ -119.26336174999993, 34.226576832000035 ], [ -119.258858625999949, 34.233352932000059 ], [ -119.263905402999924, 34.235052802000041 ], [ -119.267160610999895, 34.244533596000061 ], [ -119.26929996199992, 34.254958566000084 ], [ -119.281158006999945, 34.268703518000052 ], [ -119.289915196999871, 34.274576033000073 ], [ -119.296028214999922, 34.274321504000063 ], [ -119.304416659999887, 34.27236225300004 ], [ -119.313392124999908, 34.277128270000048 ], [ -119.320690486999951, 34.282635808000066 ], [ -119.329118195999854, 34.285929556000035 ], [ -119.338595652999928, 34.290479935000064 ], [ -119.349488259999958, 34.304074965000041 ], [ -119.358768920999907, 34.310093898000048 ], [ -119.364698791999871, 34.31572568800005 ], [ -119.370858534999925, 34.319674523000053 ], [ -119.375191017999924, 34.32027340500008 ], [ -119.382062375999922, 34.319370141000036 ], [ -119.386887656999946, 34.318065223000076 ], [ -119.391482427999904, 34.318444897000063 ], [ -119.394106081999865, 34.322601149000036 ], [ -119.401077902999916, 34.33057152400005 ], [ -119.409823811999871, 34.336172815000062 ], [ -119.418316768999915, 34.342382299000064 ], [ -119.429952735999933, 34.353471507000052 ], [ -119.436617135999967, 34.355727688000066 ], [ -119.443236180999946, 34.354821571000059 ], [ -119.453033798999954, 34.368401221000063 ], [ -119.460229092999896, 34.374040410000084 ], [ -119.46623507699988, 34.37502182500009 ], [ -119.470204646999974, 34.375813771000082 ], [ -119.472972442999946, 34.373888629000085 ], [ -119.475242012999885, 34.372393252000059 ], [ -119.477797998999904, 34.372579345000084 ], [ -119.479622233999933, 34.374458883000045 ], [ -119.483510438999943, 34.378632981000067 ], [ -119.488167184999895, 34.381115701000056 ], [ -119.494862727999916, 34.38399710300007 ], [ -119.502514142999942, 34.384342201000038 ], [ -119.516806330999927, 34.386938072000071 ], [ -119.520691453999916, 34.390689084000087 ], [ -119.529428363999855, 34.394812854000065 ], [ -119.536839727999876, 34.395580416000087 ], [ -119.555694513999896, 34.410450530000048 ], [ -119.56317512199989, 34.414794513000061 ], [ -119.568009219999922, 34.413902574000076 ], [ -119.572854979999889, 34.412795620000054 ], [ -119.575893693999973, 34.41192422600006 ], [ -119.581791195999926, 34.41270141800004 ], [ -119.595855272999941, 34.418850002000049 ], [ -119.617159643999912, 34.42052717200005 ], [ -119.621196750999857, 34.418173190000061 ], [ -119.628860852999964, 34.418083970000055 ], [ -119.638511645999927, 34.415242456000044 ], [ -119.657928548999962, 34.416506244000061 ], [ -119.678060914999961, 34.414385001000085 ], [ -119.687699931999887, 34.41090310800007 ], [ -119.690207587999893, 34.40813791000005 ], [ -119.691693966999949, 34.405383909000086 ], [ -119.690897804999963, 34.403498198000079 ], [ -119.700804621999936, 34.400856304000058 ], [ -119.702036851999935, 34.398104939000063 ], [ -119.70278870889797, 34.397762109476432 ], [ -119.344609458282619, 33.8673079295489 ], [ -118.99821258074094, 34.033974596215565 ] ] ] } },
{ "type": "Feature", "properties": { "grid_key": "st45-ln83.3", "station": 45.0, "line": 83.3, "shore": "nearshore", "pattern": "standard", "zone": "nearshore-standard", "lon_ctr": -119.70994871778568, "lat_ctr": 34.077334108721786 }, "geometry": { "type": "Polygon", "coordinates": [ [ [ -119.344609458282619, 33.8673079295489 ], [ -119.70278870889797, 34.397762109476432 ], [ -119.707879354999974, 34.39544085600005 ], [ -119.719895849999929, 34.395301310000036 ], [ -119.732947496999941, 34.397464126000038 ], [ -119.743215070999923, 34.402607612000054 ], [ -119.754504535999899, 34.404785920000052 ], [ -119.787648874999974, 34.417211163000047 ], [ -119.798595357542936, 34.417844936390182 ], [ -120.084623577821773, 34.280878283417799 ], [ -119.690324486749745, 33.700641262882236 ], [ -119.344609458282619, 33.8673079295489 ] ], [ [ -119.529426059999935, 34.02524840600006 ], [ -119.542666345999919, 34.02016434300009 ], [ -119.544527335999931, 34.013617241000077 ], [ -119.547833128999912, 34.00384712500005 ], [ -119.559521218999947, 33.994308649000061 ], [ -119.580325866999971, 33.993586235000059 ], [ -119.589497548000011, 33.989005583000058 ], [ -119.624820943999964, 33.987315553000087 ], [ -119.645457367999882, 33.986212475000059 ], [ -119.657682596999948, 33.986061776000042 ], [ -119.667048150999904, 33.983050180000077 ], [ -119.673278146999948, 33.978096858000072 ], [ -119.682116084999905, 33.976333644000078 ], [ -119.684945141999933, 33.973874143000039 ], [ -119.700174026999974, 33.968738494000036 ], [ -119.706478544999953, 33.968674579000037 ], [ -119.712690855999938, 33.961674293000044 ], [ -119.719512041999906, 33.959134293000041 ], [ -119.742213280999906, 33.96244951400007 ], [ -119.753468400999935, 33.962301480000065 ], [ -119.759239190999892, 33.95734169900004 ], [ -119.772047500999918, 33.959598317000079 ], [ -119.788251176999907, 33.959765133000076 ], [ -119.801565511999925, 33.963211129000058 ], [ -119.81720483499997, 33.959337927000036 ], [ -119.825197394999947, 33.966532354000044 ], [ -119.840504051999915, 33.969574153000053 ], [ -119.850767331999918, 33.967383031000054 ], [ -119.866711383999942, 33.978934276000075 ], [ -119.874109320999963, 33.980046565000066 ], [ -119.881261996999896, 33.991349371000069 ], [ -119.884370573999917, 34.001838363000047 ], [ -119.887068710999884, 34.008776658000045 ], [ -119.877082120999916, 34.024386762000063 ], [ -119.877221801999923, 34.032482766000037 ], [ -119.88625449899989, 34.03810874900006 ], [ -119.899179466999911, 34.049601328000051 ], [ -119.913563605999926, 34.055894273000035 ], [ -119.919123166999924, 34.057536940000034 ], [ -119.921549780999868, 34.054679350000072 ], [ -119.928468376999945, 34.055800203000047 ], [ -119.933019092999984, 34.06022914600004 ], [ -119.924292045999906, 34.066858478000086 ], [ -119.921019781999931, 34.07344613500004 ], [ -119.917224857999983, 34.078820327000074 ], [ -119.90462789399993, 34.074301803000083 ], [ -119.887043975999902, 34.074300968000045 ], [ -119.856411932999947, 34.070551942000066 ], [ -119.835159866999945, 34.063585676000059 ], [ -119.824370897999898, 34.055080471000053 ], [ -119.80699622299997, 34.051947333000044 ], [ -119.787740187999916, 34.056188569000085 ], [ -119.777853560999915, 34.055863163000083 ], [ -119.759262504999967, 34.055808821000085 ], [ -119.752833634999945, 34.052281636000089 ], [ -119.744292772999955, 34.052150783000059 ], [ -119.737005455999935, 34.046430236000049 ], [ -119.732147472999955, 34.048557464000055 ], [ -119.711835934999883, 34.042254864000085 ], [ -119.703795516999961, 34.034561746000065 ], [ -119.692381916999949, 34.02822374900007 ], [ -119.685359820999949, 34.019871289000044 ], [ -119.677022679999936, 34.020750575000079 ], [ -119.66663679499996, 34.016764887000079 ], [ -119.65439772699996, 34.019084734000039 ], [ -119.633182665999939, 34.013635007000062 ], [ -119.615639117999919, 34.019543137000078 ], [ -119.607930806999974, 34.02947425800005 ], [ -119.610079325999962, 34.039645939000089 ], [ -119.58864085099998, 34.049712044000046 ], [ -119.575407720999863, 34.05067721000006 ], [ -119.56493079299986, 34.055324611000053 ], [ -119.53252188299993, 34.041423910000049 ], [ -119.52149422599993, 34.034291329000041 ], [ -119.529426059999935, 34.02524840600006 ] ] ] } },
{ "type": "Feature", "properties": { "grid_key": "st50-ln83.3", "station": 50.0, "line": 83.3, "shore": "nearshore", "pattern": "standard", "zone": "nearshore-standard", "lon_ctr": -120.0533736898311, "lat_ctr": 33.901245833771426 }, "geometry": { "type": "Polygon", "coordinates": [ [ [ -119.690324486749745, 33.700641262882236 ], [ -120.084623577821773, 34.280878283417799 ], [ -120.432040918919341, 34.114211616751128 ], [ -120.391289265402861, 34.054778909579163 ], [ -120.380009495999872, 34.060897681000085 ], [ -120.368979028999973, 34.071311326000057 ], [ -120.369068028999934, 34.076225100000045 ], [ -120.362212693999894, 34.071682033000066 ], [ -120.35896617299997, 34.064972361000059 ], [ -120.356262126999908, 34.05851053300006 ], [ -120.360690360999897, 34.05309752900007 ], [ -120.356017773999909, 34.047080956000059 ], [ -120.34458184199994, 34.046492220000061 ], [ -120.335766106999969, 34.04870292600009 ], [ -120.330301140999879, 34.047174813000083 ], [ -120.318325774999892, 34.040055005000056 ], [ -120.311306009999882, 34.034476555000083 ], [ -120.306556533999881, 34.026397044000085 ], [ -120.308301269999902, 34.018200390000061 ], [ -120.329612341999891, 34.018629218000058 ], [ -120.351232122999917, 34.019022108000051 ], [ -120.360439239999877, 34.014757433000057 ], [ -120.364485947594105, 34.015666544848251 ], [ -120.035363249768878, 33.533974596215565 ], [ -119.690324486749745, 33.700641262882236 ] ], [ [ -120.044138729999929, 34.037272705000078 ], [ -120.042324519999923, 34.028081162000035 ], [ -120.049937673999935, 34.015605371000056 ], [ -120.047003513999897, 34.00381258200008 ], [ -120.033968531999889, 33.989577195000038 ], [ -120.008337388999934, 33.979026670000053 ], [ -119.980407272999926, 33.983467124000072 ], [ -119.978781448999953, 33.959370996000075 ], [ -119.970692784999912, 33.952931074000048 ], [ -119.968830159999939, 33.941116579000031 ], [ -119.999628467999869, 33.941479228000048 ], [ -120.018949772999932, 33.934153299000059 ], [ -120.049688375999864, 33.914781298000037 ], [ -120.071290524999938, 33.911785084000087 ], [ -120.08062679299988, 33.906362829000045 ], [ -120.1012984729999, 33.906888901000059 ], [ -120.109011043999942, 33.899737962000081 ], [ -120.10989116399989, 33.893140151000068 ], [ -120.124205654999912, 33.895086377000041 ], [ -120.133400634999902, 33.902824408000072 ], [ -120.152635500999878, 33.911687703000041 ], [ -120.175609984999966, 33.922231553000074 ], [ -120.184467483999953, 33.937422165000044 ], [ -120.189428045999989, 33.944799763000042 ], [ -120.19807957699993, 33.952101495000079 ], [ -120.210243987999917, 33.972487739000087 ], [ -120.21935946799988, 33.976723149000065 ], [ -120.225492723999878, 33.988458458000082 ], [ -120.237181432999904, 33.991713313000048 ], [ -120.248516704999929, 34.001127158000088 ], [ -120.236564990999881, 34.008803220000061 ], [ -120.217616, 34.010541155000062 ], [ -120.201055341999876, 34.004695622000042 ], [ -120.185819994999932, 34.008918186000066 ], [ -120.170962859999946, 34.007413919000037 ], [ -120.158485535999915, 34.015951829000073 ], [ -120.145480934999895, 34.024496898000052 ], [ -120.136097786, 34.024725653000075 ], [ -120.096665303999941, 34.017860670000054 ], [ -120.072477567999883, 34.024894548000077 ], [ -120.057874835999968, 34.03778486300007 ], [ -120.044138729999929, 34.037272705000078 ] ] ] } },
{ "type": "Feature", "properties": { "grid_key": "st30-ln86.7", "station": 30.0, "line": 86.7, "shore": "nearshore", "pattern": "standard", "zone": "nearshore-standard", "lon_ctr": -118.20706391983443, "lat_ctr": 33.701104221839898 }, "geometry": { "type": "MultiPolygon", "coordinates": [ [ [ [ -118.071231456972185, 33.714616964184536 ], [ -118.090536212999879, 33.730977207000088 ], [ -118.117387491999907, 33.74360654600008 ], [ -118.15258092499991, 33.758765400000073 ], [ -118.173639274999928, 33.763283160000064 ], [ -118.185533151999948, 33.757506898000088 ], [ -118.198966755999948, 33.764035657000072 ], [ -118.207209763999899, 33.763833569000049 ], [ -118.192498130999951, 33.752308925000087 ], [ -118.18661818299995, 33.741484335000045 ], [ -118.185188912999934, 33.732372421000044 ], [ -118.192862659999946, 33.731728564000043 ], [ -118.202479164999957, 33.739265809000074 ], [ -118.202745494999917, 33.746575200000052 ], [ -118.209734967999921, 33.742286855000089 ], [ -118.213827207999955, 33.749044833000085 ], [ -118.221506313999853, 33.770900783000059 ], [ -118.230702277999924, 33.769110419000079 ], [ -118.240335542999915, 33.767583137000088 ], [ -118.250091068999865, 33.763683542000081 ], [ -118.254551898999935, 33.765400526000064 ], [ -118.260365363999938, 33.76040273600006 ], [ -118.269514487999871, 33.753597021000076 ], [ -118.276770371999987, 33.756615928000087 ], [ -118.273791382999974, 33.75028920800009 ], [ -118.278316925999974, 33.738745878000088 ], [ -118.27447190299992, 33.723754604000078 ], [ -118.272206183999884, 33.715277411000045 ], [ -118.28244112499992, 33.716237389000071 ], [ -118.281725180999914, 33.711682553000053 ], [ -118.276084146999906, 33.707711565000068 ], [ -118.282689678999915, 33.707999821000044 ], [ -118.291306632999948, 33.703208265000058 ], [ -118.300881895999879, 33.709848763000082 ], [ -118.317518371999967, 33.713990356000068 ], [ -118.331460242999867, 33.720051438000041 ], [ -118.332480388184919, 33.720322847653556 ], [ -118.266388431216598, 33.620404242346659 ], [ -118.071231456972185, 33.714616964184536 ] ], [ [ -118.234675975999906, 33.763152826000074 ], [ -118.226577624999962, 33.765449583000077 ], [ -118.223918624999911, 33.756066514000054 ], [ -118.243878229999893, 33.750844216000075 ], [ -118.236346109999943, 33.728046034000045 ], [ -118.250134425999946, 33.723618208000062 ], [ -118.245571496999872, 33.714879458000034 ], [ -118.257628533999977, 33.716554070000086 ], [ -118.261326341999933, 33.725000144000035 ], [ -118.259126480999939, 33.729407138000049 ], [ -118.244320061999957, 33.734290960000067 ], [ -118.248993863999985, 33.749427260000061 ], [ -118.253853961999923, 33.746218959000089 ], [ -118.25110728999995, 33.736269119000042 ], [ -118.260562331999893, 33.733453944000068 ], [ -118.268615110999932, 33.728931446000047 ], [ -118.270859149999936, 33.739639570000065 ], [ -118.267506095999934, 33.747028786000044 ], [ -118.254988862, 33.758082644000069 ], [ -118.250319951999955, 33.75755544000009 ], [ -118.245547112999972, 33.759683031000066 ], [ -118.234675975999906, 33.763152826000074 ] ] ], [ [ [ -118.393490493892642, 33.812469236660888 ], [ -118.391799967999958, 33.81764675900007 ], [ -118.391388058999908, 33.835940991000086 ], [ -118.3972113559999, 33.844022862000088 ], [ -118.399673257999922, 33.851265028000057 ], [ -118.409916049999936, 33.873420343000078 ], [ -118.424945612999934, 33.905513410000083 ], [ -118.444650844999899, 33.949408270000049 ], [ -118.48265540299991, 33.999009507000039 ], [ -118.514068162999934, 34.022162177000041 ], [ -118.543400717089455, 34.038520014019852 ], [ -118.393490493892642, 33.812469236660888 ] ] ] ] } },
{ "type": "Feature", "properties": { "grid_key": "st55-ln83.3", "station": 55.0, "line": 83.3, "shore": "nearshore", "pattern": "standard", "zone": "nearshore-standard", "lon_ctr": -120.40606663811907, "lat_ctr": 33.739372284508022 }, "geometry": { "type": "Polygon", "coordinates": [ [ [ -120.035363249768878, 33.533974596215565 ], [ -120.364485947594105, 34.015666544848251 ], [ -120.373824538999969, 34.017764392000061 ], [ -120.382382058999951, 34.024128673000064 ], [ -120.392774212999953, 34.025965751000058 ], [ -120.406225727999939, 34.03141492300005 ], [ -120.415194010999926, 34.032468784000059 ], [ -120.423769553999932, 34.024945950000081 ], [ -120.438196941999905, 34.029559783000082 ], [ -120.446088133999936, 34.030216641000031 ], [ -120.449202675999885, 34.035865963000049 ], [ -120.437970384999915, 34.038538274000075 ], [ -120.415273713999895, 34.05449606500008 ], [ -120.403405948999961, 34.051456813000065 ], [ -120.394042700999876, 34.053285218000042 ], [ -120.391289265402861, 34.054778909579163 ], [ -120.432040918919341, 34.114211616751128 ], [ -120.778768057801599, 33.947544950084463 ], [ -120.37973128730782, 33.3673079295489 ], [ -120.035363249768878, 33.533974596215565 ] ] ] } },
{ "type": "Feature", "properties": { "grid_key": "st35-ln86.7", "station": 35.0, "line": 86.7, "shore": "nearshore", "pattern": "standard", "zone": "nearshore-standard", "lon_ctr": -118.61881772252616, "lat_ctr": 33.783961783582114 }, "geometry": { "type": "Polygon", "coordinates": [ [ [ -118.592237899123035, 33.462867359482757 ], [ -118.595881198999905, 33.466705629000046 ], [ -118.602116222999939, 33.471470083000035 ], [ -118.60391336799988, 33.476588999000057 ], [ -118.596867810999925, 33.476973211000093 ], [ -118.586778511999896, 33.475571359000064 ], [ -118.578002707999943, 33.476350805000038 ], [ -118.56962487699991, 33.474536554000053 ], [ -118.568528316120151, 33.474339892008771 ], [ -118.266388431216598, 33.620404242346659 ], [ -118.332480388184919, 33.720322847653556 ], [ -118.354816575999934, 33.726264817000072 ], [ -118.362286289999915, 33.735687043000041 ], [ -118.376078876999969, 33.737157499000034 ], [ -118.38500141499992, 33.740116127000078 ], [ -118.394188664999945, 33.736687222000057 ], [ -118.401357958999924, 33.735558976000057 ], [ -118.404808442999894, 33.740048560000048 ], [ -118.412040945999948, 33.741678190000073 ], [ -118.415216680999961, 33.754409512000052 ], [ -118.422782794999947, 33.763798883000049 ], [ -118.427568645999955, 33.773730759000053 ], [ -118.421818501999923, 33.783943880000038 ], [ -118.40930293999989, 33.791123914000082 ], [ -118.408635772999929, 33.798003189000042 ], [ -118.395715277999884, 33.805653987000085 ], [ -118.393490493892642, 33.812469236660888 ], [ -118.543400717089455, 34.038520014019852 ], [ -118.544056769999941, 34.038885809000085 ], [ -118.557303677999968, 34.037883194000074 ], [ -118.57062402499993, 34.04110557100006 ], [ -118.582627574999975, 34.036529339000083 ], [ -118.590738353999953, 34.039092740000058 ], [ -118.603400400999917, 34.038818418000062 ], [ -118.609265767999958, 34.035651389000066 ], [ -118.636942256999959, 34.036392435000032 ], [ -118.66658905099996, 34.038944518000051 ], [ -118.675664048999934, 34.038120742000046 ], [ -118.678199252999974, 34.033030377000046 ], [ -118.680136951999941, 34.030330386000067 ], [ -118.693160660999922, 34.031883725000057 ], [ -118.706780455999976, 34.02942726200007 ], [ -118.730526164999958, 34.032544976000054 ], [ -118.748392320999898, 34.03188851200008 ], [ -118.75614431799994, 34.025719679000076 ], [ -118.773018491999863, 34.023763951000035 ], [ -118.783398653999967, 34.021839237000059 ], [ -118.787929532999897, 34.019663922000063 ], [ -118.789208031999934, 34.014561763000074 ], [ -118.792751211999956, 34.011571329000049 ], [ -118.793703809999897, 34.007266866000066 ], [ -118.79661231999988, 34.006705704000069 ], [ -118.802768089999901, 34.004796187000068 ], [ -118.804060273999966, 34.001036196000086 ], [ -118.806969055999886, 33.999406269000076 ], [ -118.829814260999896, 34.02082363400006 ], [ -118.8526038279999, 34.033656929000074 ], [ -118.862662496999917, 34.034433390000061 ], [ -118.875719417999917, 34.037551203000078 ], [ -118.894220752999914, 34.038561363000042 ], [ -118.902671635999909, 34.040148941000041 ], [ -118.914693612999969, 34.040637403000062 ], [ -118.920903692999886, 34.04430167900005 ], [ -118.930006075999913, 34.045896262000042 ], [ -118.93680748999995, 34.043200309000049 ], [ -118.954036537999897, 34.047857995000072 ], [ -118.961538180508086, 34.051600958398922 ], [ -118.99821258074094, 34.033974596215565 ], [ -118.611103603281165, 33.453737575679988 ], [ -118.592237899123035, 33.462867359482757 ] ] ] } },
{ "type": "Feature", "properties": { "grid_key": "st60-ln83.3", "station": 60.0, "line": 83.3, "shore": "nearshore", "pattern": "standard", "zone": "nearshore-standard", "lon_ctr": -120.8376066088916, "lat_ctr": 33.53279892215393 }, "geometry": { "type": "Polygon", "coordinates": [ [ [ -120.37973128730782, 33.3673079295489 ], [ -120.778768057801599, 33.947544950084463 ], [ -121.297576982695517, 33.69754495008447 ], [ -120.895037746058847, 33.1173079295489 ], [ -120.37973128730782, 33.3673079295489 ] ] ] } },
{ "type": "Feature", "properties": { "grid_key": "st40-ln86.7", "station": 40.0, "line": 86.7, "shore": "nearshore", "pattern": "standard", "zone": "nearshore-standard", "lon_ctr": -118.97683972795326, "lat_ctr": 33.66077361599006 }, "geometry": { "type": "Polygon", "coordinates": [ [ [ -118.611103603281165, 33.453737575679988 ], [ -118.99821258074094, 34.033974596215565 ], [ -119.344609458282619, 33.8673079295489 ], [ -118.955150701521774, 33.287070909013323 ], [ -118.611103603281165, 33.453737575679988 ] ] ] } },
{ "type": "Feature", "properties": { "grid_key": "st45-ln86.7", "station": 45.0, "line": 86.7, "shore": "nearshore", "pattern": "standard", "zone": "nearshore-standard", "lon_ctr": -119.32172390737767, "lat_ctr": 33.494107039275058 }, "geometry": { "type": "Polygon", "coordinates": [ [ [ -118.955150701521774, 33.287070909013323 ], [ -119.344609458282619, 33.8673079295489 ], [ -119.690324486749745, 33.700641262882236 ], [ -119.298535202233069, 33.120404242346659 ], [ -118.955150701521774, 33.287070909013323 ] ] ] } },
{ "type": "Feature", "properties": { "grid_key": "st25-ln90", "station": 25.0, "line": 90.0, "shore": "nearshore", "pattern": "standard", "zone": "nearshore-standard", "lon_ctr": -117.57012970408297, "lat_ctr": 33.326583626393074 }, "geometry": { "type": "Polygon", "coordinates": [ [ [ -117.446848150990832, 33.26383152695599 ], [ -117.508844211999957, 33.335205337000055 ], [ -117.596302863999966, 33.390448309000078 ], [ -117.654367641999926, 33.441961981000077 ], [ -117.67072506399991, 33.452297268000059 ], [ -117.715199347999985, 33.474839585000041 ], [ -117.716615819079124, 33.475542133941943 ], [ -117.546479231230336, 33.215494142515595 ], [ -117.446848150990832, 33.26383152695599 ] ] ] } },
{ "type": "Feature", "properties": { "grid_key": "st50-ln86.7", "station": 50.0, "line": 86.7, "shore": "nearshore", "pattern": "standard", "zone": "nearshore-standard", "lon_ctr": -119.66951953278173, "lat_ctr": 33.329239079156686 }, "geometry": { "type": "Polygon", "coordinates": [ [ [ -119.298535202233069, 33.120404242346659 ], [ -119.690324486749745, 33.700641262882236 ], [ -120.035363249768878, 33.533974596215565 ], [ -119.641262539395242, 32.953737575679988 ], [ -119.298535202233069, 33.120404242346659 ] ], [ [ -119.488604466999931, 33.267188126000065 ], [ -119.482530915999959, 33.263603347000071 ], [ -119.46220396799994, 33.256544526000084 ], [ -119.443390654999916, 33.242169710000042 ], [ -119.434462582999856, 33.231317053000055 ], [ -119.434336974999894, 33.224011786000062 ], [ -119.439182448000011, 33.219843984000072 ], [ -119.446812677999901, 33.21929584500009 ], [ -119.45658263299994, 33.215980487000074 ], [ -119.468594564999904, 33.216292155000076 ], [ -119.472942058999948, 33.21532426300007 ], [ -119.487180598999942, 33.21788618000005 ], [ -119.491015440999973, 33.218752130000048 ], [ -119.495365090999982, 33.217327140000066 ], [ -119.50251455299987, 33.220891169000083 ], [ -119.515099988999921, 33.222102242000062 ], [ -119.523382283999936, 33.227932842000087 ], [ -119.544188332999894, 33.231319744000075 ], [ -119.566909339999953, 33.247472164000037 ], [ -119.567003653999947, 33.252496030000088 ], [ -119.574225471999895, 33.258797130000062 ], [ -119.572698580999941, 33.264755664000063 ], [ -119.578926043999857, 33.276096675000076 ], [ -119.577894128999873, 33.279308044000061 ], [ -119.562447845999984, 33.271741240000047 ], [ -119.550582111999901, 33.280117057000041 ], [ -119.542886423999903, 33.280178295000042 ], [ -119.53210348999994, 33.286278258000038 ], [ -119.51333998999992, 33.276456669000083 ], [ -119.497848207999937, 33.266124827000056 ], [ -119.488604466999931, 33.267188126000065 ] ] ] } },
{ "type": "Feature", "properties": { "grid_key": "st30-ln90", "station": 30.0, "line": 90.0, "shore": "nearshore", "pattern": "standard", "zone": "nearshore-standard", "lon_ctr": -117.90487223170837, "lat_ctr": 33.38492407136274 }, "geometry": { "type": "Polygon", "coordinates": [ [ [ -117.546479231230336, 33.215494142515595 ], [ -117.716615819079124, 33.475542133941943 ], [ -117.735218878999945, 33.484767971000053 ], [ -117.776519334999918, 33.529364325000074 ], [ -117.824574347999956, 33.561672268000052 ], [ -117.880251047999934, 33.59288017700004 ], [ -117.930220196999912, 33.607918492000067 ], [ -117.978505011999886, 33.635972398000035 ], [ -118.071231456972185, 33.714616964184536 ], [ -118.266388431216598, 33.620404242346659 ], [ -117.889580842813189, 33.048827475848931 ], [ -117.546479231230336, 33.215494142515595 ] ] ] } },
{ "type": "Feature", "properties": { "grid_key": "st55-ln86.7", "station": 55.0, "line": 86.7, "shore": "nearshore", "pattern": "standard", "zone": "nearshore-standard", "lon_ctr": -120.00948955218196, "lat_ctr": 33.160773855857684 }, "geometry": { "type": "Polygon", "coordinates": [ [ [ -119.641262539395242, 32.953737575679988 ], [ -120.035363249768878, 33.533974596215565 ], [ -120.37973128730782, 33.3673079295489 ], [ -119.983338105202279, 32.787070909013323 ], [ -119.641262539395242, 32.953737575679988 ] ] ] } },
{ "type": "Feature", "properties": { "grid_key": "st35-ln90", "station": 35.0, "line": 90.0, "shore": "nearshore", "pattern": "standard", "zone": "nearshore-standard", "lon_ctr": -118.23486049834615, "lat_ctr": 33.24120189876421 }, "geometry": { "type": "Polygon", "coordinates": [ [ [ -117.889580842813189, 33.048827475848931 ], [ -118.266388431216598, 33.620404242346659 ], [ -118.568528316120151, 33.474339892008771 ], [ -118.563435898999913, 33.473426576000065 ], [ -118.545937539999883, 33.475028762000079 ], [ -118.54067460499995, 33.475783166000042 ], [ -118.535860837999891, 33.477278162000054 ], [ -118.530102725999981, 33.469976175000063 ], [ -118.524377885999897, 33.466714878000062 ], [ -118.517747515999886, 33.45978245200007 ], [ -118.508057996999881, 33.454680973000059 ], [ -118.499706173999925, 33.451812500000081 ], [ -118.499682794999899, 33.448153697000066 ], [ -118.498770320999952, 33.442665713000054 ], [ -118.493060577999941, 33.441589198000088 ], [ -118.490442104999929, 33.443421645000058 ], [ -118.485636536999948, 33.444876593000068 ], [ -118.484329640999931, 33.447093576000043 ], [ -118.476900714999985, 33.447445403000074 ], [ -118.472499288999956, 33.44196389800004 ], [ -118.468075783999922, 33.442408711000041 ], [ -118.462823692999919, 33.439843866000039 ], [ -118.457540441999939, 33.435110204000068 ], [ -118.450054222999924, 33.431861993000041 ], [ -118.444791158999877, 33.428584013000034 ], [ -118.437307795999914, 33.429362591000086 ], [ -118.433853213999882, 33.42715536500009 ], [ -118.429443462999956, 33.428282726000077 ], [ -118.421119870999974, 33.427947626000048 ], [ -118.394449177999917, 33.415962763000039 ], [ -118.389098455999928, 33.417460528000049 ], [ -118.382598976999901, 33.410526297000047 ], [ -118.37937482699995, 33.410182864000035 ], [ -118.37402780099994, 33.410206772000038 ], [ -118.369206483999875, 33.40839266200004 ], [ -118.368302772999911, 33.405101551000087 ], [ -118.366907513999905, 33.398881928000037 ], [ -118.369580626999976, 33.394849740000048 ], [ -118.368289460999875, 33.389002583000035 ], [ -118.363376394999918, 33.388277561000059 ], [ -118.355131151999856, 33.377346319000083 ], [ -118.343628195999969, 33.366762193000049 ], [ -118.331757313999901, 33.359112834000086 ], [ -118.326514339999875, 33.348901252000083 ], [ -118.326343657, 33.344607568000072 ], [ -118.322764640999907, 33.343132417000049 ], [ -118.317254638999955, 33.343429236000077 ], [ -118.308665395999924, 33.336420001000079 ], [ -118.304344449999888, 33.319268941000075 ], [ -118.307854332999938, 33.31872443900005 ], [ -118.310583629999925, 33.314231484000061 ], [ -118.304340113999913, 33.309040023000087 ], [ -118.312127837999967, 33.305542270000046 ], [ -118.314709021999988, 33.301629145000049 ], [ -118.32603490699988, 33.298632797000039 ], [ -118.346016731999896, 33.305231359000068 ], [ -118.354946583999919, 33.312944618000074 ], [ -118.364003247999946, 33.315047967000055 ], [ -118.374796158999871, 33.319511779000038 ], [ -118.396096027999889, 33.32010024300007 ], [ -118.410465684999849, 33.320371925000074 ], [ -118.422664262999959, 33.316634174000058 ], [ -118.44383480599997, 33.318826713000078 ], [ -118.463585585999937, 33.323514310000064 ], [ -118.47277126999991, 33.332942806000062 ], [ -118.4842439439999, 33.346074552000061 ], [ -118.489581558999916, 33.358498939000071 ], [ -118.48439996999987, 33.368413836000059 ], [ -118.486164956999929, 33.372427754000057 ], [ -118.480071710999937, 33.380143233000069 ], [ -118.474872309999895, 33.382370955000056 ], [ -118.479324236999929, 33.386750276000043 ], [ -118.487232176999854, 33.402811890000066 ], [ -118.48452331699994, 33.405381113000089 ], [ -118.487149580999926, 33.408304122000061 ], [ -118.486345800999885, 33.415967844000079 ], [ -118.490734640999946, 33.41962539900004 ], [ -118.497756378999895, 33.42143085400005 ], [ -118.503907513999962, 33.423224902000072 ], [ -118.510496250999864, 33.423938125000063 ], [ -118.515654118999919, 33.423005280000041 ], [ -118.520788897999907, 33.427514671000047 ], [ -118.530673002999947, 33.428580903000068 ], [ -118.53508478499991, 33.42931182500007 ], [ -118.542988218999938, 33.432922771000051 ], [ -118.550885946999941, 33.433253662000084 ], [ -118.559226277999912, 33.432853992000048 ], [ -118.566735598999912, 33.436856014000057 ], [ -118.572850731999907, 33.437906618000056 ], [ -118.573730276999896, 33.440455082000085 ], [ -118.574117225999913, 33.446613767000088 ], [ -118.579049097999899, 33.44847636500009 ], [ -118.584382505999898, 33.452864114000079 ], [ -118.589607025999896, 33.460095565000074 ], [ -118.592237899123035, 33.462867359482757 ], [ -118.611103603281165, 33.453737575679988 ], [ -118.232027611670503, 32.88216080918226 ], [ -117.889580842813189, 33.048827475848931 ] ] ] } },
{ "type": "Feature", "properties": { "grid_key": "st60-ln86.7", "station": 60.0, "line": 86.7, "shore": "nearshore", "pattern": "standard", "zone": "nearshore-standard", "lon_ctr": -120.43817007571685, "lat_ctr": 32.952553742692857 }, "geometry": { "type": "Polygon", "coordinates": [ [ [ -119.983338105202279, 32.787070909013323 ], [ -120.37973128730782, 33.3673079295489 ], [ -120.895037746058847, 33.1173079295489 ], [ -120.495241076622619, 32.537070909013323 ], [ -119.983338105202279, 32.787070909013323 ] ] ] } },
{ "type": "Feature", "properties": { "grid_key": "st40-ln90", "station": 40.0, "line": 90.0, "shore": "nearshore", "pattern": "standard", "zone": "nearshore-standard", "lon_ctr": -118.59891825816341, "lat_ctr": 33.095783423213156 }, "geometry": { "type": "Polygon", "coordinates": [ [ [ -118.365004153650872, 32.817356481143577 ], [ -118.384180700999934, 32.824391357000081 ], [ -118.401483379999945, 32.819990138000037 ], [ -118.404164191999982, 32.812404690000051 ], [ -118.411366339999915, 32.809800523000035 ], [ -118.425011087999849, 32.802416140000055 ], [ -118.429043422999953, 32.802872774000043 ], [ -118.438367387999932, 32.816921658000076 ], [ -118.44991504599993, 32.818819046000044 ], [ -118.474263153999885, 32.838121723000093 ], [ -118.489901248999871, 32.844903564000049 ], [ -118.499149718999959, 32.85062791900009 ], [ -118.506771710999928, 32.865249260000041 ], [ -118.508595383999989, 32.876468773000056 ], [ -118.520151559999945, 32.885466869000076 ], [ -118.531234811999909, 32.903407695000055 ], [ -118.537593170999912, 32.905751498000086 ], [ -118.546917738999923, 32.918750014000075 ], [ -118.548187619999936, 32.937190824000091 ], [ -118.551701850999891, 32.945411119000084 ], [ -118.558689245999886, 32.953108413000052 ], [ -118.575546478999854, 32.969004341000073 ], [ -118.579904751999919, 32.987779039000088 ], [ -118.586753466999895, 33.003329658000041 ], [ -118.593759444999932, 33.013946066000081 ], [ -118.608244568999936, 33.014376784000035 ], [ -118.607215286999974, 33.030856352000058 ], [ -118.595690633999922, 33.035281301000055 ], [ -118.589857487999907, 33.02996711600008 ], [ -118.577164844999899, 33.032455749000071 ], [ -118.564367112999932, 33.023762111000053 ], [ -118.565465458999924, 33.018407652000057 ], [ -118.560180125999935, 33.006330697000074 ], [ -118.549787298999931, 33.001576939000074 ], [ -118.545049309999953, 32.985612929000062 ], [ -118.516022975999903, 32.958162318000063 ], [ -118.504424056999909, 32.941329224000071 ], [ -118.483562601999893, 32.921599942000057 ], [ -118.466738940999917, 32.914819848000036 ], [ -118.450661601999897, 32.89762455500005 ], [ -118.407109687999906, 32.864257863000034 ], [ -118.381983559999952, 32.84766240200009 ], [ -118.358766391999879, 32.827828497000041 ], [ -118.354283846331384, 32.822582648893992 ], [ -118.232027611670503, 32.88216080918226 ], [ -118.611103603281165, 33.453737575679988 ], [ -118.955150701521774, 33.287070909013323 ], [ -118.573824912211265, 32.715494142515595 ], [ -118.365004153650872, 32.817356481143577 ] ] ] } },
{ "type": "Feature", "properties": { "grid_key": "st45-ln90", "station": 45.0, "line": 90.0, "shore": "nearshore", "pattern": "standard", "zone": "nearshore-standard", "lon_ctr": -118.93522177064689, "lat_ctr": 32.918190226703906 }, "geometry": { "type": "Polygon", "coordinates": [ [ [ -118.573824912211265, 32.715494142515595 ], [ -118.955150701521774, 33.287070909013323 ], [ -119.298535202233069, 33.120404242346659 ], [ -118.914978077800939, 32.548827475848931 ], [ -118.573824912211265, 32.715494142515595 ] ] ] } },
{ "type": "Feature", "properties": { "grid_key": "st25-ln93.3", "station": 25.0, "line": 93.3, "shore": "nearshore", "pattern": "standard", "zone": "nearshore-standard", "lon_ctr": -117.3808810273247, "lat_ctr": 33.063361577500487 }, "geometry": { "type": "MultiPolygon", "coordinates": [ [ [ [ -117.149121460237453, 32.644664207137787 ], [ -117.149810350999942, 32.646307684000078 ], [ -117.166371222999956, 32.669501044000071 ], [ -117.188384568999965, 32.682684637000079 ], [ -117.199622934702731, 32.683325628280841 ], [ -117.168378683884612, 32.635257121980018 ], [ -117.149121460237453, 32.644664207137787 ] ] ], [ [ [ -117.119577635898423, 32.659094318550714 ], [ -117.119016572999897, 32.670609972000086 ], [ -117.133208787999962, 32.689846096000046 ], [ -117.146325055999881, 32.694262023000078 ], [ -117.166574673999918, 32.706773179000045 ], [ -117.177343384999958, 32.715030606000091 ], [ -117.174638125, 32.726732120000065 ], [ -117.209857763999949, 32.725284143000067 ], [ -117.222969255204291, 32.719229215669678 ], [ -117.216006483472071, 32.708522650522077 ], [ -117.205813761999906, 32.713403109000062 ], [ -117.190956105999902, 32.713699247000079 ], [ -117.187859490999912, 32.705935569000076 ], [ -117.168058045999928, 32.69880508600005 ], [ -117.164173956999974, 32.683783270000049 ], [ -117.155853456999907, 32.672367021000078 ], [ -117.142796618999938, 32.653115941000067 ], [ -117.140570780009469, 32.64884086378995 ], [ -117.119577635898423, 32.659094318550714 ] ] ], [ [ [ -117.546479231230336, 33.215494142515595 ], [ -117.254664132326084, 32.767952405193405 ], [ -117.257556207999897, 32.784244680000086 ], [ -117.278793012999941, 32.822812478000053 ], [ -117.283597250999946, 32.837653985000088 ], [ -117.273789152999925, 32.851145690000067 ], [ -117.266038692999928, 32.847035410000039 ], [ -117.259873763999892, 32.854066839000041 ], [ -117.253640939999912, 32.885081363000047 ], [ -117.258065553999927, 32.908983319000072 ], [ -117.274769660999951, 32.993475653000075 ], [ -117.279564675999893, 33.007223916000044 ], [ -117.28604081899995, 33.023871161000052 ], [ -117.298075238999886, 33.035903980000057 ], [ -117.322161222999938, 33.108500616000079 ], [ -117.361914116999955, 33.165943481000056 ], [ -117.446848150990832, 33.26383152695599 ], [ -117.546479231230336, 33.215494142515595 ] ] ] ] } },
{ "type": "Feature", "properties": { "grid_key": "st50-ln90", "station": 50.0, "line": 90.0, "shore": "nearshore", "pattern": "standard", "zone": "nearshore-standard", "lon_ctr": -119.27716513658518, "lat_ctr": 32.751523566785252 }, "geometry": { "type": "Polygon", "coordinates": [ [ [ -118.914978077800939, 32.548827475848931 ], [ -119.298535202233069, 33.120404242346659 ], [ -119.641262539395242, 32.953737575679988 ], [ -119.255492401271979, 32.38216080918226 ], [ -118.914978077800939, 32.548827475848931 ] ] ] } },
{ "type": "Feature", "properties": { "grid_key": "st30-ln93.3", "station": 30.0, "line": 93.3, "shore": "nearshore", "pattern": "standard", "zone": "nearshore-standard", "lon_ctr": -117.53035923689717, "lat_ctr": 32.843289883401283 }, "geometry": { "type": "MultiPolygon", "coordinates": [ [ [ [ -117.168378683884612, 32.635257121980018 ], [ -117.199622934702731, 32.683325628280841 ], [ -117.223974835999897, 32.68471444100004 ], [ -117.226186031999916, 32.697206661000052 ], [ -117.220029591999946, 32.706596241000042 ], [ -117.216006483472071, 32.708522650522077 ], [ -117.222969255204291, 32.719229215669678 ], [ -117.224243916999967, 32.718640552000075 ], [ -117.237833569999921, 32.707223084000084 ], [ -117.236561652999882, 32.669623114000046 ], [ -117.245279620999867, 32.674584210000035 ], [ -117.255279100999928, 32.691392320000041 ], [ -117.257476365999963, 32.701727606000077 ], [ -117.254727270999894, 32.746449669000071 ], [ -117.253877191999962, 32.763520085000039 ], [ -117.254664132326084, 32.767952405193405 ], [ -117.546479231230336, 33.215494142515595 ], [ -117.889580842813189, 33.048827475848931 ], [ -117.509223638533598, 32.468590455313354 ], [ -117.168378683884612, 32.635257121980018 ] ] ], [ [ [ -118.697204301279584, 31.885257121980029 ], [ -118.527961547997776, 31.968590455313347 ], [ -118.866292514852447, 31.801923788646683 ], [ -118.697204301279584, 31.885257121980029 ] ] ] ] } },
{ "type": "Feature", "properties": { "grid_key": "st55-ln90", "station": 55.0, "line": 90.0, "shore": "nearshore", "pattern": "standard", "zone": "nearshore-standard", "lon_ctr": -119.6184632244223, "lat_ctr": 32.584856897102782 }, "geometry": { "type": "Polygon", "coordinates": [ [ [ -119.255492401271979, 32.38216080918226 ], [ -119.641262539395242, 32.953737575679988 ], [ -119.983338105202279, 32.787070909013323 ], [ -119.595373135427266, 32.215494142515595 ], [ -119.255492401271979, 32.38216080918226 ] ] ] } },
{ "type": "Feature", "properties": { "grid_key": "st35-ln93.3", "station": 35.0, "line": 93.3, "shore": "nearshore", "pattern": "standard", "zone": "nearshore-standard", "lon_ctr": -117.86966123895868, "lat_ctr": 32.675615990818571 }, "geometry": { "type": "Polygon", "coordinates": [ [ [ -117.509223638533598, 32.468590455313354 ], [ -117.889580842813189, 33.048827475848931 ], [ -118.232027611670503, 32.88216080918226 ], [ -117.849432284845477, 32.301923788646683 ], [ -117.509223638533598, 32.468590455313354 ] ] ] } },
{ "type": "Feature", "properties": { "grid_key": "st60-ln90", "station": 60.0, "line": 90.0, "shore": "nearshore", "pattern": "standard", "zone": "nearshore-standard", "lon_ctr": -120.04434902961614, "lat_ctr": 32.376634200913621 }, "geometry": { "type": "Polygon", "coordinates": [ [ [ -119.595373135427266, 32.215494142515595 ], [ -119.983338105202279, 32.787070909013323 ], [ -120.495241076622619, 32.537070909013323 ], [ -120.104017650030997, 31.965494142515595 ], [ -119.595373135427266, 32.215494142515595 ] ] ] } },
{ "type": "Feature", "properties": { "grid_key": "st40-ln93.3", "station": 40.0, "line": 93.3, "shore": "nearshore", "pattern": "standard", "zone": "nearshore-standard", "lon_ctr": -118.21063096913282, "lat_ctr": 32.508879839840951 }, "geometry": { "type": "Polygon", "coordinates": [ [ [ -117.849432284845477, 32.301923788646683 ], [ -118.232027611670503, 32.88216080918226 ], [ -118.354283846331384, 32.822582648893992 ], [ -118.350941535999979, 32.818670966000077 ], [ -118.363596157999893, 32.816839911000038 ], [ -118.365004153650872, 32.817356481143577 ], [ -118.573824912211265, 32.715494142515595 ], [ -118.189009856529438, 32.135257121980018 ], [ -117.849432284845477, 32.301923788646683 ] ] ] } },
{ "type": "Feature", "properties": { "grid_key": "st45-ln93.3", "station": 45.0, "line": 93.3, "shore": "nearshore", "pattern": "standard", "zone": "nearshore-standard", "lon_ctr": -118.55103593009734, "lat_ctr": 32.34228264809186 }, "geometry": { "type": "Polygon", "coordinates": [ [ [ -118.189009856529438, 32.135257121980018 ], [ -118.573824912211265, 32.715494142515595 ], [ -118.914978077800939, 32.548827475848931 ], [ -118.527961547997776, 31.968590455313354 ], [ -118.189009856529438, 32.135257121980018 ] ] ] } },
{ "type": "Feature", "properties": { "grid_key": "st50-ln93.3", "station": 50.0, "line": 93.3, "shore": "nearshore", "pattern": "standard", "zone": "nearshore-standard", "lon_ctr": -118.89077215591166, "lat_ctr": 32.175615961568731 }, "geometry": { "type": "MultiPolygon", "coordinates": [ [ [ [ -118.527961547997776, 31.968590455313347 ], [ -118.914978077800939, 32.548827475848931 ], [ -119.255492401271979, 32.382160809182267 ], [ -118.866292514852447, 31.801923788646683 ], [ -118.527961547997776, 31.968590455313347 ] ] ], [ [ [ -122.714107764861623, 29.885257121980018 ], [ -122.382556578629661, 30.051923788646683 ], [ -123.045099584928067, 29.718590455313354 ], [ -122.714107764861623, 29.885257121980018 ] ] ] ] } },
{ "type": "Feature", "properties": { "grid_key": "st55-ln93.3", "station": 55.0, "line": 93.3, "shore": "nearshore", "pattern": "standard", "zone": "nearshore-standard", "lon_ctr": -119.22988125358667, "lat_ctr": 32.008949264732969 }, "geometry": { "type": "Polygon", "coordinates": [ [ [ -118.866292514852447, 31.801923788646683 ], [ -119.255492401271979, 32.38216080918226 ], [ -119.595373135427266, 32.215494142515595 ], [ -119.204007874364152, 31.635257121980018 ], [ -118.866292514852447, 31.801923788646683 ] ] ] } },
{ "type": "Feature", "properties": { "grid_key": "st60-ln93.3", "station": 60.0, "line": 93.3, "shore": "nearshore", "pattern": "standard", "zone": "nearshore-standard", "lon_ctr": -119.65305152506451, "lat_ctr": 31.8007240739312 }, "geometry": { "type": "Polygon", "coordinates": [ [ [ -119.204007874364152, 31.635257121980018 ], [ -119.595373135427266, 32.215494142515595 ], [ -120.104017650030997, 31.965494142515595 ], [ -119.709437750841758, 31.385257121980022 ], [ -119.204007874364152, 31.635257121980018 ] ] ] } },
{ "type": "Feature", "properties": { "grid_key": "st110-ln60_hist", "station": 110.0, "line": 60.0, "shore": "offshore", "pattern": "historical", "zone": "offshore-historical", "lon_ctr": -127.56904511480204, "lat_ctr": 35.907754115632841 }, "geometry": { "type": "Polygon", "coordinates": [ [ [ -127.871428193908685, 36.813460352255525 ], [ -129.301296980832461, 36.146793685588861 ], [ -127.931351256160838, 34.414742878019979 ], [ -126.532384921282372, 35.08140954468665 ], [ -126.180848339939502, 35.248076211353315 ], [ -126.622811454517887, 35.828313231888885 ], [ -127.062055617445623, 36.39988999838662 ], [ -126.346321518092168, 36.733223331719955 ], [ -125.987279758171653, 36.89988999838662 ], [ -126.428943936143, 37.48012701892219 ], [ -127.871428193908685, 36.813460352255525 ] ] ] } },
{ "type": "Feature", "properties": { "grid_key": "st110-ln70_hist", "station": 110.0, "line": 70.0, "shore": "offshore", "pattern": "historical", "zone": "offshore-historical", "lon_ctr": -126.39794797922627, "lat_ctr": 33.968032684986809 }, "geometry": { "type": "Polygon", "coordinates": [ [ [ -127.931351256160838, 34.414742878019979 ], [ -126.598941363726851, 32.682692070451104 ], [ -125.228348938539611, 33.349358737117768 ], [ -124.884052806255895, 33.516025403784433 ], [ -125.314831005314971, 34.09626242432001 ], [ -125.742739148511532, 34.667839190817737 ], [ -126.180848339939502, 35.248076211353315 ], [ -126.532384921282372, 35.08140954468665 ], [ -127.931351256160838, 34.414742878019979 ] ] ] } },
{ "type": "Feature", "properties": { "grid_key": "st110-ln80_hist", "station": 110.0, "line": 80.0, "shore": "offshore", "pattern": "historical", "zone": "offshore-historical", "lon_ctr": -125.24417459391313, "lat_ctr": 32.285494054768535 }, "geometry": { "type": "Polygon", "coordinates": [ [ [ -125.30100635544521, 30.950641262882232 ], [ -124.293497911794688, 31.450641262882232 ], [ -124.718312190848692, 32.030878283417799 ], [ -124.37912719648142, 32.197544950084463 ], [ -124.039314385174393, 32.364211616751128 ], [ -124.456813453063617, 32.93578838324887 ], [ -124.884052806255895, 33.516025403784433 ], [ -125.228348938539611, 33.349358737117768 ], [ -126.598941363726851, 32.682692070451104 ], [ -125.30100635544521, 30.950641262882232 ] ] ] } },
{ "type": "Feature", "properties": { "grid_key": "st80-ln55_hist", "station": 80.0, "line": 55.0, "shore": "offshore", "pattern": "historical", "zone": "offshore-historical", "lon_ctr": -126.1378630167069, "lat_ctr": 38.392699298007038 }, "geometry": { "type": "Polygon", "coordinates": [ [ [ -125.627446231455806, 37.066556665053291 ], [ -124.905377662354894, 37.39988999838662 ], [ -124.543129369987554, 37.566556665053284 ], [ -124.973422022095704, 38.146793685588854 ], [ -126.279885784809366, 39.878844493157736 ], [ -127.771363580418821, 39.212177826491072 ], [ -126.428943936143, 37.48012701892219 ], [ -125.987279758171653, 36.89988999838662 ], [ -125.627446231455806, 37.066556665053291 ] ] ] } },
{ "type": "Feature", "properties": { "grid_key": "st60-ln55_hist", "station": 60.0, "line": 55.0, "shore": "nearshore", "pattern": "historical", "zone": "nearshore-historical", "lon_ctr": -124.64175942261068, "lat_ctr": 39.029664486529384 }, "geometry": { "type": "Polygon", "coordinates": [ [ [ -124.180062809345827, 37.733223331719955 ], [ -124.116570920402026, 37.646620791341512 ], [ -123.571067658227918, 37.896620791341512 ], [ -123.206360572424273, 38.063287458008176 ], [ -123.023692978242394, 38.146620791341512 ], [ -123.321338057215513, 38.560192415869452 ], [ -123.336979425999928, 38.567259471000057 ], [ -123.341667698999927, 38.586630594000042 ], [ -123.35599489899991, 38.597149439000077 ], [ -123.365886766999893, 38.600738471000057 ], [ -123.369487741999919, 38.612144403000059 ], [ -123.401095308999913, 38.642832421000037 ], [ -123.413981695999894, 38.666687392000085 ], [ -123.432460835999876, 38.677971374000037 ], [ -123.433606676999929, 38.686794669000051 ], [ -123.47409662099993, 38.721974557000067 ], [ -123.492457285999933, 38.736468673000054 ], [ -123.523292959999935, 38.746723986000063 ], [ -123.537643258999935, 38.77232914800004 ], [ -123.558845130999941, 38.782990569000049 ], [ -123.566232876999919, 38.795152085000041 ], [ -123.594170967999901, 38.805820716000085 ], [ -123.616472326999912, 38.827315014000078 ], [ -123.648306616999932, 38.849534971000082 ], [ -123.663059233999945, 38.87245069100004 ], [ -123.697561332999911, 38.900277721000066 ], [ -123.711672367999952, 38.914321002000072 ], [ -123.726242233999955, 38.918576086000087 ], [ -123.727301203999914, 38.933182959000078 ], [ -123.742606700999943, 38.955623911000089 ], [ -123.725241612999938, 38.960372251000081 ], [ -123.70392818899991, 38.990057684000085 ], [ -123.696086873999917, 39.007794611000058 ], [ -123.689076300999929, 39.027899481000084 ], [ -123.691314256999959, 39.038560289000088 ], [ -123.6951507039999, 39.059126676000062 ], [ -123.703840546999913, 39.083628436000083 ], [ -123.707992982516231, 39.094047726839023 ], [ -124.773721256694557, 40.545511159824407 ], [ -126.279885784809366, 39.878844493157736 ], [ -124.973422022095704, 38.146793685588854 ], [ -124.543129369987554, 37.566556665053284 ], [ -124.180062809345827, 37.733223331719955 ] ] ] } },
{ "type": "Feature", "properties": { "grid_key": "st40-ln55_hist", "station": 40.0, "line": 55.0, "shore": "nearshore", "pattern": "historical", "zone": "nearshore-historical", "lon_ctr": -124.22100990075123, "lat_ctr": 40.052598261627395 }, "geometry": { "type": "MultiPolygon", "coordinates": [ [ [ [ -124.194364831387105, 40.800187046306618 ], [ -124.199744790999944, 40.784852710000052 ], [ -124.223288141999944, 40.757096106000063 ], [ -124.232841118999971, 40.766642871000052 ], [ -124.216848530999926, 40.786421734000051 ], [ -124.213255632119058, 40.791898413695691 ], [ -124.773721256694557, 40.545511159824407 ], [ -123.707992982516231, 39.094047726839023 ], [ -123.712882217999962, 39.106315400000085 ], [ -123.721648712999922, 39.133019342000068 ], [ -123.737795843999947, 39.143004947000072 ], [ -123.735550560999954, 39.159034120000058 ], [ -123.767850350999964, 39.194006733000037 ], [ -123.777898087999944, 39.222120515000086 ], [ -123.79054342099991, 39.26974584900006 ], [ -123.80326337599989, 39.278954003000088 ], [ -123.797474738999938, 39.297674872000073 ], [ -123.806385871, 39.304754950000081 ], [ -123.805997655999946, 39.324140097000054 ], [ -123.824924247999945, 39.34729559200008 ], [ -123.820568918999911, 39.405260096000063 ], [ -123.81650937299996, 39.443998058000027 ], [ -123.798638125999929, 39.490508910000074 ], [ -123.776356574999909, 39.529282945000034 ], [ -123.769768318999894, 39.544645807000059 ], [ -123.769444368999942, 39.563728211000061 ], [ -123.786827832999904, 39.596776979000083 ], [ -123.786479454999878, 39.655204622000042 ], [ -123.790376490999904, 39.666414820000057 ], [ -123.790581689999911, 39.677373737000046 ], [ -123.795967388999912, 39.691867604000038 ], [ -123.802934825999898, 39.702512754000054 ], [ -123.808573900999932, 39.711797943000079 ], [ -123.82381696099992, 39.717762103000041 ], [ -123.830019570999923, 39.726514178000059 ], [ -123.830555792999945, 39.741848049000055 ], [ -123.8375556619999, 39.761601771000073 ], [ -123.837275051999953, 39.782944200000088 ], [ -123.844731425999896, 39.808299108000092 ], [ -123.854018803999935, 39.833514269000041 ], [ -123.880176659999918, 39.844271305000071 ], [ -123.907720977999929, 39.865867204000047 ], [ -123.930696268999895, 39.908017810000047 ], [ -123.955554353999958, 39.924506245000089 ], [ -123.978947193999971, 39.962896153000088 ], [ -124.001239988999927, 39.978083140000088 ], [ -124.022706074999931, 40.002135431000056 ], [ -124.033457798999919, 40.012125926000081 ], [ -124.045149080999948, 40.018727169000044 ], [ -124.058520300999959, 40.023796388000051 ], [ -124.063327971999968, 40.022596871000083 ], [ -124.06937018099994, 40.021333145000078 ], [ -124.07605200499988, 40.027217164000035 ], [ -124.080406974999903, 40.035559707000068 ], [ -124.080480409999893, 40.059789185000056 ], [ -124.087441716999976, 40.07751537300004 ], [ -124.115793423999946, 40.107123114000046 ], [ -124.138251369999921, 40.115925651000055 ], [ -124.185317380999962, 40.129551480000089 ], [ -124.219996411999915, 40.16515220400003 ], [ -124.256422725999911, 40.184415136000041 ], [ -124.319377876999965, 40.224613110000057 ], [ -124.327154329999928, 40.237040215000029 ], [ -124.342581489999915, 40.242037329000084 ], [ -124.363509794999899, 40.261480937000044 ], [ -124.36013698099994, 40.28156716400008 ], [ -124.348283142999961, 40.318907378000063 ], [ -124.364777988999947, 40.344683457000095 ], [ -124.366205206999894, 40.377450740000086 ], [ -124.398109628999961, 40.415835728000047 ], [ -124.409201970999902, 40.443817665000047 ], [ -124.395959556999927, 40.465362732000067 ], [ -124.388028151999919, 40.483295 ], [ -124.383782718999868, 40.500100354000047 ], [ -124.38583202399991, 40.50951536000008 ], [ -124.36999971299997, 40.536889624000075 ], [ -124.357980923999946, 40.563055731000084 ], [ -124.349964972999956, 40.577785549000055 ], [ -124.322092251999905, 40.617377020000042 ], [ -124.319488084999932, 40.628648179000045 ], [ -124.31725012899993, 40.632066148000035 ], [ -124.314035610999881, 40.634588934000085 ], [ -124.310129360999909, 40.63548411700009 ], [ -124.305775519999912, 40.637396552000041 ], [ -124.307687954999935, 40.641587632000039 ], [ -124.311634894999969, 40.646226304000038 ], [ -124.307616336999914, 40.65282504500005 ], [ -124.292662957999937, 40.676822617000099 ], [ -124.273874767999914, 40.700047055000091 ], [ -124.252552863999938, 40.734767971000053 ], [ -124.239737672999965, 40.758709465000038 ], [ -124.230885396999909, 40.750081009000034 ], [ -124.247294416999949, 40.727912378000042 ], [ -124.258477221999911, 40.706882725000064 ], [ -124.259497744999976, 40.698410073000048 ], [ -124.248036261999928, 40.693264065000058 ], [ -124.234373419999983, 40.691899556000067 ], [ -124.225760097999924, 40.68612308000008 ], [ -124.221702906999866, 40.69011080100006 ], [ -124.224619919999896, 40.695202054000049 ], [ -124.221688111999939, 40.697713875000026 ], [ -124.213844690999892, 40.701402471000058 ], [ -124.213236033999976, 40.709511239000058 ], [ -124.221783291999941, 40.722431685000068 ], [ -124.217429072999863, 40.730717736000088 ], [ -124.220454935999882, 40.737238493000056 ], [ -124.213295901999942, 40.741851361000045 ], [ -124.202898566999949, 40.745185527000046 ], [ -124.198610158999912, 40.754424907000043 ], [ -124.201084020999957, 40.761927160000091 ], [ -124.198235360999931, 40.769040717000053 ], [ -124.191588435999904, 40.772838960000058 ], [ -124.18891189699994, 40.790574382000052 ], [ -124.182743320999919, 40.799903013000062 ], [ -124.1755018019999, 40.803561892000062 ], [ -124.163809657999963, 40.806466714000074 ], [ -124.14586757999993, 40.809648628000048 ], [ -124.136897028999925, 40.807191272000068 ], [ -124.121864672999877, 40.807383196000046 ], [ -124.109194910999904, 40.814151048000042 ], [ -124.087398312999952, 40.825156170000071 ], [ -124.082483318999905, 40.843501684000046 ], [ -124.084462042999931, 40.84837474200009 ], [ -124.084474733578148, 40.848382356887676 ], [ -124.194364831387105, 40.800187046306618 ] ] ], [ [ [ -123.023692978242394, 38.146620791341512 ], [ -122.956778722136079, 38.177123223502562 ], [ -122.964945316999973, 38.182602293000052 ], [ -122.964788138999864, 38.198598197000088 ], [ -122.973839471999881, 38.208038310000063 ], [ -122.983050354999932, 38.220129478000047 ], [ -122.993230381999922, 38.229518661000043 ], [ -122.996296689999909, 38.24272982400003 ], [ -122.985254218999884, 38.237811760000056 ], [ -122.964816130999921, 38.217700385000065 ], [ -122.936089812232339, 38.186551525371414 ], [ -122.919122926698137, 38.194282716787107 ], [ -122.935536261999914, 38.21548086100006 ], [ -122.943998613999895, 38.219311254000047 ], [ -122.950655011999913, 38.217294762000051 ], [ -122.954336038999898, 38.231402197000079 ], [ -122.96457100899994, 38.232364285000067 ], [ -122.968815284999891, 38.237093637000044 ], [ -122.968517624999961, 38.250872761000039 ], [ -122.974535185999912, 38.26619422300007 ], [ -122.987116161999936, 38.277722996000087 ], [ -123.002280363999915, 38.294859195000072 ], [ -123.029521556999882, 38.31269155800004 ], [ -123.046460375999914, 38.312048445000073 ], [ -123.051696822999972, 38.305192132000059 ], [ -123.052886522999927, 38.298000393000052 ], [ -123.062439643999937, 38.29590274800006 ], [ -123.075967249999906, 38.322473087000049 ], [ -123.068387917999928, 38.346290233000047 ], [ -123.070932273999929, 38.359954194000068 ], [ -123.079044693999947, 38.372078026000047 ], [ -123.087030183999886, 38.391262379000068 ], [ -123.095810261999915, 38.395831515000062 ], [ -123.102057160999905, 38.412164286000063 ], [ -123.112759805999957, 38.420619134000056 ], [ -123.124578631999896, 38.437479288000084 ], [ -123.128729160999924, 38.449310265000065 ], [ -123.170924035999903, 38.479188398000076 ], [ -123.252657979999981, 38.510665624000069 ], [ -123.272556734999924, 38.52895071100005 ], [ -123.304547020999905, 38.549024209000038 ], [ -123.315319930999962, 38.557472947000065 ], [ -123.321338057215513, 38.560192415869452 ], [ -123.023692978242394, 38.146620791341512 ] ] ] ] } }
]
}
