site_key,depth_m,measurement_type,property,coef_mean,coef_ampl,coef_freq,coef_phase,coef_stdev
076.7 049.0,0,btl_nitrate,NO3,6.084753543,-6.120937363,0.020398182,190.1513318,4.59564434
076.7 049.0,10,btl_nitrate,NO3,7.563398303,-5.955403309,0.020348956,198.1464477,4.72942896
076.7 049.0,20,btl_nitrate,NO3,10.14740617,-5.959294432,0.020618024,206.3428839,4.760724624
076.7 049.0,30,btl_nitrate,NO3,12.29876295,-6.035790487,0.021043872,207.339362,4.824077885
076.7 049.0,50,btl_nitrate,NO3,16.18041179,-6.40679219,0.020935996,218.518556,4.58163657
076.7 051.0,0,btl_nitrate,NO3,3.666334714,-3.737247634,0.021114288,187.3253803,3.427155942
076.7 051.0,10,btl_nitrate,NO3,4.029020679,-3.943927441,0.021124101,189.217372,3.498965736
076.7 051.0,20,btl_nitrate,NO3,6.068574245,-4.409494757,0.021232728,203.866355,4.080541484
076.7 051.0,30,btl_nitrate,NO3,9.272266385,-5.026562135,0.020922092,218.551883,4.985535838
076.7 051.0,50,btl_nitrate,NO3,14.71554741,-4.916611526,0.020577984,233.1365143,5.165959303
076.7 051.0,75,btl_nitrate,NO3,20.09655911,-3.698653775,0.020994299,226.5917664,3.740115813
076.7 051.0,100,btl_nitrate,NO3,22.93414248,-2.856165527,0.018880721,221.2158269,2.554337712
076.7 051.0,125,btl_nitrate,NO3,25.02006435,-2.382476803,0.019506556,209.9196786,2.004479204
076.7 051.0,150,btl_nitrate,NO3,26.41659195,-2.132677316,0.020214937,205.4896492,1.739107601
076.7 051.0,200,btl_nitrate,NO3,28.90711414,-1.67556347,0.021550112,202.2816626,1.444281172
076.7 055.0,0,btl_nitrate,NO3,2.126835859,-1.747347341,0.01875942,203.4310663,2.102969744
076.7 055.0,10,btl_nitrate,NO3,2.444757586,-1.767661942,0.017913048,218.3060405,2.324592289
076.7 055.0,20,btl_nitrate,NO3,4.09360354,-2.417485055,0.020132329,229.7927891,3.367863694
076.7 055.0,30,btl_nitrate,NO3,7.363487959,-3.526863601,0.022760158,232.2982783,4.731588494
076.7 055.0,50,btl_nitrate,NO3,11.8821033,-5.205164165,0.015900414,294.8925243,5.643949744
076.7 055.0,75,btl_nitrate,NO3,14.58757199,-6.890362461,0.009521118,359.8747326,4.264001792
076.7 055.0,100,btl_nitrate,NO3,21.99448798,-2.441609286,0.014511928,298.773023,3.184226024
076.7 055.0,125,btl_nitrate,NO3,23.35793247,-2.766627005,0.010007897,342.0876253,2.239822269
076.7 055.0,150,btl_nitrate,NO3,24.78644083,-2.602190942,0.008818482,359.6647014,1.896143746
076.7 055.0,200,btl_nitrate,NO3,28.20731741,-1.335327549,0.009288984,359.9999951,1.543300272
076.7 055.0,250,btl_nitrate,NO3,31.35993767,-1.009720381,0.026713392,199.1544234,1.365952328
076.7 055.0,300,btl_nitrate,NO3,33.34623408,-0.97802864,0.025801269,186.9978042,1.335764809
076.7 055.0,400,btl_nitrate,NO3,36.73469686,-1.003499258,0.027364545,172.430139,1.182638113
076.7 055.0,500,btl_nitrate,NO3,39.22189365,-0.717968668,0.027617152,157.0196463,0.886363024
076.7 060.0,0,btl_nitrate,NO3,1.569543207,-1.189870745,0.018013697,186.910861,1.760818046
076.7 060.0,10,btl_nitrate,NO3,1.711285233,-1.166408431,0.017301981,200.9441327,1.828375511
076.7 060.0,20,btl_nitrate,NO3,2.712832347,-1.484850521,0.016841173,241.5142846,2.850080749
076.7 060.0,30,btl_nitrate,NO3,4.85317978,-2.171778907,0.0273634,234.3400046,4.04030888
076.7 060.0,50,btl_nitrate,NO3,10.23431914,-3.771025893,0.018962521,290.3272355,5.687654592
076.7 060.0,75,btl_nitrate,NO3,16.86502432,-3.063002938,0.015870581,311.1370191,5.465945518
076.7 060.0,100,btl_nitrate,NO3,22.04554471,-1.658050502,0.018425707,295.0580954,3.849462447
076.7 060.0,125,btl_nitrate,NO3,23.99233581,-1.943023277,0.01091984,359.6507122,2.555902633
076.7 060.0,150,btl_nitrate,NO3,26.04638863,-1.395728399,0.0115835,349.2007824,2.008106638
076.7 060.0,200,btl_nitrate,NO3,28.90346139,-0.987868932,0.011043498,359.999998,1.674976221
076.7 060.0,250,btl_nitrate,NO3,31.53236224,-0.567749651,0.011398739,359.9999259,1.518022312
076.7 060.0,300,btl_nitrate,NO3,33.61238433,-0.521499261,0.009623103,359.9999848,1.471192056
076.7 060.0,400,btl_nitrate,NO3,37.49627992,0.725345985,0.02308477,299.1376233,1.388095615
076.7 060.0,500,btl_nitrate,NO3,39.91049019,0.532063612,0.02494048,288.2475714,1.133845097
076.7 070.0,0,btl_nitrate,NO3,0.776355705,-0.496346039,0.014793213,191.0904716,1.114305555
076.7 070.0,10,btl_nitrate,NO3,0.794488948,-0.505656822,0.014575375,197.0790512,1.122114129
076.7 070.0,20,btl_nitrate,NO3,0.915270181,-0.544655868,0.012686572,231.5198777,1.291207946
076.7 070.0,30,btl_nitrate,NO3,1.293492153,-0.694767777,0.005954257,359.9995378,2.212885953
076.7 070.0,50,btl_nitrate,NO3,6.0808293,3.43496871,0.01990747,165.3107794,4.870490274
076.7 070.0,75,btl_nitrate,NO3,13.44701601,4.117973634,0.02108851,170.4374142,5.896082094
076.7 070.0,100,btl_nitrate,NO3,19.71801768,3.551293883,0.022702712,170.9154261,4.368915255
076.7 070.0,125,btl_nitrate,NO3,23.67443395,2.267278983,0.021046567,175.115193,2.7703118
076.7 070.0,150,btl_nitrate,NO3,25.92875565,1.654313744,0.02082672,168.9415175,2.197537759
076.7 070.0,200,btl_nitrate,NO3,28.69614795,0.934278709,0.019886607,169.4290226,1.846646634
076.7 070.0,250,btl_nitrate,NO3,31.37320576,0.84049475,0.021663728,176.8048492,1.554368835
076.7 070.0,300,btl_nitrate,NO3,33.94107504,0.659446527,0.022109945,178.8527904,1.384880461
076.7 070.0,400,btl_nitrate,NO3,38.37898343,0.337118294,0.019489058,173.2503046,0.989306725
076.7 070.0,500,btl_nitrate,NO3,41.35461757,0.64880002,0.00778957,359.9999525,0.789892243
076.7 080.0,0,btl_nitrate,NO3,0.688700367,-0.504251625,0.006158738,2.94e-5,0.58575894
076.7 080.0,10,btl_nitrate,NO3,0.382360846,-1.700330991,3.75836e-4,52.7,0.511734297
076.7 080.0,20,btl_nitrate,NO3,0.403216771,-1.427650086,3.86116e-4,52.7,0.484937912
076.7 080.0,30,btl_nitrate,NO3,0.860754751,-0.390602301,0.007695538,1.69e-5,0.922524681
076.7 080.0,50,btl_nitrate,NO3,2.060120248,63.33645529,2.13564e-4,67.65347491,3.937512837
076.7 080.0,75,btl_nitrate,NO3,6.793479836,195.1491547,1.13692e-4,69.47527428,6.501598469
076.7 080.0,100,btl_nitrate,NO3,13.61849225,87.81380672,1.97507e-4,70.81867105,6.398636407
076.7 080.0,125,btl_nitrate,NO3,19.22874223,67.75940062,2.02627e-4,72.40662526,4.949340632
076.7 080.0,150,btl_nitrate,NO3,23.46862925,36.15835104,2.68326e-4,110.6751224,3.218161158
076.7 080.0,200,btl_nitrate,NO3,27.74684626,1.048219405,0.01704089,202.1988437,2.104267394
076.7 080.0,250,btl_nitrate,NO3,30.7460513,1.059610868,0.017989272,194.419415,1.668756524
076.7 080.0,300,btl_nitrate,NO3,33.46344338,0.961533322,0.018614111,193.3008226,1.395582715
076.7 080.0,400,btl_nitrate,NO3,38.12712932,0.428047522,0.01777906,191.4976426,0.948668661
076.7 080.0,500,btl_nitrate,NO3,40.98464394,0.174692717,0.016315609,222.3184094,0.749807972
076.7 090.0,0,btl_nitrate,NO3,0.150166899,-0.018137319,0.023115546,143.5990401,0.25177573
076.7 090.0,10,btl_nitrate,NO3,0.147110528,-0.011801375,0.022892469,138.0336421,0.244530233
076.7 090.0,20,btl_nitrate,NO3,0.152828984,-0.042804494,0.02496754,128.6706325,0.296785945
076.7 090.0,30,btl_nitrate,NO3,0.180562488,-0.096903564,0.02652127,122.9527609,0.381167853
076.7 090.0,50,btl_nitrate,NO3,0.999647319,-0.833680434,0.028621253,138.4452344,2.128485875
076.7 090.0,75,btl_nitrate,NO3,4.060612173,-2.884214432,0.026535766,139.5856049,5.656132702
076.7 090.0,100,btl_nitrate,NO3,9.484943854,-3.055124155,0.026024228,134.7546435,7.131860654
076.7 090.0,125,btl_nitrate,NO3,15.49997924,-2.799170293,0.027218792,134.3186303,6.3476903
076.7 090.0,150,btl_nitrate,NO3,20.91401464,-2.24553931,0.027677683,134.5192919,4.179268883
076.7 090.0,200,btl_nitrate,NO3,26.32291094,-1.090618547,0.028329773,141.1541535,2.400676315
076.7 090.0,250,btl_nitrate,NO3,29.31225639,-0.866144141,0.02458162,130.3184802,2.205974209
076.7 090.0,300,btl_nitrate,NO3,32.31607532,-0.849156548,0.026696721,136.2279032,1.751325917
076.7 090.0,400,btl_nitrate,NO3,37.75961092,-0.513509098,0.029900336,141.6418187,1.108015282
076.7 090.0,500,btl_nitrate,NO3,40.93650422,-0.205207066,0.03,156.3954583,0.811385959
076.7 100.0,0,btl_nitrate,NO3,0.058505432,-0.023305451,0.024218216,144.3259233,0.08668012
076.7 100.0,10,btl_nitrate,NO3,0.053736122,-0.014941746,0.024162561,131.0491943,0.080405086
076.7 100.0,20,btl_nitrate,NO3,0.052926414,-0.015682689,0.0299092,133.3630674,0.081037219
076.7 100.0,30,btl_nitrate,NO3,0.056357711,-0.017220252,0.022727685,153.4935505,0.082398244
076.7 100.0,50,btl_nitrate,NO3,0.25116421,-0.097383351,0.024543161,189.7330042,0.546257971
076.7 100.0,75,btl_nitrate,NO3,1.765400177,-0.683154104,0.023961586,196.4751093,2.706006557
076.7 100.0,100,btl_nitrate,NO3,5.233637966,-1.032641016,0.028929943,192.1956038,5.20218891
076.7 100.0,125,btl_nitrate,NO3,11.10491266,-1.186562373,0.029146426,184.7204135,6.416968432
076.7 100.0,150,btl_nitrate,NO3,16.9990545,-0.734921456,0.02842878,182.22321,5.273603306
076.7 100.0,200,btl_nitrate,NO3,24.24201822,-0.62337259,0.029570274,209.131232,3.128844734
076.7 100.0,250,btl_nitrate,NO3,27.9451661,-0.54769197,0.025786156,188.0167882,2.35663634
076.7 100.0,300,btl_nitrate,NO3,31.22680498,-0.498263439,0.0294,185.473925,2.068709872
076.7 100.0,400,btl_nitrate,NO3,37.0979977,-0.435650749,0.0268,151.6312386,1.142962628
076.7 100.0,500,btl_nitrate,NO3,40.62339697,-0.189169909,0.03,163.5378213,0.694690311
080.0 051.0,0,btl_nitrate,NO3,3.041491384,-3.154470625,0.020417101,189.4808707,3.514791191
080.0 051.0,10,btl_nitrate,NO3,5.041177864,-4.81127719,0.021101498,198.4313605,4.738509243
080.0 051.0,20,btl_nitrate,NO3,7.606692102,-5.817398627,0.021422549,206.5637575,5.185275656
080.0 051.0,30,btl_nitrate,NO3,10.31258371,-6.520682705,0.021459268,213.785259,5.319103181
080.0 051.0,50,btl_nitrate,NO3,14.42038106,-6.886428302,0.020791767,220.4020982,4.838970974
080.0 055.0,0,btl_nitrate,NO3,2.310046032,-2.101578338,0.020194569,192.1979702,2.58412482
080.0 055.0,10,btl_nitrate,NO3,2.767921803,-2.272521443,0.020112516,200.6995964,2.790536413
080.0 055.0,20,btl_nitrate,NO3,4.966151007,-3.256018606,0.020118986,215.9421817,4.15787642
080.0 055.0,30,btl_nitrate,NO3,7.44192293,-4.412209062,0.020648018,224.5205315,4.866696227
080.0 055.0,50,btl_nitrate,NO3,14.70239527,-4.622068183,0.023654628,226.665263,5.290634647
080.0 055.0,75,btl_nitrate,NO3,19.97257025,-3.863287424,0.021861016,226.0451595,3.975204027
080.0 055.0,100,btl_nitrate,NO3,23.2631443,-2.971213691,0.021783222,223.7734002,2.83442706
080.0 055.0,125,btl_nitrate,NO3,25.31667689,-2.192277619,0.022921831,219.7447047,2.233494753
080.0 055.0,150,btl_nitrate,NO3,26.72762031,-1.724608901,0.022677979,216.5433206,1.798899335
080.0 055.0,200,btl_nitrate,NO3,29.02454483,-1.305219777,0.022346496,213.1592127,1.428885171
080.0 055.0,250,btl_nitrate,NO3,31.06573957,-0.9991425,0.023875448,198.1629696,1.258415019
080.0 055.0,300,btl_nitrate,NO3,32.85010446,-0.951534061,0.022890981,189.4796178,1.29419123
080.0 055.0,400,btl_nitrate,NO3,36.15747332,-0.516555177,0.03,153.8665934,1.17330409
080.0 055.0,500,btl_nitrate,NO3,39.02672644,-0.575634093,0.024689084,146.9997877,0.949006179
080.0 060.0,0,btl_nitrate,NO3,1.216571519,-0.984482176,0.016285006,205.0258326,1.697616003
080.0 060.0,10,btl_nitrate,NO3,1.347589759,-1.106794986,0.017143116,206.1793831,1.779378372
080.0 060.0,20,btl_nitrate,NO3,2.185796204,-1.954075661,0.01936941,205.8890484,2.44091096
080.0 060.0,30,btl_nitrate,NO3,3.656072484,-2.646094423,0.02182505,221.8780413,3.309042487
080.0 060.0,50,btl_nitrate,NO3,10.09340746,-4.462184857,0.028094035,224.7043927,5.638594878
080.0 060.0,75,btl_nitrate,NO3,17.30298512,-3.503835701,0.026763441,231.9969312,5.845874396
080.0 060.0,100,btl_nitrate,NO3,21.94816774,-2.185054251,0.026693833,234.7940343,4.046632645
080.0 060.0,125,btl_nitrate,NO3,24.78566893,-1.533647614,0.025819294,235.9406256,2.81108342
080.0 060.0,150,btl_nitrate,NO3,26.6295123,-1.265972564,0.027090376,231.7008854,2.053220125
080.0 060.0,200,btl_nitrate,NO3,29.34827608,-0.740159143,0.026766079,229.9529381,1.493834088
080.0 060.0,250,btl_nitrate,NO3,31.77939077,-0.568733614,0.027087364,223.3158043,1.27362684
080.0 060.0,300,btl_nitrate,NO3,34.08251348,-0.391600379,0.029999996,210.9978453,1.122651077
080.0 060.0,400,btl_nitrate,NO3,37.85052691,-0.272975032,0.03,201.4088844,0.99502108
080.0 060.0,500,btl_nitrate,NO3,40.19835144,-0.25669593,0.03,189.6832002,0.934600789
080.0 070.0,0,btl_nitrate,NO3,0.399588922,-4.819379196,6.3817e-4,235.8806729,0.973523302
080.0 070.0,10,btl_nitrate,NO3,-0.052212422,-1.231886114,0.003735504,359.9994996,1.127482215
080.0 070.0,20,btl_nitrate,NO3,0.001361938,-27.76641792,1.74349e-4,341.2133931,1.279387554
080.0 070.0,30,btl_nitrate,NO3,0.57105874,-21.60257156,2.259e-4,341.1882589,1.84458381
080.0 070.0,50,btl_nitrate,NO3,4.799395743,2.107426101,0.018593997,172.3013152,4.205813608
080.0 070.0,75,btl_nitrate,NO3,11.35383719,3.186206636,0.018136928,174.4923339,6.663136111
080.0 070.0,100,btl_nitrate,NO3,17.7505497,2.544643494,0.018821649,179.8830498,5.395313094
080.0 070.0,125,btl_nitrate,NO3,22.62268829,1.481139186,0.018606842,173.4596194,3.625912208
080.0 070.0,150,btl_nitrate,NO3,25.41655126,0.923169201,0.018126391,181.6740501,2.394918948
080.0 070.0,200,btl_nitrate,NO3,28.46771329,0.72350325,0.017508736,147.6589794,1.700099301
080.0 070.0,250,btl_nitrate,NO3,31.12260759,0.583196894,0.020653709,166.4784482,1.611927975
080.0 070.0,300,btl_nitrate,NO3,33.92721263,0.599318246,0.022418736,165.4916092,1.33652666
080.0 070.0,400,btl_nitrate,NO3,38.40898225,0.583241214,0.023199115,148.9664616,0.988364485
080.0 070.0,500,btl_nitrate,NO3,40.95254036,0.351813453,0.024398806,153.8386382,0.802953185
080.0 080.0,0,btl_nitrate,NO3,0.58943797,-0.454952201,0.005740173,3.17e-8,0.552451711
080.0 080.0,10,btl_nitrate,NO3,0.697954325,-0.579321873,0.006230363,3.12e-7,0.623621631
080.0 080.0,20,btl_nitrate,NO3,0.857584085,-0.783781084,0.006630886,1.66e-4,0.686143979
080.0 080.0,30,btl_nitrate,NO3,1.109935156,-0.939473113,0.006796347,2.61e-6,0.955971865
080.0 080.0,50,btl_nitrate,NO3,1.530351129,48.34932057,1.58922e-4,17.161553,3.863559108
080.0 080.0,75,btl_nitrate,NO3,5.400009631,135.9713054,1.0003e-4,17.74682024,6.978859697
080.0 080.0,100,btl_nitrate,NO3,10.87099398,146.217391,1.00166e-4,18.1636785,7.518415343
080.0 080.0,125,btl_nitrate,NO3,16.91788173,122.2675122,1.00005e-4,18.65832466,6.166958471
080.0 080.0,150,btl_nitrate,NO3,21.62971493,77.70036573,1.00051e-4,19.05727055,4.228323414
080.0 080.0,200,btl_nitrate,NO3,27.03652017,20.24244291,1.75172e-4,64.21515012,2.283073482
080.0 080.0,250,btl_nitrate,NO3,29.94058115,20.23282868,1.45498e-4,64.70519063,2.111077806
080.0 080.0,300,btl_nitrate,NO3,32.88191708,17.46224127,1.79748e-4,124.7570929,1.856579901
080.0 080.0,400,btl_nitrate,NO3,37.87926091,11.91045201,1.56375e-4,125.0393434,1.177844917
080.0 080.0,500,btl_nitrate,NO3,40.75097786,8.739514292,1.57357e-4,124.8003384,0.875641526
080.0 090.0,0,btl_nitrate,NO3,0.178837926,-0.150303917,0.008115702,1.29e-7,0.111017261
080.0 090.0,10,btl_nitrate,NO3,0.174765901,-0.143283319,0.007697094,1.11e-9,0.109851397
080.0 090.0,20,btl_nitrate,NO3,0.193332826,-0.141576386,0.00705896,4.07e-6,0.158808156
080.0 090.0,30,btl_nitrate,NO3,0.196597287,-0.131214839,0.006813695,4.47e-6,0.16364336299999999
080.0 090.0,50,btl_nitrate,NO3,0.677228992,-0.343568187,0.008714532,23.91197539,0.885934199
080.0 090.0,75,btl_nitrate,NO3,3.960526909,-2.182695879,0.010171004,3.31157e-4,3.791845195
080.0 090.0,100,btl_nitrate,NO3,10.26848418,-4.148464018,0.009798134,1.61e-7,6.725772916
080.0 090.0,125,btl_nitrate,NO3,16.81611471,-4.988143962,0.009547573,0.02039552,6.549177353
080.0 090.0,150,btl_nitrate,NO3,22.53781179,-4.693833026,0.009106047,0.001338628,5.017699984
080.0 090.0,200,btl_nitrate,NO3,26.71239053,-1.235624849,0.009707605,2.24e-5,2.522906934
080.0 090.0,250,btl_nitrate,NO3,30.17062193,-1.618296147,0.009354474,2.73561e-4,1.943664452
080.0 090.0,300,btl_nitrate,NO3,33.03635404,-1.51123799,0.009598777,2.52692e-4,1.591609394
080.0 090.0,400,btl_nitrate,NO3,37.59386519,-0.562900532,0.013016422,4.27,1.210872953
080.0 090.0,500,btl_nitrate,NO3,40.71873847,-0.307172116,0.012992977,1.82e-11,0.838033903
080.0 100.0,0,btl_nitrate,NO3,0.086463432,-0.027938703,0.005897072,0.00737,0.083835175
080.0 100.0,10,btl_nitrate,NO3,0.083136496,-0.035340459,0.005309151,1.88e-7,0.087195473
080.0 100.0,20,btl_nitrate,NO3,0.054594208,-0.0047793,6.80858e-4,228.8788884,0.064758976
080.0 100.0,30,btl_nitrate,NO3,0.068008182,-0.31043303,6.13318e-4,214.196028,0.130253327
080.0 100.0,50,btl_nitrate,NO3,0.174785208,0.048097655,7.18545e-4,215.299712,0.356118971
080.0 100.0,75,btl_nitrate,NO3,1.213961929,-2.194179788,6.55969e-4,209.8030549,1.986458443
080.0 100.0,100,btl_nitrate,NO3,4.609166454,-18.05701417,4.14328e-4,205.1470868,4.516546334
080.0 100.0,125,btl_nitrate,NO3,11.17874964,-55.25472828,1.71674e-4,130.9365761,5.918253865
080.0 100.0,150,btl_nitrate,NO3,16.97236281,-37.4421795,2.01668e-4,130.8703446,5.546519091
080.0 100.0,200,btl_nitrate,NO3,24.3187621,-16.03604524,1.64331e-4,130.5534953,3.222086451
080.0 100.0,250,btl_nitrate,NO3,28.00786513,-0.768792698,0.016427144,172.130292,2.47740854
080.0 100.0,300,btl_nitrate,NO3,31.46940277,-0.76296492,0.016250944,154.9552877,1.9135203
080.0 100.0,400,btl_nitrate,NO3,37.06066409,-0.283303057,0.022608185,152.1602734,1.156968258
080.0 100.0,500,btl_nitrate,NO3,40.55524888,-0.30907405,0.03,193.727196,0.784098938
081.8 046.9,0,btl_nitrate,NO3,1.190359355,-1.788672435,0.019852433,180.4708338,2.147123301
081.8 046.9,10,btl_nitrate,NO3,2.205698884,-2.819225816,0.02159662,186.6044128,2.610103373
081.8 046.9,20,btl_nitrate,NO3,6.355310928,-5.411012111,0.02247667,202.2384816,4.291222538
081.8 046.9,30,btl_nitrate,NO3,11.13101326,-7.204099615,0.022565945,206.9965429,5.392399058
081.8 046.9,50,btl_nitrate,NO3,17.45404454,-7.089753954,0.022575322,212.6975803,5.194102576
081.8 046.9,75,btl_nitrate,NO3,21.62474034,-4.946795678,0.020543851,220.6777913,4.033038891
081.8 046.9,100,btl_nitrate,NO3,24.44697149,-4.094108514,0.021110617,220.4569188,2.827043867
081.8 046.9,125,btl_nitrate,NO3,26.28190773,-3.397478062,0.022127466,217.4441278,2.381900847
081.8 046.9,150,btl_nitrate,NO3,27.65135871,-2.682596733,0.022049306,215.782515,1.879241056
081.8 046.9,200,btl_nitrate,NO3,29.82754009,-1.831665986,0.02201197,214.0845618,1.394163248
081.8 046.9,250,btl_nitrate,NO3,31.83893215,-1.090766519,0.023818986,204.0274654,1.040862723
081.8 046.9,300,btl_nitrate,NO3,33.37799362,-0.615111648,0.024555428,201.377859,0.83362322
081.8 046.9,400,btl_nitrate,NO3,34.59646805,-0.158955776,0.025566731,258.0517779,0.802358355
081.8 046.9,500,btl_nitrate,NO3,30.1639409,-0.867513993,0.021338278,297.6222936,2.733252928
083.3 040.6,0,btl_nitrate,NO3,0.515461016,-0.573038786,0.017896233,168.346109,0.886134429
083.3 040.6,10,btl_nitrate,NO3,1.559578957,-1.769323499,0.02188497,186.4348188,2.207943784
083.3 040.6,20,btl_nitrate,NO3,4.239621181,-3.649344946,0.022149568,201.4497287,3.641825738
083.3 040.6,30,btl_nitrate,NO3,6.776776427,-3.594157447,0.020264975,212.9586151,4.131559571
083.3 042.0,0,btl_nitrate,NO3,0.802829477,-0.986428747,0.02042399,176.4555766,1.426523499
083.3 042.0,10,btl_nitrate,NO3,1.139049932,-1.485163075,0.021612196,181.2080255,1.581839392
083.3 042.0,20,btl_nitrate,NO3,2.858164011,-2.783891645,0.021161336,202.8550158,2.497447734
083.3 042.0,30,btl_nitrate,NO3,5.98041722,-4.385463083,0.02193697,205.0775101,3.713976812
083.3 042.0,50,btl_nitrate,NO3,12.56512283,-5.41233285,0.02207983,215.5804763,4.185656953
083.3 042.0,75,btl_nitrate,NO3,19.01627538,-5.13624887,0.020666568,221.1042032,3.412388722
083.3 042.0,100,btl_nitrate,NO3,22.33736932,-3.820172873,0.020524488,217.6322105,2.650646254
083.3 042.0,125,btl_nitrate,NO3,23.3791672,-3.384954734,0.017519462,219.5610346,2.434043154
083.3 051.0,0,btl_nitrate,NO3,2.77145209,-2.165747815,0.021494902,193.3786126,2.653720258
083.3 051.0,10,btl_nitrate,NO3,3.725733236,-3.028674775,0.021889966,196.2671845,3.033074436
083.3 051.0,20,btl_nitrate,NO3,7.040718548,-4.1065076,0.023399725,210.9551845,4.232387932
083.3 051.0,30,btl_nitrate,NO3,9.920473332,-4.996983375,0.02362191,220.6008303,4.723169057
083.3 051.0,50,btl_nitrate,NO3,15.24366099,-5.289616972,0.024686705,222.6337229,5.007211076
083.3 051.0,75,btl_nitrate,NO3,19.83271434,-4.122718695,0.023139648,222.9067721,4.008844782
083.3 055.0,0,btl_nitrate,NO3,2.013704658,-2.046847422,0.020924125,193.4236632,2.101846196
083.3 055.0,10,btl_nitrate,NO3,2.271796693,-2.146221013,0.020828124,199.9870296,2.220319104
083.3 055.0,20,btl_nitrate,NO3,3.481622232,-2.441431275,0.021285536,209.7187764,2.613978662
083.3 055.0,30,btl_nitrate,NO3,6.902110555,-3.665294544,0.025418523,226.5339917,4.13717997
083.3 055.0,50,btl_nitrate,NO3,13.77772408,-5.37356416,0.025810338,234.0069544,5.442557206
083.3 055.0,75,btl_nitrate,NO3,19.68245862,-3.701785485,0.022281735,252.922283,4.454283192
083.3 055.0,100,btl_nitrate,NO3,23.93959142,-2.658268078,0.026520912,230.3368689,2.71082611
083.3 055.0,125,btl_nitrate,NO3,25.93353881,-1.666977687,0.023660846,236.1039294,1.98648044
083.3 055.0,150,btl_nitrate,NO3,27.41721817,-1.425629285,0.02492817,228.8882022,1.710184112
083.3 055.0,200,btl_nitrate,NO3,29.68742891,-1.103038439,0.026893615,224.8678811,1.343436832
083.3 055.0,250,btl_nitrate,NO3,31.76349562,-0.973476442,0.027121136,213.0899392,1.203131906
083.3 055.0,300,btl_nitrate,NO3,33.5053163,-0.791235247,0.024012024,197.262983,1.117941918
083.3 055.0,400,btl_nitrate,NO3,36.61922636,-0.847784593,0.023532377,175.086959,1.144357919
083.3 055.0,500,btl_nitrate,NO3,39.02470537,-0.727731542,0.024186206,155.0357403,0.969675002
083.3 060.0,0,btl_nitrate,NO3,1.145969679,-0.856312751,0.014781628,214.0079653,1.641520288
083.3 060.0,10,btl_nitrate,NO3,1.232857013,-0.90811568,0.015167491,213.6166438,1.660276305
083.3 060.0,20,btl_nitrate,NO3,1.490043336,-1.081052203,0.013366182,230.2020261,2.061326376
083.3 060.0,30,btl_nitrate,NO3,2.833049332,-1.093556445,0.0198419,208.707603,2.8154070940000002
083.3 060.0,50,btl_nitrate,NO3,6.810289581,-3.444179975,0.013418347,326.3463583,5.30005093
083.3 060.0,75,btl_nitrate,NO3,15.86851957,-3.674417338,0.019413802,290.6439171,5.561043626
083.3 060.0,100,btl_nitrate,NO3,21.56211954,-2.541602161,0.028776297,232.5775423,4.242452599
083.3 060.0,125,btl_nitrate,NO3,24.90355409,-1.775280214,0.027968559,222.9945182,2.495172544
083.3 060.0,150,btl_nitrate,NO3,26.76381827,-1.363189652,0.027859918,230.6534784,1.796969795
083.3 060.0,200,btl_nitrate,NO3,29.52591286,-1.164737352,0.027475158,229.8461014,1.449787572
083.3 060.0,250,btl_nitrate,NO3,31.88697103,-0.809478533,0.028755617,226.3637413,1.408177019
083.3 060.0,300,btl_nitrate,NO3,34.18352122,-0.667273262,0.02835678,226.0388527,1.334677121
083.3 060.0,400,btl_nitrate,NO3,37.89289343,-0.388515177,0.027297725,241.4481203,1.09934511
083.3 060.0,500,btl_nitrate,NO3,40.18554989,-0.26751356,0.017716604,235.9509376,0.933194738
083.3 070.0,0,btl_nitrate,NO3,0.029545648,-1.033871882,0.00229971,359.8980098,0.740737675
083.3 070.0,10,btl_nitrate,NO3,-0.044125532,-0.77821928,0.00469642,359.964201,0.842708384
083.3 070.0,20,btl_nitrate,NO3,-0.03069718,-2.538767716,0.001496917,359.9693974,1.176406591
083.3 070.0,30,btl_nitrate,NO3,0.212913701,-1.363237704,0.003457174,359.966503,1.540687522
083.3 070.0,50,btl_nitrate,NO3,3.461201827,0.77248128,0.023436309,161.0541717,3.716638682
083.3 070.0,75,btl_nitrate,NO3,9.253588326,2.072285063,0.017726894,196.6997713,5.815182971
083.3 070.0,100,btl_nitrate,NO3,15.78258374,2.164129366,0.018018659,201.7269052,5.645401656
083.3 070.0,125,btl_nitrate,NO3,21.39791237,1.718397385,0.0172392,193.4991932,3.910988524
083.3 070.0,150,btl_nitrate,NO3,25.07070167,1.089397254,0.010919686,252.3740276,2.586097454
083.3 070.0,200,btl_nitrate,NO3,28.02804869,0.645401601,0.017067576,192.705138,1.857324381
083.3 070.0,250,btl_nitrate,NO3,30.80361987,0.410630147,0.018202564,192.9069235,1.573060304
083.3 070.0,300,btl_nitrate,NO3,33.56623209,0.318186593,0.023959011,161.622815,1.34900762
083.3 070.0,400,btl_nitrate,NO3,38.08438015,0.277293331,0.024763207,137.8760845,1.10358684
083.3 070.0,500,btl_nitrate,NO3,40.65070301,0.179623051,0.025869637,146.3065683,0.920449169
083.3 080.0,0,btl_nitrate,NO3,0.524603824,-0.448899575,0.005182355,4.18e-6,0.462932728
083.3 080.0,10,btl_nitrate,NO3,0.705379076,-0.634936654,0.006008457,6.15e-7,0.59337678
083.3 080.0,20,btl_nitrate,NO3,0.72131136,-0.619579082,0.005306856,1.35e-4,0.698536621
083.3 080.0,30,btl_nitrate,NO3,0.788605255,-0.739065885,0.003351851,6.65864e-4,0.931170613
083.3 080.0,50,btl_nitrate,NO3,1.754262602,-2.945587673,3.01901e-4,33.16842624,2.536823348
083.3 080.0,75,btl_nitrate,NO3,6.530073629,-22.52706377,2.06295e-4,31.98239747,6.265110351
083.3 080.0,100,btl_nitrate,NO3,14.22106614,-3.852348457,0.007639095,0.537041386,7.61312172
083.3 080.0,125,btl_nitrate,NO3,18.40016403,-2.255255906,0.009233783,4.18e-5,6.7475506
083.3 080.0,150,btl_nitrate,NO3,22.4471231,-1.7383782,0.010082934,5.21859e-4,4.910219202
083.3 080.0,200,btl_nitrate,NO3,27.54423738,-1.217634557,0.00884532,0.00102,2.520327271
083.3 080.0,250,btl_nitrate,NO3,30.38451773,-0.716391323,0.009919796,1.12496e-4,2.072777899
083.3 080.0,300,btl_nitrate,NO3,33.53631944,-0.837561784,0.008581518,8.12e-5,1.700227098
083.3 080.0,400,btl_nitrate,NO3,37.92613602,-0.261970188,0.023388059,47.18274895,1.041109831
083.3 080.0,500,btl_nitrate,NO3,40.8055217,-0.244608761,0.020841466,31.0383046,0.762601395
083.3 090.0,0,btl_nitrate,NO3,0.204015479,-0.153979583,0.008941491,54.93524253,0.213203063
083.3 090.0,10,btl_nitrate,NO3,0.298332078,-0.261670844,0.006987226,1.42e-7,0.20988838
083.3 090.0,20,btl_nitrate,NO3,0.203949223,-0.159666923,0.008938732,49.36874862,0.22332515
083.3 090.0,30,btl_nitrate,NO3,0.265061211,-0.165327371,0.0058951,2.82703e-4,0.302207326
083.3 090.0,50,btl_nitrate,NO3,0.379673472,-0.157719485,0.026798493,91.51007459,0.779025715
083.3 090.0,75,btl_nitrate,NO3,2.771149939,-0.970308346,0.015207443,81.77257244,3.532947915
083.3 090.0,100,btl_nitrate,NO3,7.02629778,-1.664697563,0.021121514,136.3193216,6.039705703
083.3 090.0,125,btl_nitrate,NO3,13.11220663,-1.819972036,0.02049747,134.8159892,6.7690295130000004
083.3 090.0,150,btl_nitrate,NO3,18.65863507,-1.598199669,0.020306163,134.8541806,5.34887297
083.3 090.0,200,btl_nitrate,NO3,25.33863348,-0.813277792,0.016062662,121.2585898,2.924722043
083.3 090.0,250,btl_nitrate,NO3,28.63116068,-0.823898745,0.019680343,127.4375076,2.323890879
083.3 090.0,300,btl_nitrate,NO3,31.85310562,-0.445154985,0.022692869,125.4347631,1.852541997
083.3 090.0,400,btl_nitrate,NO3,37.16831103,-0.384915729,0.025145703,128.1460812,1.223787456
083.3 090.0,500,btl_nitrate,NO3,40.57578008,-0.229727305,0.021233504,111.3521238,0.886401975
083.3 100.0,0,btl_nitrate,NO3,0.067771771,-0.029793168,0.021585136,167.331648,0.095150877
083.3 100.0,10,btl_nitrate,NO3,0.064662911,-0.028197475,0.015977748,154.2015902,0.091511407
083.3 100.0,20,btl_nitrate,NO3,0.061126098,-0.027666463,0.0195228,166.1334988,0.100640736
083.3 100.0,30,btl_nitrate,NO3,0.076657198,-0.042508294,0.013032426,113.7011846,0.123753816
083.3 100.0,50,btl_nitrate,NO3,0.162804976,-0.070298621,0.006799266,80.57895295,0.216430921
083.3 100.0,75,btl_nitrate,NO3,1.180898195,-0.294024142,0.025405666,97.03903604,1.874408575
083.3 100.0,100,btl_nitrate,NO3,4.619775021,-1.43158505,0.027884497,116.0120071,4.613701749
083.3 100.0,125,btl_nitrate,NO3,10.11744797,-1.497315653,0.022867458,125.1142123,6.370211343
083.3 100.0,150,btl_nitrate,NO3,15.72408504,-1.576169644,0.021888086,132.8748994,6.290150526
083.3 100.0,200,btl_nitrate,NO3,23.47478257,-0.580192139,0.021700027,123.7470712,3.648926804
083.3 100.0,250,btl_nitrate,NO3,27.82661506,-0.508980811,0.012466814,72.95543008,2.378934465
083.3 100.0,300,btl_nitrate,NO3,31.01670756,-0.403687317,0.021964762,143.0020203,1.993683362
083.3 100.0,400,btl_nitrate,NO3,36.81752137,-0.370893462,0.023539475,127.8049218,1.278105788
083.3 100.0,500,btl_nitrate,NO3,40.2970087,-0.271215932,0.028487591,121.5047986,0.74522521
083.3 110.0,0,btl_nitrate,NO3,0.068687686,-0.026926393,0.03,217.9978729,0.074338346
083.3 110.0,10,btl_nitrate,NO3,0.063794219,-0.033901062,0.03,219.5146764,0.079090209
083.3 110.0,20,btl_nitrate,NO3,0.064564459,-0.036754934,0.03,218.871005,0.078814017
083.3 110.0,30,btl_nitrate,NO3,0.062607597,-0.029468177,0.03,223.3616119,0.079362006
083.3 110.0,50,btl_nitrate,NO3,0.069901938,0.08303695,0.03,198.9492966,0.216122481
083.3 110.0,75,btl_nitrate,NO3,0.470096656,0.503633606,0.03,203.8964259,1.21915826
083.3 110.0,100,btl_nitrate,NO3,3.471629452,0.222537576,0.03,359.1938401,3.825371989
083.3 110.0,125,btl_nitrate,NO3,8.649393523,1.231738081,0.017270517,317.0713025,5.819888149
083.3 110.0,150,btl_nitrate,NO3,13.99008911,1.636887283,0.019457613,306.213881,5.785943248
083.3 110.0,200,btl_nitrate,NO3,22.49463267,1.437202218,0.017749772,300.4148555,3.702415488
083.3 110.0,250,btl_nitrate,NO3,26.91876021,1.056085397,0.017257834,293.6550842,2.448947189
083.3 110.0,300,btl_nitrate,NO3,30.62394929,0.752174132,0.017557753,288.4824164,1.964024696
083.3 110.0,400,btl_nitrate,NO3,37.04734255,0.682147266,0.010574716,343.9015027,1.134123592
083.3 110.0,500,btl_nitrate,NO3,40.28691142,0.178274547,0.019144116,284.9765063,0.731142456
086.7 033.0,0,btl_nitrate,NO3,0.973459838,-0.921548717,0.006491443,0.00114,0.588769417
086.7 033.0,10,btl_nitrate,NO3,0.533518334,-0.399836669,0.01480479,173.0957643,1.090324585
086.7 033.0,20,btl_nitrate,NO3,2.855779806,-2.123436179,0.020534891,206.4321057,2.878359628
086.7 033.0,30,btl_nitrate,NO3,7.692137197,-5.344171278,0.021969335,215.7992227,4.149148546
086.7 033.0,50,btl_nitrate,NO3,14.00829082,-7.086160623,0.021491947,219.4997602,4.539236011
086.7 035.0,0,btl_nitrate,NO3,0.275347467,-0.280120924,0.017842819,163,0.539676941
086.7 035.0,10,btl_nitrate,NO3,0.32389348,-0.355504088,0.019436273,170.7518428,0.561195096
086.7 035.0,20,btl_nitrate,NO3,1.191922502,-1.339510931,0.022337366,185.9813977,1.502658401
086.7 035.0,30,btl_nitrate,NO3,4.226665027,-3.993852714,0.022653786,199.0176134,3.704326454
086.7 035.0,50,btl_nitrate,NO3,11.86758888,-5.602970718,0.022960391,209.9863017,4.752769221
086.7 035.0,75,btl_nitrate,NO3,17.29007973,-5.150738527,0.021942137,215.715238,3.992497295
086.7 035.0,100,btl_nitrate,NO3,20.84259653,-4.075683189,0.020565686,219.1819222,2.95586329
086.7 035.0,125,btl_nitrate,NO3,23.28331888,-3.027923816,0.018864659,220.8520153,2.172744939
086.7 035.0,150,btl_nitrate,NO3,25.04671384,-2.53965354,0.018335247,220.0357406,1.83398263
086.7 035.0,200,btl_nitrate,NO3,27.89468244,-1.618403452,0.019965667,205.0389668,1.169333403
086.7 035.0,250,btl_nitrate,NO3,29.9142711,-1.318387955,0.020210226,189.0803875,0.945325571
086.7 035.0,300,btl_nitrate,NO3,31.7564568,-1.176440299,0.020303297,174.9251589,0.965564377
086.7 035.0,400,btl_nitrate,NO3,35.25240439,-0.97173613700000006,0.022221063,159.2390609,1.001728676
086.7 035.0,500,btl_nitrate,NO3,38.15022453,-0.593763801,0.023452482,160.9540758,0.704808545
086.7 040.0,0,btl_nitrate,NO3,0.265036849,-0.228504848,0.016727534,148,0.412604237
086.7 040.0,10,btl_nitrate,NO3,0.32558916,-0.355431248,0.019371711,164,0.609973508
086.7 040.0,20,btl_nitrate,NO3,0.968543063,-0.483436647,0.025410743,205.019933,1.278001947
086.7 040.0,30,btl_nitrate,NO3,3.985355096,-2.010237716,0.023542531,216.7983167,3.45289173
086.7 040.0,50,btl_nitrate,NO3,11.63916774,-4.601677918,0.025975101,206.1425978,4.876726953
086.7 040.0,75,btl_nitrate,NO3,17.91425608,-3.751885416,0.025202457,209.0817578,3.810821065
086.7 040.0,100,btl_nitrate,NO3,21.69610452,-2.715631957,0.025716538,205.0112822,2.796129805
086.7 040.0,125,btl_nitrate,NO3,24.48853626,-1.849007604,0.025147861,203.339833,1.86500237
086.7 040.0,150,btl_nitrate,NO3,26.3387884,-1.662979032,0.025432169,203.154527,1.53271616
086.7 040.0,200,btl_nitrate,NO3,29.01015066,-1.068206114,0.02462837,196.8998481,1.011845045
086.7 040.0,250,btl_nitrate,NO3,31.12502729,-0.932571174,0.024032722,192.9911173,0.910519998
086.7 040.0,300,btl_nitrate,NO3,32.9772839,-1.080717374,0.022875959,186.9476938,0.879237964
086.7 040.0,400,btl_nitrate,NO3,36.29974998,-0.877826488,0.022194315,183.1695853,0.801932266
086.7 040.0,500,btl_nitrate,NO3,38.57670094,-0.427770818,0.023323265,183.7501272,0.62046706
086.7 045.0,0,btl_nitrate,NO3,1.405431798,-1.28753182,0.02165548,200.9865862,1.622365637
086.7 045.0,10,btl_nitrate,NO3,2.025980511,-1.601594303,0.023980972,211.2760218,1.968938626
086.7 045.0,20,btl_nitrate,NO3,3.947064275,-2.703191224,0.025786717,226.2373149,3.252785509
086.7 045.0,30,btl_nitrate,NO3,8.270262323,-5.47147776,0.025888403,228.4070009,5.058997576
086.7 045.0,50,btl_nitrate,NO3,15.47208473,-5.419153811,0.023922762,228.5980018,5.176367515
086.7 045.0,75,btl_nitrate,NO3,20.78947731,-4.064788216,0.022563207,230.9235364,3.732394051
086.7 045.0,100,btl_nitrate,NO3,23.77900434,-2.910476187,0.02200275,231.987811,2.667215366
086.7 045.0,125,btl_nitrate,NO3,25.78718696,-1.945666973,0.021148213,231.8953322,1.879078851
086.7 045.0,150,btl_nitrate,NO3,27.47051849,-1.612482807,0.023634623,224.7297961,1.632890773
086.7 045.0,200,btl_nitrate,NO3,29.91968395,-1.085057288,0.022975507,217.7527085,1.243738757
086.7 045.0,250,btl_nitrate,NO3,31.92722197,-0.955536805,0.021826531,211.5137195,1.13142308
086.7 045.0,300,btl_nitrate,NO3,33.63738508,-0.90249666,0.021325334,202.7765852,1.004741521
086.7 045.0,400,btl_nitrate,NO3,36.51573061,-0.819068975,0.020164265,193.2881984,0.805599456
086.7 045.0,500,btl_nitrate,NO3,38.66465939,-0.411780381,0.022448298,185.7937436,0.615310895
086.7 050.0,0,btl_nitrate,NO3,1.734952432,-1.377816019,0.014681203,212.5506659,2.110434144
086.7 050.0,10,btl_nitrate,NO3,2.318945058,-1.840814289,0.015565588,236.3653938,2.578408928
086.7 050.0,20,btl_nitrate,NO3,6.368190641,-4.594378755,0.026620005,228.8090197,3.902126526
086.7 050.0,30,btl_nitrate,NO3,9.408955023,-5.554665075,0.024984392,234.3230799,4.722937422
086.7 050.0,50,btl_nitrate,NO3,15.15102938,-5.929485248,0.02426427,236.6023243,5.44263027
086.7 055.0,0,btl_nitrate,NO3,1.030984069,-0.828505728,0.017402491,210.7473076,1.32321087
086.7 055.0,10,btl_nitrate,NO3,1.221297378,-1.024792745,0.017716299,205.6847042,1.581234982
086.7 055.0,20,btl_nitrate,NO3,1.344473114,-1.666797378,0.013097015,252.5228325,2.100890498
086.7 055.0,30,btl_nitrate,NO3,4.079802925,-2.687108945,0.024000876,237.0586566,3.299778634
086.7 055.0,50,btl_nitrate,NO3,9.654722143,-5.576729099,0.023219763,260.4031262,4.80699944
086.7 055.0,75,btl_nitrate,NO3,16.34217426,-4.563705103,0.020810127,277.4245966,5.251326798
086.7 055.0,100,btl_nitrate,NO3,21.74253271,-2.617029809,0.021723851,261.4576935,3.594535412
086.7 055.0,125,btl_nitrate,NO3,24.60230837,-1.959631805,0.020754637,262.5947137,2.347721041
086.7 055.0,150,btl_nitrate,NO3,26.5020945,-1.607695585,0.021575325,260.8785011,1.927751667
086.7 055.0,200,btl_nitrate,NO3,29.48045786,-1.089729233,0.023485775,244.2763739,1.432862813
086.7 055.0,250,btl_nitrate,NO3,32.0849728,-1.042533456,0.025880887,234.9776254,1.099636726
086.7 055.0,300,btl_nitrate,NO3,34.21065622,-1.076125047,0.027807177,222.7644948,1.010872295
086.7 055.0,400,btl_nitrate,NO3,37.38496642,-0.74141467,0.03,209.0559007,0.832206547
086.7 055.0,500,btl_nitrate,NO3,39.66500508,-0.338905607,0.03,197.3079089,0.665340708
086.7 060.0,0,btl_nitrate,NO3,0.664372015,-0.550653525,0.01463407,208.8737655,1.064452199
086.7 060.0,10,btl_nitrate,NO3,0.70980367,-0.598358792,0.015398276,208.6577273,1.077065694
086.7 060.0,20,btl_nitrate,NO3,0.799842061,-0.646187638,0.01270794,244.1693041,1.293681036
086.7 060.0,30,btl_nitrate,NO3,2.241466509,-1.580070585,0.026395125,237.6984265,2.057420187
086.7 060.0,50,btl_nitrate,NO3,6.842883945,-3.927119384,0.019641403,289.5655017,5.144964734
086.7 060.0,75,btl_nitrate,NO3,13.54580623,-4.837177138,0.018886342,301.2647822,5.625219687
086.7 060.0,100,btl_nitrate,NO3,19.80687452,-3.422672694,0.018968978,296.5380636,4.267565266
086.7 060.0,125,btl_nitrate,NO3,23.70836625,-2.151998526,0.020043669,290.5663639,2.854042671
086.7 060.0,150,btl_nitrate,NO3,25.82398859,-1.609093648,0.020545723,288.7367957,2.199464968
086.7 060.0,200,btl_nitrate,NO3,28.98693142,-1.006579569,0.024746498,261.0712424,1.451014508
086.7 060.0,250,btl_nitrate,NO3,31.63396472,-1.094317934,0.021494659,278.6158504,1.484673047
086.7 060.0,300,btl_nitrate,NO3,34.26244396,-1.25925582,0.029979492,221.7764829,1.370710543
086.7 060.0,400,btl_nitrate,NO3,37.9748239,-0.915363798,0.03,223.6882389,0.987475346
086.7 060.0,500,btl_nitrate,NO3,40.15531693,-0.595698145,0.03,221.1051259,0.869724883
086.7 070.0,0,btl_nitrate,NO3,0.602680664,-0.497852748,0.005791239,4.78e-8,0.44577476
086.7 070.0,10,btl_nitrate,NO3,0.642722146,-0.541836703,0.006087218,8.76e-6,0.478310764
086.7 070.0,20,btl_nitrate,NO3,0.712479577,-0.547138512,0.005588885,0.762,0.623842993
086.7 070.0,30,btl_nitrate,NO3,0.573871046,-0.284290718,0.008688417,136,0.878604065
086.7 070.0,50,btl_nitrate,NO3,2.78220731,1.52312345,0.011097183,250.0164905,2.575350845
086.7 070.0,75,btl_nitrate,NO3,14.18919895,8.769573714,0.006285335,341.4055515,5.591593361
086.7 070.0,100,btl_nitrate,NO3,18.11117691,5.851575985,0.007650161,301.0848152,5.843888384
086.7 070.0,125,btl_nitrate,NO3,20.68902489,2.624642816,0.010927755,237.9934886,4.564236173
086.7 070.0,150,btl_nitrate,NO3,23.98409755,1.554664681,0.01275144,216.8324723,3.039122229
086.7 070.0,200,btl_nitrate,NO3,29.71130269,2.938038569,0.006313245,359.9927603,1.620875634
086.7 070.0,250,btl_nitrate,NO3,32.11433188,2.267154535,0.006125756,359.9999491,1.538283423
086.7 070.0,300,btl_nitrate,NO3,33.67972171,0.764819415,0.010776379,233.9360509,1.276722029
086.7 070.0,400,btl_nitrate,NO3,37.95803212,0.233262585,0.017765943,180.6740706,0.886046269
086.7 070.0,500,btl_nitrate,NO3,40.53206655,0.17949399,0.019154916,183.4466858,0.836121215
086.7 080.0,0,btl_nitrate,NO3,0.216585321,-0.159350921,0.008867579,106.0781612,0.390580621
086.7 080.0,10,btl_nitrate,NO3,0.216623603,-0.91875809,0.001053651,149.4603297,0.477354541
086.7 080.0,20,btl_nitrate,NO3,0.203864949,-1.081096211,0.001054278,174.7770415,0.488949645
086.7 080.0,30,btl_nitrate,NO3,0.269871057,-1.158240638,0.001084183,174.823837,0.619465641
086.7 080.0,50,btl_nitrate,NO3,1.4931009,0.640272771,8.19409e-4,175.8751262,2.316668513
086.7 080.0,75,btl_nitrate,NO3,8.174050646,3.951676263,0.00681914,359.9627311,4.951892449
086.7 080.0,100,btl_nitrate,NO3,15.46507923,5.667748312,0.007032984,359.9987513,6.469670066
086.7 080.0,125,btl_nitrate,NO3,19.76637943,3.419873856,0.006584149,359.9984975,5.815143839
086.7 080.0,150,btl_nitrate,NO3,23.44985177,1.583649208,0.007399507,359.9983984,3.613953958
086.7 080.0,200,btl_nitrate,NO3,27.41529323,0.897326327,0.005415644,359.9999906,2.229570558
086.7 080.0,250,btl_nitrate,NO3,31.10188745,1.637696317,0.004165145,359.9999121,1.862097688
086.7 080.0,300,btl_nitrate,NO3,33.94313368,2.103328816,0.002528496,359.8339619,1.543103142
086.7 080.0,400,btl_nitrate,NO3,37.99586865,7.101015587,1.90385e-4,248.975693,0.9522957
086.7 080.0,500,btl_nitrate,NO3,40.63604765,2.322373565,1.38814e-4,179.3508699,0.82205035
086.7 090.0,0,btl_nitrate,NO3,0.077736619,-0.040240545,0.017841829,129.4833214,0.142447919
086.7 090.0,10,btl_nitrate,NO3,0.169308083,-0.13847739,0.009649192,56.1,0.208144482
086.7 090.0,20,btl_nitrate,NO3,0.119194145,-0.082862906,0.012596106,107.8489353,0.21199033
086.7 090.0,30,btl_nitrate,NO3,0.131959108,-0.069737773,0.013893443,118.468043,0.2481508
086.7 090.0,50,btl_nitrate,NO3,0.438944186,-0.098890326,0.0044183,0.731632032,0.769135673
086.7 090.0,75,btl_nitrate,NO3,1.991645007,-1.017907529,0.001265451,132.6193508,2.731652831
086.7 090.0,100,btl_nitrate,NO3,6.450822815,-1.492359271,0.02269153,141.6134382,5.879381974
086.7 090.0,125,btl_nitrate,NO3,12.56775232,-1.424036093,0.022889215,138.7670965,6.212610099
086.7 090.0,150,btl_nitrate,NO3,18.28426447,-1.135349154,0.022952308,139.4117556,4.938823737
086.7 090.0,200,btl_nitrate,NO3,25.22347457,-0.458818898,0.03,187.7667515,2.610182637
086.7 090.0,250,btl_nitrate,NO3,28.68963828,-0.390256676,0.03,189.8381773,2.112594534
086.7 090.0,300,btl_nitrate,NO3,31.95289045,-0.352035074,0.026872907,136.6081057,1.657714645
086.7 090.0,400,btl_nitrate,NO3,37.62226023,-0.377564905,0.01119571,1.21058e-4,0.940413807
086.7 090.0,500,btl_nitrate,NO3,40.70524684,-0.278665881,0.012032123,1.89e-4,0.733396559
086.7 100.0,0,btl_nitrate,NO3,0.05809756,0.028724374,0.01048067,101.4738406,0.077339011
086.7 100.0,10,btl_nitrate,NO3,0.031482033,0.042892608,0.003909696,5.53e-8,0.076572358
086.7 100.0,20,btl_nitrate,NO3,0.062211453,-0.025211106,0.017413479,96.09412944,0.103223816
086.7 100.0,30,btl_nitrate,NO3,0.058540184,-0.038162543,0.018331362,109.2483356,0.104621077
086.7 100.0,50,btl_nitrate,NO3,0.160573459,-0.145509828,0.019519809,105.3130121,0.405205086
086.7 100.0,75,btl_nitrate,NO3,1.193340587,-0.937037912,0.024014795,62.27713993,2.432860008
086.7 100.0,100,btl_nitrate,NO3,5.634595415,-1.872355551,0.014753029,49.274019439999996,5.490577378
086.7 100.0,125,btl_nitrate,NO3,10.71636435,-2.182926944,0.015652423,54.33542842,6.216551299
086.7 100.0,150,btl_nitrate,NO3,15.93536617,-1.535762937,0.019806502,62.60088145,5.381856709
086.7 100.0,200,btl_nitrate,NO3,24.28080114,-0.894366352,0.011752312,6.37699e-4,2.837338291
086.7 100.0,250,btl_nitrate,NO3,28.18761474,-0.520737758,0.01209374,2.52e-5,1.893512909
086.7 100.0,300,btl_nitrate,NO3,31.66608565,-0.679231259,0.010687407,3.44674e-4,1.840673132
086.7 100.0,400,btl_nitrate,NO3,37.44440736,-0.695091639,0.011010764,2.98e-6,1.1043112
086.7 100.0,500,btl_nitrate,NO3,40.4664735,-0.23528518,0.013137345,1.17e-5,0.748916307
086.7 110.0,0,btl_nitrate,NO3,0.048224264,-0.010719213,0.021964731,144.2296552,0.058566045
086.7 110.0,10,btl_nitrate,NO3,0.044661799,-0.016975849,0.019452796,136.2900588,0.055580898
086.7 110.0,20,btl_nitrate,NO3,0.044783717,-0.013166164,0.017186405,108.2949726,0.058415726
086.7 110.0,30,btl_nitrate,NO3,0.064992048,-0.033350604,0.009813883,4.741615089,0.062495157
086.7 110.0,50,btl_nitrate,NO3,0.162626278,-0.078197724,0.005829661,3.37e-6,0.288143671
086.7 110.0,75,btl_nitrate,NO3,0.42686969,0.379611378,0.021442567,194.0638121,1.003245235
086.7 110.0,100,btl_nitrate,NO3,3.256097213,1.72630227,0.019294464,224.1088106,3.877410903
086.7 110.0,125,btl_nitrate,NO3,8.434093172,2.565308162,0.021039586,223.6769015,5.554299952
086.7 110.0,150,btl_nitrate,NO3,14.16644353,2.293469048,0.022309258,222.7951384,5.3850972
086.7 110.0,200,btl_nitrate,NO3,23.09550905,0.918815109,0.02073516,228.7723629,2.91366757
086.7 110.0,250,btl_nitrate,NO3,27.20357193,0.801533634,0.020531018,259.096074,2.022499335
086.7 110.0,300,btl_nitrate,NO3,31.83607012,1.634442119,0.008842967,359.9981651,1.488002436
086.7 110.0,400,btl_nitrate,NO3,36.85913105,0.586131151,0.017818285,242.6167571,0.968908688
086.7 110.0,500,btl_nitrate,NO3,40.42742597,0.448487429,0.016550207,245.1842281,0.840544584
090.0 028.0,0,btl_nitrate,NO3,0.196348935,-0.197270624,0.018178497,167.7887025,0.462861764
090.0 028.0,10,btl_nitrate,NO3,0.432046303,-0.49701667,0.019725479,184.9640663,0.909820067
090.0 028.0,20,btl_nitrate,NO3,2.665133175,-2.876801845,0.022206651,196.4072793,3.083805955
090.0 028.0,30,btl_nitrate,NO3,6.729805599,-4.815281682,0.021368874,208.3899629,4.950703308
090.0 028.0,50,btl_nitrate,NO3,13.16794897,-5.93751285,0.020291462,214.7659175,4.888063326
090.0 030.0,0,btl_nitrate,NO3,0.124479845,-0.077197359,0.008544484,0.001735271,0.089119467
090.0 030.0,10,btl_nitrate,NO3,0.115214339,-0.06776583,0.016846258,145.1601232,0.271484723
090.0 030.0,20,btl_nitrate,NO3,0.322595568,-0.227845874,0.018221504,215.8381677,0.700882985
090.0 030.0,30,btl_nitrate,NO3,2.683092735,-2.621153985,0.021184893,194.6895734,3.06718231
090.0 030.0,50,btl_nitrate,NO3,10.60144458,-5.641967818,0.021599372,210.0374404,4.482697123
090.0 030.0,75,btl_nitrate,NO3,16.36737363,-4.512900039,0.021340146,212.1227809,4.058349763
090.0 030.0,100,btl_nitrate,NO3,20.14409445,-3.602871402,0.020204421,214.797096,3.0980013
090.0 030.0,125,btl_nitrate,NO3,23.00205181,-2.723700526,0.02111877,208.7371127,2.274314113
090.0 030.0,150,btl_nitrate,NO3,25.13906593,-2.00717097,0.020638616,209.2637346,1.699484681
090.0 030.0,200,btl_nitrate,NO3,27.93142962,-1.339558015,0.021459669,199.9048193,1.278517237
090.0 030.0,250,btl_nitrate,NO3,30.12543873,-1.144365443,0.022073175,192.3803715,1.029993222
090.0 030.0,300,btl_nitrate,NO3,32.00714352,-1.038526061,0.022163448,182.4843751,1.05355485
090.0 030.0,400,btl_nitrate,NO3,35.48921775,-1.067223146,0.021867997,166.9697713,0.952281044
090.0 030.0,500,btl_nitrate,NO3,38.29615385,-0.718881243,0.023811078,158.77183110000001,0.862719725
090.0 035.0,0,btl_nitrate,NO3,0.31674756,-0.289664505,0.007339928,2.21e-5,0.21492341
090.0 035.0,10,btl_nitrate,NO3,0.30761837,-0.272589183,0.007050335,6.79e-8,0.230031784
090.0 035.0,20,btl_nitrate,NO3,0.31803205,-0.187092588,0.011343303,158.6132185,0.616506628
090.0 035.0,30,btl_nitrate,NO3,1.911735225,-0.919256521,0.024801035,193.8898529,2.450146877
090.0 035.0,50,btl_nitrate,NO3,9.164487377,-3.826887246,0.026064247,204.9618104,4.702643744
090.0 035.0,75,btl_nitrate,NO3,16.26773521,-3.711530457,0.025808091,205.7689207,3.975146894
090.0 035.0,100,btl_nitrate,NO3,20.74404534,-2.606722931,0.024253905,211.2256666,2.719797377
090.0 035.0,125,btl_nitrate,NO3,23.64242349,-1.760504016,0.024162201,208.4343402,1.978229826
090.0 035.0,150,btl_nitrate,NO3,25.76573766,-1.325360004,0.023996144,205.8794414,1.631554242
090.0 035.0,200,btl_nitrate,NO3,28.6357127,-1.080002591,0.02280682,206.5949182,1.237758504
090.0 035.0,250,btl_nitrate,NO3,30.67605001,-0.91020112500000006,0.023546464,203.6182383,1.079138696
090.0 035.0,300,btl_nitrate,NO3,32.24340511,-0.901693457,0.018747709,214.4691383,0.992780244
090.0 037.0,0,btl_nitrate,NO3,0.088295841,-0.054439766,0.019206855,147.7579672,0.125648213
090.0 037.0,10,btl_nitrate,NO3,0.083466807,-0.056952966,0.019323798,148.095136,0.119790009
090.0 037.0,20,btl_nitrate,NO3,0.239252773,-0.156715297,0.019269666,190.2005962,0.44503559
090.0 037.0,30,btl_nitrate,NO3,1.34276887,-0.746866617,0.027824436,208.8142759,1.691874718
090.0 037.0,50,btl_nitrate,NO3,9.041443995,-4.253835563,0.027298151,210.0928927,4.556646065
090.0 037.0,75,btl_nitrate,NO3,15.9877464,-3.519900153,0.026392981,208.9475117,4.165393068
090.0 037.0,100,btl_nitrate,NO3,20.52606528,-2.439211331,0.0277773,202.9215198,2.67452588
090.0 037.0,125,btl_nitrate,NO3,23.54949013,-1.602507337,0.025757609,210.563064,1.89739354
090.0 037.0,150,btl_nitrate,NO3,25.61096892,-1.24890632,0.02501852,212.3526447,1.541484459
090.0 037.0,200,btl_nitrate,NO3,28.47814971,-1.008382344,0.025299048,206.1076463,1.207660044
090.0 037.0,250,btl_nitrate,NO3,30.69745859,-0.904463902,0.023869783,203.0741613,1.071562741
090.0 037.0,300,btl_nitrate,NO3,32.73453122,-0.859974113,0.022367935,201.6914532,1.071249946
090.0 037.0,400,btl_nitrate,NO3,36.23908788,-0.76786543,0.020734825,190.0764226,0.945091156
090.0 037.0,500,btl_nitrate,NO3,38.88845919,-0.543766504,0.01880953,192.4518619,0.784059392
090.0 045.0,0,btl_nitrate,NO3,0.234911145,-0.206324337,0.018125833,176.7929757,0.363206726
090.0 045.0,10,btl_nitrate,NO3,0.362863474,-0.338940459,0.017814934,189.7495307,0.620866096
090.0 045.0,20,btl_nitrate,NO3,0.855960603,-0.544169399,0.015710489,233.5032786,1.331808269
090.0 045.0,30,btl_nitrate,NO3,4.01814252,-3.016122205,0.026418905,225.1526583,2.944483947
090.0 045.0,50,btl_nitrate,NO3,10.95044416,-4.2683473,0.025162862,224.8129317,5.08443674
090.0 045.0,75,btl_nitrate,NO3,17.21185755,-3.332726221,0.020789377,243.5869227,4.380554401
090.0 045.0,100,btl_nitrate,NO3,21.55905288,-2.486600299,0.021040895,244.2344946,3.003170946
090.0 045.0,125,btl_nitrate,NO3,24.54665501,-2.037362258,0.023635188,227.3479611,2.134909956
090.0 045.0,150,btl_nitrate,NO3,26.34059212,-1.490870563,0.022059451,236.2302989,1.656906251
090.0 045.0,200,btl_nitrate,NO3,29.0088387,-1.156537854,0.01799856,252.7374197,1.302352644
090.0 045.0,250,btl_nitrate,NO3,31.53763743,-0.902837378,0.022517224,230.2424554,1.170422776
090.0 045.0,300,btl_nitrate,NO3,33.5411591,-0.825971862,0.023746984,215.5031511,1.136929256
090.0 045.0,400,btl_nitrate,NO3,36.77806313,-0.646410761,0.021961134,206.5454044,1.020451698
090.0 045.0,500,btl_nitrate,NO3,39.18453537,-0.426760672,0.022247471,209.1472539,0.812770699
090.0 053.0,0,btl_nitrate,NO3,0.520688576,-0.45723246,0.013451972,233.5084466,0.882369237
090.0 053.0,10,btl_nitrate,NO3,0.593207818,-0.395761095,0.014392406,222.1062063,0.925382878
090.0 053.0,20,btl_nitrate,NO3,0.95572589,-0.522904457,0.017351482,223.2554919,1.306736774
090.0 053.0,30,btl_nitrate,NO3,2.822388755,-2.018866897,0.026384825,233.7134021,2.469047297
090.0 053.0,50,btl_nitrate,NO3,8.240792155,-4.771398152,0.024034779,254.010011,5.187488394
090.0 053.0,75,btl_nitrate,NO3,15.20294212,-4.102200164,0.024320141,257.6594843,5.698096208
090.0 053.0,100,btl_nitrate,NO3,20.69208247,-2.996042115,0.026414998,243.4880594,4.088900572
090.0 053.0,125,btl_nitrate,NO3,24.15555565,-2.198114578,0.026759118,238.6908545,2.976633882
090.0 053.0,150,btl_nitrate,NO3,26.31394131,-1.777974025,0.026540434,238.2817223,2.145071222
090.0 053.0,200,btl_nitrate,NO3,29.27557456,-1.282467069,0.026466934,238.785409,1.656540551
090.0 053.0,250,btl_nitrate,NO3,31.92291176,-1.080879337,0.025040407,235.0856544,1.245715726
090.0 053.0,300,btl_nitrate,NO3,34.22180194,-0.888028886,0.024792701,236.5615469,0.950949502
090.0 053.0,400,btl_nitrate,NO3,37.36719352,-0.511159706,0.021186026,241.1295869,0.755672822
090.0 053.0,500,btl_nitrate,NO3,39.50434222,-0.269036097,0.022869835,243.0696231,0.654398889
090.0 060.0,0,btl_nitrate,NO3,-0.085338054,-0.632643971,0.004926002,359.9672739,0.717281452
090.0 060.0,10,btl_nitrate,NO3,-0.064418784,-0.684674314,0.004232876,359.9999335,0.765968296
090.0 060.0,20,btl_nitrate,NO3,-0.182258742,-0.854842072,0.005524952,359.9999598,0.872995155
090.0 060.0,30,btl_nitrate,NO3,-0.063906188,-1.200449616,0.006373596,359.9999999,1.440613769
090.0 060.0,50,btl_nitrate,NO3,4.08931355,-2.133519733,0.022866996,276.9077904,3.94280617
090.0 060.0,75,btl_nitrate,NO3,10.60717999,-3.750712731,0.021888863,294.1195294,5.776678749
090.0 060.0,100,btl_nitrate,NO3,16.7615912,-3.22025915,0.022253435,297.6823085,5.380876069
090.0 060.0,125,btl_nitrate,NO3,21.64861633,-2.242238214,0.022373514,296.2593945,3.384160717
090.0 060.0,150,btl_nitrate,NO3,24.67015252,-1.325381394,0.022190719,287.5224418,2.286965681
090.0 060.0,200,btl_nitrate,NO3,28.36142669,-1.030617013,0.023672132,271.9176598,1.762029479
090.0 060.0,250,btl_nitrate,NO3,31.07880585,-0.952980503,0.02081929,285.8150846,1.563497581
090.0 060.0,300,btl_nitrate,NO3,33.76492145,-0.716508218,0.021839585,280.0271696,1.294419201
090.0 060.0,400,btl_nitrate,NO3,37.81932321,-0.38639756,0.020371783,283.1742724,0.921108587
090.0 060.0,500,btl_nitrate,NO3,39.93001033,-0.233112728,0.00840442,360,0.662513545
090.0 070.0,0,btl_nitrate,NO3,0.262783103,-1.238873768,6.44949e-4,63.05614557,0.366073915
090.0 070.0,10,btl_nitrate,NO3,0.253166314,-1.176813984,6.5677e-4,62.84006679,0.369002281
090.0 070.0,20,btl_nitrate,NO3,0.471468143,-0.385612798,0.004618373,3.32e-6,0.525942062
090.0 070.0,30,btl_nitrate,NO3,0.552271703,-0.356515471,0.005458462,1.44e-6,0.593890487
090.0 070.0,50,btl_nitrate,NO3,1.641820351,0.676058129,0.020885119,150.7911226,2.22540349
090.0 070.0,75,btl_nitrate,NO3,10.3590559,4.612470946,0.005176926,359.527777,5.462439031
090.0 070.0,100,btl_nitrate,NO3,16.55869106,4.269312635,0.005409438,359.9903243,6.317195513
090.0 070.0,125,btl_nitrate,NO3,22.12764188,4.48362121,0.005726734,359.9999272,5.417433404
090.0 070.0,150,btl_nitrate,NO3,25.31732484,3.324065376,0.006254402,359.9998136,3.627055212
090.0 070.0,200,btl_nitrate,NO3,28.25872552,1.500503809,0.005605991,351.5183427,2.064811683
090.0 070.0,250,btl_nitrate,NO3,31.74092855,1.99869674,0.006326941,359.4604523,1.688951351
090.0 070.0,300,btl_nitrate,NO3,34.48865181,1.721813593,0.006054824,359.9988476,1.410663424
090.0 070.0,400,btl_nitrate,NO3,38.33978009,0.555987881,0.005676131,359.9999697,0.878858557
090.0 070.0,500,btl_nitrate,NO3,40.6681595,2.696579566,4.83354e-4,294.8675908,0.672005766
090.0 080.0,0,btl_nitrate,NO3,0.118946139,-0.027971157,0.018871276,219.4662805,0.214194805
090.0 080.0,10,btl_nitrate,NO3,0.115512982,-0.039287261,0.020793129,192.8935472,0.225268191
090.0 080.0,20,btl_nitrate,NO3,0.132845608,-0.058227037,0.021005528,205.4783292,0.258191275
090.0 080.0,30,btl_nitrate,NO3,0.179791346,-0.108777081,0.018986134000000002,223.54929,0.395007299
090.0 080.0,50,btl_nitrate,NO3,0.399650442,0.952750916,0.003233702,0.002558568,1.619029408
090.0 080.0,75,btl_nitrate,NO3,3.401330962,90.54592653,1.0051e-4,89.67086168,4.431801063
090.0 080.0,100,btl_nitrate,NO3,9.947245227,32.8792494,2.23285e-4,151.2521936,6.408287103
090.0 080.0,125,btl_nitrate,NO3,16.40702417,24.43200276,2.83384e-4,160.0843066,5.715198755
090.0 080.0,150,btl_nitrate,NO3,21.00103562,46.60791892,1.00205e-4,167.7357121,4.103917139
090.0 080.0,200,btl_nitrate,NO3,26.44289345,6.561814988,4.50933e-4,169.2313517,2.067134527
090.0 080.0,250,btl_nitrate,NO3,29.66916394,5.083655047,4.25473e-4,173.7178177,1.870252414
090.0 080.0,300,btl_nitrate,NO3,32.78502503,5.670373082,4.4369e-4,209.8558483,1.51538595
090.0 080.0,400,btl_nitrate,NO3,37.8110355,1.171233451,3.74346e-4,192.9738056,0.83035749700000006
090.0 080.0,500,btl_nitrate,NO3,40.51089489,-0.618737305,3.53279e-4,187.3098261,0.752698391
090.0 090.0,0,btl_nitrate,NO3,0.062358927,-0.049848306,0.03,105.9555555,0.101839933
090.0 090.0,10,btl_nitrate,NO3,0.054961397,-0.049054961,0.03,113.7166387,0.0839416
090.0 090.0,20,btl_nitrate,NO3,0.053692212,-0.045113876,0.028141943,116.8157981,0.085252047
090.0 090.0,30,btl_nitrate,NO3,0.06938986,-0.035876388,0.020831325,127.5793521,0.119204213
090.0 090.0,50,btl_nitrate,NO3,0.220011673,0.145594599,0.010837511,8.49823e-4,0.577937546
090.0 090.0,75,btl_nitrate,NO3,2.505941542,-0.643786961,0.00991309,0.017220643,3.0778765
090.0 090.0,100,btl_nitrate,NO3,7.482186797,-1.780416594,0.012082325,2.63878e-4,5.742824326
090.0 090.0,125,btl_nitrate,NO3,13.22037329,-1.811519656,0.012127966,7.38e-5,6.329178877
090.0 090.0,150,btl_nitrate,NO3,18.41089708,-1.378863062,0.013398307,3.29e-5,5.119678104
090.0 090.0,200,btl_nitrate,NO3,25.0992377,-0.5478287,0.013406426,1.51e-7,2.39185345
090.0 090.0,250,btl_nitrate,NO3,28.62431784,-0.613213665,0.012833237,3.25e-5,2.196885653
090.0 090.0,300,btl_nitrate,NO3,32.0349083,-0.54069055,0.013211804,1.94304e-4,1.854162034
090.0 090.0,400,btl_nitrate,NO3,37.61904959,-0.341369939,0.011861234,5.96e-5,0.933434885
090.0 090.0,500,btl_nitrate,NO3,40.54563959,-0.240859213,0.013770882,31.63597089,0.659158846
090.0 100.0,0,btl_nitrate,NO3,0.046018337,-0.021340852,0.029417468,101.6888163,0.059596831
090.0 100.0,10,btl_nitrate,NO3,0.04442473,-0.013633577,0.029999996,91.83136471,0.05828591
090.0 100.0,20,btl_nitrate,NO3,0.042654892,-0.014386029,0.029981784,95.5453256,0.058282611
090.0 100.0,30,btl_nitrate,NO3,0.04464078,-0.018262064,0.03,90.26847663,0.063650907
090.0 100.0,50,btl_nitrate,NO3,0.167298597,0.107586293,0.02946531,117.2593885,0.295518463
090.0 100.0,75,btl_nitrate,NO3,1.503104224,0.504577686,0.029999972,96.09307529,2.462226872
090.0 100.0,100,btl_nitrate,NO3,4.524897522,1.022841436,0.03,93.67396844,4.985845
090.0 100.0,125,btl_nitrate,NO3,9.697720912,0.923623383,0.03,99.00099519,6.14522264
090.0 100.0,150,btl_nitrate,NO3,15.26436604,0.355761167,0.03,106.8850093,5.575857168
090.0 100.0,200,btl_nitrate,NO3,23.39930749,0.339221149,0.03,63.04596599,2.985910207
090.0 100.0,250,btl_nitrate,NO3,27.50913507,0.355384489,0.03,84.21399489,2.151116063
090.0 100.0,300,btl_nitrate,NO3,31.03279324,0.224405787,0.029999994,85.64160095,1.695270567
090.0 100.0,400,btl_nitrate,NO3,37.02010886,0.16708849,0.03,73.05292468,1.009781523
090.0 100.0,500,btl_nitrate,NO3,40.37611793,0.077687509,0.03,78.5209352,0.79490426
090.0 110.0,0,btl_nitrate,NO3,0.055253876,0.02418614,0.008705748,7.17e-6,0.079439278
090.0 110.0,10,btl_nitrate,NO3,0.054390945,0.002977366,0.010173863,0.002319353,0.072542544
090.0 110.0,20,btl_nitrate,NO3,0.047296554,0.012349847,0.007815547,1.16e-7,0.07193429
090.0 110.0,30,btl_nitrate,NO3,0.054508221,-0.008516184,0.00782188,0.050840126,0.063356816
090.0 110.0,50,btl_nitrate,NO3,0.075647676,0.051042545,0.02337929,158.0389348,0.178753952
090.0 110.0,75,btl_nitrate,NO3,0.587564733,0.485833611,0.018026754,137.5695865,1.474981063
090.0 110.0,100,btl_nitrate,NO3,2.811399171,0.802358198,0.020703982,179.3446524,3.64739317
090.0 110.0,125,btl_nitrate,NO3,8.323631246,1.706389495,0.014444606,236.3272724,5.805889361
090.0 110.0,150,btl_nitrate,NO3,13.6306659,1.826089799,0.017878561,211.4692989,5.886766065
090.0 110.0,200,btl_nitrate,NO3,21.93354403,1.164223233,0.022081565,198.5868745,3.533305918
090.0 110.0,250,btl_nitrate,NO3,27.44234508,1.229735234,0.00882028,302,2.391799741
090.0 110.0,300,btl_nitrate,NO3,30.61848255,0.84091691,0.012815271,238,1.855273317
090.0 110.0,400,btl_nitrate,NO3,37.00007001,0.659669416,0.010289202,243,1.093340378
090.0 110.0,500,btl_nitrate,NO3,41.11448471,0.971471351,0.006193802,360,0.815658359
090.0 120.0,0,btl_nitrate,NO3,0.051558693,-0.026671408,0.024252089,114,0.071483336
090.0 120.0,10,btl_nitrate,NO3,0.040576027,-0.027740617,0.02716608,130,0.06498996
090.0 120.0,20,btl_nitrate,NO3,0.038105129,-0.028790727,0.026297162,126.8163234,0.063194761
090.0 120.0,30,btl_nitrate,NO3,0.032500523,-0.031708007,0.026157187,128,0.061569631
090.0 120.0,50,btl_nitrate,NO3,0.081449214,-0.054259684,0.010401731000000001,1.01e-6,0.105826576
090.0 120.0,75,btl_nitrate,NO3,0.279926015,-0.233274241,0.008745769,7.96e-11,0.348788298
090.0 120.0,100,btl_nitrate,NO3,1.496568668,-0.419773164,0.016866166,25.7,2.589914344
090.0 120.0,125,btl_nitrate,NO3,4.982121172,-1.134630583,0.014672474,13.1,4.448720332
090.0 120.0,150,btl_nitrate,NO3,10.38398143,-1.633650704,0.017815418,21.5,5.65848064
090.0 120.0,200,btl_nitrate,NO3,20.25083575,-1.181556353,0.018558675,18.74352078,3.941529845
090.0 120.0,250,btl_nitrate,NO3,25.65327795,-0.860100347,0.018927679,24,2.591883721
090.0 120.0,300,btl_nitrate,NO3,29.34629205,-0.844442718,0.022027332,52.3,2.049410332
090.0 120.0,400,btl_nitrate,NO3,36.2413362,-0.555447858,0.019364042,32,1.137673611
090.0 120.0,500,btl_nitrate,NO3,40.22438101,-0.260551555,0.01492767,0.03439453,0.840158402
093.3 026.7,0,btl_nitrate,NO3,0.205122643,-0.157811893,0.01351538,119.6247957,0.299226885
093.3 026.7,10,btl_nitrate,NO3,0.284397426,-0.193811622,0.012511404,230,0.619939283
093.3 026.7,20,btl_nitrate,NO3,3.384137769,-2.50254112,0.021116709,204.038025,3.193159562
093.3 026.7,30,btl_nitrate,NO3,8.577988035,-5.671301038,0.021309564,214.8153701,4.759755882
093.3 026.7,50,btl_nitrate,NO3,14.1575347,-6.24231998,0.020752713,213.8306427,4.638557636
093.3 028.0,0,btl_nitrate,NO3,0.214935966,-0.15039993,0.00685197,5.65e-7,0.214242966
093.3 028.0,10,btl_nitrate,NO3,0.167214402,-0.095460877,0.006826775,72.3177178,0.213846459
093.3 028.0,20,btl_nitrate,NO3,1.126386269,-0.63584597,0.028345184,3.42e-6,1.867689344
093.3 028.0,30,btl_nitrate,NO3,4.624014462,-2.58234864,0.028653139,4.44e-8,4.263102264
093.3 028.0,50,btl_nitrate,NO3,11.79046846,-3.996015278,0.02892899,1.31e-7,5.73770138
093.3 028.0,75,btl_nitrate,NO3,17.25009789,-3.478485164,0.028932287,2.1e-7,4.9320218240000004
093.3 028.0,100,btl_nitrate,NO3,20.80668618,-2.954493817,0.029179973,7.56e-8,4.035194722
093.3 028.0,125,btl_nitrate,NO3,23.06389945,-2.021820899,0.029444219,3.44e-11,3.216706418
093.3 028.0,150,btl_nitrate,NO3,24.94494221,-1.145828316,0.029331754,2.29e-14,2.419825215
093.3 028.0,200,btl_nitrate,NO3,27.55650027,-0.4495484,0.029379036,4.24e-14,1.712663207
093.3 028.0,250,btl_nitrate,NO3,29.40346938,-0.259479509,0.029999995,2.26e-14,1.440272014
093.3 028.0,300,btl_nitrate,NO3,31.2306749,1.059155615,0.022821431,37.93947444,1.184846807
093.3 028.0,400,btl_nitrate,NO3,34.73288272,1.151112065,0.023723616,18.90420675,1.039797141
093.3 028.0,500,btl_nitrate,NO3,37.95962287,0.853055112,0.025129871,16.95517918,0.831832459
093.3 030.0,0,btl_nitrate,NO3,0.10497927,-0.036121458,0.01597396,120,0.167780447
093.3 030.0,10,btl_nitrate,NO3,0.095323054,-0.020980242,0.020910566,126,0.165144191
093.3 030.0,20,btl_nitrate,NO3,0.872561785,-0.652070678,0.007103174,0.0326,0.958757925
093.3 030.0,30,btl_nitrate,NO3,2.304470546,1.763323069,0.023204311,53.6,2.976240798
093.3 030.0,50,btl_nitrate,NO3,9.632646277,4.331074832,0.023522961,67.7,4.83383275
093.3 030.0,75,btl_nitrate,NO3,16.40920884,4.129045938,0.023134193,72.6,4.149253896
093.3 030.0,100,btl_nitrate,NO3,20.44293782,3.342051379,0.022317605,71.7,3.28191454
093.3 030.0,125,btl_nitrate,NO3,23.23727851,2.561087414,0.022124362,69.4,2.4721462
093.3 030.0,150,btl_nitrate,NO3,25.2370108,1.839002408,0.022198401,68.5,1.808214023
093.3 030.0,200,btl_nitrate,NO3,27.79503933,1.230273062,0.020587903,54.4,1.146750329
093.3 030.0,250,btl_nitrate,NO3,29.64711826,0.954491456,0.021709063,45.6,0.915655215
093.3 030.0,300,btl_nitrate,NO3,31.3329034,0.974190255,0.022394749,33.8,0.99012519
093.3 030.0,400,btl_nitrate,NO3,34.82260306,1.093874425,0.022939023,10.10470133,1.052261916
093.3 030.0,500,btl_nitrate,NO3,38.09911945,0.729433653,0.023271122,6.366621471,0.868373859
093.3 035.0,0,btl_nitrate,NO3,0.179694423,-0.133743578,0.007331158,4e-6,0.142879193
093.3 035.0,10,btl_nitrate,NO3,0.191579063,-0.144484447,0.007283246,1.41e-6,0.152386677
093.3 035.0,20,btl_nitrate,NO3,0.157437939,-0.473297679,7.6909e-4,149.1408632,0.257515183
093.3 035.0,30,btl_nitrate,NO3,1.214245331,0.655341212,0.025885142,99.64788109,1.722374086
093.3 035.0,50,btl_nitrate,NO3,7.24364811,3.406108846,0.024880314,86.67150778,4.972213995
093.3 035.0,75,btl_nitrate,NO3,14.45173779,3.595915252,0.025144064,86.17585719,4.577404851
093.3 035.0,100,btl_nitrate,NO3,19.27917282,2.321111104,0.024061126,81.29441242,3.498657057
093.3 035.0,125,btl_nitrate,NO3,22.70082506,1.969643594,0.024888251,86.11464467,2.495795793
093.3 035.0,150,btl_nitrate,NO3,24.76788975,1.321184474,0.024017326,82.89536973,1.891555775
093.3 035.0,200,btl_nitrate,NO3,27.82040252,0.903801652,0.02113983,73.23631765,1.197841194
093.3 035.0,250,btl_nitrate,NO3,30.21055179,0.861485636,0.021906946,63.23061713,1.022545562
093.3 035.0,300,btl_nitrate,NO3,32.31532978,0.767797755,0.020825805,47.25137616,1.105646229
093.3 035.0,400,btl_nitrate,NO3,36.04015985,0.627548847,0.02006165,27.10469852,1.155717712
093.3 035.0,500,btl_nitrate,NO3,38.72891892,0.367632647,0.018118729,2.92e-9,0.787501068
093.3 040.0,0,btl_nitrate,NO3,0.100320313,-0.037131,0.024420521,163.3253215,0.157417747
093.3 040.0,10,btl_nitrate,NO3,0.091764782,-0.04490508,0.022352477,165.0426969,0.151962617
093.3 040.0,20,btl_nitrate,NO3,0.04538029,-0.246683249,0.004090423,359.9997905,0.401408682
093.3 040.0,30,btl_nitrate,NO3,1.217338077,-0.971016859,0.025845364,234,1.472576982
093.3 040.0,50,btl_nitrate,NO3,7.091803499,-5.294779099,0.027616596,219,4.316777729
093.3 040.0,75,btl_nitrate,NO3,14.32525901,-4.559739688,0.027694306,218,4.193175538
093.3 040.0,100,btl_nitrate,NO3,19.35333657,-2.794739563,0.026489726,223,3.421315257
093.3 040.0,125,btl_nitrate,NO3,22.71536462,-1.765995617,0.023169704,237,2.379025909
093.3 040.0,150,btl_nitrate,NO3,25.15826611,-1.434473372,0.026597986,217,1.727144238
093.3 040.0,200,btl_nitrate,NO3,28.28031309,-0.833785273,0.025749389,222,1.253326936
093.3 040.0,250,btl_nitrate,NO3,30.78420266,-0.869994511,0.026684391,214,1.196351428
093.3 040.0,300,btl_nitrate,NO3,33.05493608,-0.82493765,0.027695314,211,1.194529527
093.3 040.0,400,btl_nitrate,NO3,36.77436642,-0.567366753,0.027460098,206,1.203318797
093.3 040.0,500,btl_nitrate,NO3,39.25407882,-0.336042001,0.021172701,207,0.88331128
093.3 045.0,0,btl_nitrate,NO3,0.205882691,-0.13846608,0.008436372,58.3,0.25835549
093.3 045.0,10,btl_nitrate,NO3,0.232598671,-2.273858019,2.98726e-4,56.3,0.312288639
093.3 045.0,20,btl_nitrate,NO3,0.507951321,-5.476057612,2.15916e-4,75.71558018,0.898872164
093.3 045.0,30,btl_nitrate,NO3,1.276803278,1.793987866,2.34363e-4,75.6,2.257365283
093.3 045.0,50,btl_nitrate,NO3,6.347416024,11.82586365,2.47e-4,75.2,5.871453701
093.3 045.0,75,btl_nitrate,NO3,13.80472274,12.42291167,2.59786e-4,74.7,5.753062976
093.3 045.0,100,btl_nitrate,NO3,20.29238539,3.382882679,0.028492965,104,3.720932165
093.3 045.0,125,btl_nitrate,NO3,23.39594433,2.564264748,0.028953482,107,2.890292561
093.3 045.0,150,btl_nitrate,NO3,25.61626491,1.757232113,0.027847884,108,2.132503028
093.3 045.0,200,btl_nitrate,NO3,28.75485642,1.06115274,0.026518134,109,1.490729969
093.3 045.0,250,btl_nitrate,NO3,31.28788918,1.019241899,0.027135986,109,1.358232001
093.3 045.0,300,btl_nitrate,NO3,33.54671682,0.775390645,0.027035227,115,1.184773412
093.3 045.0,400,btl_nitrate,NO3,37.16424809,0.524717862,0.022942467,88.1,0.980332256
093.3 045.0,500,btl_nitrate,NO3,39.47230854,0.410121615,0.014460464,35.7,0.834613966
093.3 050.0,0,btl_nitrate,NO3,0.240012096,-0.150936156,0.011621149,143,0.443301488
093.3 050.0,10,btl_nitrate,NO3,0.037917832,-0.365717509,0.00431607,328.6641523,0.470729254
093.3 050.0,20,btl_nitrate,NO3,1.061297711,-1.067725152,0.027605523,229.8780949,1.324708637
093.3 050.0,30,btl_nitrate,NO3,2.251052299,-2.456239508,0.02636661,238,2.365407412
093.3 050.0,50,btl_nitrate,NO3,7.077323325,-4.980078888,0.026333564,246.0075578,4.585452554
093.3 050.0,75,btl_nitrate,NO3,14.29164138,-4.682086524,0.026980154,239.4968475,5.45064649
093.3 050.0,100,btl_nitrate,NO3,19.79980326,-3.495446707,0.028274228,228.7178102,4.321715817
093.3 050.0,125,btl_nitrate,NO3,23.37270754,-2.713064176,0.028035293,229.4844046,3.020451506
093.3 050.0,150,btl_nitrate,NO3,25.69933074,-1.884190609,0.027137832,236.114485,2.207055248
093.3 050.0,200,btl_nitrate,NO3,28.85763597,-1.305076352,0.02696666,236.6297825,1.535081733
093.3 050.0,250,btl_nitrate,NO3,31.44606222,-1.073730556,0.026312065,238.8532267,1.286703677
093.3 050.0,300,btl_nitrate,NO3,33.76604822,-0.852643071,0.026938789,232.309998,1.09824142
093.3 050.0,400,btl_nitrate,NO3,37.25780598,-0.404114396,0.02661734,231,0.900011137
093.3 050.0,500,btl_nitrate,NO3,39.48465653,-0.145469812,0.026021248,212.576627,0.698598668
093.3 055.0,0,btl_nitrate,NO3,0.020124431,-0.254146803,0.006181407,329.6356601,0.306504447
093.3 055.0,10,btl_nitrate,NO3,-0.102805347,-0.407412872,0.006034423,360,0.338249274
093.3 055.0,20,btl_nitrate,NO3,-0.172054196,-0.622397106,0.006976823,359.9999635,0.51370261800000006
093.3 055.0,30,btl_nitrate,NO3,1.163922465,-1.14345668,0.026826549,243.0786648,1.191723778
093.3 055.0,50,btl_nitrate,NO3,5.069385941,-3.532322541,0.023528253,261.5471871,3.411479454
093.3 055.0,75,btl_nitrate,NO3,12.33838744,-3.566813023,0.023946123,258,5.331875334
093.3 055.0,100,btl_nitrate,NO3,18.41118393,-3.023855991,0.023201396,257,4.411669022
093.3 055.0,125,btl_nitrate,NO3,22.46863891,-2.068281059,0.024154128,257,2.871662873
093.3 055.0,150,btl_nitrate,NO3,24.92258554,-1.523862984,0.022085168,272,2.128535902
093.3 055.0,200,btl_nitrate,NO3,28.4890436,-1.257004448,0.023612054,255,1.568267499
093.3 055.0,250,btl_nitrate,NO3,31.30086393,-1.087576284,0.023034925,253,1.31744126
093.3 055.0,300,btl_nitrate,NO3,33.79502998,-0.826045562,0.022389235,257,1.050869813
093.3 055.0,400,btl_nitrate,NO3,37.39998727,-0.49697335,0.02130149,260,0.876909704
093.3 055.0,500,btl_nitrate,NO3,39.41427837,-0.267820431,0.008491672,360,0.771004095
093.3 060.0,0,btl_nitrate,NO3,0.13285517,-0.085812127,0.017713339,198.5086894,0.226558942
093.3 060.0,10,btl_nitrate,NO3,0.130157353,-0.103528544,0.015332005,225.5848737,0.267598706
093.3 060.0,20,btl_nitrate,NO3,0.152364048,-0.107448137,0.017245482,218.927787,0.289235542
093.3 060.0,30,btl_nitrate,NO3,0.48530592,-0.301298419,0.024848205,229.0262112,0.705222442
093.3 060.0,50,btl_nitrate,NO3,2.817907351,-1.729828974,0.019197868,279.9932538,2.946659668
093.3 060.0,75,btl_nitrate,NO3,8.365703111,-2.891479426,0.014917041,345.1226431,5.473666324
093.3 060.0,100,btl_nitrate,NO3,14.80819629,-2.627998391,0.015611019,333.5788823,5.273540937
093.3 060.0,125,btl_nitrate,NO3,20.12441729,-2.250282535,0.018373994,314.4038424,3.799519638
093.3 060.0,150,btl_nitrate,NO3,23.54629127,-1.358933543,0.017951634,330.5817343,2.366941321
093.3 060.0,200,btl_nitrate,NO3,27.44645178,-0.861048322,0.015855208,335.9512361,1.713934647
093.3 060.0,250,btl_nitrate,NO3,30.57202192,-0.667461614,0.016825569,295.3789528,1.472146746
093.3 060.0,300,btl_nitrate,NO3,33.27592513,-0.519994171,0.01608059,301.4378867,1.18881337
093.3 060.0,400,btl_nitrate,NO3,37.20223683,-0.502961523,0.008933537,359.999988,0.900794176
093.3 060.0,500,btl_nitrate,NO3,39.97715676,-0.102561786,0.018269453,152.5107851,0.669697954
093.3 070.0,0,btl_nitrate,NO3,0.128120238,-0.054179898,0.007835649,0.194637166,0.1411782
093.3 070.0,10,btl_nitrate,NO3,0.135856911,-0.084454068,0.006956545,0.062979284,0.127562279
093.3 070.0,20,btl_nitrate,NO3,0.106999674,-0.064051445,0.011372085,76.16489221,0.16065743
093.3 070.0,30,btl_nitrate,NO3,0.283048968,-0.145887466,0.007351084,3.69e-8,0.502451528
093.3 070.0,50,btl_nitrate,NO3,1.291393873,1.241776831,0.020459,143.5383639,2.01943817
093.3 070.0,75,btl_nitrate,NO3,5.747647925,2.610194118,0.015221932,165.6256644,5.297499957
093.3 070.0,100,btl_nitrate,NO3,12.19392194,2.383970552,0.011252071,188.4505985,6.180478971
093.3 070.0,125,btl_nitrate,NO3,18.10433433,2.002841355,0.008739559,204.0302864,5.085930842
093.3 070.0,150,btl_nitrate,NO3,22.24507342,1.413543271,0.011374683,194.904054,3.48545769
093.3 070.0,200,btl_nitrate,NO3,26.58461412,1.062748544,0.012929642,154.4462705,1.959081788
093.3 070.0,250,btl_nitrate,NO3,29.90148445,0.79419973,0.013948102,158.6320218,1.66136139
093.3 070.0,300,btl_nitrate,NO3,32.83464647,0.740698722,0.010516485,152.564168,1.460261618
093.3 070.0,400,btl_nitrate,NO3,38.4771607,1.508072694,0.003231934,359.9970133,0.987047253
093.3 070.0,500,btl_nitrate,NO3,40.81039339,0.834682295,0.00368944,359.9996871,0.888679244
093.3 080.0,0,btl_nitrate,NO3,0.083509471,0.019145407,0.028074517,119.273387,0.088015535
093.3 080.0,10,btl_nitrate,NO3,0.072889762,0.025995517,0.014438507,118.7574976,0.092650099
093.3 080.0,20,btl_nitrate,NO3,0.072126863,0.016965997,0.021368715,149.0235816,0.092006237
093.3 080.0,30,btl_nitrate,NO3,0.106569822,0.055891299,0.028256556,154.2016698,0.190876515
093.3 080.0,50,btl_nitrate,NO3,0.476556177,0.205344744,0.013634805,165.1036156,0.815452772
093.3 080.0,75,btl_nitrate,NO3,3.659826867,1.389599361,0.011766409,223.6421291,3.776000607
093.3 080.0,100,btl_nitrate,NO3,8.612213296,0.788911669,0.013116612,165.7263614,5.954803136
093.3 080.0,125,btl_nitrate,NO3,13.87321316,1.747725045,0.006468017,108.9747395,6.075532493
093.3 080.0,150,btl_nitrate,NO3,19.00560839,1.727895742,0.00659349,104.7450447,4.737882072
093.3 080.0,200,btl_nitrate,NO3,25.58059734,1.103751769,0.006120276,193.5164122,2.360048523
093.3 080.0,250,btl_nitrate,NO3,29.57733154,1.073659718,0.005160847,278.7886604,1.75552139
093.3 080.0,300,btl_nitrate,NO3,33.35198928,1.857933517,0.003542316,359.9993611,1.492658415
093.3 080.0,400,btl_nitrate,NO3,38.04811592,16.77037767,2.07995e-4,321.9585466,1.046610996
093.3 080.0,500,btl_nitrate,NO3,40.76000046,18.39683535,1.49659e-4,321.7630447,0.868066
093.3 090.0,0,btl_nitrate,NO3,0.043225554,0.032341774,0.0075,2.86e-5,0.076016946
093.3 090.0,10,btl_nitrate,NO3,0.035201409,0.030861626,0.00816,7.95e-8,0.068811261
093.3 090.0,20,btl_nitrate,NO3,0.035850203,0.031039173,0.00836,1.31e-5,0.071853693
093.3 090.0,30,btl_nitrate,NO3,0.03649417,0.032363038,0.00867,0.00836,0.084453715
093.3 090.0,50,btl_nitrate,NO3,0.108743074,0.037126017,0.00565,0.00427,0.219986982
093.3 090.0,75,btl_nitrate,NO3,0.96364681,8.673551451,3.74579e-4,56.79965993,1.878243504
093.3 090.0,100,btl_nitrate,NO3,4.168368094,58.04402373,1.58438e-4,57.42283622,4.418079897
093.3 090.0,125,btl_nitrate,NO3,9.773238596,32.00397004,2.93114e-4,57.56187115,5.43195347
093.3 090.0,150,btl_nitrate,NO3,15.70897611,50.63919401,1.48354e-4,57.7862994,4.964884306
093.3 090.0,200,btl_nitrate,NO3,23.37755525,32.24076124,1.65229e-4,76.04357273,2.299135014
093.3 090.0,250,btl_nitrate,NO3,27.69802359,15.88731105,2.04625e-4,99.77243603,1.917042884
093.3 090.0,300,btl_nitrate,NO3,31.31133233,16.41640334,2.52329e-4,120.9592005,1.673330392
093.3 090.0,400,btl_nitrate,NO3,37.09209208,15.10629248,2.38938e-4,121.1539496,0.975854698
093.3 090.0,500,btl_nitrate,NO3,40.33040401,11.87001574,2.26821e-4,121.1775776,0.733928532
093.3 100.0,0,btl_nitrate,NO3,0.082089975,0.034844162,0.00958071,289.3600067,0.075240266
093.3 100.0,10,btl_nitrate,NO3,0.079570395,0.029224741,0.006022978,359.9999396,0.071077965
093.3 100.0,20,btl_nitrate,NO3,0.09165767,0.044708771,0.006638894,359.9960403,0.072301393
093.3 100.0,30,btl_nitrate,NO3,0.07087426,0.028403361,0.010946626,251.2274298,0.080544045
093.3 100.0,50,btl_nitrate,NO3,0.179414864,0.10773975,0.006225426,359.99922780000003,0.18266933899999999
093.3 100.0,75,btl_nitrate,NO3,0.328972317,0.24882748,0.028094012,179.9316109,0.854927764
093.3 100.0,100,btl_nitrate,NO3,5.475742975,4.189806042,0.006498279,359.9989657,2.957655245
093.3 100.0,125,btl_nitrate,NO3,10.77357965,4.724774241,0.006301118,354,5.045595491
093.3 100.0,150,btl_nitrate,NO3,15.02744027,3.092484723,0.007106029,301,5.044304761
093.3 100.0,200,btl_nitrate,NO3,24.5682386,3.418023986,0.006040088,360,2.941128692
093.3 100.0,250,btl_nitrate,NO3,28.48354897,2.58878752,0.00496171,360,1.906943913
093.3 100.0,300,btl_nitrate,NO3,31.97645374,2.205399778,0.00510116,360,1.593437563
093.3 100.0,400,btl_nitrate,NO3,37.86093524,1.572065806,0.006271732,360,0.951257815
093.3 100.0,500,btl_nitrate,NO3,40.45427778,0.635878726,0.008599779,250,0.837676773
093.3 110.0,0,btl_nitrate,NO3,0.056725642,0.031986234,0.029999995,212.1704514,0.070455223
093.3 110.0,10,btl_nitrate,NO3,0.058241121,0.02083268,0.03,211.3046453,0.070098507
093.3 110.0,20,btl_nitrate,NO3,0.054848239,0.022053886,0.03,205.7064355,0.067452185
093.3 110.0,30,btl_nitrate,NO3,0.053765927,0.017754848,0.03,208.4064487,0.068064395
093.3 110.0,50,btl_nitrate,NO3,0.07132213,0.043639421,0.01413786,227.7019873,0.108076449
093.3 110.0,75,btl_nitrate,NO3,0.562824429,0.435338093,0.006769333,359.9766669,0.565046282
093.3 110.0,100,btl_nitrate,NO3,3.501281728,2.434576338,0.007631718,360,2.585372242
093.3 110.0,125,btl_nitrate,NO3,5.996057723,1.218625219,0.017293192,205.724636,4.582948687
093.3 110.0,150,btl_nitrate,NO3,11.57194014,1.034130918,0.016666153,197.5178063,5.172369166
093.3 110.0,200,btl_nitrate,NO3,22.3627033,1.655906395,0.007786576,313,3.396735474
093.3 110.0,250,btl_nitrate,NO3,27.39350992,1.695075991,0.006893041,360,2.263479137
093.3 110.0,300,btl_nitrate,NO3,30.24218513,0.782634483,0.012042843,264,1.897035707
093.3 110.0,400,btl_nitrate,NO3,36.82274175,0.756359425,0.011978521,275.662757,0.90091372
093.3 110.0,500,btl_nitrate,NO3,40.70729969,0.771007189,0.005664661,360,0.76726045
093.3 120.0,0,btl_nitrate,NO3,0.127870219,0.100251095,0.006116557,360,0.069169825
093.3 120.0,10,btl_nitrate,NO3,0.089599155,0.062065922,0.006769869,305,0.062742274
093.3 120.0,20,btl_nitrate,NO3,0.094968476,0.064558463,0.005316684,302,0.066770251
093.3 120.0,30,btl_nitrate,NO3,0.11567929,0.081818421,0.005301144,360,0.06447895
093.3 120.0,50,btl_nitrate,NO3,0.096982489,0.064667691,0.006596993,359.2338797,0.061757111
093.3 120.0,75,btl_nitrate,NO3,0.124649059,-0.109936103,0.021770708,170.7810749,0.384299329
093.3 120.0,100,btl_nitrate,NO3,0.781723021,0.185749113,0.027565411,31.73744306,1.34765219
093.3 120.0,125,btl_nitrate,NO3,4.113914124,0.890061793,0.027436361,39.62558231,4.037425162
093.3 120.0,150,btl_nitrate,NO3,9.138896083,0.727179479,0.025420434,1.69925e-4,5.089088685
093.3 120.0,200,btl_nitrate,NO3,19.05970489,0.865910188,0.029809543,11.58674664,3.840513899
093.3 120.0,250,btl_nitrate,NO3,24.55416409,0.697168443,0.029536548,7.620002577,2.48513669
093.3 120.0,300,btl_nitrate,NO3,28.64759788,0.520627009,0.027603684,3.7e-5,2.087298879
093.3 120.0,400,btl_nitrate,NO3,35.75938282,0.486558842,0.027158235,1.26e-8,1.061041315
093.3 120.0,500,btl_nitrate,NO3,39.86490696,0.390826511,0.028415832,3.33e-14,0.731962646
076.7 049.0,0,btl_phosphate,PO4,0.720569179,-0.401293584,0.02009152,185.8120599,0.302573112
076.7 049.0,10,btl_phosphate,PO4,0.831946333,-0.376331685,0.020126386,193.8885612,0.309437044
076.7 049.0,20,btl_phosphate,PO4,1.033705756,-0.373624178,0.020381697,206.7480927,0.306362441
076.7 049.0,30,btl_phosphate,PO4,1.183646474,-0.369910287,0.020987821,207.9493247,0.312092323
076.7 049.0,50,btl_phosphate,PO4,1.480424416,-0.411245827,0.02072912,224.3359323,0.287552421
076.7 051.0,0,btl_phosphate,PO4,0.556960919,-0.278936757,0.021061253,179.4870326,0.250221991
076.7 051.0,10,btl_phosphate,PO4,0.589626205,-0.281311151,0.020999902,182.9870288,0.253062027
076.7 051.0,20,btl_phosphate,PO4,0.73823576,-0.269260583,0.021109344,203.2280496,0.27422483
076.7 051.0,30,btl_phosphate,PO4,0.96448466,-0.310345474,0.020354793,224.5276125,0.328873466
076.7 051.0,50,btl_phosphate,PO4,0.713372771,-0.83171738,0.00850542,359.9999969,0.330652736
076.7 051.0,75,btl_phosphate,PO4,1.648949094,-0.23444429,0.020421508,229.221309,0.25304115
076.7 051.0,100,btl_phosphate,PO4,1.830767686,-0.182242585,0.019349208,225.3691732,0.217435326
076.7 051.0,125,btl_phosphate,PO4,1.976500753,-0.151656803,0.021161935,215.6811082,0.195593549
076.7 051.0,150,btl_phosphate,PO4,2.083025686,-0.130714515,0.019428434,209.2067619,0.15620951
076.7 051.0,200,btl_phosphate,PO4,2.289922103,-0.116503958,0.021145753,204.8508506,0.138040217
076.7 055.0,0,btl_phosphate,PO4,0.470564392,-0.132948891,0.019004726,186.6078487,0.156730988
076.7 055.0,10,btl_phosphate,PO4,0.498763996,-0.124218526,0.017904644,206.1253112,0.172118952
076.7 055.0,20,btl_phosphate,PO4,0.60793965,-0.151747596,0.01911514,231.7479009,0.223871544
076.7 055.0,30,btl_phosphate,PO4,0.832389472,-0.229195431,0.020876643,244.1298123,0.307956317
076.7 055.0,50,btl_phosphate,PO4,1.138152062,-0.342391973,0.01596393,292.9558735,0.35015314
076.7 055.0,75,btl_phosphate,PO4,1.419549917,-0.322189442,0.012033083,323.6769532,0.27606925
076.7 055.0,100,btl_phosphate,PO4,1.79061669,-0.138314299,0.018018176,276.3366971,0.222832078
076.7 055.0,125,btl_phosphate,PO4,1.975921631,-0.123015582,0.02643742,223.4744444,0.166120208
076.7 055.0,150,btl_phosphate,PO4,2.084378712,-0.09620627,0.025927308,223.4359607,0.152840273
076.7 055.0,200,btl_phosphate,PO4,2.255669861,-0.077123525,0.027150562,222.5988834,0.153323937
076.7 055.0,250,btl_phosphate,PO4,2.437433896,-0.085072314,0.027293823,211.3522545,0.131355825
076.7 055.0,300,btl_phosphate,PO4,2.603143965,-0.071265104,0.026179257,203.0174061,0.119455482
076.7 055.0,400,btl_phosphate,PO4,2.882056971,-0.057557284,0.027576618,186.8185966,0.096851183
076.7 055.0,500,btl_phosphate,PO4,3.085342208,-0.043531521,0.03,160.409234,0.072926293
076.7 060.0,0,btl_phosphate,PO4,0.440152403,-0.100478125,0.018316908,173.306305,0.131207109
076.7 060.0,10,btl_phosphate,PO4,0.449914756,-0.091584592,0.017573908,184.0618207,0.137450532
076.7 060.0,20,btl_phosphate,PO4,0.530165891,-0.105990033,0.01663306,237.8741212,0.204661185
076.7 060.0,30,btl_phosphate,PO4,0.697721103,-0.164158633,0.026722915,231.2926687,0.289669747
076.7 060.0,50,btl_phosphate,PO4,1.033325001,-0.248635994,0.018487878,288.444985,0.359844825
076.7 060.0,75,btl_phosphate,PO4,1.424745031,-0.205566978,0.015515952,309.7198253,0.350104275
076.7 060.0,100,btl_phosphate,PO4,1.75130243,-0.123834059,0.018404921,293.524407,0.253058101
076.7 060.0,125,btl_phosphate,PO4,1.909055576,-0.107196028,0.015988853,307.6788831,0.191267044
076.7 060.0,150,btl_phosphate,PO4,2.025158914,-0.07936362,0.016973384,305.3209883,0.159366849
076.7 060.0,200,btl_phosphate,PO4,2.233424008,-0.077258733,0.018409056,296.6109639,0.157306505
076.7 060.0,250,btl_phosphate,PO4,2.429136983,-0.057368741,0.015840642,323.5304716,0.141428916
076.7 060.0,300,btl_phosphate,PO4,2.578656863,-0.070567132,0.010783116,359.9999826,0.122791525
076.7 060.0,400,btl_phosphate,PO4,2.890549783,-0.031678928,0.009801554,359.9999996,0.097459524
076.7 060.0,500,btl_phosphate,PO4,3.086492789,-0.02444948,0.00979707,359.9999131,0.072214601
076.7 070.0,0,btl_phosphate,PO4,0.410768969,-0.057710666,0.009982764,160.5342027,0.091614367
076.7 070.0,10,btl_phosphate,PO4,0.402451517,-0.050927853,0.011480768,179.2129197,0.088772527
076.7 070.0,20,btl_phosphate,PO4,0.39637364,-0.066799704,0.006672384,241.7496355,0.096951073
076.7 070.0,30,btl_phosphate,PO4,0.435635422,-0.054086606,0.006051567,359.9991373,0.157993001
076.7 070.0,50,btl_phosphate,PO4,0.777450012,0.215277988,0.020775227,165.9901023,0.320773528
076.7 070.0,75,btl_phosphate,PO4,1.208440136,0.248126672,0.021115418,168.1740514,0.371561735
076.7 070.0,100,btl_phosphate,PO4,1.583486413,0.215075676,0.02276599,170.1136584,0.287527792
076.7 070.0,125,btl_phosphate,PO4,1.82489518,0.143203954,0.020737044,174.9828843,0.194712511
076.7 070.0,150,btl_phosphate,PO4,1.965273032,0.109670423,0.019984748,164.8391116,0.17182802
076.7 070.0,200,btl_phosphate,PO4,2.151382583,0.078839011,0.019650055,172.6751639,0.16606829
076.7 070.0,250,btl_phosphate,PO4,2.351767032,0.072106667,0.021525118,179.2994111,0.139290353
076.7 070.0,300,btl_phosphate,PO4,2.553012996,0.064203805,0.020948983,178.1832612,0.119017967
076.7 070.0,400,btl_phosphate,PO4,2.910853142,0.034004432,0.019381908,156.3728214,0.078003757
076.7 070.0,500,btl_phosphate,PO4,3.120185274,0.010371069,0.013843211,147.4635166,0.060224153
076.7 080.0,0,btl_phosphate,PO4,0.366248099,-0.042955596,0.004949337,200.1406626,0.065461625
076.7 080.0,10,btl_phosphate,PO4,0.365396068,-0.091519152,0.00227621,186.1623218,0.06679362
076.7 080.0,20,btl_phosphate,PO4,0.377577818,-0.244568319,7.99687e-4,153.5006868,0.073070344
076.7 080.0,30,btl_phosphate,PO4,0.397226443,-0.052697166,7.60126e-4,151.9137451,0.096232636
076.7 080.0,50,btl_phosphate,PO4,0.595078315,0.152419266,0.016213511,191.7711515,0.257283147
076.7 080.0,75,btl_phosphate,PO4,0.935706423,0.281393197,0.01782792,199.8042762,0.377758064
076.7 080.0,100,btl_phosphate,PO4,1.292373912,0.28437269,0.019582723,200.3795856,0.373778757
076.7 080.0,125,btl_phosphate,PO4,1.603802333,0.232442834,0.01956257,199.2041905,0.297790099
076.7 080.0,150,btl_phosphate,PO4,1.821071947,0.163474714,0.018194323,200.0523636,0.224654932
076.7 080.0,200,btl_phosphate,PO4,2.06344294,0.083908555,0.016887407,205.9134858,0.169053459
076.7 080.0,250,btl_phosphate,PO4,2.294412568,0.090563291,0.016759813,200.0642554,0.153158195
076.7 080.0,300,btl_phosphate,PO4,2.50015984,0.082086127,0.017629196,198.3985427,0.125188961
076.7 080.0,400,btl_phosphate,PO4,2.873067859,0.036892925,0.017050868,201.9251602,0.090883151
076.7 080.0,500,btl_phosphate,PO4,3.108955881,0.010681776,0.0131494,200.2982994,0.067157817
076.7 090.0,0,btl_phosphate,PO4,0.352728233,-0.017595783,0.018142863,180.8074037,0.056160505
076.7 090.0,10,btl_phosphate,PO4,0.350674548,-0.01719966,0.018885251,194.9283268,0.054146621
076.7 090.0,20,btl_phosphate,PO4,0.347232585,-0.01429969,0.019421303,167.4093669,0.058614941
076.7 090.0,30,btl_phosphate,PO4,0.353769881,-0.016922052,0.023519936,155.4347145,0.067196279
076.7 090.0,50,btl_phosphate,PO4,0.418262842,-0.074014427,0.02799791,135.465563,0.172061558
076.7 090.0,75,btl_phosphate,PO4,0.625581433,-0.184238516,0.026741085,139.190968,0.360093229
076.7 090.0,100,btl_phosphate,PO4,0.947671987,-0.192337734,0.026024256,133.2700861,0.445240174
076.7 090.0,125,btl_phosphate,PO4,1.306706927,-0.177597053,0.02728175,134.3854896,0.401960106
076.7 090.0,150,btl_phosphate,PO4,1.632384643,-0.139396051,0.027763892,135.3261894,0.278096283
076.7 090.0,200,btl_phosphate,PO4,1.959790501,-0.079893001,0.028452877,138.6313895,0.191083617
076.7 090.0,250,btl_phosphate,PO4,2.161867945,-0.072374061,0.025022429,134.724133,0.183483421
076.7 090.0,300,btl_phosphate,PO4,2.390508556,-0.078647148,0.02645438,138.4714587,0.159455666
076.7 090.0,400,btl_phosphate,PO4,2.821419689,-0.052161947,0.029316906,141.6774113,0.095140295
076.7 090.0,500,btl_phosphate,PO4,3.079923778,-0.027150298,0.028569462,138.4206442,0.062484232
076.7 100.0,0,btl_phosphate,PO4,0.332695505,-0.019537289,0.023148756,183.2530794,0.055537965
076.7 100.0,10,btl_phosphate,PO4,0.327796559,-0.015923672,0.023893242,180.4620174,0.056273825
076.7 100.0,20,btl_phosphate,PO4,0.328043007,-0.020065391,0.023837118,180.0155837,0.0570808
076.7 100.0,30,btl_phosphate,PO4,0.322941779,-0.010637971,0.029999996,152.1395277,0.058792986
076.7 100.0,50,btl_phosphate,PO4,0.338122366,-0.016665549,0.02676224,178.9286043,0.072530964
076.7 100.0,75,btl_phosphate,PO4,0.459793157,-0.040366071,0.027870631,181.5953412,0.205107511
076.7 100.0,100,btl_phosphate,PO4,0.684801583,-0.073425987,0.029557741,191.3499004,0.337495038
076.7 100.0,125,btl_phosphate,PO4,1.031872927,-0.078963897,0.028415093,184.8378804,0.410193145
076.7 100.0,150,btl_phosphate,PO4,1.380448645,-0.048705782,0.02693159,185.5339429,0.341921699
076.7 100.0,200,btl_phosphate,PO4,1.816258147,-0.043392131,0.022732642,213.1892457,0.224849602
076.7 100.0,250,btl_phosphate,PO4,2.059140407,-0.050221222,0.023338283,195.9145342,0.187189621
076.7 100.0,300,btl_phosphate,PO4,2.29509143,-0.047034581,0.024934098,186.1922474,0.171148877
076.7 100.0,400,btl_phosphate,PO4,2.758066355,-0.032687915,0.025953573,165.585712,0.107924327
076.7 100.0,500,btl_phosphate,PO4,3.054959363,-0.019116359,0.022385639,177.7679991,0.063049398
080.0 051.0,0,btl_phosphate,PO4,0.555175645,-0.273111514,0.0203679,184.4717503,0.291324436
080.0 051.0,10,btl_phosphate,PO4,0.687937873,-0.326083594,0.020728442,196.9527248,0.327216709
080.0 051.0,20,btl_phosphate,PO4,0.883225651,-0.369925446,0.02128706,209.3949391,0.32658513
080.0 051.0,30,btl_phosphate,PO4,1.082870738,-0.434805346,0.021315334,214.321814,0.337303653
080.0 051.0,50,btl_phosphate,PO4,1.34991785,-0.45822741,0.021001328,217.9829116,0.306803937
080.0 055.0,0,btl_phosphate,PO4,0.459660829,-0.126722567,0.020184248,177.9970309,0.161188284
080.0 055.0,10,btl_phosphate,PO4,0.50723493099999994,-0.146395985,0.020045349,193.2999445,0.188827242
080.0 055.0,20,btl_phosphate,PO4,0.673089833,-0.207926855,0.020081467,215.9818966,0.278506264
080.0 055.0,30,btl_phosphate,PO4,0.86430214,-0.271574536,0.021401479,222.9983186,0.324616306
080.0 055.0,50,btl_phosphate,PO4,1.308270089,-0.285739864,0.022576884,228.270133,0.337598259
080.0 055.0,75,btl_phosphate,PO4,1.634414481,-0.234651392,0.020251419,228.7110479,0.255080921
080.0 055.0,100,btl_phosphate,PO4,1.849171355,-0.205405053,0.021756598,223.0952185,0.21732425
080.0 055.0,125,btl_phosphate,PO4,1.990635015,-0.146228714,0.022203997,217.5867635,0.171834592
080.0 055.0,150,btl_phosphate,PO4,2.100366598,-0.120063282,0.023222577,213.8104086,0.157251039
080.0 055.0,200,btl_phosphate,PO4,2.2718276,-0.103322289,0.02183296,220.2494124,0.149201847
080.0 055.0,250,btl_phosphate,PO4,2.445300928,-0.083293651,0.02422641,204.96320360000001,0.130500302
080.0 055.0,300,btl_phosphate,PO4,2.592482556,-0.078856961,0.022838737,200.4501432,0.111453611
080.0 055.0,400,btl_phosphate,PO4,2.863690743,-0.044875324,0.025130996,185.3918161,0.084858348
080.0 055.0,500,btl_phosphate,PO4,3.071194398,-0.025612165,0.026955406,187.7960824,0.066107477
080.0 060.0,0,btl_phosphate,PO4,0.426793791,-0.09274206,0.018813271,184.2832235,0.136010131
080.0 060.0,10,btl_phosphate,PO4,0.436705711,-0.100638569,0.019013635,189.2768313,0.138964531
080.0 060.0,20,btl_phosphate,PO4,0.487073171,-0.141712253,0.019792549,200.4787636,0.169709481
080.0 060.0,30,btl_phosphate,PO4,0.61652256,-0.206650651,0.021357414,217.9483374,0.251507162
080.0 060.0,50,btl_phosphate,PO4,1.033732125,-0.283798503,0.027359358,225.2916009,0.36936019
080.0 060.0,75,btl_phosphate,PO4,1.456306788,-0.212930869,0.02590084,231.5278154,0.371898446
080.0 060.0,100,btl_phosphate,PO4,1.739556145,-0.139016567,0.025570716,235.5127099,0.269963716
080.0 060.0,125,btl_phosphate,PO4,1.915582597,-0.118791065,0.023897798,238.1491749,0.217186206
080.0 060.0,150,btl_phosphate,PO4,2.032495749,-0.093230361,0.023639272,238.7515596,0.173704148
080.0 060.0,200,btl_phosphate,PO4,2.233872933,-0.066397382,0.022335228,242.5429178,0.14941129
080.0 060.0,250,btl_phosphate,PO4,2.428282254,-0.066943,0.021335586,236.2730491,0.139740971
080.0 060.0,300,btl_phosphate,PO4,2.623045351,-0.053716417,0.021440298,233.3331559,0.12162797
080.0 060.0,400,btl_phosphate,PO4,2.940338622,-0.025261994,0.021496211,239.8574173,0.078878175
080.0 060.0,500,btl_phosphate,PO4,3.097841411,-0.042558424,0.010359375,328.0440716,0.069555194
080.0 070.0,0,btl_phosphate,PO4,0.387805077,-0.045099348,0.014949487,185.9815487,0.085280966
080.0 070.0,10,btl_phosphate,PO4,0.393079379,-0.058271919,0.0153272,192.7687022,0.095749899
080.0 070.0,20,btl_phosphate,PO4,0.400658898,-0.065729473,0.011115391,181.1367842,0.104131139
080.0 070.0,30,btl_phosphate,PO4,0.337377505,-0.157791824,0.005635665,359.9998115,0.147597458
080.0 070.0,50,btl_phosphate,PO4,0.718776127,0.11882511,0.019227068,165.8435699,0.310256195
080.0 070.0,75,btl_phosphate,PO4,1.092416627,0.173284346,0.017409496,169.4814549,0.414515429
080.0 070.0,100,btl_phosphate,PO4,1.473341064,0.131226164,0.017906439,177.5037387,0.343802248
080.0 070.0,125,btl_phosphate,PO4,1.765167021,0.081471837,0.01675909,179.4853874,0.243262717
080.0 070.0,150,btl_phosphate,PO4,1.93801302,0.058490727,0.013967575,197.0264431,0.178666008
080.0 070.0,200,btl_phosphate,PO4,2.114054472,0.175814956,0.002082861,129,0.145936066
080.0 070.0,250,btl_phosphate,PO4,2.340357307,0.057889101,0.010159229,222.6622142,0.156847758
080.0 070.0,300,btl_phosphate,PO4,2.561140911,0.052040738,0.014308845,206.0914406,0.123031632
080.0 070.0,400,btl_phosphate,PO4,2.914057527,0.033831413,0.017607091,146.4267009,0.076836154
080.0 070.0,500,btl_phosphate,PO4,3.131891139,0.028015928,0.017943278,131.7197052,0.061001236
080.0 080.0,0,btl_phosphate,PO4,0.364008201,-0.026500836,0.010966867,132.0325204,0.060572373
080.0 080.0,10,btl_phosphate,PO4,0.39050858,-0.054626161,0.00579281,40.5,0.063836558
080.0 080.0,20,btl_phosphate,PO4,0.367388034,-0.036297733,0.012986738,139.9515052,0.073145433
080.0 080.0,30,btl_phosphate,PO4,0.395314458,-0.043267511,0.010426701,82.98841227,0.093648516
080.0 080.0,50,btl_phosphate,PO4,0.565216877,0.101624097,0.011460906,242.1003051,0.259478079
080.0 080.0,75,btl_phosphate,PO4,0.844464131,0.197421863,0.015257789,222.8587171,0.420450393
080.0 080.0,100,btl_phosphate,PO4,1.197126049,0.227205273,0.014771748,234.8507523,0.448592552
080.0 080.0,125,btl_phosphate,PO4,1.505941382,0.181867428,0.016064931,221.42427,0.381503596
080.0 080.0,150,btl_phosphate,PO4,1.739655122,0.124846233,0.017476846,215.3674387,0.270060367
080.0 080.0,200,btl_phosphate,PO4,2.039365399,0.064448722,0.019501862,213.5408255,0.17396707
080.0 080.0,250,btl_phosphate,PO4,2.24963967,0.04539889,0.017815705,214.6556748,0.175348617
080.0 080.0,300,btl_phosphate,PO4,2.531459548,0.10590701,0.008862129,316.2545708,0.158485193
080.0 080.0,400,btl_phosphate,PO4,2.921407822,0.078310178,0.006096091,359.9680751,0.094646317
080.0 080.0,500,btl_phosphate,PO4,3.123530746,0.033460967,0.004332741,359.9993631,0.061849389
080.0 090.0,0,btl_phosphate,PO4,0.344159187,-0.020085488,0.021142613,168.695043,0.05110422
080.0 090.0,10,btl_phosphate,PO4,0.344118501,-0.02148097,0.01963988,159.7362162,0.054308211
080.0 090.0,20,btl_phosphate,PO4,0.343644769,-0.020451506,0.018947338,155.8200389,0.053540604
080.0 090.0,30,btl_phosphate,PO4,0.344574787,-0.014838748,0.018891449,155.1603267,0.056101465
080.0 090.0,50,btl_phosphate,PO4,0.375338311,-0.019935921,0.021641991,128.3443453,0.103851804
080.0 090.0,75,btl_phosphate,PO4,0.542028782,-0.098228994,0.025625162,151.07432120000001,0.272068176
080.0 090.0,100,btl_phosphate,PO4,0.991979775,-0.237037346,0.009586958,0.00115,0.428391864
080.0 090.0,125,btl_phosphate,PO4,1.382733625,-0.2931527,0.00931461,1.64e-5,0.417803467
080.0 090.0,150,btl_phosphate,PO4,1.667748075,-0.215275503,0.009241251,5.71e-4,0.346283827
080.0 090.0,200,btl_phosphate,PO4,1.983901421,-0.058038046,0.008791658,10.79815919,0.183596062
080.0 090.0,250,btl_phosphate,PO4,2.165081587,-0.055503734,0.019079704,122.6921577,0.15573237
080.0 090.0,300,btl_phosphate,PO4,2.376279194,-0.055797499,0.022080373,137.4389548,0.139848278
080.0 090.0,400,btl_phosphate,PO4,2.801745133,-0.047647774,0.027207323,150.5189365,0.086364628
080.0 090.0,500,btl_phosphate,PO4,3.074944628,-0.028440133,0.0297,163.9645208,0.056593894
080.0 100.0,0,btl_phosphate,PO4,0.337347858,-0.017454973,0.0213,182.2512178,0.05318341
080.0 100.0,10,btl_phosphate,PO4,0.332998036,-0.015166444,0.0212,179.854272,0.053576326
080.0 100.0,20,btl_phosphate,PO4,0.331477239,-0.017902022,0.0191,181.58236,0.055457095
080.0 100.0,30,btl_phosphate,PO4,0.331392066,-0.018466377,0.0211,181.9459918,0.056276619
080.0 100.0,50,btl_phosphate,PO4,0.338968848,-0.025858626,0.0223,166.1531865,0.064030251
080.0 100.0,75,btl_phosphate,PO4,0.421673937,-0.031744221,0.0218,137.5940719,0.155560893
080.0 100.0,100,btl_phosphate,PO4,0.651947648,-0.095269043,0.018233618,136.5670263,0.296084773
080.0 100.0,125,btl_phosphate,PO4,1.011176589,-0.123341056,0.019173209,163.2531729,0.368114761
080.0 100.0,150,btl_phosphate,PO4,1.356824919,-0.112240087,0.019983403,165.3238355,0.345222485
080.0 100.0,200,btl_phosphate,PO4,1.821454046,-0.069021398,0.021027553,179.0885441,0.215768266
080.0 100.0,250,btl_phosphate,PO4,2.06326269,-0.064590124,0.015817848,166.3205545,0.190088114
080.0 100.0,300,btl_phosphate,PO4,2.314154037,-0.065542501,0.017950666,167.0590138,0.170940424
080.0 100.0,400,btl_phosphate,PO4,2.769378009,-0.034384126,0.022522034,176.7609774,0.096590685
080.0 100.0,500,btl_phosphate,PO4,3.053533674,-0.012758313,0.020157886,196.0084563,0.054789605
081.8 046.9,0,btl_phosphate,PO4,0.351046052,-0.134613406,0.018931556,164.4182096,0.149524445
081.8 046.9,10,btl_phosphate,PO4,0.44246559,-0.206126672,0.021333582,180.2221446,0.189758428
081.8 046.9,20,btl_phosphate,PO4,0.781069254,-0.373212714,0.022552124,202.6658988,0.296848553
081.8 046.9,30,btl_phosphate,PO4,1.117699523,-0.48867359,0.022473644,207.8372194,0.360578744
081.8 046.9,50,btl_phosphate,PO4,1.51311233,-0.479911836,0.022361386,211.5673217,0.33254184
081.8 046.9,75,btl_phosphate,PO4,1.78251641,-0.343665168,0.020736583,216.212954,0.27451125
081.8 046.9,100,btl_phosphate,PO4,1.997610531,-0.305181454,0.022805507,211.8870925,0.21281519
081.8 046.9,125,btl_phosphate,PO4,2.124207783,-0.263229105,0.022093673,215.2124006,0.190074674
081.8 046.9,150,btl_phosphate,PO4,2.232997627,-0.226956916,0.022932462,212.7212571,0.166192931
081.8 046.9,200,btl_phosphate,PO4,2.414187587,-0.165101369,0.022001542,212.2374611,0.127747621
081.8 046.9,250,btl_phosphate,PO4,2.59367656,-0.103961714,0.023470295,204.4755532,0.100444938
081.8 046.9,300,btl_phosphate,PO4,2.743410296,-0.074858139,0.025089272,194.3780675,0.095774237
081.8 046.9,400,btl_phosphate,PO4,3.050537882,-0.074416244,0.024317544,183.2833987,0.093540731
081.8 046.9,500,btl_phosphate,PO4,3.456293786,-0.057034303,0.03,203.943009,0.147853414
083.3 040.6,0,btl_phosphate,PO4,0.310098966,-0.103438047,0.017637697,146.815744,0.130160484
083.3 040.6,10,btl_phosphate,PO4,0.406117035,-0.12357919,0.020120459,181.4069912,0.18768235
083.3 040.6,20,btl_phosphate,PO4,0.659176627,-0.248283047,0.021117463,208.3113521,0.27136082
083.3 040.6,30,btl_phosphate,PO4,0.903093537,-0.269143007,0.019127516,222.6605815,0.27043558
083.3 042.0,0,btl_phosphate,PO4,0.33064782,-0.097191676,0.018007403,151.7879903,0.125183705
083.3 042.0,10,btl_phosphate,PO4,0.361255367,-0.121730731,0.019861982,169.7894737,0.135626265
083.3 042.0,20,btl_phosphate,PO4,0.529884767,-0.196658261,0.021830106,198.8534216,0.205866939
083.3 042.0,30,btl_phosphate,PO4,0.771678491,-0.31363669,0.021987244,205.2518865,0.263455319
083.3 042.0,50,btl_phosphate,PO4,1.197195284,-0.363068397,0.022138401,212.5243835,0.271356045
083.3 042.0,75,btl_phosphate,PO4,1.594729329,-0.348222895,0.020701167,217.0200716,0.228073137
083.3 042.0,100,btl_phosphate,PO4,1.82796353,-0.264948936,0.02061688,212.9851178,0.196233613
083.3 042.0,125,btl_phosphate,PO4,1.904656273,-0.241122569,0.018278989,215.0734157,0.199996952
083.3 051.0,0,btl_phosphate,PO4,0.496931052,-0.154426963,0.020197528,186.635368,0.200671815
083.3 051.0,10,btl_phosphate,PO4,0.577272887,-0.217110868,0.020981611,193.9078605,0.222587943
083.3 051.0,20,btl_phosphate,PO4,0.811104729,-0.280128541,0.022831911,209.2618223,0.290677692
083.3 051.0,30,btl_phosphate,PO4,1.002972788,-0.32441363,0.022958023,219.5892573,0.313665489
083.3 051.0,50,btl_phosphate,PO4,1.346963782,-0.328832345,0.024211187,221.6858984,0.333227352
083.3 051.0,75,btl_phosphate,PO4,1.650157736,-0.287290991,0.022943071,221.3342147,0.282414194
083.3 055.0,0,btl_phosphate,PO4,0.44968906,-0.158348839,0.019842114,186.2629568,0.159285259
083.3 055.0,10,btl_phosphate,PO4,0.472363151,-0.163513751,0.019775674,194.5335742,0.157518571
083.3 055.0,20,btl_phosphate,PO4,0.565948069,-0.180689958,0.020988674,205.470242,0.174298353
083.3 055.0,30,btl_phosphate,PO4,0.795296041,-0.253149029,0.025871378,220.34469000000001,0.259658422
083.3 055.0,50,btl_phosphate,PO4,1.247285851,-0.352417848,0.025973164,230.6194557,0.335825017
083.3 055.0,75,btl_phosphate,PO4,1.615542682,-0.251037249,0.022827377,247.2148546,0.28849091
083.3 055.0,100,btl_phosphate,PO4,1.853291187,-0.159241842,0.019341252,264.6997757,0.198051972
083.3 055.0,125,btl_phosphate,PO4,2.006328012,-0.117232017,0.018671325,265.3259265,0.159082418
083.3 055.0,150,btl_phosphate,PO4,2.129900818,-0.098803992,0.021919364,247.107213,0.15581038
083.3 055.0,200,btl_phosphate,PO4,2.314096571,-0.086822116,0.02168457,261.5997167,0.14240344
083.3 055.0,250,btl_phosphate,PO4,2.50152313,-0.076196323,0.024784333,235.0168466,0.126160174
083.3 055.0,300,btl_phosphate,PO4,2.652818643,-0.058887542,0.025173784,218.8057411,0.100818301
083.3 055.0,400,btl_phosphate,PO4,2.902356897,-0.047885126,0.024288588,195.9434207,0.072741715
083.3 055.0,500,btl_phosphate,PO4,3.073715553,-0.033859799,0.026635219,173.9532103,0.060735664
083.3 060.0,0,btl_phosphate,PO4,0.414388267,-0.075276544,0.014178001,190.8832885,0.123511186
083.3 060.0,10,btl_phosphate,PO4,0.421724843,-0.077583071,0.015378069,187.9967491,0.125635454
083.3 060.0,20,btl_phosphate,PO4,0.445070503,-0.080644929,0.0155866,204.0498832,0.145159215
083.3 060.0,30,btl_phosphate,PO4,0.529510638,-0.097947256,0.021096213,192.15189,0.184769631
083.3 060.0,50,btl_phosphate,PO4,0.915602173,0.205357194,0.026546528,342.6616835,0.345738531
083.3 060.0,75,btl_phosphate,PO4,1.403105979,0.22487935,0.02591938,359.9999594,0.352331677
083.3 060.0,100,btl_phosphate,PO4,1.711753087,0.148966004,0.027434917,354.7213482,0.280009218
083.3 060.0,125,btl_phosphate,PO4,1.926757747,0.10899798,0.026773022,343.618915,0.179711569
083.3 060.0,150,btl_phosphate,PO4,2.042716523,0.068194512,0.025798945,360,0.160618815
083.3 060.0,200,btl_phosphate,PO4,2.252888503,0.068360162,0.025345579,359.9999999,0.149651891
083.3 060.0,250,btl_phosphate,PO4,2.443542294,0.061842558,0.025553594,359.9999997,0.1402669
083.3 060.0,300,btl_phosphate,PO4,2.632905109,0.061223145,0.02536584,354.4572528,0.120001433
083.3 060.0,400,btl_phosphate,PO4,2.938479943,0.024705344,0.026754147,359.999748,0.076436851
083.3 060.0,500,btl_phosphate,PO4,3.12467284,0.017966943,0.020225613,359.9999999,0.058046961
083.3 070.0,0,btl_phosphate,PO4,0.369511927,-0.029943276,0.010669634,202.8355129,0.0636533
083.3 070.0,10,btl_phosphate,PO4,0.372389886,-0.029434395,0.012545916,202.4064846,0.066798818
083.3 070.0,20,btl_phosphate,PO4,0.332866058,-0.09387603,0.003947537,359.9984028,0.092835419
083.3 070.0,30,btl_phosphate,PO4,0.360612631,-0.090557535,0.003936935,359.967662,0.113204223
083.3 070.0,50,btl_phosphate,PO4,0.634083512,0.342803154,6.07249e-4,359.9968455,0.241787508
083.3 070.0,75,btl_phosphate,PO4,0.95351915,0.132482606,0.01743984,197.8453011,0.355550645
083.3 070.0,100,btl_phosphate,PO4,1.336368035,0.135870167,0.01758655,207.9391308,0.35067751
083.3 070.0,125,btl_phosphate,PO4,1.688174884,0.111085561,0.015993335,205.3368937,0.250968944
083.3 070.0,150,btl_phosphate,PO4,2.044602471,0.207867148,0.006532757,359.9999867,0.180810814
083.3 070.0,200,btl_phosphate,PO4,2.250069661,0.1875244,0.006557242,358.9788603,0.15961787
083.3 070.0,250,btl_phosphate,PO4,2.454539624,0.181721228,0.006996554,356.7283125,0.137902853
083.3 070.0,300,btl_phosphate,PO4,2.535649512,0.036221255,0.017292904,196.2686019,0.11426657
083.3 070.0,400,btl_phosphate,PO4,2.8972238,0.006240707,0.023799588,135.7684798,0.069414108
083.3 070.0,500,btl_phosphate,PO4,3.117993982,0.008995474,0.022290988,62.26275274,0.054967335
083.3 080.0,0,btl_phosphate,PO4,0.400599779,-0.067880112,0.005368605,7.942175948,0.063112743
083.3 080.0,10,btl_phosphate,PO4,0.386390461,-0.054847861,0.005757009,45.13108508,0.06728655
083.3 080.0,20,btl_phosphate,PO4,0.36256369,-0.034299376,0.00785183,121.3281778,0.064042371
083.3 080.0,30,btl_phosphate,PO4,0.37236611,-0.103713507,0.001868173,135.9533586,0.080976376
083.3 080.0,50,btl_phosphate,PO4,0.501412788,-0.053613419,0.007392672,0.008060928,0.1906154
083.3 080.0,75,btl_phosphate,PO4,0.810578165,-0.126010527,0.008124002,0.010318065,0.383334042
083.3 080.0,100,btl_phosphate,PO4,1.22968188,-0.241310683,0.007867898,5.69403e-4,0.464507593
083.3 080.0,125,btl_phosphate,PO4,1.473592648,-0.13349956,0.009494997,2.82e-5,0.417800187
083.3 080.0,150,btl_phosphate,PO4,1.718731355,-0.096723484,0.010185938,2.61077e-4,0.311086753
083.3 080.0,200,btl_phosphate,PO4,2.0561942,-0.093822795,0.008421368,1.51e-5,0.179727544
083.3 080.0,250,btl_phosphate,PO4,2.261413236,-0.063924482,0.009675103,3.77939e-4,0.162745482
083.3 080.0,300,btl_phosphate,PO4,2.496450165,-0.05689504,0.008333052,0.098614126,0.143921741
083.3 080.0,400,btl_phosphate,PO4,2.866808233,-0.011412889,0.010045424,0.341054992,0.085457064
083.3 080.0,500,btl_phosphate,PO4,3.104080203,0.014287508,0.001191818,30.09650554,0.055459372
083.3 090.0,0,btl_phosphate,PO4,0.339622348,-0.026090712,0.019500509,180.2125589,0.053312539
083.3 090.0,10,btl_phosphate,PO4,0.337436128,-0.027361483,0.019239974,176.5058057,0.051540027
083.3 090.0,20,btl_phosphate,PO4,0.338143621,-0.026887714,0.019510767,181.5437983,0.052035992
083.3 090.0,30,btl_phosphate,PO4,0.340002788,-0.032203252,0.020268546,180.9041433,0.054498278
083.3 090.0,50,btl_phosphate,PO4,0.366052632,-0.038667664,0.022061474,163.7127193,0.081703402
083.3 090.0,75,btl_phosphate,PO4,0.512525398,-0.061688177,0.02113189,128.0912374,0.238080126
083.3 090.0,100,btl_phosphate,PO4,0.779373024,-0.114144177,0.021505154,132.6706946,0.366192381
083.3 090.0,125,btl_phosphate,PO4,1.149061281,-0.118930445,0.020195255,133.4840129,0.412220767
083.3 090.0,150,btl_phosphate,PO4,1.481617921,-0.109521554,0.020208258,134.1353019,0.339763637
083.3 090.0,200,btl_phosphate,PO4,1.897475627,-0.063437998,0.015369277,129.904625,0.208471095
083.3 090.0,250,btl_phosphate,PO4,2.124917236,-0.066614303,0.018870389,129.8639475,0.185259149
083.3 090.0,300,btl_phosphate,PO4,2.36785209,-0.042281135,0.022633038,128.8520808,0.157957612
083.3 090.0,400,btl_phosphate,PO4,2.792714044,-0.046066452,0.027535899,132.9451943,0.09766442
083.3 090.0,500,btl_phosphate,PO4,3.071015576,-0.021142888,0.029588845,150.8149697,0.06035446
083.3 100.0,0,btl_phosphate,PO4,0.328895108,-0.020208555,0.019644979,168.8904448,0.047264757
083.3 100.0,10,btl_phosphate,PO4,0.32841079,-0.020397771,0.020867507,160.3183733,0.050269827
083.3 100.0,20,btl_phosphate,PO4,0.327192097,-0.020993846,0.020664487,163.9321001,0.048965733
083.3 100.0,30,btl_phosphate,PO4,0.324883148,-0.021055319,0.021922624,166.0030345,0.048064771
083.3 100.0,50,btl_phosphate,PO4,0.33880219,-0.018112427,0.019691003,160.9932565,0.064052977
083.3 100.0,75,btl_phosphate,PO4,0.423520743,0.043446438,0.028763956,7.631217687,0.163100316
083.3 100.0,100,btl_phosphate,PO4,0.636676656,0.080136634,0.026964412,5.321749795,0.307465104
083.3 100.0,125,btl_phosphate,PO4,0.966308357,0.093881028,0.022816227,1e-9,0.406593359
083.3 100.0,150,btl_phosphate,PO4,1.300943689,0.106179778,0.022014092,5.2e-7,0.403777638
083.3 100.0,200,btl_phosphate,PO4,1.780467572,0.031711912,0.023044733,23.23451088,0.231102735
083.3 100.0,250,btl_phosphate,PO4,2.046385689,0.024842602,0.019909909,2.06e-7,0.181239161
083.3 100.0,300,btl_phosphate,PO4,2.299898747,0.036856598,0.021353718,7.367879039,0.162267817
083.3 100.0,400,btl_phosphate,PO4,2.759522033,0.02498026,0.025503566,22.92024295,0.115888047
083.3 100.0,500,btl_phosphate,PO4,3.051156057,0.01949078,0.029440688,23.51988819,0.066344768
083.3 110.0,0,btl_phosphate,PO4,0.321785904,-0.016078279,0.0202919,182.486251,0.050522944
083.3 110.0,10,btl_phosphate,PO4,0.321109734,-0.017414867,0.021415105,178.6305244,0.05074501
083.3 110.0,20,btl_phosphate,PO4,0.319367528,-0.017223652,0.021197116,178.8255975,0.051862278
083.3 110.0,30,btl_phosphate,PO4,0.315770139,-0.017612578,0.020630098,172.771907,0.052863476
083.3 110.0,50,btl_phosphate,PO4,0.319629245,-0.026989379,0.017431023,152.650723,0.066154169
083.3 110.0,75,btl_phosphate,PO4,0.373212861,-0.006364835,0.017246908,215.5250645,0.13557007
083.3 110.0,100,btl_phosphate,PO4,0.579734942,-0.071231963,0.015734993,139.5169427,0.297449877
083.3 110.0,125,btl_phosphate,PO4,0.866614676,-0.092883852,0.018308344,144.6676549,0.375744324
083.3 110.0,150,btl_phosphate,PO4,1.186608206,-0.117451363,0.019896585,148.836932,0.370855815
083.3 110.0,200,btl_phosphate,PO4,1.699596243,-0.097362008,0.018532686,132.2042768,0.244469555
083.3 110.0,250,btl_phosphate,PO4,1.978540738,-0.08470704,0.019241222,129.9546805,0.182712036
083.3 110.0,300,btl_phosphate,PO4,2.252336135,-0.062944418,0.020391226,132.3765631,0.157531104
083.3 110.0,400,btl_phosphate,PO4,2.73782674,-0.03828119,0.01871207,141.167734,0.101727392
083.3 110.0,500,btl_phosphate,PO4,3.043075134,-0.02442424,0.018424892,154.2048032,0.058742724
086.7 033.0,0,btl_phosphate,PO4,0.321715655,-0.102918541,0.012697863,98.82572635,0.103266678
086.7 033.0,10,btl_phosphate,PO4,0.343860295,-0.082396113000000007,0.014572838,138.5801305,0.137756079
086.7 033.0,20,btl_phosphate,PO4,0.613727214,-0.120163599,0.028911416,2.05e-9,0.312242136
086.7 033.0,30,btl_phosphate,PO4,1.060140394,-0.360315674,0.028518075,5.71e-11,0.427290477
086.7 033.0,50,btl_phosphate,PO4,1.462616651,-0.456485324,0.028969908,1.33e-9,0.390735649
086.7 035.0,0,btl_phosphate,PO4,0.296641804,-0.062666003,0.015897966,129.7696495,0.081769162
086.7 035.0,10,btl_phosphate,PO4,0.306991995,-0.062284633,0.017295261,146.4837646,0.08105099
086.7 035.0,20,btl_phosphate,PO4,0.406189206,-0.093424819,0.0216087,179.6537555,0.131353491
086.7 035.0,30,btl_phosphate,PO4,0.68775234,-0.265306873,0.023359433,200.6370536,0.288197384
086.7 035.0,50,btl_phosphate,PO4,1.158060394,-0.334760849,0.022848089,211.5528835,0.308680107
086.7 035.0,75,btl_phosphate,PO4,1.4725068,-0.322910303,0.021757876,214.0056009,0.261326437
086.7 035.0,100,btl_phosphate,PO4,1.698627343,-0.263779018,0.02030983,217.9718363,0.228434008
086.7 035.0,125,btl_phosphate,PO4,1.882033972,-0.210102299,0.020074829,215.1841003,0.195124433
086.7 035.0,150,btl_phosphate,PO4,2.016131261,-0.181327066,0.019213351,214.2109675,0.172602821
086.7 035.0,200,btl_phosphate,PO4,2.242093365,-0.131066744,0.020202391,208.5207779,0.133956827
086.7 035.0,250,btl_phosphate,PO4,2.41564914,-0.108026075,0.020995662,197.6338012,0.112854151
086.7 035.0,300,btl_phosphate,PO4,2.573783795,-0.080008109,0.021316155,184.1628891,0.100485914
086.7 035.0,400,btl_phosphate,PO4,2.857779617,-0.048947496,0.024648154,158.3079372,0.083094375
086.7 035.0,500,btl_phosphate,PO4,3.073420751,-0.046063399,0.026749519,141.6591148,0.070422981
086.7 040.0,0,btl_phosphate,PO4,0.301892264,-0.065585506,0.017592542,149.2377212,0.053742959
086.7 040.0,10,btl_phosphate,PO4,0.311385974,-0.078897505,0.018944712,159.1792398,0.068430177
086.7 040.0,20,btl_phosphate,PO4,0.385596316,-0.048001595,0.017734711,197.2099159,0.117218742
086.7 040.0,30,btl_phosphate,PO4,0.619714061,-0.152774524,0.023517919,215.7068996,0.237589206
086.7 040.0,50,btl_phosphate,PO4,1.11197262,-0.295768856,0.02573694,205.290542,0.300625539
086.7 040.0,75,btl_phosphate,PO4,1.49662177,-0.236818929,0.024769272,207.5431478,0.249798596
086.7 040.0,100,btl_phosphate,PO4,1.744548193,-0.177750832,0.025003432,202.728257,0.199667691
086.7 040.0,125,btl_phosphate,PO4,1.945262711,-0.14405185,0.025035161,200.1508754,0.159866969
086.7 040.0,150,btl_phosphate,PO4,2.09221915,-0.129363432,0.024611549,203.0479997,0.137786843
086.7 040.0,200,btl_phosphate,PO4,2.324185999,-0.098309538,0.024363533,203.4356496,0.104740502
086.7 040.0,250,btl_phosphate,PO4,2.504258895,-0.064280406,0.024148968,199.8310787,0.097536912
086.7 040.0,300,btl_phosphate,PO4,2.664376216,-0.079207414,0.02298719,194.829093,0.087370747
086.7 040.0,400,btl_phosphate,PO4,2.929565602,-0.057586457,0.022107111,181.6272561,0.06510946
086.7 040.0,500,btl_phosphate,PO4,3.107627994,-0.038310227,0.021363869,173.2811313,0.0525131
086.7 045.0,0,btl_phosphate,PO4,0.386651779,-0.10951382,0.019430429,191.5036197,0.119844162
086.7 045.0,10,btl_phosphate,PO4,0.426516477,-0.107139464,0.019345206,205.4878994,0.141620518
086.7 045.0,20,btl_phosphate,PO4,0.586749542,-0.178423691,0.025439006,227.2978447,0.221619245
086.7 045.0,30,btl_phosphate,PO4,0.883269127,-0.33950708,0.025509822,229.6819425,0.330269119
086.7 045.0,50,btl_phosphate,PO4,1.346418621,-0.339222274,0.023520459,228.1629642,0.32621575
086.7 045.0,75,btl_phosphate,PO4,1.67851362,-0.263081735,0.021792526,230.376172,0.251399527
086.7 045.0,100,btl_phosphate,PO4,1.863629628,-0.196078026,0.019501774,238.2097089,0.188192016
086.7 045.0,125,btl_phosphate,PO4,2.001223779,-0.155612546,0.017466621,246.4940629,0.153552575
086.7 045.0,150,btl_phosphate,PO4,2.143234607,-0.116641553,0.019673818,237.425736,0.141771962
086.7 045.0,200,btl_phosphate,PO4,2.354445271,-0.081308478,0.019684639,231.057894,0.123257751
086.7 045.0,250,btl_phosphate,PO4,2.545448788,-0.068523297,0.019764197,230.6525925,0.109126192
086.7 045.0,300,btl_phosphate,PO4,2.704506768,-0.057838767,0.021542434,217.3464071,0.096690533
086.7 045.0,400,btl_phosphate,PO4,2.94453679,-0.053218341,0.019765499,203.5031072,0.065438353
086.7 045.0,500,btl_phosphate,PO4,3.115288302,-0.039493191,0.021175435,190.2274814,0.056997143
086.7 050.0,0,btl_phosphate,PO4,0.442066545,-0.105566288,0.01597884,192.6947677,0.146475858
086.7 050.0,10,btl_phosphate,PO4,0.47874496,-0.126494372,0.015845955,224.2045102,0.177775554
086.7 050.0,20,btl_phosphate,PO4,0.764947647,-0.316995965,0.026980883,226.8055746,0.257287622
086.7 050.0,30,btl_phosphate,PO4,0.966517314,-0.367013748,0.025290573,232.050264,0.306095863
086.7 050.0,50,btl_phosphate,PO4,1.333743877,-0.382971991,0.024393002,234.0930029,0.348737832
086.7 055.0,0,btl_phosphate,PO4,0.402287512,-0.087828368,0.018666707,189.5308737,0.105088146
086.7 055.0,10,btl_phosphate,PO4,0.413012942,-0.095604455,0.017875034,188.6184302,0.118714237
086.7 055.0,20,btl_phosphate,PO4,0.456449839,-0.1223601,0.016703537,215.1021477,0.151792857
086.7 055.0,30,btl_phosphate,PO4,0.551847541,-0.176942121,0.016731351,242.7627065,0.205619291
086.7 055.0,50,btl_phosphate,PO4,0.989970484,-0.3461404,0.02322897,256.4464711,0.29814439
086.7 055.0,75,btl_phosphate,PO4,1.384471739,-0.267866077,0.021041566,272.3895634,0.325130833
086.7 055.0,100,btl_phosphate,PO4,1.713111501,-0.156416673,0.021723079,255.8728233,0.23271041
086.7 055.0,125,btl_phosphate,PO4,1.903424718,-0.126409824,0.021193419,255.2868166,0.168076725
086.7 055.0,150,btl_phosphate,PO4,2.034289408,-0.114563065,0.02204828,257.0135768,0.156298865
086.7 055.0,200,btl_phosphate,PO4,2.256043034,-0.088311788,0.020655958,250.8200207,0.13357207
086.7 055.0,250,btl_phosphate,PO4,2.479023463,-0.080131168,0.021671405,252.733319,0.122913003
086.7 055.0,300,btl_phosphate,PO4,2.666000063,-0.071861362,0.022134621,247.8969338,0.104462456
086.7 055.0,400,btl_phosphate,PO4,2.943831036,-0.033402076,0.02222107,231.4946023,0.067310592
086.7 055.0,500,btl_phosphate,PO4,3.113316482,-0.019568464,0.023656443,186.6369369,0.053732342
086.7 060.0,0,btl_phosphate,PO4,0.390549361,-0.066412868,0.01799771,189.7793473,0.095795876
086.7 060.0,10,btl_phosphate,PO4,0.393453275,-0.073925717,0.018126272,192.9206428,0.0960918
086.7 060.0,20,btl_phosphate,PO4,0.399284257,-0.065187464,0.015977038,212.9941165,0.110238149
086.7 060.0,30,btl_phosphate,PO4,0.496168703,-0.10683457,0.026813548,237.6444432,0.152913795
086.7 060.0,50,btl_phosphate,PO4,0.806847324,-0.259407846,0.019071538,290.0122152,0.315619294
086.7 060.0,75,btl_phosphate,PO4,1.208220531,-0.295181642,0.018769614,300.8322897,0.348321376
086.7 060.0,100,btl_phosphate,PO4,1.585703466,-0.2116752,0.018660231,297.5181871,0.270726549
086.7 060.0,125,btl_phosphate,PO4,1.833431562,-0.139729035,0.019436838,292.7186429,0.199774391
086.7 060.0,150,btl_phosphate,PO4,1.967987241,-0.111385975,0.018954345,296.5332761,0.164720846
086.7 060.0,200,btl_phosphate,PO4,2.182734128,-0.085133805,0.019398965,288.075394,0.136447338
086.7 060.0,250,btl_phosphate,PO4,2.4065031,-0.091174697,0.01911441,296.6749153,0.129088791
086.7 060.0,300,btl_phosphate,PO4,2.614090245,-0.076624817,0.019768856,295.2364012,0.125051868
086.7 060.0,400,btl_phosphate,PO4,2.938351696,-0.036311684,0.019787727,299.69183,0.08445982
086.7 060.0,500,btl_phosphate,PO4,3.120585842,-0.022207031,0.021449156,272.8717743,0.061519627
086.7 070.0,0,btl_phosphate,PO4,0.354875811,-0.039293159,0.014921746,191.8300387,0.063832199
086.7 070.0,10,btl_phosphate,PO4,0.357880402,-0.03520495,0.015395838,179.4253032,0.064081177
086.7 070.0,20,btl_phosphate,PO4,0.360916563,-0.043307817,0.015983552,185.0390323,0.070675603
086.7 070.0,30,btl_phosphate,PO4,0.380411555,-0.039820365,0.01699586,187.486845,0.08357507
086.7 070.0,50,btl_phosphate,PO4,0.708714897,0.251015023,0.005624425,359.9984054,0.186915945
086.7 070.0,75,btl_phosphate,PO4,1.292695008,0.568836766,0.005490093,359.9999768,0.343850245
086.7 070.0,100,btl_phosphate,PO4,1.648380915,0.517405206,0.005741091,359.8745982,0.359359377
086.7 070.0,125,btl_phosphate,PO4,1.853201604,0.367636997,0.005781151,359.9871618,0.287364568
086.7 070.0,150,btl_phosphate,PO4,2.002326195,0.256073331,0.006110303,359.9350436,0.208562895
086.7 070.0,200,btl_phosphate,PO4,2.220826569,0.217019818,0.006358565,360,0.134342073
086.7 070.0,250,btl_phosphate,PO4,2.396154807,0.168800403,0.006005716,360,0.137590949
086.7 070.0,300,btl_phosphate,PO4,2.619769896,0.144403445,0.005555007,360,0.128624819
086.7 070.0,400,btl_phosphate,PO4,2.961344507,0.076353595,0.005195139,359.9999999,0.077316298
086.7 070.0,500,btl_phosphate,PO4,3.140708684,0.061625274,0.001791375,356.6419629,0.057034829
086.7 080.0,0,btl_phosphate,PO4,0.345629064,-0.032154321,0.013918909,190.6606864,0.061933525
086.7 080.0,10,btl_phosphate,PO4,0.344978499,-0.032213418,0.013603428,187.0090307,0.06228271
086.7 080.0,20,btl_phosphate,PO4,0.342277042,-0.032584944,0.014649626,195.6383305,0.058614443
086.7 080.0,30,btl_phosphate,PO4,0.347442639,-0.033504971,0.014158723,207.8751053,0.063609731
086.7 080.0,50,btl_phosphate,PO4,0.462685317,-0.017954997,0.025055382,181.1220235,0.177479849
086.7 080.0,75,btl_phosphate,PO4,0.693650843,-0.04941118,0.028819728,150.0237524,0.31512192
086.7 080.0,100,btl_phosphate,PO4,1.039679742,-0.086319351,0.026277045,137.1819618,0.401381464
086.7 080.0,125,btl_phosphate,PO4,1.395475876,-0.069428412,0.027562853,141.1118789,0.360780302
086.7 080.0,150,btl_phosphate,PO4,1.714042513,-0.033826331,0.02518507,140.887814,0.229828987
086.7 080.0,200,btl_phosphate,PO4,2.005463456,-0.04198584,0.029999999,186.282592,0.163897208
086.7 080.0,250,btl_phosphate,PO4,2.22687948,-0.030564891,0.03,161.5309865,0.171248715
086.7 080.0,300,btl_phosphate,PO4,2.46865646,-0.042365222,0.03,151.9657531,0.145354505
086.7 080.0,400,btl_phosphate,PO4,2.879550891,-0.029535439,0.03,130.1801294,0.089159748
086.7 080.0,500,btl_phosphate,PO4,3.120016196,-0.009704814,0.03,153.9464287,0.067091922
086.7 090.0,0,btl_phosphate,PO4,0.337878314,-0.024514572,0.019893982,175.1585901,0.053241985
086.7 090.0,10,btl_phosphate,PO4,0.33449557,-0.026499957,0.020007465,171.8169154,0.051100351
086.7 090.0,20,btl_phosphate,PO4,0.334688745,-0.029397096,0.019706474,173.1553359,0.053880911
086.7 090.0,30,btl_phosphate,PO4,0.338015564,-0.027404815,0.017917945,186.2115786,0.059834524
086.7 090.0,50,btl_phosphate,PO4,0.359563709,-0.023722478,0.020164549,169.1076022,0.075636943
086.7 090.0,75,btl_phosphate,PO4,0.490021372,-0.033429184,0.027472811,159.6746558,0.207742777
086.7 090.0,100,btl_phosphate,PO4,0.746958569,-0.098888697,0.02309575,139.1068675,0.351545171
086.7 090.0,125,btl_phosphate,PO4,1.108998648,-0.096459858,0.023358505,138.792942,0.379068218
086.7 090.0,150,btl_phosphate,PO4,1.463094072,-0.084696358,0.020930162,125.5699381,0.292780057
086.7 090.0,200,btl_phosphate,PO4,1.878476433,-0.029899648,0.029999999,183.8513118,0.183647012
086.7 090.0,250,btl_phosphate,PO4,2.112962688,-0.028886188,0.03,179.4135055,0.16972975
086.7 090.0,300,btl_phosphate,PO4,2.368724072,-0.030718656,0.028164444,145.8910909,0.14637142
086.7 090.0,400,btl_phosphate,PO4,2.819898229,-0.014428772,0.029479027,163.169333,0.090148562
086.7 090.0,500,btl_phosphate,PO4,3.083366328,-0.01147603,0.029999279,148.779331,0.055821765
086.7 100.0,0,btl_phosphate,PO4,0.328053642,-0.021817291,0.021733056,172.0782938,0.049695115
086.7 100.0,10,btl_phosphate,PO4,0.325624062,-0.018982229,0.021104872,172.8182133,0.0499494
086.7 100.0,20,btl_phosphate,PO4,0.324355765,-0.016977466,0.020684582,172.7552425,0.050206525
086.7 100.0,30,btl_phosphate,PO4,0.321164812,-0.020010449,0.02139087,162.0307519,0.048939361
086.7 100.0,50,btl_phosphate,PO4,0.335421593,-0.016612222,0.02336316,139.9896661,0.069637634
086.7 100.0,75,btl_phosphate,PO4,0.424549118,0.046418351,0.025611557,206.0348089,0.18783483
086.7 100.0,100,btl_phosphate,PO4,0.888481908,0.294454589,0.007820738,359.9979404,0.347937417
086.7 100.0,125,btl_phosphate,PO4,1.024815543,0.154658589,0.013600698,274.5993233,0.387334773
086.7 100.0,150,btl_phosphate,PO4,1.299671213,0.096549288,0.022059949,217.6191672,0.339693497
086.7 100.0,200,btl_phosphate,PO4,1.780368736,0.050904241,0.029783729,213.9630134,0.194462218
086.7 100.0,250,btl_phosphate,PO4,2.065539748,0.010686817,0.026320631,261.3494495,0.139418089
086.7 100.0,300,btl_phosphate,PO4,2.313657826,0.02117861,0.025116105,248.7839232,0.141183727
086.7 100.0,400,btl_phosphate,PO4,2.773355821,0.030659697,0.028137189,232.0991417,0.088405838
086.7 100.0,500,btl_phosphate,PO4,3.058441127,0.021296811,0.03,228.0152509,0.058442931
086.7 110.0,0,btl_phosphate,PO4,0.318481822,-0.008221684,0.025054041,150.6521314,0.047138505
086.7 110.0,10,btl_phosphate,PO4,0.31718359,-0.008931131,0.02554892,147.497074,0.047595741
086.7 110.0,20,btl_phosphate,PO4,0.314742492,-0.01055123,0.023550987,147.7019218,0.047044526
086.7 110.0,30,btl_phosphate,PO4,0.314325555,-0.011698808,0.023093939,148.5441871,0.046098634
086.7 110.0,50,btl_phosphate,PO4,0.316997986,-0.022205622,0.03,112.146732,0.055080647
086.7 110.0,75,btl_phosphate,PO4,0.356360192,-0.068379464,0.028235776,106.3708964,0.134475903
086.7 110.0,100,btl_phosphate,PO4,0.548980239,-0.104364609,0.019505206,69.06438659,0.261594752
086.7 110.0,125,btl_phosphate,PO4,0.863661148,-0.152815623,0.019954067,76.89857799,0.354626598
086.7 110.0,150,btl_phosphate,PO4,1.199990071,-0.139527988,0.022432657,85.82264619,0.341119524
086.7 110.0,200,btl_phosphate,PO4,1.72802639,-0.075150771,0.021317607,98.53913096,0.205502312
086.7 110.0,250,btl_phosphate,PO4,2.009914628,-0.059046998,0.021315296,125.1499947,0.155285784
086.7 110.0,300,btl_phosphate,PO4,2.292804559,-0.059175667,0.014367665,85.0154159,0.136411539
086.7 110.0,400,btl_phosphate,PO4,2.751210103,-0.045278147,0.023022243,109.5649652,0.085704955
086.7 110.0,500,btl_phosphate,PO4,3.045267444,-0.031153617,0.028847161,119.9720913,0.055344106
090.0 028.0,0,btl_phosphate,PO4,0.315960109,-0.072457358,0.011439071,67.82229449,0.077778541
090.0 028.0,10,btl_phosphate,PO4,0.319234789,-0.04022098,0.013964429,164.102855,0.108063727
090.0 028.0,20,btl_phosphate,PO4,0.556572732,-0.193332744,0.022207305,197.5987701,0.259477797
090.0 028.0,30,btl_phosphate,PO4,0.863519057,-0.326205031,0.021645407,207.1899268,0.335807769
090.0 028.0,50,btl_phosphate,PO4,1.277854784,-0.390904472,0.020775945,211.5766283,0.303327162
090.0 030.0,0,btl_phosphate,PO4,0.283721665,-0.049951546,0.017286471,133.9342641,0.060266099
090.0 030.0,10,btl_phosphate,PO4,0.29099603,-0.040235498,0.015961509,142.4002124,0.056981564
090.0 030.0,20,btl_phosphate,PO4,0.338436815,-0.031620817,0.016858226,197.9730834,0.071927052
090.0 030.0,30,btl_phosphate,PO4,0.580503975,-0.224502164,0.021438113,199.3356007,0.247052847
090.0 030.0,50,btl_phosphate,PO4,1.056019087,-0.352117026,0.021786028,209.6494518,0.287117389
090.0 030.0,75,btl_phosphate,PO4,1.404402979,-0.280477664,0.021226579,209.6188622,0.27006142
090.0 030.0,100,btl_phosphate,PO4,1.648643278,-0.235184036,0.019854592,211.5302807,0.218217201
090.0 030.0,125,btl_phosphate,PO4,1.848814772,-0.184241747,0.020497024,207.7537037,0.179464249
090.0 030.0,150,btl_phosphate,PO4,2.013698911,-0.149007166,0.021091197,207.0242968,0.156159475
090.0 030.0,200,btl_phosphate,PO4,2.235480359,-0.107787207,0.021076616,201.1768338,0.135289918
090.0 030.0,250,btl_phosphate,PO4,2.42918919,-0.096277025,0.022284517,193.8433511,0.111652138
090.0 030.0,300,btl_phosphate,PO4,2.61087373,-0.078395128,0.022998861,196.3953247,0.097765634
090.0 030.0,400,btl_phosphate,PO4,2.872455318,-0.058409413,0.024544907,168.4431639,0.086855739
090.0 030.0,500,btl_phosphate,PO4,3.073320126,-0.042672456,0.025571645,138.3561195,0.068440797
090.0 035.0,0,btl_phosphate,PO4,0.293803322,-0.046249076,0.014020438,125.917746,0.049433031
090.0 035.0,10,btl_phosphate,PO4,0.29614361,-0.041538037,0.013272937,131.8700446,0.046160942
090.0 035.0,20,btl_phosphate,PO4,0.335484518,-0.031785659,0.011235953,135.8367031,0.069342855
090.0 035.0,30,btl_phosphate,PO4,0.48395513,0.085626832,0.027170087,80.49627504,0.18023873
090.0 035.0,50,btl_phosphate,PO4,0.960376595,0.24261314,0.026174794,85.13743334,0.292955914
090.0 035.0,75,btl_phosphate,PO4,1.386927226,0.230279281,0.025627781,82.83611612,0.253665274
090.0 035.0,100,btl_phosphate,PO4,1.67449233,0.183471283,0.02463533,81.56534518,0.19205505
090.0 035.0,125,btl_phosphate,PO4,1.872507786,0.13058068,0.025021229,77.1620609,0.155277379
090.0 035.0,150,btl_phosphate,PO4,2.037027799,0.102782175,0.025406172,75.08133675,0.142804566
090.0 035.0,200,btl_phosphate,PO4,2.287902934,0.093727469,0.023130989,77.20650332,0.131140242
090.0 035.0,250,btl_phosphate,PO4,2.488509165,0.08280054,0.023393372,73.11788335,0.093412731
090.0 035.0,300,btl_phosphate,PO4,2.6339416939999998,0.079404398,0.022815363,77.87057295,0.100429853
090.0 037.0,0,btl_phosphate,PO4,0.301207534,-0.048658795,0.015260645,130.6304559,0.045154407
090.0 037.0,10,btl_phosphate,PO4,0.298877692,-0.043545951,0.015433693,133.8212927,0.04148835
090.0 037.0,20,btl_phosphate,PO4,0.319749959,-0.032598765,0.014770292,171.39625,0.055422081
090.0 037.0,30,btl_phosphate,PO4,0.441641496,-0.064541269,0.027661995,213.1545712,0.123156364
090.0 037.0,50,btl_phosphate,PO4,0.953378024,-0.269168552,0.027203009,210.6410974,0.284935318
090.0 037.0,75,btl_phosphate,PO4,1.371238316,-0.189680868,0.025583166,209.70228410000001,0.249277956
090.0 037.0,100,btl_phosphate,PO4,1.65763516,-0.155667391,0.027400677,201.0432487,0.189595283
090.0 037.0,125,btl_phosphate,PO4,1.864326391,-0.117976976,0.026231352,208.2407402,0.155504237
090.0 037.0,150,btl_phosphate,PO4,2.017134318,-0.078860151,0.02424886,217.4367872,0.140609175
090.0 037.0,200,btl_phosphate,PO4,2.249530937,-0.07065605,0.025264221,203.7261315,0.131751485
090.0 037.0,250,btl_phosphate,PO4,2.449501783,-0.074808413,0.024357631,206.6471137,0.113580921
090.0 037.0,300,btl_phosphate,PO4,2.624096104,-0.065502779,0.023156314,208.5342529,0.100312731
090.0 037.0,400,btl_phosphate,PO4,2.912335629,-0.051375353,0.021921319,200.9995018,0.063437109
090.0 037.0,500,btl_phosphate,PO4,3.099530615,-0.040088276,0.019947305,190.4867679,0.049398298
090.0 045.0,0,btl_phosphate,PO4,0.326424991,-0.054077785,0.016175969,155.007765,0.065151007
090.0 045.0,10,btl_phosphate,PO4,0.330049091,-0.055335609,0.016672229,161.0813468,0.070079547
090.0 045.0,20,btl_phosphate,PO4,0.378381973,-0.051041563,0.015546439,220.8662962,0.09954653
090.0 045.0,30,btl_phosphate,PO4,0.633692412,-0.238239153,0.026763893,224.6210073,0.208081903
090.0 045.0,50,btl_phosphate,PO4,1.066778712,-0.275982076,0.02499643,223.6776552,0.317041651
090.0 045.0,75,btl_phosphate,PO4,1.443910592,-0.206296082,0.020729655,240.985141,0.277750578
090.0 045.0,100,btl_phosphate,PO4,1.719902404,-0.161167904,0.020632996,243.81410639999999,0.201426504
090.0 045.0,125,btl_phosphate,PO4,1.928697517,-0.138694229,0.023179313,228.1535727,0.159041869
090.0 045.0,150,btl_phosphate,PO4,2.059079966,-0.111749119,0.021108574,239.8306964,0.141161926
090.0 045.0,200,btl_phosphate,PO4,2.260688528,-0.120796295,0.01572197,267.8729221,0.126321222
090.0 045.0,250,btl_phosphate,PO4,2.500151507,-0.090588898,0.019866102,251.3469051,0.10625476
090.0 045.0,300,btl_phosphate,PO4,2.668632643,-0.069341,0.019031309,248.9344856,0.105704605
090.0 045.0,400,btl_phosphate,PO4,2.83987234,-0.136253275,0.007982338,359.014007,0.073284797
090.0 045.0,500,btl_phosphate,PO4,3.045140578,-0.098420584,0.00777626,359.9999112,0.05456216
090.0 053.0,0,btl_phosphate,PO4,0.366722437,-0.048144203000000003,0.016052409,195.9681407,0.076261514
090.0 053.0,10,btl_phosphate,PO4,0.372908627,-0.056169599,0.017577237,190.8804692,0.084967351
090.0 053.0,20,btl_phosphate,PO4,0.397034704,-0.058079936,0.015946335,218.3840147,0.106005872
090.0 053.0,30,btl_phosphate,PO4,0.541851488,-0.157184074,0.026591514,231.4417465,0.170697931
090.0 053.0,50,btl_phosphate,PO4,0.898342441,-0.315981667,0.023368546,257.5420502,0.32987869
090.0 053.0,75,btl_phosphate,PO4,1.316747596,-0.259033669,0.02374094,259.3531097,0.366473244
090.0 053.0,100,btl_phosphate,PO4,1.654731849,-0.197221308,0.025768012,245.8043712,0.279204194
090.0 053.0,125,btl_phosphate,PO4,1.875987842,-0.155574946,0.026686907,241.8994408,0.234938805
090.0 053.0,150,btl_phosphate,PO4,2.020227656,-0.127172766,0.026203224,243.3841155,0.187128773
090.0 053.0,200,btl_phosphate,PO4,2.2654052669999998,-0.112723519,0.026829559,230.5832025,0.148150762
090.0 053.0,250,btl_phosphate,PO4,2.484110543,-0.089338837,0.025305919,234.1620487,0.13047875
090.0 053.0,300,btl_phosphate,PO4,2.677809729,-0.06507926,0.022234673,249.0615148,0.109916364
090.0 053.0,400,btl_phosphate,PO4,2.958905634,-0.034459182,0.020399644,248.5586838,0.071085919
090.0 053.0,500,btl_phosphate,PO4,3.124817802,-0.024099373,0.023267616,251.2695657,0.052176387
090.0 060.0,0,btl_phosphate,PO4,0.3561482,-0.032203318,0.014370281,200.8296019,0.068581399
090.0 060.0,10,btl_phosphate,PO4,0.344812346,-0.043958079,0.010483629,233.7226745,0.070709815
090.0 060.0,20,btl_phosphate,PO4,0.311511126,-0.086359374,0.006270049,312.7047483,0.079794098
090.0 060.0,30,btl_phosphate,PO4,0.299583467,-0.140516223,0.00650174,359.9999999,0.123667098
090.0 060.0,50,btl_phosphate,PO4,0.638193858,-0.186179448,0.022341408,283.476836,0.254274987
090.0 060.0,75,btl_phosphate,PO4,1.034741921,-0.238625555,0.021589735,294.6930916,0.361027934
090.0 060.0,100,btl_phosphate,PO4,1.396777723,-0.201415218,0.02226002,296.6048247,0.343796849
090.0 060.0,125,btl_phosphate,PO4,1.687989632,-0.164530493,0.022374334,299.2725711,0.2371179
090.0 060.0,150,btl_phosphate,PO4,1.882043478,-0.102731852,0.020912288,297.116996,0.183227063
090.0 060.0,200,btl_phosphate,PO4,2.148555891,-0.099424023,0.02180173,282.7372025,0.167745016
090.0 060.0,250,btl_phosphate,PO4,2.372141842,-0.097135566,0.020581438,290.7150569,0.161481845
090.0 060.0,300,btl_phosphate,PO4,2.592382463,-0.080630196,0.020837548,285.5460467,0.147093633
090.0 060.0,400,btl_phosphate,PO4,2.941082099,-0.049202769,0.020241727,281.8321389,0.101952172
090.0 060.0,500,btl_phosphate,PO4,3.127627845,-0.021037081,0.020511964,276.021359,0.061548224
090.0 070.0,0,btl_phosphate,PO4,0.351377472,-0.024704503,0.016379026,198.5216917,0.053128694
090.0 070.0,10,btl_phosphate,PO4,0.349255724,-0.023014292,0.016599438,194.0882631,0.052500056
090.0 070.0,20,btl_phosphate,PO4,0.350452549,-0.024311421,0.015683425,176.5944778,0.052326878
090.0 070.0,30,btl_phosphate,PO4,0.356967074,-0.023414439,0.010488163,240.3567865,0.063975594
090.0 070.0,50,btl_phosphate,PO4,0.483276291,0.064700319,0.019918601,141.8861694,0.172946571
090.0 070.0,75,btl_phosphate,PO4,0.903385908,0.185851478,0.006406784,266.4683162,0.341845318
090.0 070.0,100,btl_phosphate,PO4,1.376651624,0.266207802,0.004756892,359.9961945,0.400808228
090.0 070.0,125,btl_phosphate,PO4,1.712444488,0.266793266,0.005386809,359.9932881,0.345923474
090.0 070.0,150,btl_phosphate,PO4,1.850085099,0.463824145,0.001009006,359.9999368,0.244893421
090.0 070.0,200,btl_phosphate,PO4,2.109307167,0.437359391,7.65202e-4,359.996827,0.171735563
090.0 070.0,250,btl_phosphate,PO4,2.296233095,0.069235484,0.010636247,240.1832692,0.153437457
090.0 070.0,300,btl_phosphate,PO4,2.528410594,0.067411785,0.010338027,226.690132,0.13559413
090.0 070.0,400,btl_phosphate,PO4,2.900333365,0.022001285,0.013813391,166.0485588,0.083588467
090.0 070.0,500,btl_phosphate,PO4,3.101501229,0.02756758,0.005348191,8.4e-5,0.053873533
090.0 080.0,0,btl_phosphate,PO4,0.339263224,-0.018737913,0.021629488,185.5996934,0.045670085
090.0 080.0,10,btl_phosphate,PO4,0.337896239,-0.020560296,0.021334772,186.1875743,0.045886326
090.0 080.0,20,btl_phosphate,PO4,0.341105905,-0.023322797,0.021506834,196.1253384,0.049857445
090.0 080.0,30,btl_phosphate,PO4,0.346486066,-0.02525993,0.021302079,197.6216201,0.054827844
090.0 080.0,50,btl_phosphate,PO4,0.406632594,-0.042299856,0.03,191.9202221,0.118225497
090.0 080.0,75,btl_phosphate,PO4,0.619471932,-0.054677178,0.03,158.4637556,0.291726813
090.0 080.0,100,btl_phosphate,PO4,0.964083983,-0.09844413,0.02870539,145.05207,0.400005927
090.0 080.0,125,btl_phosphate,PO4,1.34190297,-0.076446561,0.028175453,144.6716773,0.367258676
090.0 080.0,150,btl_phosphate,PO4,1.621889837,-0.068514658,0.028563798,146.7061964,0.274005818
090.0 080.0,200,btl_phosphate,PO4,1.978509172,-0.023537422,0.03,157.0763982,0.166541581
090.0 080.0,250,btl_phosphate,PO4,2.211318853,-0.027775353,0.03,136.2318403,0.170533375
090.0 080.0,300,btl_phosphate,PO4,2.452304727,-0.021417781,0.029999999,156.6252932,0.150922007
090.0 080.0,400,btl_phosphate,PO4,2.877978849,-0.008294869,0.029298428,205,0.093794222
090.0 080.0,500,btl_phosphate,PO4,3.112332594,0.005998776,0.03,169,0.059535626
090.0 090.0,0,btl_phosphate,PO4,0.335116852,-0.020487207,0.021800103,176.7477521,0.048972185
090.0 090.0,10,btl_phosphate,PO4,0.332863243,-0.018997718,0.022934758,173.9935731,0.049380632
090.0 090.0,20,btl_phosphate,PO4,0.331178544,-0.018200118,0.022771222,170.4188207,0.047585402
090.0 090.0,30,btl_phosphate,PO4,0.333069809,-0.014969126,0.022419078,178.9847158,0.048074206
090.0 090.0,50,btl_phosphate,PO4,0.359203634,-0.010777044,0.029999995,145.9310091,0.079650855
090.0 090.0,75,btl_phosphate,PO4,0.491524481,-0.01399115,0.026938469,143.8902851,0.2201522
090.0 090.0,100,btl_phosphate,PO4,0.764742169,-0.073108974,0.027952224,131.9457285,0.367528156
090.0 090.0,125,btl_phosphate,PO4,1.108512246,-0.059229131,0.028358859,140.4216036,0.405570455
090.0 090.0,150,btl_phosphate,PO4,1.444363741,-0.027062847,0.029999993,165.6617675,0.336452166
090.0 090.0,200,btl_phosphate,PO4,1.863411909,-0.037964962,0.029999999,172.2238511,0.19152264
090.0 090.0,250,btl_phosphate,PO4,2.100162938,-0.021926676,0.029150067000000002,129.4029876,0.18170393
090.0 090.0,300,btl_phosphate,PO4,2.365387857,-0.016826964,0.029319046,126.8294233,0.167032567
090.0 090.0,400,btl_phosphate,PO4,2.832800253,-0.006672742,0.029999999,171.5026881,0.099355904
090.0 090.0,500,btl_phosphate,PO4,3.093990299,-0.010286141,0.025193763,162.980099,0.055255459
090.0 100.0,0,btl_phosphate,PO4,0.328057878,-0.020914615,0.023407191,197.4781413,0.050540438
090.0 100.0,10,btl_phosphate,PO4,0.326342447,-0.021381142,0.023969943,195.6168701,0.050438684
090.0 100.0,20,btl_phosphate,PO4,0.325085106,-0.020469165,0.024147382,192.2715375,0.05131379
090.0 100.0,30,btl_phosphate,PO4,0.320868029,-0.016649936,0.023366957,184.2997719,0.04873789
090.0 100.0,50,btl_phosphate,PO4,0.338034267,-0.015862191,0.028067712,201.1291417,0.077745312
090.0 100.0,75,btl_phosphate,PO4,0.43492903,-0.035421716,0.029999998,191.7158907,0.199718014
090.0 100.0,100,btl_phosphate,PO4,0.624748709,-0.0672513,0.03,199.7394106,0.330000121
090.0 100.0,125,btl_phosphate,PO4,0.9356907,-0.054520327,0.03,201.3913548,0.394019458
090.0 100.0,150,btl_phosphate,PO4,1.26153897,-0.014244872,0.03,199.7574454,0.366955135
090.0 100.0,200,btl_phosphate,PO4,1.766648345,-0.028675957,0.029999999,161.1644024,0.227443695
090.0 100.0,250,btl_phosphate,PO4,2.052701128,-0.046142877,0.03,189.6069552,0.183609473
090.0 100.0,300,btl_phosphate,PO4,2.310809506,-0.015363407,0.03,199.8265964,0.161645859
090.0 100.0,400,btl_phosphate,PO4,2.792557914,-0.013735351,0.03,181.411231,0.101476288
090.0 100.0,500,btl_phosphate,PO4,3.078576086,-0.014613493,0.03,207.9554437,0.061855263
090.0 110.0,0,btl_phosphate,PO4,0.31292238,-0.00584178,0.021824439,177.874088,0.050440254
090.0 110.0,10,btl_phosphate,PO4,0.312361848,-0.00736725,0.023204745,175.4004916,0.049920745
090.0 110.0,20,btl_phosphate,PO4,0.312424832,-0.007025475,0.021752699,176.5932293,0.050269705
090.0 110.0,30,btl_phosphate,PO4,0.309462698,-0.00849772,0.021869367,177.6327676,0.048970909
090.0 110.0,50,btl_phosphate,PO4,0.310423835,-0.006743204,0.020285269,204.5960885,0.052875511
090.0 110.0,75,btl_phosphate,PO4,0.353130743,-0.032615017,0.019332712,280.059207,0.119285533
090.0 110.0,100,btl_phosphate,PO4,0.516570988,0.057967583,0.021529908,191.3792806,0.263357633
090.0 110.0,125,btl_phosphate,PO4,0.917775226,0.162415461,0.009534591,285.5570595,0.373714232
090.0 110.0,150,btl_phosphate,PO4,1.172400669,0.103722444,0.016570892,215.3401395,0.385914041
090.0 110.0,200,btl_phosphate,PO4,1.671223387,0.060766734,0.022486728,195.4482791,0.25140531
090.0 110.0,250,btl_phosphate,PO4,2.044659156,0.089655399,0.006297862,359.9885893,0.191341376
090.0 110.0,300,btl_phosphate,PO4,2.302418052,0.082597324,0.008093218,309.0586065,0.160852589
090.0 110.0,400,btl_phosphate,PO4,2.769463659,0.036269484,0.008044717,269.127187,0.101109096
090.0 110.0,500,btl_phosphate,PO4,3.05879914,0.0156709,0.013527733,146.1348054,0.062632067
090.0 120.0,0,btl_phosphate,PO4,0.302100339,0.028437467,0.001076462,117.1595684,0.049145971
090.0 120.0,10,btl_phosphate,PO4,0.300258985,0.035389952,9.05305e-4,123.5762268,0.048352521
090.0 120.0,20,btl_phosphate,PO4,0.298841927,0.032733062,8.18152e-4,132.3263474,0.048535111
090.0 120.0,30,btl_phosphate,PO4,0.295838256,0.048472752,6.27253e-4,126.5865241,0.047357499
090.0 120.0,50,btl_phosphate,PO4,0.294092535,0.01577214,5.60252e-4,141.4100797,0.050851668
090.0 120.0,75,btl_phosphate,PO4,0.304294471,0.007321068,5.02195e-4,165.5361931,0.071120174
090.0 120.0,100,btl_phosphate,PO4,0.409320394,0.358520006,4.78146e-4,165.8623361,0.19904772
090.0 120.0,125,btl_phosphate,PO4,0.626805182,0.717269624,5.03099e-4,166.9272863,0.300787829
090.0 120.0,150,btl_phosphate,PO4,0.966366397,0.823970086,5.27726e-4,168.697488,0.372299731
090.0 120.0,200,btl_phosphate,PO4,1.563290349,0.5785259,5.62174e-4,169.6350831,0.273166242
090.0 120.0,250,btl_phosphate,PO4,1.906803982,0.413372444,6.56383e-4,171.3952438,0.20332306
090.0 120.0,300,btl_phosphate,PO4,2.169277938,0.045987529,0.019352972,186.9864083,0.182976334
090.0 120.0,400,btl_phosphate,PO4,2.713176298,0.033564318,0.018609519,188.4905585,0.100854634
090.0 120.0,500,btl_phosphate,PO4,3.038662135,0.013271859,0.010633708,136.3675836,0.062427597
093.3 026.7,0,btl_phosphate,PO4,0.372395312,-0.161311491,0.008410431,3.4e-8,0.071937589
093.3 026.7,10,btl_phosphate,PO4,0.374129348,-0.071532444,0.0028474,0.245300381,0.121496885
093.3 026.7,20,btl_phosphate,PO4,0.601325031,-1.35249775,2.22396e-4,99.03951021,0.26329546
093.3 026.7,30,btl_phosphate,PO4,0.903356212,-1.783220807,1.72247e-4,125.6857965,0.389580647
093.3 026.7,50,btl_phosphate,PO4,1.25951277,-2.184241684,1.64539e-4,132.7084584,0.398987778
093.3 028.0,0,btl_phosphate,PO4,0.37258301,-0.137202523,0.00662095,3.52e-8,0.06967384
093.3 028.0,10,btl_phosphate,PO4,0.298039812,0.038331491,0.01640666,4.74e-11,0.079483402
093.3 028.0,20,btl_phosphate,PO4,0.383163697,0.092630268,0.013429504,2.590106216,0.147335102
093.3 028.0,30,btl_phosphate,PO4,0.681098599,0.238904699,0.019655168,52.90827565,0.267366671
093.3 028.0,50,btl_phosphate,PO4,1.136241944,0.347289249,0.020759345,58.04852208,0.307265463
093.3 028.0,75,btl_phosphate,PO4,1.480802147,0.326283029,0.020268074,57.9679428,0.261170639
093.3 028.0,100,btl_phosphate,PO4,1.730393077,0.26164666,0.021112413,62.71524941,0.232814495
093.3 028.0,125,btl_phosphate,PO4,1.904326925,0.197327539,0.022352071,63.06154155,0.196528214
093.3 028.0,150,btl_phosphate,PO4,2.042764247,0.16033377,0.02160853,54.00652461,0.164278081
093.3 028.0,200,btl_phosphate,PO4,2.248762922,0.128704195,0.01991474,41.48651176,0.136502002
093.3 028.0,250,btl_phosphate,PO4,2.412000821,0.099824152,0.020093741,44.27159104,0.116174925
093.3 028.0,300,btl_phosphate,PO4,2.567403943,0.082443034,0.022887141,50.45659749,0.104330843
093.3 028.0,400,btl_phosphate,PO4,2.841325617,0.07081077,0.025010187,40.37143408,0.080261136
093.3 028.0,500,btl_phosphate,PO4,3.057954947,0.0474217,0.028668783,29.43905367,0.060292918
093.3 030.0,0,btl_phosphate,PO4,0.326628402,-0.082915879,0.009461312,61.02094699,0.05292887
093.3 030.0,10,btl_phosphate,PO4,0.372318952,-0.120178148,0.006825233,1.52e-9,0.051175383
093.3 030.0,20,btl_phosphate,PO4,0.389702453,-0.061533318,0.005184275,0.002895838,0.094885788
093.3 030.0,30,btl_phosphate,PO4,0.513399559,-0.27048871,9.29948e-4,115.1206301,0.228677231
093.3 030.0,50,btl_phosphate,PO4,0.990840049,-0.25799954,0.023389217,201.5512135,0.307071569
093.3 030.0,75,btl_phosphate,PO4,1.389475638,-0.251786933,0.020819634,215.4250712,0.262752009
093.3 030.0,100,btl_phosphate,PO4,1.666927646,-0.210566208,0.019881249,221.3964026,0.224963695
093.3 030.0,125,btl_phosphate,PO4,1.87606526,-0.172450853,0.019998839,216.4188829,0.19423553
093.3 030.0,150,btl_phosphate,PO4,2.037390709,-0.1397335,0.020458914,216.9528678,0.167503393
093.3 030.0,200,btl_phosphate,PO4,2.244137022,-0.121295219,0.016834049,229.734105,0.138235966
093.3 030.0,250,btl_phosphate,PO4,2.422798507,-0.089143942,0.018627257,226.1224445,0.106061281
093.3 030.0,300,btl_phosphate,PO4,2.574532048,-0.068930519,0.022199869,202.3895565,0.097085127
093.3 030.0,400,btl_phosphate,PO4,2.838694048,-0.046997707,0.024275918,170.7114906,0.079245037
093.3 030.0,500,btl_phosphate,PO4,3.055032949,-0.029219076,0.028197529,145.9668568,0.066232731
093.3 035.0,0,btl_phosphate,PO4,0.300308082,-0.049722124,0.014736961,127.1624288,0.055401588
093.3 035.0,10,btl_phosphate,PO4,0.305477505,-0.042877215,0.013043196,131.3863712,0.051536396
093.3 035.0,20,btl_phosphate,PO4,0.317956307,-0.03181516,0.008038843,220.9116967,0.05326807
093.3 035.0,30,btl_phosphate,PO4,0.443428941,0.073431751,0.02507794,105.2829145,0.14957478
093.3 035.0,50,btl_phosphate,PO4,0.837688581,0.20868394,0.024334578,83.91397917,0.317853253
093.3 035.0,75,btl_phosphate,PO4,1.276373702,0.204512729,0.024154769,80.99749038,0.287377844
093.3 035.0,100,btl_phosphate,PO4,1.58620316,0.133567486,0.023957137,76.62562527,0.24614288
093.3 035.0,125,btl_phosphate,PO4,1.825021019,0.123542653,0.025448863,82.48189022,0.198443849
093.3 035.0,150,btl_phosphate,PO4,1.969757795,0.087579336,0.024666058,76.54695928,0.165616843
093.3 035.0,200,btl_phosphate,PO4,2.163859472,0.105014356,0.013265903,39.36949655,0.132423011
093.3 035.0,250,btl_phosphate,PO4,2.404452721,0.067818053,0.018700511,70.20812125,0.124694991
093.3 035.0,300,btl_phosphate,PO4,2.602880062,0.070620808,0.021634716,73.95829256,0.100302009
093.3 035.0,400,btl_phosphate,PO4,2.899011197,0.044774766,0.017248367,40.72489796,0.068430669
093.3 035.0,500,btl_phosphate,PO4,3.091580411,0.02351943,0.019478983,41.74695963,0.050701313
093.3 040.0,0,btl_phosphate,PO4,0.313769265,-0.045856875,0.016046868,135.412906,0.050585871
093.3 040.0,10,btl_phosphate,PO4,0.310852552,-0.042919019,0.015669552,132.1097073,0.049350434
093.3 040.0,20,btl_phosphate,PO4,0.325594809,-0.029446,0.010505238,169.72053,0.055620202
093.3 040.0,30,btl_phosphate,PO4,0.423876089,-0.083490965,0.025918077,234.0110493,0.121954796
093.3 040.0,50,btl_phosphate,PO4,0.82847035,-0.319204808,0.027327132,220.0476611,0.26899506
093.3 040.0,75,btl_phosphate,PO4,1.265063376,-0.248543175,0.027114493,219.9731183,0.271987201
093.3 040.0,100,btl_phosphate,PO4,1.579620561,-0.173357878,0.025955504,225.1589279,0.222624349
093.3 040.0,125,btl_phosphate,PO4,1.805037002,-0.117580518,0.023591377,231.3471414,0.179631442
093.3 040.0,150,btl_phosphate,PO4,1.967892183,-0.088975218,0.025691636,221.3943297,0.156638004
093.3 040.0,200,btl_phosphate,PO4,2.207242617,-0.065236793,0.022318587,233.2142531,0.125941181
093.3 040.0,250,btl_phosphate,PO4,2.434113213,-0.074304108,0.025816356,217.1287516,0.115555711
093.3 040.0,300,btl_phosphate,PO4,2.630395837,-0.076114434,0.025297406,219.2178363,0.094933225
093.3 040.0,400,btl_phosphate,PO4,2.93959288,-0.056666207,0.027038732,208.5538207,0.064851894
093.3 040.0,500,btl_phosphate,PO4,3.12224216,-0.045790555,0.027697351,208.3805587,0.051110716
093.3 045.0,0,btl_phosphate,PO4,0.320175275,-0.042068715,0.016373418,149.165823,0.046141786
093.3 045.0,10,btl_phosphate,PO4,0.318651674,-0.043234786,0.016160781,149.5454902,0.045071998
093.3 045.0,20,btl_phosphate,PO4,0.259194504,-0.120212461,0.005874459,360,0.090158719
093.3 045.0,30,btl_phosphate,PO4,0.476127136,-0.135827265,0.02685649,222.3980199,0.160150584
093.3 045.0,50,btl_phosphate,PO4,0.884348098,-0.300202803,0.02818289,224.875065,0.328110796
093.3 045.0,75,btl_phosphate,PO4,1.335511874,-0.292037183,0.028026618,219.2846167,0.317985272
093.3 045.0,100,btl_phosphate,PO4,1.637269684,-0.224090113,0.028543048,213.8993508,0.244445967
093.3 045.0,125,btl_phosphate,PO4,1.836170664,-0.170341262,0.028120113,221.0005849,0.189021118
093.3 045.0,150,btl_phosphate,PO4,1.995979239,-0.129161129,0.028008496,222.0652744,0.154875524
093.3 045.0,200,btl_phosphate,PO4,2.242861548,-0.077615079,0.027678488,225.7696835,0.13230828
093.3 045.0,250,btl_phosphate,PO4,2.449883053,-0.070953739,0.026420205,231.1177025,0.120538282
093.3 045.0,300,btl_phosphate,PO4,2.651461681,-0.069321575,0.026934784,234.250711,0.103471706
093.3 045.0,400,btl_phosphate,PO4,2.952668541,-0.046658617,0.026165324,239.4133912,0.069301813
093.3 045.0,500,btl_phosphate,PO4,3.132134479,-0.036972713,0.02677327,235.2209679,0.056291795
093.3 050.0,0,btl_phosphate,PO4,0.333139798,-0.041008531,0.015336123,143.5500202,0.053480924
093.3 050.0,10,btl_phosphate,PO4,0.335109055,-0.035851846,0.012450909,179.063797,0.061004392
093.3 050.0,20,btl_phosphate,PO4,0.240573768,-0.172996687,0.006895682,355.4035227,0.106154669
093.3 050.0,30,btl_phosphate,PO4,0.494644825,-0.185028402,0.027302375,232.0216198,0.164529028
093.3 050.0,50,btl_phosphate,PO4,0.830017832,-0.323359138,0.02633855,244.966775,0.288211479
093.3 050.0,75,btl_phosphate,PO4,1.264185926,-0.290231068,0.026669849,241.400207,0.345074805
093.3 050.0,100,btl_phosphate,PO4,1.588423657,-0.245724681,0.028663992,229.7183529,0.284147948
093.3 050.0,125,btl_phosphate,PO4,1.833551494,-0.20128983,0.028230717,228.982885,0.20644225
093.3 050.0,150,btl_phosphate,PO4,1.988640149,-0.152715542,0.027837724,235.3673135,0.172965521
093.3 050.0,200,btl_phosphate,PO4,2.237758987,-0.115808656,0.028373153,234.1016007,0.149348642
093.3 050.0,250,btl_phosphate,PO4,2.461184881,-0.099791976,0.027307955,239.536838,0.129000581
093.3 050.0,300,btl_phosphate,PO4,2.671415561,-0.082991123,0.027176538,239.3327606,0.105063391
093.3 050.0,400,btl_phosphate,PO4,2.967329325,-0.048621746,0.027668416,241.6989112,0.070976151
093.3 050.0,500,btl_phosphate,PO4,3.130700045,-0.023629462,0.028706805,245.2503817,0.052359727
093.3 055.0,0,btl_phosphate,PO4,0.337433532,-0.029533182,0.013214609,181.2578182,0.057228576
093.3 055.0,10,btl_phosphate,PO4,0.338915242,-0.036323716,0.014508568,187.8775276,0.060466721
093.3 055.0,20,btl_phosphate,PO4,0.33038056,-0.049829845,0.01116529,247.5595023,0.068323411
093.3 055.0,30,btl_phosphate,PO4,0.440047814,-0.117071767,0.026267446,239.8899726,0.1149244
093.3 055.0,50,btl_phosphate,PO4,0.711276714,-0.229098443,0.023445382,257.9263991,0.23915023
093.3 055.0,75,btl_phosphate,PO4,1.141008417,-0.211508548,0.024290928,254.2181827,0.338605211
093.3 055.0,100,btl_phosphate,PO4,1.510178914,-0.17993981,0.02411961,251.9760072,0.29555105
093.3 055.0,125,btl_phosphate,PO4,1.763534779,-0.130269869,0.026015072,246.6731776,0.203692331
093.3 055.0,150,btl_phosphate,PO4,1.927502238,-0.093985826,0.023656277,260.7979039,0.166952978
093.3 055.0,200,btl_phosphate,PO4,2.196765416,-0.097825334,0.024667845,251.6155853,0.157343235
093.3 055.0,250,btl_phosphate,PO4,2.440445774,-0.093674017,0.025143045,241.6129019,0.143953949
093.3 055.0,300,btl_phosphate,PO4,2.659849697,-0.08661065,0.024484835,248.3580239,0.120538691
093.3 055.0,400,btl_phosphate,PO4,2.97374623,-0.060282724,0.027798578,230.5451262,0.067394715
093.3 055.0,500,btl_phosphate,PO4,3.133600817,-0.02211163,0.029884182,234.4889204,0.05383066
093.3 060.0,0,btl_phosphate,PO4,0.330042295,-0.038840006,0.013264482,207.4660617,0.050774587
093.3 060.0,10,btl_phosphate,PO4,0.333174983,-0.033833469,0.013841412,202.0065471,0.055985581
093.3 060.0,20,btl_phosphate,PO4,0.335307227,-0.036299859,0.013835254,208.9763151,0.057325726
093.3 060.0,30,btl_phosphate,PO4,0.332257598,-0.070283537,0.010682777,285.4593822,0.071827144
093.3 060.0,50,btl_phosphate,PO4,0.558482048,-0.130478309,0.018628126,283.8869827,0.198275612
093.3 060.0,75,btl_phosphate,PO4,0.892756537,-0.179973504,0.014297072,348.8985415,0.338254462
093.3 060.0,100,btl_phosphate,PO4,1.268721367,-0.161852304,0.015017553,335.2076946,0.332315903
093.3 060.0,125,btl_phosphate,PO4,1.60991982,-0.129729291,0.01944528,306.1442088,0.235420956
093.3 060.0,150,btl_phosphate,PO4,1.816410638,-0.086075751,0.017783103,327.8737814,0.167903844
093.3 060.0,200,btl_phosphate,PO4,2.089542703,-0.074597403,0.014944047,340.8076716,0.150447598
093.3 060.0,250,btl_phosphate,PO4,2.338679968,-0.07572759,0.015958198,306.7193677,0.138257882
093.3 060.0,300,btl_phosphate,PO4,2.580941227,-0.071141497,0.018533156,277.0897033,0.124411293
093.3 060.0,400,btl_phosphate,PO4,2.932140873,-0.034948283,0.013713323,338.1043356,0.066792365
093.3 060.0,500,btl_phosphate,PO4,3.128836883,-0.015877419,0.015676931,302.0727992,0.051276708
093.3 070.0,0,btl_phosphate,PO4,0.340144038,-0.018443796,0.016857526,176.0945174,0.053684448
093.3 070.0,10,btl_phosphate,PO4,0.336168105,-0.017590486,0.016591062,169.9356936,0.051546673
093.3 070.0,20,btl_phosphate,PO4,0.33585566,-0.016640803,0.014937856,175.1254991,0.052910581
093.3 070.0,30,btl_phosphate,PO4,0.338203987,-0.017179851,0.012344242,164.0053416,0.054947642
093.3 070.0,50,btl_phosphate,PO4,0.440419415,0.076175817,0.018690895,137.8875269,0.152568883
093.3 070.0,75,btl_phosphate,PO4,0.731616307,0.15785087,0.013817215,160.7767912,0.333995558
093.3 070.0,100,btl_phosphate,PO4,1.115098736,0.142140077,0.010380769,183.5047447,0.382123484
093.3 070.0,125,btl_phosphate,PO4,1.46884361,0.115362864,0.008111002,203.5384491,0.320409249
093.3 070.0,150,btl_phosphate,PO4,1.720339804,0.077002184,0.013452448,182.104328,0.236954897
093.3 070.0,200,btl_phosphate,PO4,2.015153905,0.065273702,0.014924838,144.1245093,0.159508264
093.3 070.0,250,btl_phosphate,PO4,2.268154786,0.062345523,0.017273126,147.4209987,0.150799294
093.3 070.0,300,btl_phosphate,PO4,2.506994294,0.063617781,0.016235785,143.3411279,0.134647426
093.3 070.0,400,btl_phosphate,PO4,2.896767663,0.043451949,0.017148086,133.8035062,0.080341625
093.3 070.0,500,btl_phosphate,PO4,3.118911239,0.015029314,0.014627615,140.4363118,0.054152108
093.3 080.0,0,btl_phosphate,PO4,0.333919057,-0.014704776,0.020234647,187.9825342,0.042149364
093.3 080.0,10,btl_phosphate,PO4,0.331028524,-0.015832963,0.021557292,173.8948845,0.043343707
093.3 080.0,20,btl_phosphate,PO4,0.333103828,-0.012993214,0.020303815,186.4819797,0.0460837
093.3 080.0,30,btl_phosphate,PO4,0.331144031,-0.01314333,0.019229398,166.0235092,0.044596829
093.3 080.0,50,btl_phosphate,PO4,0.419605193,0.062307006,0.004768898,360,0.093132452
093.3 080.0,75,btl_phosphate,PO4,0.585750688,0.0784,0.01280076,193.1461455,0.270425502
093.3 080.0,100,btl_phosphate,PO4,0.890190873,0.041922271,0.013034805,167.3019043,0.372689365
093.3 080.0,125,btl_phosphate,PO4,1.151901624,0.141645156,0.004717315,31.98481498,0.380663353
093.3 080.0,150,btl_phosphate,PO4,1.520911152,0.08253767,0.008959814,125.0333696,0.301164267
093.3 080.0,200,btl_phosphate,PO4,1.914645272,0.034742696000000003,0.014884954,182.4514582,0.170695256
093.3 080.0,250,btl_phosphate,PO4,2.176926977,0.03593188,0.011262539,192.4061945,0.159252174
093.3 080.0,300,btl_phosphate,PO4,2.425354132,0.040201997,0.012001343,178.5431088,0.149124292
093.3 080.0,400,btl_phosphate,PO4,2.852604506,0.060930195,0.003270419,144.6298731,0.096988828
093.3 080.0,500,btl_phosphate,PO4,3.100471455,0.01061474,0.016200214,148.3793255,0.062912665
093.3 090.0,0,btl_phosphate,PO4,0.33131102,-0.01973985,0.0210004,185.3441579,0.049102989
093.3 090.0,10,btl_phosphate,PO4,0.328312666,-0.019836676,0.020695431,180.6876127,0.048082196
093.3 090.0,20,btl_phosphate,PO4,0.326305049,-0.020614971,0.020025106,182.8173192,0.047397987
093.3 090.0,30,btl_phosphate,PO4,0.32597366,-0.021546391,0.01971963,186.0795222,0.048459331
093.3 090.0,50,btl_phosphate,PO4,0.33583077,-0.015366106,0.02136223,166.4520226,0.069001323
093.3 090.0,75,btl_phosphate,PO4,0.436711223,0.315077511,7.59031e-4,155.0127424,0.166614443
093.3 090.0,100,btl_phosphate,PO4,0.675759219,0.816614457,6.77804e-4,173.4683316,0.292102884
093.3 090.0,125,btl_phosphate,PO4,1.009964109,0.765074776,6.91413e-4,174.6447418,0.343671784
093.3 090.0,150,btl_phosphate,PO4,1.350230125,0.572598325,7.15386e-4,175.9381933,0.320805493
093.3 090.0,200,btl_phosphate,PO4,1.903305892,0.14157918,0.006056607,359.9999999,0.16008861
093.3 090.0,250,btl_phosphate,PO4,2.179441156,0.142520555,0.007089253,359.9998804,0.15345678
093.3 090.0,300,btl_phosphate,PO4,2.495111596,0.205453089,0.006976492,359.9999999,0.155032016
093.3 090.0,400,btl_phosphate,PO4,2.874105736,0.080390851,0.005425462,359.9999958,0.090039686
093.3 090.0,500,btl_phosphate,PO4,3.112492478,0.035527389,0.005476797,359.8590996,0.06292373
093.3 100.0,0,btl_phosphate,PO4,0.315400549,-0.007379538,0.025263691,152.0578082,0.052674466
093.3 100.0,10,btl_phosphate,PO4,0.31182343,-0.010579958,0.024452729,151.2736647,0.051945002
093.3 100.0,20,btl_phosphate,PO4,0.312346407,-0.007267216,0.025056832,158.6224258,0.052618717
093.3 100.0,30,btl_phosphate,PO4,0.311110439,-0.007900283,0.024454348,159.9574955,0.053366245
093.3 100.0,50,btl_phosphate,PO4,0.311320323,-0.011292735,0.025464184,145.8503251,0.060503297
093.3 100.0,75,btl_phosphate,PO4,0.411067361,0.084330266,0.006574823,360,0.113044913
093.3 100.0,100,btl_phosphate,PO4,0.691634087,0.268657392,0.006696248,360,0.230879869
093.3 100.0,125,btl_phosphate,PO4,1.00485306,0.295890587,0.005948549,360,0.332512609
093.3 100.0,150,btl_phosphate,PO4,1.325114928,0.269314633,0.005308361,360,0.337765886
093.3 100.0,200,btl_phosphate,PO4,1.827380541,0.208544021,0.005731545,360,0.217730982
093.3 100.0,250,btl_phosphate,PO4,2.100587629,0.189306854,0.004237145,360,0.168031469
093.3 100.0,300,btl_phosphate,PO4,2.328507433,1.108098277,3.3462e-4,355,0.146059327
093.3 100.0,400,btl_phosphate,PO4,2.797821549,0.574344859,3.34052e-4,359.9997759,0.098571078
093.3 100.0,500,btl_phosphate,PO4,3.080566415,0.214578874,4.20914e-4,360,0.061492087
093.3 110.0,0,btl_phosphate,PO4,0.30619763,-0.012374527,0.022650256,177.7748843,0.049908227
093.3 110.0,10,btl_phosphate,PO4,0.304753771,-0.012644723,0.022973051,174.2232429,0.049895853
093.3 110.0,20,btl_phosphate,PO4,0.303522128,-0.01255689,0.022441599,174.6360225,0.049101587
093.3 110.0,30,btl_phosphate,PO4,0.301070094,-0.014493339,0.022665741,173.1507279,0.048488378
093.3 110.0,50,btl_phosphate,PO4,0.297716715,-0.014748125,0.021345348,162.4237237,0.056170436
093.3 110.0,75,btl_phosphate,PO4,0.319967402,-0.008055444,0.021540286,133.3959515,0.08837519
093.3 110.0,100,btl_phosphate,PO4,0.441774209,0.016344548,0.03,334.9392119,0.200315688
093.3 110.0,125,btl_phosphate,PO4,0.699201991,-0.055819835,0.018131462,359.9999999,0.307657692
093.3 110.0,150,btl_phosphate,PO4,1.029371546,-0.044199172,0.016902016,360,0.337603695
093.3 110.0,200,btl_phosphate,PO4,1.622739659,-0.029993006,0.016752897,360,0.23358415
093.3 110.0,250,btl_phosphate,PO4,1.93390345,-0.016653918,0.03,360,0.188305735
093.3 110.0,300,btl_phosphate,PO4,2.219026408,-0.027875878,0.0195716,359.9999542,0.168059852
093.3 110.0,400,btl_phosphate,PO4,2.745749706,-0.011204209,0.03,360,0.105508975
093.3 110.0,500,btl_phosphate,PO4,3.052171563,-0.009495019,0.029999998,359.9999997,0.06973285
093.3 120.0,0,btl_phosphate,PO4,0.303784611,-0.006667655,0.03,194.5638873,0.048471808
093.3 120.0,10,btl_phosphate,PO4,0.300946635,-0.005407322,0.0271,182.2237415,0.048297494
093.3 120.0,20,btl_phosphate,PO4,0.298343306,-0.006749607,0.0252,175.190775,0.047118863
093.3 120.0,30,btl_phosphate,PO4,0.295315559,-0.010013828,0.0245,171.5768624,0.045202731
093.3 120.0,50,btl_phosphate,PO4,0.287526578,-0.014035027,0.022183633,163.0394905,0.048372093
093.3 120.0,75,btl_phosphate,PO4,0.295184118,-0.020984952,0.024134269,168.9175643,0.07094514
093.3 120.0,100,btl_phosphate,PO4,0.369105864,-0.030934735,0.029999998,178.0695783,0.147528139
093.3 120.0,125,btl_phosphate,PO4,0.574700039,-0.066396783,0.028026741,155.4486187,0.277977869
093.3 120.0,150,btl_phosphate,PO4,0.875485153,-0.047597136,0.025898081,131.5416497,0.336043446
093.3 120.0,200,btl_phosphate,PO4,1.477328234,-0.056323714,0.029999999,119.9073269,0.26232589
093.3 120.0,250,btl_phosphate,PO4,1.8213948,-0.048465573,0.03,118.7713057,0.191370483
093.3 120.0,300,btl_phosphate,PO4,2.116481005,-0.031182071,0.026916954,111.6001365,0.177357028
093.3 120.0,400,btl_phosphate,PO4,2.692957962,-0.021347911,0.01148789,7.34168e-4,0.112067719
093.3 120.0,500,btl_phosphate,PO4,3.034758063,-0.010714235,0.013747543,8.2e-5,0.063793876
076.7 049.0,0,btl_silicate,SiO3,8.708629853,-6.136942208,0.01979908,193.5604831,5.425843752
076.7 049.0,10,btl_silicate,SiO3,9.864746164,-6.0530403250000004,0.02010032,199.2788608,5.322481784
076.7 049.0,20,btl_silicate,SiO3,12.29480379,-6.260658415,0.020332639,208.2859518,5.292175924
076.7 049.0,30,btl_silicate,SiO3,14.29136016,-6.523329229,0.020701248,208.325414,5.28362674
076.7 049.0,50,btl_silicate,SiO3,19.03647673,-7.555142829,0.020822163,218.5209199,5.433956824
076.7 051.0,0,btl_silicate,SiO3,5.23134097,-2.779163209,0.019718709,180.0004793,3.706177312
076.7 051.0,10,btl_silicate,SiO3,5.503157479,-2.861385174,0.019779236,183.787756,3.865316673
076.7 051.0,20,btl_silicate,SiO3,7.08787647,-3.438218056,0.019895532,201.8097263,4.546947595
076.7 051.0,30,btl_silicate,SiO3,9.927466512,-4.359201672,0.019589493,219.1181012,5.142614255
076.7 051.0,50,btl_silicate,SiO3,15.02992948,-5.07722662,0.018906917,236.0112902,5.464987142
076.7 051.0,75,btl_silicate,SiO3,21.23562513,-5.129921659,0.021195856,224.2332282,5.14762224
076.7 051.0,100,btl_silicate,SiO3,25.36800995,-4.631708134,0.019018564,219.6329914,4.407373099
076.7 051.0,125,btl_silicate,SiO3,29.1221872,-4.478066178,0.019831199,208.1182955,3.831341136
076.7 051.0,150,btl_silicate,SiO3,32.0326866,-4.463583918,0.019871526,202.3484276,3.473388335
076.7 051.0,200,btl_silicate,SiO3,38.33648805,-4.638417084,0.020881318,195.919591,3.453837881
076.7 055.0,0,btl_silicate,SiO3,3.475342698,-1.209522308,0.011084611,194.9002108,2.264873519
076.7 055.0,10,btl_silicate,SiO3,1.622899162,-3.089662584,0.005416704,358.0776637,2.402133992
076.7 055.0,20,btl_silicate,SiO3,4.368121868,-1.815516199,0.012823029,259.5173283,3.140995804
076.7 055.0,30,btl_silicate,SiO3,7.976927291,-2.598511742,0.022,243.9565727,4.152539497
076.7 055.0,50,btl_silicate,SiO3,13.1726468,-4.563917066,0.018377937,275.1536243,5.385519216
076.7 055.0,75,btl_silicate,SiO3,18.40158075,-4.985035861,0.015092803,291.9404313,5.215951584
076.7 055.0,100,btl_silicate,SiO3,25.26786523,-3.50322628,0.025116437,232.237635,4.509275732
076.7 055.0,125,btl_silicate,SiO3,29.19592838,-3.116722423,0.025396237,224.2294477,3.574250995
076.7 055.0,150,btl_silicate,SiO3,31.56762082,14.89167228,1.19368e-4,208.5818085,3.803516335
076.7 055.0,200,btl_silicate,SiO3,37.79044558,18.80452225,1.14621e-4,208.4731968,3.349431269
076.7 055.0,250,btl_silicate,SiO3,43.71262608,-2.516505452,1.76279e-4,212.480053,3.891339972
076.7 055.0,300,btl_silicate,SiO3,50.45471454,-10.30993045,1.66713e-4,212.0325303,4.390836195
076.7 055.0,400,btl_silicate,SiO3,63.86069684,-6.078492838,1.5084e-4,211.9251347,5.06232213
076.7 055.0,500,btl_silicate,SiO3,77.63805789,14.16909581,1.43479e-4,332.1108966,4.836536683
076.7 060.0,0,btl_silicate,SiO3,3.297586796,-1.185827661,0.011401583,133,1.540557512
076.7 060.0,10,btl_silicate,SiO3,3.308725589,-1.105061207,0.010590106,137,1.677183739
076.7 060.0,20,btl_silicate,SiO3,3.462449224,-1.123008902,0.006971422,221,2.452772734
076.7 060.0,30,btl_silicate,SiO3,5.310675682,-1.212747531,0.029660191,238.4985716,3.477397786
076.7 060.0,50,btl_silicate,SiO3,10.47484774,-2.980568389,0.020683472,278.2502708,5.267822009
076.7 060.0,75,btl_silicate,SiO3,17.33785328,-3.425579713,0.017739138,293.8162073,5.770346144
076.7 060.0,100,btl_silicate,SiO3,22.87154443,-2.899137508,0.015729033,306.8632596,5.154893798
076.7 060.0,125,btl_silicate,SiO3,27.41193478,-2.61755559,0.014571233,315.1292555,4.109113075
076.7 060.0,150,btl_silicate,SiO3,31.19430796,-2.293139499,0.015882314,301.3037496,3.710169236
076.7 060.0,200,btl_silicate,SiO3,36.90088536,-2.768771452,0.010087304,359.9976679,3.549999746
076.7 060.0,250,btl_silicate,SiO3,44.57956648,-2.109936658,0.010427669,359.999991,3.732377776
076.7 060.0,300,btl_silicate,SiO3,52.79735424,-1.615617059,0.026441713,206.2913946,4.162024839
076.7 060.0,400,btl_silicate,SiO3,66.45484355,-1.615080495,0.023741489,175.1226169,4.189609443
076.7 060.0,500,btl_silicate,SiO3,78.01755811,-1.834684521,0.023591711,167.5870715,4.70569015
076.7 070.0,0,btl_silicate,SiO3,4.158908403,-2.100873908,0.005810482,9.06e-6,0.972240478
076.7 070.0,10,btl_silicate,SiO3,4.417901592,-2.41259016,0.005697131,8.57e-5,1.091506207
076.7 070.0,20,btl_silicate,SiO3,4.107159068,-2.019544597,0.004718846,3.58e-5,1.0900694420000001
076.7 070.0,30,btl_silicate,SiO3,3.974070237,-1.24015492,0.004447393,2.04e-4,1.474164059
076.7 070.0,50,btl_silicate,SiO3,6.5202415480000004,2.416678171,0.020733709,171.5213543,3.689584457
076.7 070.0,75,btl_silicate,SiO3,13.13285658,3.922972566,0.021712851,169.2015303,5.541446624
076.7 070.0,100,btl_silicate,SiO3,20.10635969,4.443553567,0.022207866,165.3070747,5.463675025
076.7 070.0,125,btl_silicate,SiO3,25.75829132,3.649941949,0.02216983,170.1763922,4.404285178
076.7 070.0,150,btl_silicate,SiO3,29.99720011,3.213215797,0.020877109,166.9933461,3.956006553
076.7 070.0,200,btl_silicate,SiO3,37.15128892,2.503593594,0.021680573,172.4064485,3.415257067
076.7 070.0,250,btl_silicate,SiO3,44.73740421,2.591472252,0.022142329,176.5656168,3.433900127
076.7 070.0,300,btl_silicate,SiO3,52.62887371,2.406188944,0.022704851,178.9542299,3.506405141
076.7 070.0,400,btl_silicate,SiO3,68.68536773,1.563893992,0.021670171,177.8932093,3.49670121
076.7 070.0,500,btl_silicate,SiO3,81.80462271,1.514088161,0.024031231,190.680284,3.313140487
076.7 080.0,0,btl_silicate,SiO3,2.840744212,-13.97380332,3.15346e-4,81.5,0.890229256
076.7 080.0,10,btl_silicate,SiO3,2.862290009,-47.70567307,1.00441e-4,80.9,0.827285685
076.7 080.0,20,btl_silicate,SiO3,2.822947578,-12.16028596,3.74541e-4,78.8,0.897720653
076.7 080.0,30,btl_silicate,SiO3,2.843579809,-8.568490658,3.82192e-4,76.3,0.934910671
076.7 080.0,50,btl_silicate,SiO3,3.764814984,47.35487675,1.5272e-4,76.96292983,2.578815496
076.7 080.0,75,btl_silicate,SiO3,7.884522731,69.04058578,2.69207e-4,102.009376,5.507887135
076.7 080.0,100,btl_silicate,SiO3,14.85597439,4.831879175,0.019571378,198.1288879,5.974549332
076.7 080.0,125,btl_silicate,SiO3,21.25645971,4.685684204,0.019774489,195.4668508,5.663175938
076.7 080.0,150,btl_silicate,SiO3,26.58630727,3.905894487,0.019398673,193.5025446,4.775975895
076.7 080.0,200,btl_silicate,SiO3,34.86880984,2.537669611,0.018599747,192.850283,3.76441215
076.7 080.0,250,btl_silicate,SiO3,43.00934627,2.541758465,0.018253953,189.6120082,3.713197266
076.7 080.0,300,btl_silicate,SiO3,51.17934825,2.525712009,0.018563516,188.0339491,3.808718419
076.7 080.0,400,btl_silicate,SiO3,67.70944102,1.780619814,0.019201882,187.4106845,3.73847247
076.7 080.0,500,btl_silicate,SiO3,81.98654596,0.98444029,0.021244576,200.4647257,3.485282731
076.7 090.0,0,btl_silicate,SiO3,1.657153972,-1.108447287,0.004277913,359.9980048,0.869606649
076.7 090.0,10,btl_silicate,SiO3,1.572110749,-1.055386297,0.005049603,359.9999995,0.842346916
076.7 090.0,20,btl_silicate,SiO3,1.519284574,-1.091790037,0.005523953,359.9999565,0.866691571
076.7 090.0,30,btl_silicate,SiO3,1.620525108,-1.010944695,0.005191359,359.9999902,0.863104803
076.7 090.0,50,btl_silicate,SiO3,3.029540009,-2.045104691,2.49148e-4,303.3706162,1.609356647
076.7 090.0,75,btl_silicate,SiO3,8.925461742,4.435692215,0.006460733,359.9807127,4.144582872
076.7 090.0,100,btl_silicate,SiO3,16.52580566,8.853135448,0.007428516,359.9999621,6.357395961
076.7 090.0,125,btl_silicate,SiO3,23.26699827,9.44987554,0.00706643,359.9998289,7.205357169
076.7 090.0,150,btl_silicate,SiO3,29.32975748,9.136799165,0.007140528,359.999882,6.358821857
076.7 090.0,200,btl_silicate,SiO3,37.17320437,6.643703532,0.00686031,359.9999708,4.50328935
076.7 090.0,250,btl_silicate,SiO3,45.39552325,7.023757061,0.007322616,359.9999778,4.391496185
076.7 090.0,300,btl_silicate,SiO3,54.24383708,7.285844768,0.00693508,359.999761,4.148243118
076.7 090.0,400,btl_silicate,SiO3,71.4283169,6.823496221,0.006298996,359.9999999,3.80016462
076.7 090.0,500,btl_silicate,SiO3,85.48837569,5.446051328,0.005462205,359.9993723,3.612792538
076.7 100.0,0,btl_silicate,SiO3,1.930798921,-0.459468358,0.005422952,359.9991079,0.80212344
076.7 100.0,10,btl_silicate,SiO3,1.893092113,-0.449220637,0.00553239,359.9993236,0.784274163
076.7 100.0,20,btl_silicate,SiO3,1.7660597,-0.638537752,0.006234465,359.9999928,0.726830761
076.7 100.0,30,btl_silicate,SiO3,1.779554147,-0.581398789,0.005800574,359.9999799,0.804811664
076.7 100.0,50,btl_silicate,SiO3,2.154679872,-0.546986251,0.002214086,359.7733761,0.85022852
076.7 100.0,75,btl_silicate,SiO3,2.812229569,-0.754876537,0.008101046,359.9521666,1.802018779
076.7 100.0,100,btl_silicate,SiO3,4.93414412,-1.399724928,0.008825521,359.9904318,3.940450816
076.7 100.0,125,btl_silicate,SiO3,10.26895193,-0.799713509,0.00950929,359.9994914,6.018524495
076.7 100.0,150,btl_silicate,SiO3,16.89689355,-0.104075487,0.01211294,327.1064698,6.201089294
076.7 100.0,200,btl_silicate,SiO3,27.55476356,-0.308238155,0.009247371,359.9979495,4.931925776
076.7 100.0,250,btl_silicate,SiO3,36.99818803,0.702745838,0.003756196,359.9970522,4.314729847
076.7 100.0,300,btl_silicate,SiO3,46.61190791,1.703635463,0.005901271,360,4.330394722
076.7 100.0,400,btl_silicate,SiO3,66.05909598,3.236245537,0.006763483,359.9997983,3.549101195
076.7 100.0,500,btl_silicate,SiO3,82.52840275,4.01982959,0.006535324,359.9998816,3.091635548
080.0 051.0,0,btl_silicate,SiO3,6.040168324,-3.698966205,0.020605722,188.8578963,4.345808406
080.0 051.0,10,btl_silicate,SiO3,7.203988637,-3.994661937,0.020619959,201.3361224,4.420951566
080.0 051.0,20,btl_silicate,SiO3,9.801498328,-5.309239619,0.021310972,209.4841187,4.851598615
080.0 051.0,30,btl_silicate,SiO3,12.1979273,-6.204777305,0.0212903,214.0866602,5.064917049
080.0 051.0,50,btl_silicate,SiO3,16.2335459,-7.759401337,0.021069011,213.5304759,5.074169166
080.0 055.0,0,btl_silicate,SiO3,3.791279661,-1.399163428,0.017076354,181.9473938,2.604699527
080.0 055.0,10,btl_silicate,SiO3,4.281445181,-1.729520274,0.016993665,201.9748063,2.933012099
080.0 055.0,20,btl_silicate,SiO3,6.119493415,-2.684498094,0.018077374,217.5660429,4.108083833
080.0 055.0,30,btl_silicate,SiO3,8.52164945,-3.650324359,0.019457345,225.8137601,4.870955574
080.0 055.0,50,btl_silicate,SiO3,15.01013893,-4.573105556,0.021117651,234.0702883,5.513599882
080.0 055.0,75,btl_silicate,SiO3,20.98180243,-5.193625977,0.020786593,231.1740798,5.007695554
080.0 055.0,100,btl_silicate,SiO3,25.61789578,-4.904928971,0.021563393,225.284067,4.463718727
080.0 055.0,125,btl_silicate,SiO3,29.07613549,-4.281109087,0.020757355,226.2261957,3.886819309
080.0 055.0,150,btl_silicate,SiO3,32.14027567,-3.726230124,0.020497725,224.2678574,3.458531445
080.0 055.0,200,btl_silicate,SiO3,37.90929952,-3.373815168,0.021096815,215.9924049,3.238945787
080.0 055.0,250,btl_silicate,SiO3,43.75264787,-2.933342517,0.022135806,203.6499339,3.405709278
080.0 055.0,300,btl_silicate,SiO3,49.47579979,-2.935887405,0.021798761,195.6896554,3.812490716
080.0 055.0,400,btl_silicate,SiO3,61.99797687,-1.888678337,0.023871409,167.0076076,4.244475108
080.0 055.0,500,btl_silicate,SiO3,74.62555768,-1.99356643,0.024690331,157.820786,3.907214884
080.0 060.0,0,btl_silicate,SiO3,2.902180477,-0.867563621,0.011695942,156.1770511,1.581841906
080.0 060.0,10,btl_silicate,SiO3,2.897462295,-0.881785794,0.012506408,159.752746,1.650710466
080.0 060.0,20,btl_silicate,SiO3,3.247035789,-1.175951347,0.016548771,186.7217735,1.978017247
080.0 060.0,30,btl_silicate,SiO3,4.431966489,-1.772739918,0.017330135,222.4105813,3.17403841
080.0 060.0,50,btl_silicate,SiO3,10.29371614,-4.156116465,0.028036158,228.2218242,5.048586622
080.0 060.0,75,btl_silicate,SiO3,17.69009251,-4.411914525,0.026572945,229.048867,6.35153215
080.0 060.0,100,btl_silicate,SiO3,23.3404789,-3.737137678,0.025088425,232.038711,5.960552696
080.0 060.0,125,btl_silicate,SiO3,28.13527353,-3.149778582,0.025216477,232.8561702,4.801078757
080.0 060.0,150,btl_silicate,SiO3,31.83033866,-2.715878392,0.024766946,233.26296,4.033370867
080.0 060.0,200,btl_silicate,SiO3,38.86778121,-2.222387351,0.024255545,232.3149128,3.395028975
080.0 060.0,250,btl_silicate,SiO3,46.08188971,-1.799233734,0.024876281,226.0712006,3.167073017
080.0 060.0,300,btl_silicate,SiO3,53.46149588,-1.457425562,0.028170924,214.1027297,3.171313549
080.0 060.0,400,btl_silicate,SiO3,67.96385161,-1.443397043,0.02960026,213.1814456,3.188451995
080.0 060.0,500,btl_silicate,SiO3,79.13455138,-1.405870456,0.01501767,310.7528561,3.593929769
080.0 070.0,0,btl_silicate,SiO3,3.524967865,-1.976925918,0.003404689,9.48e-6,0.980746152
080.0 070.0,10,btl_silicate,SiO3,3.538340112,-2.761539234,0.002235282,0.024734014,1.039883883
080.0 070.0,20,btl_silicate,SiO3,3.880306122,-2.313743277,0.003733802,9.98e-5,1.174861902
080.0 070.0,30,btl_silicate,SiO3,4.02721214,-19.98474228,3.31981e-4,0.051235187,1.41478189
080.0 070.0,50,btl_silicate,SiO3,4.346086331,32.04346267,2.04551e-4,0.100737817,3.400402738
080.0 070.0,75,btl_silicate,SiO3,9.311921847,54.04864175,2.52322e-4,27.71542174,6.301453141
080.0 070.0,100,btl_silicate,SiO3,16.05917351,51.4990576,2.4493e-4,27.83121597,6.478598143
080.0 070.0,125,btl_silicate,SiO3,22.91532195,38.04289246,2.96423e-4,54.12534897,5.351245602
080.0 070.0,150,btl_silicate,SiO3,28.96660592,1.884976221,0.018378761,170.2997347,4.201215271
080.0 070.0,200,btl_silicate,SiO3,36.32722994,1.804052904,0.017819686,146.3963294,3.309085356
080.0 070.0,250,btl_silicate,SiO3,44.11664163,1.830164958,0.020229537,158.4732151,3.515532891
080.0 070.0,300,btl_silicate,SiO3,52.63557006,1.98707874,0.021562876,158.6249708,3.711786099
080.0 070.0,400,btl_silicate,SiO3,68.78475082,2.387559941,0.02342165,158.6090316,3.414305603
080.0 070.0,500,btl_silicate,SiO3,82.26447029,1.837609282,0.023799812,167.7807009,3.189019991
080.0 080.0,0,btl_silicate,SiO3,2.513066401,-13.41804031,2.82849e-4,146.2304762,0.967005039
080.0 080.0,10,btl_silicate,SiO3,2.479275503,-37.1628957,1.01503e-4,146.2867034,0.985085122
080.0 080.0,20,btl_silicate,SiO3,2.36814282,-33.43405187,1.00088e-4,163.6489205,0.936795736
080.0 080.0,30,btl_silicate,SiO3,2.470564553,-31.24069406,1.00001e-4,164.12440900000001,1.012847331
080.0 080.0,50,btl_silicate,SiO3,3.954227711,0.930885385,0.017615091,203.2027273,2.656660908
080.0 080.0,75,btl_silicate,SiO3,7.718752212,2.767608008,0.017423926,205.7760552,5.673993194
080.0 080.0,100,btl_silicate,SiO3,13.09754629,3.690334417,0.016692297,219.5492838,6.973225377
080.0 080.0,125,btl_silicate,SiO3,19.30764343,3.829021077,0.016526384,216.7381694,7.028812
080.0 080.0,150,btl_silicate,SiO3,24.85712068,3.291046534,0.016613207,218.0135661,5.93697992
080.0 080.0,200,btl_silicate,SiO3,33.99963532,2.404981726,0.01582627,226.0607813,4.504356259
080.0 080.0,250,btl_silicate,SiO3,42.54891713,2.416092028,0.011935317,251.7896878,4.503858939
080.0 080.0,300,btl_silicate,SiO3,51.39879422,2.806687898,0.009939388,266.526488,4.316949564
080.0 080.0,400,btl_silicate,SiO3,67.2117093,1.147812778,0.01394039,189.9867351,4.033236787
080.0 080.0,500,btl_silicate,SiO3,81.42628544,1.503978503,0.019043048,169.0070509,3.687037254
080.0 090.0,0,btl_silicate,SiO3,1.581925348,-0.899079595,0.005328261,359.9999976,0.690322273
080.0 090.0,10,btl_silicate,SiO3,1.556774577,-0.896612979,0.005000312,359.9999989,0.6788393
080.0 090.0,20,btl_silicate,SiO3,1.589582305,-1.013662506,0.003618141,359.9999807,0.685077597
080.0 090.0,30,btl_silicate,SiO3,1.6383084,-0.925185498,0.003963734,359.9999053,0.730221589
080.0 090.0,50,btl_silicate,SiO3,2.071328365,-0.651779465,0.005256309,359.9999851,0.930694696
080.0 090.0,75,btl_silicate,SiO3,5.210976361,1.329320229,0.006630967,359.9045136,2.793640855
080.0 090.0,100,btl_silicate,SiO3,11.43124803,4.373406024,0.007603861,359.9998935,5.718803414
080.0 090.0,125,btl_silicate,SiO3,18.52827461,6.726546874,0.007995633,359.9997864,6.718674636
080.0 090.0,150,btl_silicate,SiO3,24.34258237,5.840190793,0.008032512,359.9998732,6.561839221
080.0 090.0,200,btl_silicate,SiO3,33.11980642,3.420715657,0.007765364,359.9485283,4.659619063
080.0 090.0,250,btl_silicate,SiO3,42.06015348,4.304946661,0.00765997,359.9999901,4.071118304
080.0 090.0,300,btl_silicate,SiO3,50.22389623,3.72254239,0.006767647,359.9989207,4.000273558
080.0 090.0,400,btl_silicate,SiO3,68.28327172,4.463319598,0.005654944,359.9997792,3.989881058
080.0 090.0,500,btl_silicate,SiO3,82.95728684,3.905979496,0.005845059,359.9997939,3.350283704
080.0 100.0,0,btl_silicate,SiO3,1.807800003,-0.623585286,0.0056492240000000004,360,0.774551063
080.0 100.0,10,btl_silicate,SiO3,1.779038378,-0.599285259,0.005567096,359.9999756,0.754290735
080.0 100.0,20,btl_silicate,SiO3,1.760786525,-0.611828119,0.005165644,359.9999874,0.740738787
080.0 100.0,30,btl_silicate,SiO3,1.724955237,-0.684679608,0.005002586,359.9999961,0.744274262
080.0 100.0,50,btl_silicate,SiO3,1.868934237,-0.561003967,0.006723936,359.9999457,0.782408602
080.0 100.0,75,btl_silicate,SiO3,3.135181233,0.329105443,0.010123717,359.9998694,1.367195479
080.0 100.0,100,btl_silicate,SiO3,5.816991636,1.031983777,0.01182852,358.0802214,3.239554885
080.0 100.0,125,btl_silicate,SiO3,10.37805476,1.59704852,0.018021411,319.1730432,5.075784637
080.0 100.0,150,btl_silicate,SiO3,16.56084974,1.793932221,0.019273227,320.5856602,6.086405935
080.0 100.0,200,btl_silicate,SiO3,27.73223348,1.668843829,0.020340884,328.6569266,5.29727569
080.0 100.0,250,btl_silicate,SiO3,36.49524292,1.254439219,0.01875013,330.250643,4.72130474
080.0 100.0,300,btl_silicate,SiO3,45.39727213,1.171644732,0.02032843,314.7261933,4.502653543
080.0 100.0,400,btl_silicate,SiO3,63.19792181,1.133723573,0.02314879,305.4378581,3.577842406
080.0 100.0,500,btl_silicate,SiO3,78.64964064,0.713584732,0.027184566,267.3040655,3.204957461
081.8 046.9,0,btl_silicate,SiO3,3.442757239,-1.275434259,0.01920955,181.6106522,2.494273057
081.8 046.9,10,btl_silicate,SiO3,4.45580051,-2.193292697,0.021466307,189.8971139,3.097791021
081.8 046.9,20,btl_silicate,SiO3,8.073391776,-4.188877997,0.021793508,211.8136101,4.237675454
081.8 046.9,30,btl_silicate,SiO3,12.52386332,-6.973705405,0.022160256,209.8766225,5.148235169
081.8 046.9,50,btl_silicate,SiO3,18.65822344,-8.495583184,0.021943591,209.8088393,5.765247799
081.8 046.9,75,btl_silicate,SiO3,24.08634358,-7.419090506,0.020904192,218.2854152,5.359179623
081.8 046.9,100,btl_silicate,SiO3,28.42974943,-7.166065026,0.021479436,218.3456337,4.591196962
081.8 046.9,125,btl_silicate,SiO3,31.71795234,-6.712893648,0.022141409,217.7557545,4.333957087
081.8 046.9,150,btl_silicate,SiO3,34.51943819,-6.034235344,0.02217056,214.9763855,3.880875945
081.8 046.9,200,btl_silicate,SiO3,39.89381588,-5.498840323,0.02122699,210.3826373,3.363388868
081.8 046.9,250,btl_silicate,SiO3,46.26073356,-4.430932949,0.021355726,202.8981176,3.143945216
081.8 046.9,300,btl_silicate,SiO3,52.91991946,-3.563723532,0.021911767,192.8652914,3.154640051
081.8 046.9,400,btl_silicate,SiO3,69.55686384,-4.090459246,0.022266959,181.7305275,3.830547961
081.8 046.9,500,btl_silicate,SiO3,93.73707371,-1.959507858,0.024183284,149.4408199,5.553713336
083.3 040.6,0,btl_silicate,SiO3,3.676780661,-1.357346311,0.005236905,0.036383983,1.646475281
083.3 040.6,10,btl_silicate,SiO3,4.047624046,-40.2628852,1.00205e-4,0.035056732,2.105481756
083.3 040.6,20,btl_silicate,SiO3,6.45996069,-33.7922868,1.00314e-4,9.408955456,3.809328486
083.3 040.6,30,btl_silicate,SiO3,8.717802753,-30.53037822,1.16952e-4,83.11072389,3.909281925
083.3 042.0,0,btl_silicate,SiO3,3.135571056,-0.724291278,0.010214122,100.1294101,1.77130538
083.3 042.0,10,btl_silicate,SiO3,3.182145909,-0.986635014,0.019777169,175.5595731,1.960202513
083.3 042.0,20,btl_silicate,SiO3,4.933414605,-2.105695834,0.022739164,205.3406427,2.561935231
083.3 042.0,30,btl_silicate,SiO3,7.726709257,-3.996486816,0.021793646,210.4355021,3.340622927
083.3 042.0,50,btl_silicate,SiO3,12.96102736,-5.699981991,0.021410268,213.6777908,3.871305003
083.3 042.0,75,btl_silicate,SiO3,19.64139962,-6.617138462,0.020483212,218.8671328,4.151057125
083.3 042.0,100,btl_silicate,SiO3,24.56876401,-5.935486983,0.020510397,214.2719842,3.708742156
083.3 042.0,125,btl_silicate,SiO3,26.89465716,-5.654912811,0.018403432,212.5947535,3.972804513
083.3 051.0,0,btl_silicate,SiO3,4.834484787,-2.145040865,0.020831562,197.6246451,2.627461491
083.3 051.0,10,btl_silicate,SiO3,5.791616445,-2.946372814,0.021503523,199.9244531,3.027525154
083.3 051.0,20,btl_silicate,SiO3,8.500172708,-3.993281414,0.023204413,211.1962441,3.570523605
083.3 051.0,30,btl_silicate,SiO3,11.07269598,-5.122945187,0.022207712,218.6038298,4.372884479
083.3 051.0,50,btl_silicate,SiO3,16.42065058,-5.817352322,0.023447407,221.7216815,5.126763689
083.3 051.0,75,btl_silicate,SiO3,21.86496448,-5.929103139,0.022027213,222.3349311,5.190284539
083.3 055.0,0,btl_silicate,SiO3,3.282343382,-1.457555302,0.013867892,226.2089723,2.374814698
083.3 055.0,10,btl_silicate,SiO3,3.588743152,-1.731024935,0.015461249,223.4997949,2.573158949
083.3 055.0,20,btl_silicate,SiO3,4.530492594,-2.068267206,0.017342928,224.9933197,2.789328954
083.3 055.0,30,btl_silicate,SiO3,7.851780686,-3.287745553,0.024567211,233.4459721,3.855581324
083.3 055.0,50,btl_silicate,SiO3,14.27329518,-5.554432394,0.025374164,236.9033742,5.089031371
083.3 055.0,75,btl_silicate,SiO3,21.12152492,-5.32413494,0.023650306,243.5402804,5.2660383
083.3 055.0,100,btl_silicate,SiO3,27.00799477,-4.41522919,0.025536388,234.7964511,4.133502251
083.3 055.0,125,btl_silicate,SiO3,30.8377358,-3.819377473,0.02463833,232.286064,3.779755989
083.3 055.0,150,btl_silicate,SiO3,33.96002362,-3.357478201,0.024415036,231.7087052,3.628525177
083.3 055.0,200,btl_silicate,SiO3,40.08771541,-2.97325478,0.024751287,228.4624378,3.170585828
083.3 055.0,250,btl_silicate,SiO3,45.90959173,-2.673927207,0.022285753,218.7875579,3.238168218
083.3 055.0,300,btl_silicate,SiO3,51.77437012,-2.625961562,0.022694863,204.3962635,3.204616967
083.3 055.0,400,btl_silicate,SiO3,63.62798488,-3.116460023,0.023275043,185.1341644,3.804384246
083.3 055.0,500,btl_silicate,SiO3,74.57566608,-2.888239588,0.02395409,163.6618611,3.927099777
083.3 060.0,0,btl_silicate,SiO3,3.708035827,-9.554076071,8.15908e-4,81.76308956,1.879517187
083.3 060.0,10,btl_silicate,SiO3,3.727207218,-57.57484504,1.3407e-4,80.46130773,1.88512494
083.3 060.0,20,btl_silicate,SiO3,1.522567994,-2.720491155,0.004238371,359.9991892,2.058294121
083.3 060.0,30,btl_silicate,SiO3,3.775524666,-0.765181971,0.012428317,199.6165894,2.31078532
083.3 060.0,50,btl_silicate,SiO3,8.298203691,2.545658621,0.017337649,109.9723676,4.5435833390000004
083.3 060.0,75,btl_silicate,SiO3,16.31539681,4.234326431,0.020128108,125.5045136,5.715703022
083.3 060.0,100,btl_silicate,SiO3,22.81166422,3.360369632,0.023060761,128.9449877,5.748725968
083.3 060.0,125,btl_silicate,SiO3,28.14361238,2.646446627,0.025863595,117.8440966,4.366219069
083.3 060.0,150,btl_silicate,SiO3,32.22553914,2.488027969,0.024904942,121.9748691,3.470229632
083.3 060.0,200,btl_silicate,SiO3,39.35262982,2.490280573,0.025340187,116.9303218,3.212948456
083.3 060.0,250,btl_silicate,SiO3,46.42509179,1.991880818,0.025930214,116.0313947,3.593533241
083.3 060.0,300,btl_silicate,SiO3,53.81152726,1.932794305,0.026714548,117.6355217,3.652550013
083.3 060.0,400,btl_silicate,SiO3,67.90355558,1.162969453,0.026092403,132.4382561,3.42740338
083.3 060.0,500,btl_silicate,SiO3,79.19727229,1.15473413,0.014368229,23.9,3.592520223
083.3 070.0,0,btl_silicate,SiO3,1.580138532,-1.680927378,0.003060027,359.9977743,0.976981128
083.3 070.0,10,btl_silicate,SiO3,1.314408656,-1.793093757,0.003557209,359.9999767,0.916222762
083.3 070.0,20,btl_silicate,SiO3,1.436263268,-2.69213087,0.002014237,359.9501075,0.987440851
083.3 070.0,30,btl_silicate,SiO3,1.74685145,-18.98294341,2.71375e-4,348.1361851,1.350219962
083.3 070.0,50,btl_silicate,SiO3,4.598592023,3.371348772,2.83762e-4,348.2033334,2.67271278
083.3 070.0,75,btl_silicate,SiO3,9.202348042,1.657158806,0.017970908,204.6199033,5.122729732
083.3 070.0,100,btl_silicate,SiO3,15.78793337,2.231217348,0.018736829,197.3592497,6.199678368
083.3 070.0,125,btl_silicate,SiO3,22.44160219,2.698625462,0.017066876,204.5020158,5.712396578
083.3 070.0,150,btl_silicate,SiO3,28.01544511,1.974920196,0.015731877,212.1852887,4.587986996
083.3 070.0,200,btl_silicate,SiO3,35.6484317,1.682775013,0.018028799,190.6507375,3.833796731
083.3 070.0,250,btl_silicate,SiO3,43.54773238,1.262746066,0.019566249,180.5206699,3.670707577
083.3 070.0,300,btl_silicate,SiO3,51.88288416,1.17398907,0.024815051,167.5061252,3.387054458
083.3 070.0,400,btl_silicate,SiO3,68.01123892,1.126307302,0.026852356,140.3214831,3.89639508
083.3 070.0,500,btl_silicate,SiO3,81.18791592,0.935544904,0.02666905,148.8163318,3.679492699
083.3 080.0,0,btl_silicate,SiO3,2.647878948,-22.14844806,1.55388e-4,120.457502,0.939370216
083.3 080.0,10,btl_silicate,SiO3,2.665988463,-20.71710844,1.86388e-4,118.5542027,0.991628076
083.3 080.0,20,btl_silicate,SiO3,2.63825149,-31.48620265,1.34026e-4,118.5063884,0.973538807
083.3 080.0,30,btl_silicate,SiO3,2.709292314,-9.467619242,4.43947e-4,118.09477,1.04751393
083.3 080.0,50,btl_silicate,SiO3,3.477119179,-0.602828862,0.011994208,102.3485769,1.714879903
083.3 080.0,75,btl_silicate,SiO3,6.67245114,-0.47759432,0.017992882,168.6305668,4.763897975
083.3 080.0,100,btl_silicate,SiO3,13.53239568,-2.651155862,0.007101367,0.003440108,7.186354902
083.3 080.0,125,btl_silicate,SiO3,19.01147406,-2.686626201,0.008630275,6.84764e-4,7.633740627
083.3 080.0,150,btl_silicate,SiO3,24.55236218,-2.547085963,0.009516922,9.93288e-4,6.659336252
083.3 080.0,200,btl_silicate,SiO3,34.0531014,-2.258646705,0.009326659,3.74e-5,4.814052365
083.3 080.0,250,btl_silicate,SiO3,42.17176236,-1.813753213,0.010363768,9.50251e-4,4.532227065
083.3 080.0,300,btl_silicate,SiO3,50.44428181,-1.209736063,0.010352331,0.001742958,4.40565689
083.3 080.0,400,btl_silicate,SiO3,66.85002104,0.956668172,0.020917574,167.3394344,3.874844071
083.3 080.0,500,btl_silicate,SiO3,81.15509972,1.289625158,0.019307949,172.5122746,3.514815584
083.3 090.0,0,btl_silicate,SiO3,1.815837255,-0.815032541,0.006117486,359.9899994,0.889886954
083.3 090.0,10,btl_silicate,SiO3,1.777056322,-0.8179353,0.005951416,359.999972,0.862968675
083.3 090.0,20,btl_silicate,SiO3,1.797046503,-0.686167325,0.005705259,359.9998838,0.781827522
083.3 090.0,30,btl_silicate,SiO3,1.740062261,-0.759472919,0.006177893,359.9999944,0.783512559
083.3 090.0,50,btl_silicate,SiO3,2.249624701,-0.348538469,0.005322592,359.9999821,0.849008642
083.3 090.0,75,btl_silicate,SiO3,3.829807209,0.498536057,0.022004464,237.6055604,2.372391869
083.3 090.0,100,btl_silicate,SiO3,8.007490004,1.965097847,0.012550392,300.8900341,4.660616577
083.3 090.0,125,btl_silicate,SiO3,13.14892418,1.745578677,0.016951114,287.4419482,6.660579333
083.3 090.0,150,btl_silicate,SiO3,19.21114541,1.82354108,0.01903728,281.72551,6.538996197
083.3 090.0,200,btl_silicate,SiO3,29.79036718,1.414576223,0.016796316,292.4118607,4.919102313
083.3 090.0,250,btl_silicate,SiO3,37.92862228,1.533695517,0.021058456,266.8589641,4.519449536
083.3 090.0,300,btl_silicate,SiO3,46.73357562,1.187176738,0.025106644,250.6473405,4.198054196
083.3 090.0,400,btl_silicate,SiO3,64.28111916,1.3000672,0.026469848,240.7366216,3.624739238
083.3 090.0,500,btl_silicate,SiO3,79.61755063,0.934325267,0.026769059,231.4840099,3.264921656
083.3 100.0,0,btl_silicate,SiO3,1.892612148,-0.502463078,0.004671852,359.9874446,0.676774921
083.3 100.0,10,btl_silicate,SiO3,1.880883537,-0.502880938,0.004177012,359.9998065,0.656240894
083.3 100.0,20,btl_silicate,SiO3,1.868032401,-0.475051234,0.00452706,359.9999992,0.636793631
083.3 100.0,30,btl_silicate,SiO3,1.878621077,-0.460319436,0.004550196,359.9999858,0.609402127
083.3 100.0,50,btl_silicate,SiO3,1.97978918,-0.432708785,0.004745918,359.9999989,0.662418049
083.3 100.0,75,btl_silicate,SiO3,2.950095332,0.397425847,0.028030404,216.453837,1.240288236
083.3 100.0,100,btl_silicate,SiO3,5.177372873,1.247228014,0.028565109,221.7880566,3.276399988
083.3 100.0,125,btl_silicate,SiO3,9.655819009,1.805820831,0.027893253,224.7239351,5.432528992
083.3 100.0,150,btl_silicate,SiO3,15.54248788,1.890611948,0.024335102,249.3957197,6.525236639
083.3 100.0,200,btl_silicate,SiO3,26.6322814,1.156314768,0.023680762,248.1886716,5.359578434
083.3 100.0,250,btl_silicate,SiO3,35.77424893,0.78643043,0.021867794,256.5351554,4.453100693
083.3 100.0,300,btl_silicate,SiO3,44.43058889,1.147427803,0.027364938,231.0420997,4.599332392
083.3 100.0,400,btl_silicate,SiO3,62.70278001,1.346418699,0.028861002,230.5358277,3.893578519
083.3 100.0,500,btl_silicate,SiO3,78.13220658,1.828440039,0.03,225.0746501,2.946750108
083.3 110.0,0,btl_silicate,SiO3,2.274904021,0.125015611,0.017470039,91.47052358,0.731426617
083.3 110.0,10,btl_silicate,SiO3,2.048225233,0.333307175,0.010558946,1.01e-4,0.668366244
083.3 110.0,20,btl_silicate,SiO3,2.03471302,0.316430284,0.010891865,5.47e-6,0.64354002
083.3 110.0,30,btl_silicate,SiO3,2.02433547,0.338754971,0.011074917,9.72e-6,0.623690996
083.3 110.0,50,btl_silicate,SiO3,2.169989191,0.212647945,0.01060418,1.11e-5,0.70126501
083.3 110.0,75,btl_silicate,SiO3,2.676611792,0.250215668,0.020757554,140.3973329,0.985174062
083.3 110.0,100,btl_silicate,SiO3,4.526567084,-0.213142184,0.009741294,92.24043144,2.550326733
083.3 110.0,125,btl_silicate,SiO3,8.562369592,-1.140541292,0.01446129,120.2719968,4.788783929
083.3 110.0,150,btl_silicate,SiO3,13.64487767,-1.586177215,0.017893488,138.4754125,5.886232183
083.3 110.0,200,btl_silicate,SiO3,25.1348151,-2.143938103,0.017191718,118.5673911,5.401249022
083.3 110.0,250,btl_silicate,SiO3,34.58360453,-2.16825549,0.015991953,96.08751545,4.38931403
083.3 110.0,300,btl_silicate,SiO3,44.65514627,-2.481368463,0.012597046,60.06839134,4.228503598
083.3 110.0,400,btl_silicate,SiO3,64.37121661,-2.962521771,0.008580391,5.12e-5,3.606701242
083.3 110.0,500,btl_silicate,SiO3,79.26114644,-1.608762338,0.007780122,0.00128,3.101982636
086.7 033.0,0,btl_silicate,SiO3,2.407439204,-0.939946084,0.004738016,359.9885875,1.579358448
086.7 033.0,10,btl_silicate,SiO3,1.601943939,-2.474870633,0.00684056,359.9842426,1.819130829
086.7 033.0,20,btl_silicate,SiO3,5.273380028,-2.422338995,0.016117837,257.9630205,2.53074228
086.7 033.0,30,btl_silicate,SiO3,9.969501039,-4.859585162,0.02155729,225.1668807,3.971899033
086.7 033.0,50,btl_silicate,SiO3,15.36477545,-7.361560551,0.020592062,220.2980827,3.942359873
086.7 035.0,0,btl_silicate,SiO3,2.463905909,0.345297346,0.026204718,158.9089777,1.208898814
086.7 035.0,10,btl_silicate,SiO3,2.612663183,0.305210932,0.026250963,132.8908989,1.203757268
086.7 035.0,20,btl_silicate,SiO3,3.688704719,1.042555436,0.022484954,76.12832287,1.714315084
086.7 035.0,30,btl_silicate,SiO3,6.392276467,3.02562576,0.022771329,76.72761743,3.124661363
086.7 035.0,50,btl_silicate,SiO3,11.96604776,5.108691362,0.022238165,72.33045478,3.858650519
086.7 035.0,75,btl_silicate,SiO3,17.32106663,5.882859953,0.021191412,69.29097817,4.10743824
086.7 035.0,100,btl_silicate,SiO3,21.9198995,5.881595602,0.02031002,64.18617376,3.917284372
086.7 035.0,125,btl_silicate,SiO3,25.90742865,5.294852194,0.020013304,60.60073544,3.60789944
086.7 035.0,150,btl_silicate,SiO3,29.20378887,5.080143975,0.019443648,54.03321085,3.259412586
086.7 035.0,200,btl_silicate,SiO3,35.35478692,4.191041762,0.020019104,49.66268777,2.557580665
086.7 035.0,250,btl_silicate,SiO3,40.77497622,3.902148962,0.02010726,38.54315088,2.440331657
086.7 035.0,300,btl_silicate,SiO3,46.5572346,3.54849354,0.020334172,27.99563918,2.87115207
086.7 035.0,400,btl_silicate,SiO3,58.98010447,3.296841543,0.022195653,20.62527936,3.834890092
086.7 035.0,500,btl_silicate,SiO3,72.35989374,3.105776916,0.024267336,21.18284655,3.78311055
086.7 040.0,0,btl_silicate,SiO3,1.662594383,-0.883593292,0.004066079,360,1.080829688
086.7 040.0,10,btl_silicate,SiO3,1.589296508,-0.965906,0.004922312,360,1.196787479
086.7 040.0,20,btl_silicate,SiO3,2.4060103,-0.810929996,0.010021239,291.9928044,1.493866848
086.7 040.0,30,btl_silicate,SiO3,5.512180465,-2.181663778,0.023139808,231.3088261,2.624325732
086.7 040.0,50,btl_silicate,SiO3,11.58259354,-4.303759039,0.024811908,209.5456681,4.087368318
086.7 040.0,75,btl_silicate,SiO3,17.89704969,-4.41356054,0.024053134,211.3772474,4.165487225
086.7 040.0,100,btl_silicate,SiO3,23.08401242,-3.873040216,0.024443856,209.2098599,3.72902099
086.7 040.0,125,btl_silicate,SiO3,27.65621523,-3.525646055,0.024907946,205.1699995,3.158865155
086.7 040.0,150,btl_silicate,SiO3,31.36199928,-3.365806934,0.024526715,204.954943,2.772901388
086.7 040.0,200,btl_silicate,SiO3,37.88316583,-2.850491802,0.023776936,201.4218185,2.180827588
086.7 040.0,250,btl_silicate,SiO3,44.03178091,-2.819267588,0.023568043,198.9382859,2.178864915
086.7 040.0,300,btl_silicate,SiO3,50.19182971,-3.587419577,0.022712185,192.6068374,2.525308814
086.7 040.0,400,btl_silicate,SiO3,62.84050454,-3.636017252,0.022204165,186.055806,2.884245542
086.7 040.0,500,btl_silicate,SiO3,74.73902085,-3.239198163,0.021012444,174.1298997,3.030156196
086.7 045.0,0,btl_silicate,SiO3,2.934459637,-1.000177567,0.017581183,202.4071239,2.01405226
086.7 045.0,10,btl_silicate,SiO3,3.169618233,-1.064305585,0.018241371,211.3310387,1.990338141
086.7 045.0,20,btl_silicate,SiO3,5.52672814,-2.906874627,0.026252065,227.2198525,2.963892889
086.7 045.0,30,btl_silicate,SiO3,9.012372234,-5.216968813,0.02647445,227.5796138,4.215027815
086.7 045.0,50,btl_silicate,SiO3,16.13724101,-6.239433407,0.023896517,227.7090849,5.154038405
086.7 045.0,75,btl_silicate,SiO3,22.19696442,-5.703390937,0.022294242,230.8978109,4.824436032
086.7 045.0,100,btl_silicate,SiO3,26.73540471,-4.909970485,0.021900333,232.4286832,4.134295671
086.7 045.0,125,btl_silicate,SiO3,30.38027775,-3.967108499,0.021737176,231.382467,3.5518086
086.7 045.0,150,btl_silicate,SiO3,33.89381721,-3.471464106,0.023178824,226.4328313,3.262563243
086.7 045.0,200,btl_silicate,SiO3,40.31255316,-2.906721134,0.022900102,219.6197661,2.89232761
086.7 045.0,250,btl_silicate,SiO3,46.46559084,-2.997652073,0.021874577,217.7218946,3.080772379
086.7 045.0,300,btl_silicate,SiO3,52.35446403,-3.034318199,0.021584311,210.0889162,3.073732266
086.7 045.0,400,btl_silicate,SiO3,63.73122503,-3.541569704,0.020172985,199.0377183,3.087821888
086.7 045.0,500,btl_silicate,SiO3,75.34724233,-3.390320299,0.020273808,194.4244152,3.197432734
086.7 050.0,0,btl_silicate,SiO3,3.369437016,-1.328757069,0.013389759,221.0888556,2.311593513
086.7 050.0,10,btl_silicate,SiO3,3.837928675,-1.765374899,0.015027211,238.218401,2.572371007
086.7 050.0,20,btl_silicate,SiO3,7.593179087,-4.505746092,0.027138274,227.0898293,3.573169355
086.7 050.0,30,btl_silicate,SiO3,10.37238128,-5.624376781,0.025641765,231.5121212,4.270306512
086.7 050.0,50,btl_silicate,SiO3,16.49827445,-7.009651272,0.02484549,232.8685376,5.593828171
086.7 055.0,0,btl_silicate,SiO3,2.785545305,-0.691553029,0.016685086,200.7795076,1.58765641
086.7 055.0,10,btl_silicate,SiO3,2.885275626,-0.853272371,0.015101379,201.6758401,1.843541834
086.7 055.0,20,btl_silicate,SiO3,3.220168936,-0.852493384,0.016272834,210.9934624,2.098737286
086.7 055.0,30,btl_silicate,SiO3,5.053564871,-2.19404735,0.025715637,237.3274865,2.820847292
086.7 055.0,50,btl_silicate,SiO3,10.18745996,-5.224929775,0.023881624,255.7330963,4.575532591
086.7 055.0,75,btl_silicate,SiO3,16.71468908,-5.139439051,0.022133306,266.3679929,5.729022595
086.7 055.0,100,btl_silicate,SiO3,23.1653316,-4.259181348,0.021490461,261.9320144,5.152301576
086.7 055.0,125,btl_silicate,SiO3,28.22339149,-3.852491942,0.021494899,260.0075518,4.131107526
086.7 055.0,150,btl_silicate,SiO3,32.1531739,-3.637597744,0.021866604,259.9622254,3.827037572
086.7 055.0,200,btl_silicate,SiO3,39.60745494,-2.942797106,0.022965344,246.5789475,3.339770817
086.7 055.0,250,btl_silicate,SiO3,47.08342681,-3.184474144,0.024427827,238.8137324,3.319193907
086.7 055.0,300,btl_silicate,SiO3,54.18177775,-3.402578023,0.026072851,229.7338712,3.25169811
086.7 055.0,400,btl_silicate,SiO3,66.34665926,-2.842999918,0.028166659,214.6912654,3.110878699
086.7 055.0,500,btl_silicate,SiO3,77.51559627,-2.3356534,0.028391311,201.3189235,2.888579523
086.7 060.0,0,btl_silicate,SiO3,2.61764353,-0.717965066,0.012258846,171.0113851,1.445023647
086.7 060.0,10,btl_silicate,SiO3,2.616507455,-0.668171436,0.013100673,170.9780043,1.45759835
086.7 060.0,20,btl_silicate,SiO3,1.544176147,-1.547826221,0.005179216,359.9914235,1.392993635
086.7 060.0,30,btl_silicate,SiO3,1.425374056,-2.561765414,0.006747403,359.9991935,2.031357226
086.7 060.0,50,btl_silicate,SiO3,7.737608822,95.72974354,1.00028e-4,255,4.742971157
086.7 060.0,75,btl_silicate,SiO3,14.7264515,95.27718929,2.02645e-4,252,6.143225882
086.7 060.0,100,btl_silicate,SiO3,21.49158366,202.2537263,1.00055e-4,249,6.101750611
086.7 060.0,125,btl_silicate,SiO3,26.9856226,72.27965689,2.27839e-4,246,5.35222942
086.7 060.0,150,btl_silicate,SiO3,31.01025537,72.35247464,1.96576e-4,242,4.572189527
086.7 060.0,200,btl_silicate,SiO3,38.17452809,33.59859189,2.94053e-4,228,3.826987661
086.7 060.0,250,btl_silicate,SiO3,45.82091216,3.199813553,0.021546169,133,3.892105278
086.7 060.0,300,btl_silicate,SiO3,53.54077489,2.954840463,0.021987111,133,4.112871839
086.7 060.0,400,btl_silicate,SiO3,68.12759784,3.184798418,0.02935515,119.7500629,3.698133121
086.7 060.0,500,btl_silicate,SiO3,79.50989146,2.959731629,0.029494209,119.2663615,3.507060507
086.7 070.0,0,btl_silicate,SiO3,1.474141383,-2.178209469,0.002034299,359.602076,0.95222375
086.7 070.0,10,btl_silicate,SiO3,1.779406587,-13.3235589,2.55261e-4,305.2661045,0.859842419
086.7 070.0,20,btl_silicate,SiO3,1.664798772,-21.84482674,1.88464e-4,305.3154564,0.850761696
086.7 070.0,30,btl_silicate,SiO3,1.787825592,-27.43247336,1.44678e-4,306.7124971,0.979883488
086.7 070.0,50,btl_silicate,SiO3,3.53413001,0.783248275,0.017164889,222.6974437,1.861697634
086.7 070.0,75,btl_silicate,SiO3,10.26528457,4.493587652,0.00885216,270.9222814,4.636719816
086.7 070.0,100,btl_silicate,SiO3,16.37589138,4.904894452,0.009413918,261,5.801414562
086.7 070.0,125,btl_silicate,SiO3,21.62230907,3.699187667,0.010862554,237,5.473745806
086.7 070.0,150,btl_silicate,SiO3,27.73919692,3.738755378,0.009757811,260,4.731147952
086.7 070.0,200,btl_silicate,SiO3,39.78050622,6.935310408,0.006072944,360,3.355178301
086.7 070.0,250,btl_silicate,SiO3,45.29058882,4.145402778,0.007009866,306,3.4803588580000002
086.7 070.0,300,btl_silicate,SiO3,51.82336401,2.010199034,0.01110751,220,3.52384185
086.7 070.0,400,btl_silicate,SiO3,67.24146493,1.291821627,0.017294325,179.115613,3.102937615
086.7 070.0,500,btl_silicate,SiO3,80.16662899,1.322464337,0.018359039,178.4099247,3.331644808
086.7 080.0,0,btl_silicate,SiO3,1.576051183,-1.546715965,0.002520377,360,0.924676522
086.7 080.0,10,btl_silicate,SiO3,1.500457226,-1.41010577,0.003026189,360,0.915033014
086.7 080.0,20,btl_silicate,SiO3,1.426486545,-1.257210476,0.003715245,360,0.863788114
086.7 080.0,30,btl_silicate,SiO3,1.325528455,-1.409002184,0.003780154,360,0.914040463
086.7 080.0,50,btl_silicate,SiO3,3.130017878,-0.213122052,0.013569809,160,1.8938457930000001
086.7 080.0,75,btl_silicate,SiO3,7.526888901,2.606192586,0.007253002,359.979613,3.533942586
086.7 080.0,100,btl_silicate,SiO3,14.09225231,4.619072644,0.007139094,359.9940348,5.610914862
086.7 080.0,125,btl_silicate,SiO3,20.74020018,4.727976866,0.006774159,359.9990591,6.400156197
086.7 080.0,150,btl_silicate,SiO3,26.027979,3.336645101,0.006692767,359.9989533,5.670160923
086.7 080.0,200,btl_silicate,SiO3,34.90638442,2.754609202,0.005880438,359.9999095,3.991860675
086.7 080.0,250,btl_silicate,SiO3,43.99213474,3.776764941,0.004844703,359.9668286,4.13890946
086.7 080.0,300,btl_silicate,SiO3,52.63274939,4.100267458,0.004281671,359.9179146,3.951130457
086.7 080.0,400,btl_silicate,SiO3,67.47159062,5.686913328,0.001251631,280.9258864,3.289264553
086.7 080.0,500,btl_silicate,SiO3,80.38075241,5.039404594,4.65634e-4,175.2464485,2.929612731
086.7 090.0,0,btl_silicate,SiO3,1.51638664,-0.93729876,0.005254132,359.9999843,0.789241744
086.7 090.0,10,btl_silicate,SiO3,1.525109714,-0.893483115,0.005111373,359.9999288,0.761143281
086.7 090.0,20,btl_silicate,SiO3,1.573859322,-0.823233086,0.004924988,359.9997527,0.807898106
086.7 090.0,30,btl_silicate,SiO3,1.502760706,-0.910370837,0.005053651,359.9999992,0.804766777
086.7 090.0,50,btl_silicate,SiO3,1.847463964,-0.675801475,0.006058838,359.9999405,0.845627489
086.7 090.0,75,btl_silicate,SiO3,3.713518677,1.051145617,0.001079814,232.7395059,1.908331196
086.7 090.0,100,btl_silicate,SiO3,6.839808718,1.123653151,0.024449679,267.1981391,4.506894659
086.7 090.0,125,btl_silicate,SiO3,12.09943317,1.571274331,0.023333253,266.8344301,6.03501366
086.7 090.0,150,btl_silicate,SiO3,18.47547592,1.506702312,0.022997505,268.4453727,5.913650797
086.7 090.0,200,btl_silicate,SiO3,29.50687628,0.668791967,0.03,272.2919369,4.486483927
086.7 090.0,250,btl_silicate,SiO3,38.19862765,0.631126885,0.029999907,274.7982156,4.133649761
086.7 090.0,300,btl_silicate,SiO3,47.04984639,0.772671948,0.025776961,252.2411079,4.000222074
086.7 090.0,400,btl_silicate,SiO3,64.65426018,0.898075055,0.026336252,224.985018,3.265050897
086.7 090.0,500,btl_silicate,SiO3,79.90142751,0.884260218,0.013935866,237.0099446,2.958399829
086.7 100.0,0,btl_silicate,SiO3,2.234893097,0.191697845,0.021753081,130.2559522,0.777922301
086.7 100.0,10,btl_silicate,SiO3,2.191557122,0.192936192,0.02075713,122.3111713,0.773246806
086.7 100.0,20,btl_silicate,SiO3,2.162680538,0.212738829,0.020217416,116.5489329,0.752415474
086.7 100.0,30,btl_silicate,SiO3,2.162162922,0.22915987,0.02083515,122.9585266,0.729938167
086.7 100.0,50,btl_silicate,SiO3,2.243235205,0.183405236,0.019783708,118,0.767149258
086.7 100.0,75,btl_silicate,SiO3,2.898658197,0.701378075,0.02270782,190.9306946,1.482697054
086.7 100.0,100,btl_silicate,SiO3,5.396727746,1.380834881,0.026897833,202.6285628,3.882250672
086.7 100.0,125,btl_silicate,SiO3,9.744386304,2.000406757,0.022823161,215.1624373,5.608516305
086.7 100.0,150,btl_silicate,SiO3,15.50839698,2.124559178,0.023215011,211.6610875,6.044279631
086.7 100.0,200,btl_silicate,SiO3,27.35645077,1.392757359,0.019020223,213.4946537,4.705341032
086.7 100.0,250,btl_silicate,SiO3,36.70153943,1.162178797,0.017964366,210.5317792,3.917471995
086.7 100.0,300,btl_silicate,SiO3,45.52776397,1.269003521,0.019009019,215.8009222,4.183955927
086.7 100.0,400,btl_silicate,SiO3,64.67558717,1.827219486,0.011467012,257.8632366,3.788301404
086.7 100.0,500,btl_silicate,SiO3,79.06849961,0.812478252,0.016965188,197,3.417741497
086.7 110.0,0,btl_silicate,SiO3,2.221518644,0.188820395,0.023058894,130,0.688868277
086.7 110.0,10,btl_silicate,SiO3,2.181208457,0.15397141,0.022645486,130,0.659521403
086.7 110.0,20,btl_silicate,SiO3,2.14326747,0.153283431,0.023075826,129,0.646921066
086.7 110.0,30,btl_silicate,SiO3,2.149321974,0.195865109,0.024192861,136,0.615187745
086.7 110.0,50,btl_silicate,SiO3,2.167956321,0.197295846,0.024439233,137,0.64754723
086.7 110.0,75,btl_silicate,SiO3,2.515743933,0.290374364,0.017359541,179.5463633,0.838505651
086.7 110.0,100,btl_silicate,SiO3,4.353219612,1.10778081,0.017904155,211.455383,2.366668606
086.7 110.0,125,btl_silicate,SiO3,8.158320813,2.408197831,0.023054585,212.6744505,4.734569446
086.7 110.0,150,btl_silicate,SiO3,13.64845956,2.780518347,0.023108955,216.1320106,5.669212981
086.7 110.0,200,btl_silicate,SiO3,25.3781383,2.258038749,0.023309855,222.1326026,4.798154878
086.7 110.0,250,btl_silicate,SiO3,34.65044768,1.790152842,0.022782425,232.1502883,3.883504665
086.7 110.0,300,btl_silicate,SiO3,43.81025313,1.912305343,0.022249835,226.8040524,3.508193307
086.7 110.0,400,btl_silicate,SiO3,62.78787377,1.944256347,0.019507509,224.2000376,3.687045827
086.7 110.0,500,btl_silicate,SiO3,78.57680175,1.707359087,0.018962561,213.8945207,3.5334112
090.0 028.0,0,btl_silicate,SiO3,2.36559347,-0.869192497,0.006164094,359.9566767,1.678007189
090.0 028.0,10,btl_silicate,SiO3,3.253764126,-0.55742461,0.020633018,222.2307066,1.82793101
090.0 028.0,20,btl_silicate,SiO3,5.192992141,-2.097749323,0.021884817,210.1945686,2.748314998
090.0 028.0,30,btl_silicate,SiO3,8.476970433,-4.103699064,0.021654626,213.2978492,3.971407669
090.0 028.0,50,btl_silicate,SiO3,13.6014722,-5.761980428,0.020405102,213.6874652,4.328188042
090.0 030.0,0,btl_silicate,SiO3,2.372497503,0.34629244,0.028415576,154.6118687,0.983545014
090.0 030.0,10,btl_silicate,SiO3,2.441977739,0.322632472,0.028410111,141.8928115,0.944058054
090.0 030.0,20,btl_silicate,SiO3,2.55371919,0.619824364,0.012583708,1.57478605,1.230747412
090.0 030.0,30,btl_silicate,SiO3,4.768454712,2.184044236,0.02068572,51.56222158,2.450877153
090.0 030.0,50,btl_silicate,SiO3,10.50281295,4.980849685,0.021044918,62.14648662,3.629314639
090.0 030.0,75,btl_silicate,SiO3,16.0110045,5.089253305,0.020506752,59.15927745,4.119323031
090.0 030.0,100,btl_silicate,SiO3,20.82668972,4.92216656,0.019715938,55.63333762,3.816222718
090.0 030.0,125,btl_silicate,SiO3,25.24530853,4.43192895,0.020613201,56.38210957,3.31533466
090.0 030.0,150,btl_silicate,SiO3,29.10328829,3.938418714,0.020827497,57.35246135,2.996323506
090.0 030.0,200,btl_silicate,SiO3,35.43572197,3.45040876,0.021154536,52.05268807,2.702315709
090.0 030.0,250,btl_silicate,SiO3,41.45702666,3.287009584,0.021452369,47.25362354,2.626336517
090.0 030.0,300,btl_silicate,SiO3,47.38989372,3.262105865,0.021483779,39.62507029,3.102378149
090.0 030.0,400,btl_silicate,SiO3,59.58733652,3.427803106,0.021377514,21.19273813,3.447711376
090.0 030.0,500,btl_silicate,SiO3,71.89262314,3.133117765,0.022908574,8.3915151,3.884610343
090.0 035.0,0,btl_silicate,SiO3,2.085728918,-3.150526164,5.52738e-4,273.8129364,0.93818748
090.0 035.0,10,btl_silicate,SiO3,1.804644614,-0.625092795,0.005134179,359.9999976,0.938465499
090.0 035.0,20,btl_silicate,SiO3,1.924403846,-0.99335691,0.007176781,359.998129,1.181798127
090.0 035.0,30,btl_silicate,SiO3,4.054575003,-1.017181932,0.026613079,200.8010996,2.099761147
090.0 035.0,50,btl_silicate,SiO3,8.974491878,-2.938307272,0.024566931,205.7440295,3.576673739
090.0 035.0,75,btl_silicate,SiO3,15.77334209,-3.973245021,0.024907936,208.0815999,4.008569642
090.0 035.0,100,btl_silicate,SiO3,21.35670748,-3.733842165,0.024170368,212.5074848,3.519990833
090.0 035.0,125,btl_silicate,SiO3,26.1022968,-2.879739903,0.023910713,210.7474651,2.987612077
090.0 035.0,150,btl_silicate,SiO3,30.21595684,-2.837900017,0.024860934,208.1454203,2.909939355
090.0 035.0,200,btl_silicate,SiO3,37.13721202,-2.799099144,0.022771295,211.6097093,2.700843397
090.0 035.0,250,btl_silicate,SiO3,42.96473447,-2.553334823,0.02259548,207.7925873,2.823646238
090.0 035.0,300,btl_silicate,SiO3,48.02869492,-2.850457656,0.017218033,228.6112633,3.388077205
090.0 037.0,0,btl_silicate,SiO3,2.564415829,-7.10409441,3.7377e-4,62.89139288,0.986344751
090.0 037.0,10,btl_silicate,SiO3,2.476714579,-10.36787946,2.32093e-4,61.75798726,0.972574688
090.0 037.0,20,btl_silicate,SiO3,2.52076917,-7.293688306,2.15864e-4,69.87673741,0.994812798
090.0 037.0,30,btl_silicate,SiO3,3.427395128,-4.873209862,1.97955e-4,91.05813489,1.684755201
090.0 037.0,50,btl_silicate,SiO3,8.959948428,3.093401172,0.026374359,91.49732485,3.454869717
090.0 037.0,75,btl_silicate,SiO3,15.50622533,3.528552651,0.025152774,86.74779163,4.113375438
090.0 037.0,100,btl_silicate,SiO3,21.05159492,3.115406057,0.02545024,87.13676467,3.732378371
090.0 037.0,125,btl_silicate,SiO3,25.99045502,2.996795433,0.025856695,90.20581974,3.166926174
090.0 037.0,150,btl_silicate,SiO3,30.00275063,2.413401838,0.024744092,88.56345011,2.774999597
090.0 037.0,200,btl_silicate,SiO3,36.85257326,2.515818248,0.024915691,85.91647685,2.655115198
090.0 037.0,250,btl_silicate,SiO3,43.25873437,2.640987959,0.024102156,79.97148666,2.73921129
090.0 037.0,300,btl_silicate,SiO3,49.57991007,2.654897012,0.022036946,67.70065467,3.135724847
090.0 037.0,400,btl_silicate,SiO3,61.98754746,2.828753987,0.020587566,40.52276354,3.401725039
090.0 037.0,500,btl_silicate,SiO3,73.87130524,2.572315309,0.017750381,14.92695904,3.010004774
090.0 045.0,0,btl_silicate,SiO3,2.975639675,-1.237550416,0.003957209,0.00435,1.288447525
090.0 045.0,10,btl_silicate,SiO3,2.927992743,-5.596196452,6.76516e-4,1.66,1.278376072
090.0 045.0,20,btl_silicate,SiO3,3.263696821,-19.35705163,1.43365e-4,19.6,1.657509249
090.0 045.0,30,btl_silicate,SiO3,5.196140777,2.131798395,0.026588815,106.6738432,2.70942616
090.0 045.0,50,btl_silicate,SiO3,11.10094205,4.100860009,0.024437059,96.36052309,4.503300363
090.0 045.0,75,btl_silicate,SiO3,17.45895879,4.372799981,0.022657761,90.930573,4.919353938
090.0 045.0,100,btl_silicate,SiO3,23.13462132,4.014075755,0.022932719,94.0622331,4.307474952
090.0 045.0,125,btl_silicate,SiO3,27.89556777,3.505859513,0.022810527,92.10496277,3.558542266
090.0 045.0,150,btl_silicate,SiO3,31.57164625,3.047369811,0.021658838,93.79208824,3.157975309
090.0 045.0,200,btl_silicate,SiO3,38.24553564,2.837695717,0.018692307,84.48737729,3.105222267
090.0 045.0,250,btl_silicate,SiO3,45.11901542,2.477466586,0.019371508,89.06371569,3.310096535
090.0 045.0,300,btl_silicate,SiO3,51.93929196,2.467047302,0.022268188,83.43186594,3.695419361
090.0 045.0,400,btl_silicate,SiO3,64.24934441,2.299567374,0.020867349,63.6217782,3.729681979
090.0 045.0,500,btl_silicate,SiO3,75.8535827,2.241710065,0.021088953,67.20272656,3.31387762
090.0 053.0,0,btl_silicate,SiO3,2.856199087,-0.656755424,0.006136475,46.34870065,1.096370697
090.0 053.0,10,btl_silicate,SiO3,2.842410715,-0.617461925,0.006734137,41.2,1.088476301
090.0 053.0,20,btl_silicate,SiO3,2.866830269,-2.077529744,7.45261e-4,60.80441049,1.179403077
090.0 053.0,30,btl_silicate,SiO3,3.594166601,-1.72499895,3.45512e-4,156.78245,2.286443718
090.0 053.0,50,btl_silicate,SiO3,8.958435001,4.648779419,0.024100618,124.8110011,4.755388946
090.0 053.0,75,btl_silicate,SiO3,15.35813876,4.656380308,0.023771532,126.1936312,5.840971989
090.0 053.0,100,btl_silicate,SiO3,21.67015767,4.672664077,0.024932765,124.7567633,5.846830195
090.0 053.0,125,btl_silicate,SiO3,27.2489769,4.053273413,0.026462539,125.2195308,5.060257848
090.0 053.0,150,btl_silicate,SiO3,31.51829633,3.788693713,0.026671008,125.0072392,4.342062437
090.0 053.0,200,btl_silicate,SiO3,39.20429616,3.317281276,0.026149166,123.5593935,3.881470223
090.0 053.0,250,btl_silicate,SiO3,46.69804468,3.11721086,0.025422309,117.0603817,3.580501225
090.0 053.0,300,btl_silicate,SiO3,54.05364902,2.960502905,0.024868688,114.6785423,3.268819866
090.0 053.0,400,btl_silicate,SiO3,66.38380477,2.221941779,0.02490263,114.4460269,2.90915817
090.0 053.0,500,btl_silicate,SiO3,77.19522614,1.815030646,0.025182429,114.1120611,2.676338915
090.0 060.0,0,btl_silicate,SiO3,1.643715458,-1.841883646,0.00226746,359.972588,0.94389687
090.0 060.0,10,btl_silicate,SiO3,1.641974403,-7.562598033,5.15481e-4,354.4729956,0.935587715
090.0 060.0,20,btl_silicate,SiO3,1.617771667,-25.36294899,1.68065e-4,348.9897407,0.946892706
090.0 060.0,30,btl_silicate,SiO3,2.09424714,-24.80588188,1.41986e-4,349.3401843,1.272500539
090.0 060.0,50,btl_silicate,SiO3,5.383834412,26.34519675,1.17565e-4,349.1601882,3.165323561
090.0 060.0,75,btl_silicate,SiO3,11.52836336,75.61904689,1.03964e-4,349.0543703,5.84526422
090.0 060.0,100,btl_silicate,SiO3,18.24143224,93.82165734,1.00115e-4,348.9225215,6.450040362
090.0 060.0,125,btl_silicate,SiO3,24.789013,118.8732779,1.00386e-4,348.7927191,5.590444867
090.0 060.0,150,btl_silicate,SiO3,29.34045409,84.60843532,1.08957e-4,338.9862184,4.552543938
090.0 060.0,200,btl_silicate,SiO3,37.49978828,76.28284041,1.00144e-4,338.3273035,4.269561154
090.0 060.0,250,btl_silicate,SiO3,45.37370083,80.84890921,1.00013e-4,337.7133031,4.227741917
090.0 060.0,300,btl_silicate,SiO3,53.11955534,69.22880304,1.00368e-4,336.904118,4.036357023
090.0 060.0,400,btl_silicate,SiO3,67.794755,30.26598189,1.59152e-4,336.7193331,3.569543814
090.0 060.0,500,btl_silicate,SiO3,78.60078941,10.41624646,1.5256e-4,153.6162189,2.980739641
090.0 070.0,0,btl_silicate,SiO3,2.054533114,-5.293412887,6.00438e-4,236.9338207,0.737563325
090.0 070.0,10,btl_silicate,SiO3,1.986406311,-5.739415471,5.91814e-4,237.206755,0.706937475
090.0 070.0,20,btl_silicate,SiO3,1.954688528,-5.522151384,6.17e-4,237.0792703,0.688219787
090.0 070.0,30,btl_silicate,SiO3,1.571782158,-1.397815724,0.002758144,359.9954766,0.710055295
090.0 070.0,50,btl_silicate,SiO3,3.102625878,0.365992294,7.82734e-4,359.9261987,1.338598241
090.0 070.0,75,btl_silicate,SiO3,7.432248664,1.345749836,0.011681389,229.2770856,4.137492197
090.0 070.0,100,btl_silicate,SiO3,15.28065253,3.126614017,0.005104012,359.9959797,6.101543451
090.0 070.0,125,btl_silicate,SiO3,22.98068722,5.075581894,0.0057007,359.9144573,6.298772294
090.0 070.0,150,btl_silicate,SiO3,26.33381622,2.78788036,0.007746987,278.967647,5.549527142
090.0 070.0,200,btl_silicate,SiO3,35.28201066,2.349833664,0.006604711,305.0407065,3.863408497
090.0 070.0,250,btl_silicate,SiO3,42.48298971,1.476239132,0.012957705,208.2837305,3.850207231
090.0 070.0,300,btl_silicate,SiO3,51.29309683,1.464551944,0.011357989,215.5861704,3.814849391
090.0 070.0,400,btl_silicate,SiO3,67.26268654,0.751560247,0.014798776,163.2986095,3.246749628
090.0 070.0,500,btl_silicate,SiO3,80.30533452,0.627263983,0.015049067,133.1676153,2.735773639
090.0 080.0,0,btl_silicate,SiO3,1.594137471,-1.032186336,0.003675014,359.9999914,0.741682756
090.0 080.0,10,btl_silicate,SiO3,1.592415222,-1.000130849,0.003620095,359.9999884,0.733273354
090.0 080.0,20,btl_silicate,SiO3,1.486377083,-0.993409192,0.004423872,359.9999998,0.721581394
090.0 080.0,30,btl_silicate,SiO3,1.37152876,-1.118218711,0.004887688,359.9999409,0.747561577
090.0 080.0,50,btl_silicate,SiO3,2.356048923,-0.443763506,0.007641395,352.683841,1.125294127
090.0 080.0,75,btl_silicate,SiO3,6.38685443,2.133305367,0.005130024,359.9996779,2.976033977
090.0 080.0,100,btl_silicate,SiO3,12.16966408,3.439999876,0.005251318,360,5.386999969
090.0 080.0,125,btl_silicate,SiO3,17.8035123,33.55096572,2.39932e-4,359.5783075,6.359222224
090.0 080.0,150,btl_silicate,SiO3,23.57759316,33.77202475,2.15442e-4,359.9645408,5.682844214
090.0 080.0,200,btl_silicate,SiO3,34.21327435,2.727676096,0.005656581,359.9987116,4.050187386
090.0 080.0,250,btl_silicate,SiO3,43.34627818,3.540004824,0.006192164,359.9998123,4.041201931
090.0 080.0,300,btl_silicate,SiO3,52.13607629,3.590205995,0.005902134,358.005187,3.879398737
090.0 080.0,400,btl_silicate,SiO3,66.6191231,-0.52092159,0.014276951,324.6646428,3.112680465
090.0 080.0,500,btl_silicate,SiO3,80.15186076,0.144392684,0.014715304,359.9999898,2.90108123
090.0 090.0,0,btl_silicate,SiO3,1.460625456,-0.986752046,0.006275756,359.9991346,0.739587905
090.0 090.0,10,btl_silicate,SiO3,1.354904523,-1.053853341,0.006360543,359.9999563,0.707303016
090.0 090.0,20,btl_silicate,SiO3,1.335181459,-1.034942495,0.006263158,359.9999615,0.685234517
090.0 090.0,30,btl_silicate,SiO3,1.317738479,-1.046237169,0.006225263,359.9999998,0.66747218
090.0 090.0,50,btl_silicate,SiO3,1.911347896,-0.598600041,0.006839007,359.99986,0.770809139
090.0 090.0,75,btl_silicate,SiO3,3.752012385,2.056035052,8.07361e-4,252.7740203,1.912375437
090.0 090.0,100,btl_silicate,SiO3,9.686328957,3.17266983,0.006362182,359.9999847,4.4671694
090.0 090.0,125,btl_silicate,SiO3,15.81320231,4.3678318,0.006326652,359.9964216,6.017548798
090.0 090.0,150,btl_silicate,SiO3,22.07978654,4.558072957,0.005732486,359.9988361,6.026589435
090.0 090.0,200,btl_silicate,SiO3,32.23495134,3.842445529,0.00482778,359.985997,4.501980615
090.0 090.0,250,btl_silicate,SiO3,41.19467469,3.693417388,0.005831672,359.9987964,4.355050619
090.0 090.0,300,btl_silicate,SiO3,49.83727174,2.997223614,0.005994907,346.6306834,4.350618737
090.0 090.0,400,btl_silicate,SiO3,66.07449048,1.116039704,0.012446315,243.3268703,3.370040553
090.0 090.0,500,btl_silicate,SiO3,79.93455354,0.927552256,0.018832687,213.8635422,2.970849657
090.0 100.0,0,btl_silicate,SiO3,2.249757574,-0.155827189,0.026199774,22.9087813,0.675498826
090.0 100.0,10,btl_silicate,SiO3,2.209039686,-0.128459406,0.026243647,25.46291544,0.650949728
090.0 100.0,20,btl_silicate,SiO3,2.142769471,-0.136871624,0.03,79.64590331,0.627519238
090.0 100.0,30,btl_silicate,SiO3,2.112286188,-0.172246159,0.03,80.25586651,0.633012274
090.0 100.0,50,btl_silicate,SiO3,2.220678807,-0.15720472,0.03,89.53338329,0.679647918
090.0 100.0,75,btl_silicate,SiO3,3.098298408,0.128227179,0.03,100.9153438,1.538449551
090.0 100.0,100,btl_silicate,SiO3,5.457043623,0.726254454,0.03,98.07893604,3.518388815
090.0 100.0,125,btl_silicate,SiO3,9.650908624,0.937856444,0.03,99.50374888,5.432504395
090.0 100.0,150,btl_silicate,SiO3,15.27087613,0.683268534,0.03,105.3663915,6.179951541
090.0 100.0,200,btl_silicate,SiO3,26.77328326,0.359642407,0.03,78.87057371,4.764398193
090.0 100.0,250,btl_silicate,SiO3,36.03220681,0.20363794,0.029999975,89.43099417,4.21225745
090.0 100.0,300,btl_silicate,SiO3,45.35167255,0.08638982,0.03,51.9072417,3.915101304
090.0 100.0,400,btl_silicate,SiO3,64.00814134,-1.244315646,0.016977421,16.14399609,3.58813095
090.0 100.0,500,btl_silicate,SiO3,79.3983652,-1.537280095,0.017027286,7.15e-6,3.827218345
090.0 110.0,0,btl_silicate,SiO3,2.222751797,0.209062036,0.02310426,154.5494613,0.67157806
090.0 110.0,10,btl_silicate,SiO3,2.195519178,0.207449504,0.023054485,148.6956464,0.655111818
090.0 110.0,20,btl_silicate,SiO3,2.162058106,0.19117529,0.02345712,149.7691458,0.631153455
090.0 110.0,30,btl_silicate,SiO3,2.142428248,0.183023386,0.022817626,146.5328871,0.616208494
090.0 110.0,50,btl_silicate,SiO3,2.176443582,0.238859035,0.02157006,144.1445567,0.609441881
090.0 110.0,75,btl_silicate,SiO3,2.570273401,0.525326073,0.019056208,147,0.996147959
090.0 110.0,100,btl_silicate,SiO3,4.179346963,0.811722865,0.020637873,169.5764003,2.427156883
090.0 110.0,125,btl_silicate,SiO3,7.760778527,1.0916261,0.021466281,186.2486894,4.576295416
090.0 110.0,150,btl_silicate,SiO3,13.41861795,1.883558297,0.017738628,210.1201401,6.240077724
090.0 110.0,200,btl_silicate,SiO3,24.47495651,2.043729461,0.021415465,197.2166267,5.380725898
090.0 110.0,250,btl_silicate,SiO3,34.25119213,1.757608094,0.017437077,209.6662815,4.341368824
090.0 110.0,300,btl_silicate,SiO3,43.69630585,2.053121158,0.018340732,202.1620072,4.000614088
090.0 110.0,400,btl_silicate,SiO3,63.00836862,1.81041369,0.01666641,198,3.514968758
090.0 110.0,500,btl_silicate,SiO3,78.8923893,1.55004053,0.018193968,197.4523966,3.297820499
090.0 120.0,0,btl_silicate,SiO3,2.312359935,0.284958339,0.023916517,146.1227461,0.633977844
090.0 120.0,10,btl_silicate,SiO3,2.268512602,0.272999381,0.024091729,145.3727597,0.613596136
090.0 120.0,20,btl_silicate,SiO3,2.233841811,0.263371891,0.024643614,148.1670036,0.606374916
090.0 120.0,30,btl_silicate,SiO3,2.201750473,0.258008417,0.024659699,148.3279998,0.605936571
090.0 120.0,50,btl_silicate,SiO3,2.179162629,0.258958651,0.023111449,144.6345939,0.550989853
090.0 120.0,75,btl_silicate,SiO3,2.292838766,0.322318309,0.022250596,161.4689581,0.56819958
090.0 120.0,100,btl_silicate,SiO3,3.172275248,0.499237092,0.021154785,178.3557976,1.60736224
090.0 120.0,125,btl_silicate,SiO3,5.473295495,0.877680152,0.019477546,194.3248754,3.229122594
090.0 120.0,150,btl_silicate,SiO3,9.906712839,1.344154726,0.016349338,204.807003,4.814085156
090.0 120.0,200,btl_silicate,SiO3,21.82751561,1.911000523,0.020003536,187.5733672,5.579446324
090.0 120.0,250,btl_silicate,SiO3,32.03046012,1.909542532,0.020648515,187.128719,4.569642296
090.0 120.0,300,btl_silicate,SiO3,41.24471233,1.95200034,0.021464002,190.9297501,4.269728889
090.0 120.0,400,btl_silicate,SiO3,60.993914,2.001745929,0.020358072,189.9213236,3.36581802
090.0 120.0,500,btl_silicate,SiO3,77.63267603,1.32962212,0.02016419,191.9352401,2.937310353
093.3 026.7,0,btl_silicate,SiO3,1.545894656,-2.169138759,0.006491817,360,1.610531208
093.3 026.7,10,btl_silicate,SiO3,3.70192763,-1.00638067,0.024483784,250.0577016,1.628423148
093.3 026.7,20,btl_silicate,SiO3,6.509475547,-2.677477352,0.022421002,219.8948717,3.134275506
093.3 026.7,30,btl_silicate,SiO3,10.11261702,-4.870347377,0.021976073,215.721093,3.879937271
093.3 026.7,50,btl_silicate,SiO3,14.83098114,-6.061138841,0.020339053,215.2733312,4.274078323
093.3 028.0,0,btl_silicate,SiO3,3.091818718,-2.712423513,0.001377769,0.115158307,1.076462141
093.3 028.0,10,btl_silicate,SiO3,3.035115978,-24.31911703,1.40464e-4,17.5918095,1.206157705
093.3 028.0,20,btl_silicate,SiO3,3.702384637,-22.0256363,1.63127e-4,44.75547073,1.9202364
093.3 028.0,30,btl_silicate,SiO3,6.00089158,-2.769703038,0.01789857,224.3982863,3.057071179
093.3 028.0,50,btl_silicate,SiO3,11.55270921,-4.861161024,0.019508411,216.4424645,3.991936836
093.3 028.0,75,btl_silicate,SiO3,17.19898553,-5.626102912,0.019610781,217.2055534,4.189549716
093.3 028.0,100,btl_silicate,SiO3,22.13332512,-5.164978496,0.020863479,213.8840432,4.171506119
093.3 028.0,125,btl_silicate,SiO3,25.91362268,-4.439666552,0.021880857,206.9769421,3.804653307
093.3 028.0,150,btl_silicate,SiO3,29.17862826,-4.043203559,0.021717085,200.4593946,3.389642312
093.3 028.0,200,btl_silicate,SiO3,34.61583329,-3.764898731,0.02005656,196.6417252,2.98971793
093.3 028.0,250,btl_silicate,SiO3,39.86378242,-3.156441152,0.020693663,189.8379105,2.860630053
093.3 028.0,300,btl_silicate,SiO3,45.16100793,-2.747040515,0.022592875,175.2625881,2.995156824
093.3 028.0,400,btl_silicate,SiO3,57.41403864,-3.829157449,0.023832138,153.9434578,3.632054919
093.3 028.0,500,btl_silicate,SiO3,70.23986175,-3.920534673,0.025501772,129.6924508,3.738930975
093.3 030.0,0,btl_silicate,SiO3,2.738056219,-3.413576128,6.8185e-4,0.019969556,0.970642035
093.3 030.0,10,btl_silicate,SiO3,2.694957632,-3.506733347,6.73715e-4,0.1203066,0.998635674
093.3 030.0,20,btl_silicate,SiO3,2.961777459,-3.296571641,3.55929e-4,14.16134748,1.239067335
093.3 030.0,30,btl_silicate,SiO3,4.733624279,-23.24097197,1.34279e-4,14.1,2.561457027
093.3 030.0,50,btl_silicate,SiO3,9.242564022,-22.08241698,1.47459e-4,14,4.271568919
093.3 030.0,75,btl_silicate,SiO3,15.45670686,-18.83043559,1.13192e-4,66.7,5.278836573
093.3 030.0,100,btl_silicate,SiO3,20.72177787,-14.35214862,1.04327e-4,104,5.200370405
093.3 030.0,125,btl_silicate,SiO3,25.15802801,-12.00272318,1.01584e-4,126,4.753817311
093.3 030.0,150,btl_silicate,SiO3,28.74415991,-15.50767248,1.00571e-4,135,4.202046325
093.3 030.0,200,btl_silicate,SiO3,35.197398,-3.079986607,0.020368932,210,2.445804363
093.3 030.0,250,btl_silicate,SiO3,40.29789597,-2.68327212,0.021103109,196,2.378839051
093.3 030.0,300,btl_silicate,SiO3,45.62274836,-2.76748384,0.021994601,181,2.929102785
093.3 030.0,400,btl_silicate,SiO3,57.50559164,-3.173577417,0.022733989,151.6213151,3.604942605
093.3 030.0,500,btl_silicate,SiO3,70.7043164,-2.486555478,0.022882658,143.5583302,3.588811055
093.3 035.0,0,btl_silicate,SiO3,2.793826,-0.742711734,0.005267837,0.00126,0.963457649
093.3 035.0,10,btl_silicate,SiO3,2.780737298,-0.761695319,0.005418077,2.02e-6,0.959966328
093.3 035.0,20,btl_silicate,SiO3,1.901106772,-0.830646285,0.005221952,359.9657989,1.060931365
093.3 035.0,30,btl_silicate,SiO3,3.41249964,-0.69416042,0.024012846,213.3586988,1.570018793
093.3 035.0,50,btl_silicate,SiO3,7.787883713,-2.642727947,0.024388009,211.3287231,3.705309478
093.3 035.0,75,btl_silicate,SiO3,13.86393092,-3.338735358,0.023955879,212.1128151,4.64683988
093.3 035.0,100,btl_silicate,SiO3,19.62097799,-2.750909104,0.023430006,210.9468216,4.518034564
093.3 035.0,125,btl_silicate,SiO3,24.71452515,-2.843177445,0.024699227,211.7722688,3.909032929
093.3 035.0,150,btl_silicate,SiO3,28.60929596,-2.443581038,0.022660693,223.2579777,3.300099092
093.3 035.0,200,btl_silicate,SiO3,35.42497997,-2.443644575,0.021418134,225.6121884,2.575728936
093.3 035.0,250,btl_silicate,SiO3,41.9652757,-2.520634303,0.020982572,216.0626208,2.723752041
093.3 035.0,300,btl_silicate,SiO3,48.22851702,-2.12604094,0.018472379,216.1246993,3.386580958
093.3 035.0,400,btl_silicate,SiO3,61.61146143,-2.007466909,0.0171277,205.7201114,3.570098428
093.3 035.0,500,btl_silicate,SiO3,73.18340785,-1.775818669,0.01592896,195.2945475,3.163541581
093.3 040.0,0,btl_silicate,SiO3,2.151535193,-5.481907617,3.49875e-4,223.8210013,0.838031426
093.3 040.0,10,btl_silicate,SiO3,2.19637988,-5.714867821,3.46491e-4,223.8130721,0.890187753
093.3 040.0,20,btl_silicate,SiO3,1.732717131,-0.964357366,0.006375261,360,1.004313294
093.3 040.0,30,btl_silicate,SiO3,1.662638042,-1.970735696,0.00792117,346.6220429,1.375561562
093.3 040.0,50,btl_silicate,SiO3,7.864034495,-4.134341848,0.026943567,221.7865271,3.319881988
093.3 040.0,75,btl_silicate,SiO3,13.92514672,-4.505488863,0.026663804,221.4765189,3.923075501
093.3 040.0,100,btl_silicate,SiO3,19.85295926,-3.971847321,0.025540125,226.832814,3.994224032
093.3 040.0,125,btl_silicate,SiO3,24.8250375,-3.129023035,0.023180361,236.8888995,3.477691047
093.3 040.0,150,btl_silicate,SiO3,29.06988719,-2.583641805,0.024914218,229.0677111,3.037411309
093.3 040.0,200,btl_silicate,SiO3,36.55293584,-2.309041264,0.024157777,231.1303596,2.518034078
093.3 040.0,250,btl_silicate,SiO3,43.61593779,-2.541543101,0.024827842,225.1035009,2.735073949
093.3 040.0,300,btl_silicate,SiO3,50.80255422,-2.206453247,0.023685889,233.2397687,3.056810677
093.3 040.0,400,btl_silicate,SiO3,64.19891896,-1.648809456,0.022102238,232.0661098,3.547063831
093.3 040.0,500,btl_silicate,SiO3,70.99381956,-5.823422278,0.007399435,360,3.18953562
093.3 045.0,0,btl_silicate,SiO3,2.664709519,-0.612424726,0.006265374,1.54e-5,0.94997544
093.3 045.0,10,btl_silicate,SiO3,2.66434731,-0.664648774,0.006236902,5.29615e-4,0.940322107
093.3 045.0,20,btl_silicate,SiO3,2.514077189,-9.912979525,2.14e-4,104.231966,1.171247032
093.3 045.0,30,btl_silicate,SiO3,3.084531072,0.252010591,2.47e-4,104.0860309,1.643547558
093.3 045.0,50,btl_silicate,SiO3,7.312942948,1.607181624,2.93667e-4,103.3816073,4.845148914
093.3 045.0,75,btl_silicate,SiO3,13.86154764,3.414604561,3.24981e-4,102.4794425,5.963364995
093.3 045.0,100,btl_silicate,SiO3,19.62493488,4.785523655,3.49729e-4,101.6101434,5.579206732
093.3 045.0,125,btl_silicate,SiO3,26.19154004,4.045242725,0.02835682,106.9855571,4.500146018
093.3 045.0,150,btl_silicate,SiO3,30.30385704,3.120988893,0.02641769,109.5995648,3.781094316
093.3 045.0,200,btl_silicate,SiO3,37.89339889,2.688948016,0.025277511,112.4169983,3.324654914
093.3 045.0,250,btl_silicate,SiO3,45.14507381,2.725941294,0.026023727,112.2362061,3.557372462
093.3 045.0,300,btl_silicate,SiO3,52.36402276,2.525532636,0.027002762,119.4365098,3.427998284
093.3 045.0,400,btl_silicate,SiO3,65.71647934,2.239094788,0.026807467,117.1297114,3.142320629
093.3 045.0,500,btl_silicate,SiO3,77.46284262,2.070520198,0.025297119,105.6592543,2.980665983
093.3 050.0,0,btl_silicate,SiO3,1.696115029,-1.127007149,0.003944947,359.9171828,1.042087599
093.3 050.0,10,btl_silicate,SiO3,1.575266314,-1.185021761,0.004762118,359.9954695,1.046098227
093.3 050.0,20,btl_silicate,SiO3,0.938889338,-2.388119284,0.007021138,359.9996745,1.363189655
093.3 050.0,30,btl_silicate,SiO3,3.99395935,-2.122702015,0.02641985,236.9217399,2.003955958
093.3 050.0,50,btl_silicate,SiO3,7.907500404,-4.376913224,0.025744021,248.9570088,3.734051461
093.3 050.0,75,btl_silicate,SiO3,14.30284249,-4.946052942,0.025722061,245.3706744,5.262824839
093.3 050.0,100,btl_silicate,SiO3,20.56233428,-4.688161588,0.026811663,238.1022214,5.500151852
093.3 050.0,125,btl_silicate,SiO3,25.99001835,-4.573366514,0.026905195,238.065369,4.831898374
093.3 050.0,150,btl_silicate,SiO3,30.44114485,-4.02666126,0.02592249,246.4581779,4.18149252
093.3 050.0,200,btl_silicate,SiO3,38.24270189,-3.558224906,0.025775231,247.2333537,3.436661996
093.3 050.0,250,btl_silicate,SiO3,45.6112819,-3.474341685,0.02542563,248.413576,3.333528047
093.3 050.0,300,btl_silicate,SiO3,53.16593492,-3.127910022,0.026685899,240.7212669,2.984484643
093.3 050.0,400,btl_silicate,SiO3,66.45758022,-2.406645726,0.026144934,236.8790085,2.9800335
093.3 050.0,500,btl_silicate,SiO3,77.26115167,-1.668667411,0.026787181,228.0450805,2.778415049
093.3 055.0,0,btl_silicate,SiO3,2.788567144,-0.73671978,0.004071119,0.069502947,0.931311446
093.3 055.0,10,btl_silicate,SiO3,2.791493462,-0.750884121,0.004599663,4.76e-6,0.883942569
093.3 055.0,20,btl_silicate,SiO3,2.742395975,-9.110982868,2.7675e-4,9.237300719,0.955918375
093.3 055.0,30,btl_silicate,SiO3,2.997726027,-11.859149,1.6873e-4,22.64554272,1.236752841
093.3 055.0,50,btl_silicate,SiO3,5.77457543,2.037405958,0.023020398,127.3669763,2.816449541
093.3 055.0,75,btl_silicate,SiO3,12.10354572,3.269545542,0.024290361,124.4151835,4.769272887
093.3 055.0,100,btl_silicate,SiO3,18.76397336,3.999371449,0.024042908,126.0679937,5.180806726
093.3 055.0,125,btl_silicate,SiO3,24.31553896,3.670106664,0.023540047,129.2809201,4.512358838
093.3 055.0,150,btl_silicate,SiO3,29.07131536,3.156144904,0.024302609,128.4400836,3.870580192
093.3 055.0,200,btl_silicate,SiO3,37.31376487,3.17009266,0.023866615,124.5704633,3.417557941
093.3 055.0,250,btl_silicate,SiO3,45.2456871,3.375988863,0.023053942,121.0152202,3.293838824
093.3 055.0,300,btl_silicate,SiO3,53.17706852,3.209092999,0.023114863,123.1254354,3.092608586
093.3 055.0,400,btl_silicate,SiO3,66.93416555,2.803931643,0.023354361,121.2170339,2.954069946
093.3 055.0,500,btl_silicate,SiO3,77.87461256,1.095660683,0.028678435,119.5506509,2.602231643
093.3 060.0,0,btl_silicate,SiO3,1.778261031,-0.806812171,0.005583472,359.9991577,0.775339805
093.3 060.0,10,btl_silicate,SiO3,1.679490028,-0.896377812,0.00542222,359.9999717,0.73961427
093.3 060.0,20,btl_silicate,SiO3,1.600198072,-0.992068862,0.005333024,359.9999998,0.743044652
093.3 060.0,30,btl_silicate,SiO3,1.598944493,-1.208986963,0.006658584,359.9999494,0.85237987
093.3 060.0,50,btl_silicate,SiO3,4.181327616,-1.093217053,0.019552694,280.1617724,2.144156307
093.3 060.0,75,btl_silicate,SiO3,8.472760588,-2.277253031,0.014954044,339.7586076,4.662583768
093.3 060.0,100,btl_silicate,SiO3,14.46354441,-2.765805566,0.015921156,325.9535855,5.557211704
093.3 060.0,125,btl_silicate,SiO3,20.75683765,-3.140144509,0.017237865,315.6474019,5.080615325
093.3 060.0,150,btl_silicate,SiO3,26.2339845,-2.538074951,0.017794556,319.9672537,4.08167869
093.3 060.0,200,btl_silicate,SiO3,34.94294296,-2.121070962,0.01760886,312.2346464,3.64320338
093.3 060.0,250,btl_silicate,SiO3,43.26935729,-1.985030712,0.01851442,289.8561028,3.509499753
093.3 060.0,300,btl_silicate,SiO3,51.6890956,-2.089422731,0.019669841,284.2650157,3.180756574
093.3 060.0,400,btl_silicate,SiO3,66.37563718,-1.154670182,0.020736034,287.2304236,2.96894757
093.3 060.0,500,btl_silicate,SiO3,78.33155583,-0.558205442,0.023837004,277.2211072,2.620436397
093.3 070.0,0,btl_silicate,SiO3,1.684960848,-0.888179625,0.003187621,359.9983473,0.788522678
093.3 070.0,10,btl_silicate,SiO3,1.487210769,-0.959086185,0.004266526,359.9999912,0.749201323
093.3 070.0,20,btl_silicate,SiO3,1.413418413,-0.996546229,0.004454867,359.9999857,0.752531736
093.3 070.0,30,btl_silicate,SiO3,1.37591109,-1.326263602,0.002829753,359.9970525,0.708550699
093.3 070.0,50,btl_silicate,SiO3,3.018449752,13.56359247,1.26066e-4,255.8099286,1.404426195
093.3 070.0,75,btl_silicate,SiO3,6.074588737,1.785278355,0.014927486,161.7713357,3.755743402
093.3 070.0,100,btl_silicate,SiO3,11.66213854,2.397876249,0.014731971,164.0579822,5.92119011
093.3 070.0,125,btl_silicate,SiO3,17.82573498,2.223684152,0.013862128,159.8408053,6.107110715
093.3 070.0,150,btl_silicate,SiO3,23.93813011,2.227205879,0.015112191,167.9121068,5.309462062
093.3 070.0,200,btl_silicate,SiO3,32.91893034,2.441657849,0.015453843,149.2967107,3.947548008
093.3 070.0,250,btl_silicate,SiO3,41.49600164,2.402060005,0.016545331,151.5953045,3.916206516
093.3 070.0,300,btl_silicate,SiO3,50.2910705,2.213234457,0.016561205,155.7924406,3.822748058
093.3 070.0,400,btl_silicate,SiO3,66.63200488,1.815706066,0.013356979,162.1211121,3.468167089
093.3 070.0,500,btl_silicate,SiO3,79.62813103,1.470022172,0.009891615,166.6148306,3.155023298
093.3 080.0,0,btl_silicate,SiO3,2.275747232,-0.181670064,0.025569282,14.41446078,0.777434014
093.3 080.0,10,btl_silicate,SiO3,2.208665405,-0.178306171,0.026217498,14.86261193,0.74896379
093.3 080.0,20,btl_silicate,SiO3,2.201317917,-0.185568304,0.026343047,14.69207574,0.723841894
093.3 080.0,30,btl_silicate,SiO3,2.157098132,-0.133586134,0.02721275,25.97014814,0.710600124
093.3 080.0,50,btl_silicate,SiO3,2.420349988,-0.093003888,0.023823019,27.07624587,0.795893915
093.3 080.0,75,btl_silicate,SiO3,4.384297072,-0.763616093,0.014476437,5.39e-5,2.485481183
093.3 080.0,100,btl_silicate,SiO3,8.525290094,-0.568044677,0.015643658,1.5834e-4,4.7483216090000004
093.3 080.0,125,btl_silicate,SiO3,14.21522117,-1.128824841,0.018446678,1.39e-5,6.255298454
093.3 080.0,150,btl_silicate,SiO3,20.30908291,-1.321819307,0.017971282,7.36e-5,6.091303905
093.3 080.0,200,btl_silicate,SiO3,30.46559984,-1.426443582,0.01763117,7.59e-5,4.491165716
093.3 080.0,250,btl_silicate,SiO3,39.2896882,-1.408719599,0.017617349,9.31e-6,4.105295486
093.3 080.0,300,btl_silicate,SiO3,48.28888588,-1.374437018,0.017937463,7.893641745,4.002109492
093.3 080.0,400,btl_silicate,SiO3,65.83542402,-1.454283477,0.018128244,6.46e-7,3.422550957
093.3 080.0,500,btl_silicate,SiO3,79.61335586,-1.24983379,0.018711466,2.63e-6,3.279696802
093.3 090.0,0,btl_silicate,SiO3,1.570544232,-0.880448313,0.007060753,360,0.68268137
093.3 090.0,10,btl_silicate,SiO3,1.472649686,-0.946716536,0.007024521,360,0.653193738
093.3 090.0,20,btl_silicate,SiO3,1.410707419,-0.968886881,0.006849353,360,0.625375833
093.3 090.0,30,btl_silicate,SiO3,1.370466296,-1.016055665,0.006803208,360,0.650216514
093.3 090.0,50,btl_silicate,SiO3,1.513675166,-0.917591818,0.006482493,360,0.671883791
093.3 090.0,75,btl_silicate,SiO3,3.098956022,-0.308410535,0.016804488,316.643976,1.268039347
093.3 090.0,100,btl_silicate,SiO3,5.6110451,-0.764922748,0.016491481,359.9999941,2.973707302
093.3 090.0,125,btl_silicate,SiO3,10.46640222,-1.195113031,0.016793828,359.9999966,4.931562559
093.3 090.0,150,btl_silicate,SiO3,16.45479056,-1.291600907,0.017707526,359.9998591,5.590978407
093.3 090.0,200,btl_silicate,SiO3,27.5665573,-1.197558308,0.01824651,360,3.942334259
093.3 090.0,250,btl_silicate,SiO3,36.84869954,-1.255175596,0.019416092,359.9999336,3.982609256
093.3 090.0,300,btl_silicate,SiO3,46.36634017,-1.543577928,0.018872877,359.9999925,4.092207022
093.3 090.0,400,btl_silicate,SiO3,64.72009705,-1.008410255,0.015105431,359.9999742,3.567215867
093.3 090.0,500,btl_silicate,SiO3,79.47249789,-0.919034357,0.014738953,359.999999,3.39100401
093.3 100.0,0,btl_silicate,SiO3,2.163601676,0.123124839,0.025327366,155.1883499,0.616468233
093.3 100.0,10,btl_silicate,SiO3,2.125787215,0.148123378,0.029999995,181.7423539,0.641397256
093.3 100.0,20,btl_silicate,SiO3,2.120079105,0.183871124,0.03,182.4321257,0.632764917
093.3 100.0,30,btl_silicate,SiO3,2.097325214,0.214845657,0.03,186.4613749,0.623545998
093.3 100.0,50,btl_silicate,SiO3,2.135172083,0.211239671,0.03,182.8340476,0.6522706
093.3 100.0,75,btl_silicate,SiO3,2.495587934,0.417347335,0.020410664,169.5549572,0.890144023
093.3 100.0,100,btl_silicate,SiO3,3.99794673,1.00650319,0.013403162,225.269448,1.900761204
093.3 100.0,125,btl_silicate,SiO3,7.919397748,1.90759221,0.010722763,265.4255795,3.615371474
093.3 100.0,150,btl_silicate,SiO3,13.1325971,1.972978746,0.012116372,219.0977323,5.232908601
093.3 100.0,200,btl_silicate,SiO3,28.53090157,5.470983871,0.00591141,359.9979809,4.663918412
093.3 100.0,250,btl_silicate,SiO3,38.19325425,5.521520243,0.005377961,359.9997206,3.779117644
093.3 100.0,300,btl_silicate,SiO3,45.36433553,3.110697451,0.008065115,274.9643632,3.673001838
093.3 100.0,400,btl_silicate,SiO3,62.81098503,1.485140062,0.014095409,196.5759688,3.395706668
093.3 100.0,500,btl_silicate,SiO3,78.55086104,1.448824711,0.015484725,187.2979217,3.130510102
093.3 110.0,0,btl_silicate,SiO3,2.184124406,0.134507368,0.018349519,108.2033906,0.585033182
093.3 110.0,10,btl_silicate,SiO3,2.15609519,0.120752147,0.020757383,125.1533927,0.564607337
093.3 110.0,20,btl_silicate,SiO3,2.148104644,0.134106724,0.024949215,157.1757311,0.580285911
093.3 110.0,30,btl_silicate,SiO3,2.128134572,0.12507666,0.02504167,159.7512356,0.580256762
093.3 110.0,50,btl_silicate,SiO3,2.113845531,0.099399642,0.024230442,161.8866952,0.576158841
093.3 110.0,75,btl_silicate,SiO3,2.303429339,0.306431641,0.020122384,175.9592369,0.664105081
093.3 110.0,100,btl_silicate,SiO3,3.344339785,0.617819887,0.020779306,194.9960119,1.649445697
093.3 110.0,125,btl_silicate,SiO3,5.994982055,0.853183496,0.023895435,173.0053071,2.88939394
093.3 110.0,150,btl_silicate,SiO3,10.86079979,1.530088166,0.018439175,196.8477892,4.738265168
093.3 110.0,200,btl_silicate,SiO3,23.58912942,1.423706522,0.012509722,234.7643554,4.865851045
093.3 110.0,250,btl_silicate,SiO3,32.82668705,0.661093678,0.017893823,218.1228471,4.188357578
093.3 110.0,300,btl_silicate,SiO3,42.56181955,1.293364813,0.017641897,215.7255131,3.774061077
093.3 110.0,400,btl_silicate,SiO3,61.67714049,1.633891549,0.02274633,205.1866314,2.916529477
093.3 110.0,500,btl_silicate,SiO3,77.74121427,1.074510797,0.018225995,208.631892,2.816781098
093.3 120.0,0,btl_silicate,SiO3,2.229554433,0.240745806,0.019973028,144.6785448,0.571990167
093.3 120.0,10,btl_silicate,SiO3,2.198588389,0.222411508,0.02228434,157.8077966,0.598782162
093.3 120.0,20,btl_silicate,SiO3,2.160800091,0.206954317,0.022670069,159.7971849,0.587723052
093.3 120.0,30,btl_silicate,SiO3,2.125253231,0.19787427,0.022422751,160.061276,0.569358305
093.3 120.0,50,btl_silicate,SiO3,2.136142026,0.214762505,0.02225765,149.7215057,0.575010095
093.3 120.0,75,btl_silicate,SiO3,2.225556721,0.214167407,0.020451411,168.8457551,0.606904454
093.3 120.0,100,btl_silicate,SiO3,2.877966976,0.286759238,0.013988116,217.3031951,1.05148424
093.3 120.0,125,btl_silicate,SiO3,5.712823641,1.064569979,0.006234396,359.9905407,2.657951725
093.3 120.0,150,btl_silicate,SiO3,10.19387944,1.886258731,0.006437825,359.8999489,4.049532134
093.3 120.0,200,btl_silicate,SiO3,20.38499616,0.798256543,0.019199407,220.5936766,5.103431576
093.3 120.0,250,btl_silicate,SiO3,30.2440829,1.239841685,0.029162987,216.8674011,4.225706532
093.3 120.0,300,btl_silicate,SiO3,39.99207281,1.011369149,0.023040221,226.0014456,3.919572378
093.3 120.0,400,btl_silicate,SiO3,60.14219899,1.033423671,0.021037762,209.0824138,3.136128107
093.3 120.0,500,btl_silicate,SiO3,77.00960588,1.599920449,0.022444022,205.9925345,2.810127089
076.7 049.0,0,btl_temperature,Temp,13.28214526,1.846017689,0.018448714,185.6409347,1.15155842
076.7 049.0,10,btl_temperature,Temp,12.86010379,1.687352804,0.018200357,196.6198805,1.127053826
076.7 049.0,20,btl_temperature,Temp,12.30904776,1.58599111,0.017731314,207.6077657,0.932723578
076.7 049.0,30,btl_temperature,Temp,11.86150348,1.463576163,0.018434758,209.332734,0.829595187
076.7 049.0,50,btl_temperature,Temp,11.20415824,1.344084866,0.019164259,214.8227653,0.724925257
076.7 051.0,0,btl_temperature,Temp,13.88595531,1.831068693,0.019057817,174.6994568,1.181575527
076.7 051.0,10,btl_temperature,Temp,13.63305763,1.731123068,0.018726013,181.0899469,1.095162664
076.7 051.0,20,btl_temperature,Temp,13.11595134,1.482857806,0.018079174,199.5927152,1.025456793
076.7 051.0,30,btl_temperature,Temp,12.478901,1.398436828,0.017997155,217.628615,1.039014971
076.7 051.0,50,btl_temperature,Temp,11.26493342,1.048802115,0.020716273,221.6931878,0.854601719
076.7 051.0,75,btl_temperature,Temp,10.34356453,0.776808649,0.021887021,213.6729041,0.599601851
076.7 051.0,100,btl_temperature,Temp,9.849866858,0.645858058,0.02108553,210.1643067,0.493377009
076.7 051.0,125,btl_temperature,Temp,9.533348713,0.569583919,0.021269496,205.1939073,0.441929127
076.7 051.0,150,btl_temperature,Temp,9.276195901,0.51073782,0.020382481,198.3582026,0.333982308
076.7 051.0,200,btl_temperature,Temp,8.822623691,0.428886361,0.020542407,190.5251562,0.34211905
076.7 055.0,0,btl_temperature,Temp,14.31200204,1.707571439,0.017814859,169.7495838,1.023761622
076.7 055.0,10,btl_temperature,Temp,14.07085798,1.540963071,0.017207166,178.8679672,1.014230039
076.7 055.0,20,btl_temperature,Temp,13.63070123,1.332548937,0.016407151,200.8947693,1.131147813
076.7 055.0,30,btl_temperature,Temp,12.94825748,1.119923469,0.016264893,228.3260736,1.193529847
076.7 055.0,50,btl_temperature,Temp,11.48998355,0.837630571,0.022244122,236.9295066,1.058785008
076.7 055.0,75,btl_temperature,Temp,10.39869698,0.506597909,0.023756021,229.1561405,0.682316834
076.7 055.0,100,btl_temperature,Temp,9.757070959,0.369650006,0.025268669,221.7514535,0.50856734
076.7 055.0,125,btl_temperature,Temp,9.3669507930000009,0.283937542,0.025043177,212.5721371,0.395181411
076.7 055.0,150,btl_temperature,Temp,9.107064378,0.282281925,0.023833221,208.7487557,0.373376794
076.7 055.0,200,btl_temperature,Temp,8.570815155,0.32479193,0.023762016,195.8581822,0.365853483
076.7 055.0,250,btl_temperature,Temp,8.116306869,0.303893343,0.024166997,185.7640653,0.404876977
076.7 055.0,300,btl_temperature,Temp,7.656767817,0.309935186,0.024101222,179.1756278,0.425117952
076.7 055.0,400,btl_temperature,Temp,6.830879919,0.325499969,0.024232744,162.0712819,0.344514869
076.7 055.0,500,btl_temperature,Temp,6.123693592,0.253629477,0.024981698,151.7012753,0.22576592
076.7 060.0,0,btl_temperature,Temp,14.58170298,1.949525035,0.01796149,162.4874339,0.976000584
076.7 060.0,10,btl_temperature,Temp,14.3635856,1.751783771,0.017361967,169.1767599,0.989305434
076.7 060.0,20,btl_temperature,Temp,13.95297441,1.453341653,0.016556264,185.1184971,1.144231651
076.7 060.0,30,btl_temperature,Temp,13.44614136,1.096188104,0.016427102,199.4957264,1.280395575
076.7 060.0,50,btl_temperature,Temp,11.74406697,0.705301522,0.022935193,245.9626261,1.092933734
076.7 060.0,75,btl_temperature,Temp,10.83985411,0.619486125,0.009831176,359.9997767,0.727357178
076.7 060.0,100,btl_temperature,Temp,9.77606361,0.128207378,0.01563108,307.4819274,0.510512187
076.7 060.0,125,btl_temperature,Temp,9.470521159,0.323657616,0.009381313,359.9998526,0.378386009
076.7 060.0,150,btl_temperature,Temp,9.112335823,0.259671174,0.009080414,359.999952,0.350410136
076.7 060.0,200,btl_temperature,Temp,8.355703465,0.164327768,0.026346102,191.31791810000001,0.349982058
076.7 060.0,250,btl_temperature,Temp,7.838993733,0.19826532,0.026078709,187.3577377,0.384168717
076.7 060.0,300,btl_temperature,Temp,7.408392725,0.217496658,0.023626225,179.9552257,0.420709436
076.7 060.0,400,btl_temperature,Temp,6.619571667,0.180654681,0.020882773,164.175105,0.379616694
076.7 060.0,500,btl_temperature,Temp,5.990311369,0.14319018,0.023008074,158.2065006,0.326984808
076.7 070.0,0,btl_temperature,Temp,14.88671837,1.887088989,0.01645435,151.0674206,0.929975475
076.7 070.0,10,btl_temperature,Temp,14.77897723,1.800645664,0.016283473,154.3534466,0.91939126
076.7 070.0,20,btl_temperature,Temp,14.54313877,1.572854859,0.015722593,159.4815678,0.908213551
076.7 070.0,30,btl_temperature,Temp,14.17767789,1.137602329,0.012828471,174.388827,1.072596412
076.7 070.0,50,btl_temperature,Temp,12.5933963,-0.44427352,0.024757836,164.0512084,1.181056249
076.7 070.0,75,btl_temperature,Temp,10.99623563,-0.650294517,0.021375179,171.4497394,0.961356707
076.7 070.0,100,btl_temperature,Temp,9.984175801,-0.445179312,0.02238249,180.4486492,0.600150782
076.7 070.0,125,btl_temperature,Temp,9.357401849,-0.319519935,0.022573041,178.4952473,0.424110786
076.7 070.0,150,btl_temperature,Temp,8.949904874,-0.286453608,0.021471903,174.6814294,0.336968892
076.7 070.0,200,btl_temperature,Temp,8.263608617,-0.184828434,0.024845494,165.6525663,0.302888493
076.7 070.0,250,btl_temperature,Temp,7.650109317,-0.164949985,0.022285118,167.7161355,0.322783961
076.7 070.0,300,btl_temperature,Temp,7.127335768,-0.133557671,0.024088522,183.8322364,0.3499547
076.7 070.0,400,btl_temperature,Temp,6.252064837,-0.078953286,0.025157758,191.1875588,0.299235892
076.7 070.0,500,btl_temperature,Temp,5.660194829,-0.077689484,0.025855224,197.4106964,0.241619273
076.7 080.0,0,btl_temperature,Temp,15.37848252,1.861729436,0.016474607,146.9695038,0.821211718
076.7 080.0,10,btl_temperature,Temp,15.26889948,1.768492002,0.016000601,147.5398894,0.831421576
076.7 080.0,20,btl_temperature,Temp,15.0395704,1.587061888,0.015384511,152.1337435,0.979914052
076.7 080.0,30,btl_temperature,Temp,14.6361708,1.228503623,0.0145507,152.6120027,1.114700996
076.7 080.0,50,btl_temperature,Temp,13.1902674,-0.513250175,0.01874218,217.1592717,1.325567364
076.7 080.0,75,btl_temperature,Temp,11.67639806,-0.910319509,0.018329222,198.8869822,1.188203401
076.7 080.0,100,btl_temperature,Temp,10.52174288,-0.766519052,0.020358107,196.288164,0.922357585
076.7 080.0,125,btl_temperature,Temp,9.644066082,-0.489708129,0.020792261,194.1085415,0.626003579
076.7 080.0,150,btl_temperature,Temp,9.063798865,-0.289588872,0.020836538,189.6272271,0.435124837
076.7 080.0,200,btl_temperature,Temp,8.360559499,-0.179512007,0.021395695,181.1453199,0.357347641
076.7 080.0,250,btl_temperature,Temp,7.723046768,-0.157000993,0.019580082,177.9060297,0.339692806
076.7 080.0,300,btl_temperature,Temp,7.146677637,-0.136110674,0.017607005,170.1355277,0.358826871
076.7 080.0,400,btl_temperature,Temp,6.227349354,-0.070095157,0.018889858,133.8867112,0.330820019
076.7 080.0,500,btl_temperature,Temp,5.593790434,-0.031589741,0.03,196,0.261052288
076.7 090.0,0,btl_temperature,Temp,15.71214058,1.898099727,0.01664252,151.2003123,0.866581315
076.7 090.0,10,btl_temperature,Temp,15.63852873,1.870832983,0.01668088,152.2997525,0.876058749
076.7 090.0,20,btl_temperature,Temp,15.47766015,1.765346361,0.016580599,155.1327795,0.929364872
076.7 090.0,30,btl_temperature,Temp,15.25333174,1.594036352,0.016818688,160.7663558,1.114877804
076.7 090.0,50,btl_temperature,Temp,14.08621944,0.646309017,0.022216571,145.333889,1.451630977
076.7 090.0,75,btl_temperature,Temp,12.59718065,0.416325858,0.029090156,150.8226468,1.509978417
076.7 090.0,100,btl_temperature,Temp,11.40960968,0.548439613,0.025181873,126.6294032,1.425063858
076.7 090.0,125,btl_temperature,Temp,10.34490594,0.518096145,0.026374268,126.144356,1.021593194
076.7 090.0,150,btl_temperature,Temp,9.48875962,0.390776658,0.027595187,125.9222298,0.581165107
076.7 090.0,200,btl_temperature,Temp,8.569240758,0.216447623,0.02754667,121.5284563,0.344429843
076.7 090.0,250,btl_temperature,Temp,7.896499757,0.211523905,0.028713457,120.9622226,0.352733769
076.7 090.0,300,btl_temperature,Temp,7.258478866,0.171244551,0.02826644,118.5023028,0.327030467
076.7 090.0,400,btl_temperature,Temp,6.212333353,0.146530224,0.014749545,2.83e-5,0.252938611
076.7 090.0,500,btl_temperature,Temp,5.547241662,0.097384967,0.017675969,1.96e-9,0.239211917
076.7 100.0,0,btl_temperature,Temp,16.42531278,2.029834487,0.017659971,163,0.935388014
076.7 100.0,10,btl_temperature,Temp,16.37991599,2.031700421,0.017712567,165,0.936465306
076.7 100.0,20,btl_temperature,Temp,16.29417271,2.016060085,0.017811436,166,0.953896853
076.7 100.0,30,btl_temperature,Temp,16.11258364,1.8130559,0.017588636,169,1.114078234
076.7 100.0,50,btl_temperature,Temp,15.35638757,1.085650455,0.01596515,176,1.509754282
076.7 100.0,75,btl_temperature,Temp,13.6681679,0.307780688,0.026354122,159.5670976,1.530568101
076.7 100.0,100,btl_temperature,Temp,12.45187729,0.263034437,0.024915439,132.8175582,1.615024765
076.7 100.0,125,btl_temperature,Temp,11.0980557,0.300851337,0.03,181.7729268,1.431519789
076.7 100.0,150,btl_temperature,Temp,10.00156917,0.22312641,0.026196095,148.0631539,0.909084774
076.7 100.0,200,btl_temperature,Temp,8.787596261,0.100324205,0.029999999,140.2551523,0.379249331
076.7 100.0,250,btl_temperature,Temp,8.067125979,0.120301355,0.029280237,130.3101043,0.306375432
076.7 100.0,300,btl_temperature,Temp,7.389307576,0.15060377,0.029569962,137.6337785,0.258826217
076.7 100.0,400,btl_temperature,Temp,6.32051259,0.132174021,0.028253373,125.6031546,0.222583961
076.7 100.0,500,btl_temperature,Temp,5.510116938,0.191231252,0.011166996,2.33e-7,0.207528836
080.0 051.0,0,btl_temperature,Temp,14.39672745,2.231849643,0.018756785,178,1.315114909
080.0 051.0,10,btl_temperature,Temp,13.83183906,1.89175517,0.018184777,194,1.225485368
080.0 051.0,20,btl_temperature,Temp,13.10930793,1.620632889,0.017981838,213,1.173167817
080.0 051.0,30,btl_temperature,Temp,12.53039169,1.549748998,0.018268116,224,1.116213636
080.0 051.0,50,btl_temperature,Temp,11.67839023,1.438656633,0.018436819,228,0.898424233
080.0 055.0,0,btl_temperature,Temp,14.47468551,1.875444637,0.018613646,169,1.151863875
080.0 055.0,10,btl_temperature,Temp,14.2076225,1.717898717,0.01826059,175.9188917,1.217611475
080.0 055.0,20,btl_temperature,Temp,13.65039835,1.500651663,0.017504593,196.4063739,1.238705058
080.0 055.0,30,btl_temperature,Temp,12.97402954,1.46097669,0.01792398,213.7583526,1.128000966
080.0 055.0,50,btl_temperature,Temp,11.24468272,0.967745672,0.022691998,221.5753318,0.881922881
080.0 055.0,75,btl_temperature,Temp,10.30486295,0.79444585,0.022651196,220.0397034,0.647247817
080.0 055.0,100,btl_temperature,Temp,9.770308797,0.658572815,0.022932391,217.1220754,0.501143041
080.0 055.0,125,btl_temperature,Temp,9.429543627,0.51342143,0.020958917,219.022239,0.399445958
080.0 055.0,150,btl_temperature,Temp,9.191027219,0.448203686,0.019665519,217.8887555,0.402496767
080.0 055.0,200,btl_temperature,Temp,8.706748934,0.333692805,0.021051367,201.6881461,0.400741173
080.0 055.0,250,btl_temperature,Temp,8.276903928,0.27346083,0.020740922,196.6324711,0.413976763
080.0 055.0,300,btl_temperature,Temp,7.844886494,0.250663942,0.021038758,184.5522659,0.429364116
080.0 055.0,400,btl_temperature,Temp,7.042625823,0.212444288,0.03,134.2648565,0.375358891
080.0 055.0,500,btl_temperature,Temp,6.245363599,0.149393108,0.021884423,153.7136041,0.26441066
080.0 060.0,0,btl_temperature,Temp,14.83766466,1.931606851,0.018019327,170,1.078487237
080.0 060.0,10,btl_temperature,Temp,14.76290396,2.020487782,0.018371387,170.9581774,1.084435799
080.0 060.0,20,btl_temperature,Temp,14.45785818,1.862404424,0.017904337,180.8451776,1.189420825
080.0 060.0,30,btl_temperature,Temp,13.94566067,1.596453836,0.017104529,197.0628239,1.288235822
080.0 060.0,50,btl_temperature,Temp,11.94904538,0.82375798,0.02616752,223.7095834,1.275463449
080.0 060.0,75,btl_temperature,Temp,10.44915669,0.595073726,0.028881452,226.2867004,0.844040631
080.0 060.0,100,btl_temperature,Temp,9.704346249,0.351576901,0.027978153,229.2606835,0.60592715
080.0 060.0,125,btl_temperature,Temp,9.213905269,0.205050375,0.024071979,221.9125446,0.382075026
080.0 060.0,150,btl_temperature,Temp,8.864952994,0.20084304,0.024869742,219.6770925,0.362013993
080.0 060.0,200,btl_temperature,Temp,8.27240374,0.13407648,0.026274443,213.1765823,0.337138525
080.0 060.0,250,btl_temperature,Temp,7.782868932,0.086684726,0.025753457,209.3657407,0.348764601
080.0 060.0,300,btl_temperature,Temp,7.313589291,0.074726405,0.029999999,173.8114478,0.3546765
080.0 060.0,400,btl_temperature,Temp,6.485647682,0.058956635,0.03,197.3924239,0.300727423
080.0 060.0,500,btl_temperature,Temp,5.89165379,0.062164647,0.03,193.8475691,0.264484296
080.0 070.0,0,btl_temperature,Temp,15.20600993,1.937589731,0.016377262,159,0.942750958
080.0 070.0,10,btl_temperature,Temp,15.11891353,1.910168677,0.016197962,161,0.918838136
080.0 070.0,20,btl_temperature,Temp,14.94440268,1.848356974,0.015610451,164,0.957239125
080.0 070.0,30,btl_temperature,Temp,14.55451602,1.534359133,0.015323739,167,1.153846357
080.0 070.0,50,btl_temperature,Temp,12.85669256,-0.166319507,0.026598072,183.245945,1.189711176
080.0 070.0,75,btl_temperature,Temp,11.38050054,-0.458477998,0.015259557,182,1.220106277
080.0 070.0,100,btl_temperature,Temp,10.34266227,-0.364720089,0.018070785,184.367394,0.912644563
080.0 070.0,125,btl_temperature,Temp,9.471671413,-0.265251234,0.022126962,166,0.483436236
080.0 070.0,150,btl_temperature,Temp,9.007793003,-0.186411855,0.021411405,155,0.38653441
080.0 070.0,200,btl_temperature,Temp,8.290867413,-0.199655381,0.022529178,149.2053937,0.334409388
080.0 070.0,250,btl_temperature,Temp,7.673755481,-0.202694881,0.024707269,145.8190204,0.338734211
080.0 070.0,300,btl_temperature,Temp,7.10831707,-0.201207109,0.025916677,147.7259579,0.371741831
080.0 070.0,400,btl_temperature,Temp,6.227827941,-0.135143598,0.026918556,154.5465779,0.312093298
080.0 070.0,500,btl_temperature,Temp,5.626365127,-0.086837359,0.027663117,168.086006,0.250244597
080.0 080.0,0,btl_temperature,Temp,15.59223256,1.909787577,0.016289035,148,0.893101885
080.0 080.0,10,btl_temperature,Temp,15.50076838,1.871325545,0.015972842,149,0.922798669
080.0 080.0,20,btl_temperature,Temp,15.38933948,1.74517528,0.015894865,150,1.026476877
080.0 080.0,30,btl_temperature,Temp,15.06294619,1.503035148,0.015629253,151,1.222279217
080.0 080.0,50,btl_temperature,Temp,13.85641596,0.532889518,0.020622521,116,1.59498797
080.0 080.0,75,btl_temperature,Temp,11.88729908,0.888747236,0.012023429,7.16,1.513621674
080.0 080.0,100,btl_temperature,Temp,10.82083771,0.558480357,0.014924548,25.9,1.258281155
080.0 080.0,125,btl_temperature,Temp,9.897465306,0.381097099,0.01461697,12.17474172,0.910899602
080.0 080.0,150,btl_temperature,Temp,9.269903649,0.278129816,0.01665822,16.1,0.537662166
080.0 080.0,200,btl_temperature,Temp,8.474519777,0.192802173,0.015485592,1.64e-9,0.357471694
080.0 080.0,250,btl_temperature,Temp,7.821677332,0.122372538,0.015201869,7.55e-8,0.372622114
080.0 080.0,300,btl_temperature,Temp,7.191389104,0.091349567,0.015637401,2.05339e-4,0.323242804
080.0 080.0,400,btl_temperature,Temp,6.243990933,0.061693094,0.019717808,1.87e-7,0.31130587
080.0 080.0,500,btl_temperature,Temp,5.626060275,0.102559797,0.020657988,3.64e-5,0.26868843
080.0 090.0,0,btl_temperature,Temp,16.08060281,1.956185,0.016524728,153.5013051,0.918435279
080.0 090.0,10,btl_temperature,Temp,16.00025049,1.899821507,0.016237966,154.7506745,0.928083759
080.0 090.0,20,btl_temperature,Temp,15.86169597,1.806107901,0.01584078,156.4477887,0.9551652
080.0 090.0,30,btl_temperature,Temp,15.63379116,1.599933707,0.015302116,160.4041336,1.11592251
080.0 090.0,50,btl_temperature,Temp,14.67199036,0.853704466,0.015064098,157.8806705,1.494487028
080.0 090.0,75,btl_temperature,Temp,13.08335159,0.377953635,0.025577541,155.0828033,1.506188165
080.0 090.0,100,btl_temperature,Temp,11.88518546,0.376218434,0.022119962,125.5163569,1.588619441
080.0 090.0,125,btl_temperature,Temp,10.68757637,0.304969706,0.020885693,114.2403833,1.279616787
080.0 090.0,150,btl_temperature,Temp,9.429104249,0.479637469,0.009866592,2.92e-5,0.750264535
080.0 090.0,200,btl_temperature,Temp,8.659878709,0.146484167,0.013431745,3.18e-7,0.346151084
080.0 090.0,250,btl_temperature,Temp,7.973238683,0.139081774,0.015117848,1.52e-8,0.303591296
080.0 090.0,300,btl_temperature,Temp,7.305692686,0.112971143,0.01587917,2.54e-8,0.282580815
080.0 090.0,400,btl_temperature,Temp,6.296202743,0.10452264,0.015605107,2.65e-9,0.311220119
080.0 090.0,500,btl_temperature,Temp,5.626448716,0.076211192,0.015220138,1.25e-6,0.261084997
080.0 100.0,0,btl_temperature,Temp,16.51385283,2.072512297,0.016743408,160,0.951672327
080.0 100.0,10,btl_temperature,Temp,16.44514301,2.050158043,0.016714874,162,0.965761392
080.0 100.0,20,btl_temperature,Temp,16.34470378,2.033854213,0.016643572,165,0.981853821
080.0 100.0,30,btl_temperature,Temp,16.17730488,1.948333375,0.016320168,168,1.05548656
080.0 100.0,50,btl_temperature,Temp,15.48716567,1.28691716,0.015317979,179,1.452747383
080.0 100.0,75,btl_temperature,Temp,13.95920353,0.302261807,0.021118913,162.669067,1.438865059
080.0 100.0,100,btl_temperature,Temp,12.53714392,0.344217508,0.017266991,117,1.654915213
080.0 100.0,125,btl_temperature,Temp,11.24728744,0.441947751,0.019275848,155,1.48489635
080.0 100.0,150,btl_temperature,Temp,10.1662385,0.329371119,0.022755102,160.873671,1.034534238
080.0 100.0,200,btl_temperature,Temp,8.854984361,0.104900709,0.023069519,172.5378486,0.373615277
080.0 100.0,250,btl_temperature,Temp,8.089699381,0.090027731,0.024731093,180.4668304,0.290369925
080.0 100.0,300,btl_temperature,Temp,7.424431093,0.074695423,0.027813629,172.9257733,0.285279643
080.0 100.0,400,btl_temperature,Temp,6.348165375,0.062188514,0.03,171.4281051,0.269658445
080.0 100.0,500,btl_temperature,Temp,5.6772728710000004,0.080254759,0.03,145.6340406,0.23636239
081.8 046.9,0,btl_temperature,Temp,15.40997091,2.774830442,0.018813039,164,1.090853402
081.8 046.9,10,btl_temperature,Temp,14.58662213,2.23744707,0.01824344,178.0298559,1.270793496
081.8 046.9,20,btl_temperature,Temp,13.36801904,1.822698619,0.018568224,202.5586124,1.290191911
081.8 046.9,30,btl_temperature,Temp,12.37087163,1.694330632,0.020159433,210.5081612,1.214484388
081.8 046.9,50,btl_temperature,Temp,11.03101335,1.299153065,0.021942613,212.4700994,1.008909173
081.8 046.9,75,btl_temperature,Temp,10.24049731,0.87036737,0.021011072,219.3769613,0.733536733
081.8 046.9,100,btl_temperature,Temp,9.807213014,0.702817001,0.020832904,220.6161608,0.493781676
081.8 046.9,125,btl_temperature,Temp,9.536723562,0.582930685,0.020422768,219.2535067,0.403152295
081.8 046.9,150,btl_temperature,Temp,9.337876279,0.493207877,0.019579822,216.6681796,0.3524052
081.8 046.9,200,btl_temperature,Temp,8.959777579,0.457962984,0.019321653,207.3145881,0.295210039
081.8 046.9,250,btl_temperature,Temp,8.498591222,0.395011086,0.01988425,203.9161876,0.258158463
081.8 046.9,300,btl_temperature,Temp,8.025005044,0.322910595,0.019408276,196.9269274,0.231233381
081.8 046.9,400,btl_temperature,Temp,7.103798442,0.21371579,0.019992844,189.1089194,0.21518159
081.8 046.9,500,btl_temperature,Temp,6.495080313,0.032562781,0.012800255,218,0.095866698
083.3 040.6,0,btl_temperature,Temp,16.27895294,2.65438137,0.0178,154.4703193,1.324558525
083.3 040.6,10,btl_temperature,Temp,15.23548334,1.965622931,0.017579618,173.3693903,1.291247443
083.3 040.6,20,btl_temperature,Temp,14.13894163,1.64145028,0.015999477,217.7465089,1.236961423
083.3 040.6,30,btl_temperature,Temp,15.89141666,3.724367778,0.007156173,359.9999337,0.93225693
083.3 042.0,0,btl_temperature,Temp,16.11426884,2.845275409,0.018447369,159.5103396,1.281515195
083.3 042.0,10,btl_temperature,Temp,15.70121141,2.655224526,0.018461755,165.2651508,1.280548385
083.3 042.0,20,btl_temperature,Temp,14.68972532,1.985255368,0.018580348,179.126959,1.382542031
083.3 042.0,30,btl_temperature,Temp,13.49039157,1.511929337,0.019429861,200.9774159,1.229640198
083.3 042.0,50,btl_temperature,Temp,11.79709164,1.037949735,0.021538331,216.5164946,0.796185225
083.3 042.0,75,btl_temperature,Temp,10.60630041,0.836525757,0.021476832,220.6298155,0.503135897
083.3 042.0,100,btl_temperature,Temp,10.12431318,0.678846095,0.020827488,217.2836125,0.443854476
083.3 042.0,125,btl_temperature,Temp,9.876894439,0.57193661,0.018594609,215.2347392,0.347575794
083.3 051.0,0,btl_temperature,Temp,15.00034817,2.360978933,0.018724051,168.1360312,1.479789119
083.3 051.0,10,btl_temperature,Temp,14.36187103,1.915046035,0.018307282,180.1961146,1.338808424
083.3 051.0,20,btl_temperature,Temp,13.48235617,1.494191171,0.017718896,205.3953924,1.410194385
083.3 051.0,30,btl_temperature,Temp,12.75820728,1.331114107,0.017294828,226.1248202,1.247019367
083.3 051.0,50,btl_temperature,Temp,11.33089231,0.928564691,0.022572934,225.2912069,0.93832781
083.3 051.0,75,btl_temperature,Temp,10.50149206,0.770952442,0.022676572,221.4336959,0.674563773
083.3 055.0,0,btl_temperature,Temp,14.95176081,2.148083847,0.018281172,168.2672775,1.036278253
083.3 055.0,10,btl_temperature,Temp,14.74168717,1.99316267,0.017903217,175.0108896,1.002053408
083.3 055.0,20,btl_temperature,Temp,14.22683078,1.686577323,0.017739229,185.8775183,0.973371588
083.3 055.0,30,btl_temperature,Temp,13.30127245,1.194871131,0.018261863,210.1160184,1.236044273
083.3 055.0,50,btl_temperature,Temp,11.41782105,1.116351742,0.025720785,225.9877764,1.110823615
083.3 055.0,75,btl_temperature,Temp,10.18238018,0.583343801,0.025055005,225.1742747,0.62388620400000006
083.3 055.0,100,btl_temperature,Temp,9.540541976,0.377788991,0.024872881,222.4424066,0.351161389
083.3 055.0,125,btl_temperature,Temp,9.217558042,0.318068788,0.022867434,221.4218588,0.302373248
083.3 055.0,150,btl_temperature,Temp,8.983411613,0.300004851,0.023256082,215.5620183,0.351625206
083.3 055.0,200,btl_temperature,Temp,8.531858084,0.328943054,0.021060205,204.1516605,0.328902278
083.3 055.0,250,btl_temperature,Temp,8.11991561,0.320529826,0.021021675,193.8472478,0.328590651
083.3 055.0,300,btl_temperature,Temp,7.710996234,0.29272626,0.022060469,186.7447686,0.333984975
083.3 055.0,400,btl_temperature,Temp,6.951028806,0.253278044,0.023958509,175.9950278,0.334193791
083.3 055.0,500,btl_temperature,Temp,6.308333715,0.199480529,0.024664615,155.0041928,0.285635628
083.3 060.0,0,btl_temperature,Temp,15.02617645,1.870777255,0.017359777,164.575593,0.96555101
083.3 060.0,10,btl_temperature,Temp,14.83229897,1.720282149,0.017333419,164.9686429,0.91953383
083.3 060.0,20,btl_temperature,Temp,14.56639487,1.564976979,0.0172257,170.6444997,0.937978354
083.3 060.0,30,btl_temperature,Temp,14.0591642,1.178780848,0.017800914,176.4755989,1.086507359
083.3 060.0,50,btl_temperature,Temp,12.27612244,0.743299094,0.029162473,207.7884465,1.224193276
083.3 060.0,75,btl_temperature,Temp,10.66639341,0.624270325,0.029106113,223.48422,0.807580301
083.3 060.0,100,btl_temperature,Temp,9.772906848,0.475468001,0.03,224.3359743,0.54074758
083.3 060.0,125,btl_temperature,Temp,9.247284286,0.282074408,0.027818005,227.5049821,0.334737511
083.3 060.0,150,btl_temperature,Temp,8.891563765,0.240943734,0.027479606,228.2532942,0.300612664
083.3 060.0,200,btl_temperature,Temp,8.329503196,0.176701854,0.027949231,229.2855454,0.385808801
083.3 060.0,250,btl_temperature,Temp,7.774004656,0.11894472,0.03,234.382267,0.403479627
083.3 060.0,300,btl_temperature,Temp,7.268838176,0.116799803,0.02934307,245.8408099,0.367053748
083.3 060.0,400,btl_temperature,Temp,6.714359823,0.271660441,0.007034937,359.9718104,0.322435256
083.3 060.0,500,btl_temperature,Temp,6.030111546,0.186737737,0.010366979,284.62255,0.267010817
083.3 070.0,0,btl_temperature,Temp,15.31113041,1.65593475,0.015683983,157.7069008,0.895949512
083.3 070.0,10,btl_temperature,Temp,15.26690905,1.67260759,0.01575761,158.5163353,0.955679881
083.3 070.0,20,btl_temperature,Temp,15.07787898,1.584613964,0.015393254,159.7197073,1.027462704
083.3 070.0,30,btl_temperature,Temp,14.72212732,1.33310064,0.014842853,164.5569479,1.219230585
083.3 070.0,50,btl_temperature,Temp,13.25208772,0.554465151,0.002683829,65.75497127,1.247540651
083.3 070.0,75,btl_temperature,Temp,11.77660679,-9.551643955,2.19623e-4,141.6297539,1.106495656
083.3 070.0,100,btl_temperature,Temp,10.5272197,-7.048140561,2.2638e-4,143.6057349,0.843181345
083.3 070.0,125,btl_temperature,Temp,9.624163963,-2.969170964,2.48578e-4,144.5447269,0.490514969
083.3 070.0,150,btl_temperature,Temp,9.121977353,-1.061956466,2.5742e-4,144.492791,0.384519127
083.3 070.0,200,btl_temperature,Temp,8.422437662,0.754352379,2.24315e-4,175.3421941,0.337075213
083.3 070.0,250,btl_temperature,Temp,7.810075521,4.149334382,1.48046e-4,179.7782496,0.362411865
083.3 070.0,300,btl_temperature,Temp,7.244293278,4.555269956,1.45031e-4,180,0.374921754
083.3 070.0,400,btl_temperature,Temp,6.345561874,3.162340064,1.00944e-4,188,0.384830188
083.3 070.0,500,btl_temperature,Temp,5.752678914,3.655399763,1.00909e-4,188,0.310397087
083.3 080.0,0,btl_temperature,Temp,15.8905924,1.974923014,0.014930035,158.1726971,0.977049512
083.3 080.0,10,btl_temperature,Temp,15.82227842,1.958477807,0.01465128,159,0.994232938
083.3 080.0,20,btl_temperature,Temp,15.71540088,1.908312196,0.014250117,163,1.023789701
083.3 080.0,30,btl_temperature,Temp,15.52174304,1.758169464,0.013803195,166,1.142924218
083.3 080.0,50,btl_temperature,Temp,14.4238452,0.852540064,0.015468916,161,1.467168724
083.3 080.0,75,btl_temperature,Temp,12.69667596,0.25515455,0.019210407,107.2987745,1.508161834
083.3 080.0,100,btl_temperature,Temp,10.7568371,0.921344683,0.008777002,1.31e-4,1.416347341
083.3 080.0,125,btl_temperature,Temp,9.910316409,0.568284853,0.009064714,0.00144,0.991857671
083.3 080.0,150,btl_temperature,Temp,9.203303935,0.457733912,0.009726098,6.81e-5,0.590208873
083.3 080.0,200,btl_temperature,Temp,8.565710715,0.108892233,0.020437673,50.1,0.345245924
083.3 080.0,250,btl_temperature,Temp,7.869005691,0.086702268,0.024568754,68.7,0.294949652
083.3 080.0,300,btl_temperature,Temp,7.25433395,0.068790103,0.022621296,49,0.310418698
083.3 080.0,400,btl_temperature,Temp,6.312736309,0.096120337,0.021148593,1.4e-5,0.316381877
083.3 080.0,500,btl_temperature,Temp,5.662707151,0.097497307,0.019838533,1.68e-6,0.261385763
083.3 090.0,0,btl_temperature,Temp,16.2977371,2.005550936,0.016366175,159,0.985106012
083.3 090.0,10,btl_temperature,Temp,16.2212071,1.989561264,0.016349776,162,0.992878456
083.3 090.0,20,btl_temperature,Temp,16.1128557,1.945960447,0.016316763,164,1.031098784
083.3 090.0,30,btl_temperature,Temp,15.91036785,1.768084699,0.015993296,168,1.145595269
083.3 090.0,50,btl_temperature,Temp,15.09712559,1.050955211,0.015779932,174,1.532550003
083.3 090.0,75,btl_temperature,Temp,13.59841815,0.463125709,0.022236013,148.3534668,1.587981524
083.3 090.0,100,btl_temperature,Temp,12.1482979,0.509184412,0.021866532,133,1.543951382
083.3 090.0,125,btl_temperature,Temp,10.87062288,0.426460607,0.022674127,150.9669732,1.327825739
083.3 090.0,150,btl_temperature,Temp,9.861427249,0.298152757,0.022733827,160.3217197,0.799057093
083.3 090.0,200,btl_temperature,Temp,8.80234484,0.155458724,0.025978798,127.1649253,0.370955716
083.3 090.0,250,btl_temperature,Temp,8.08460631,0.166378446,0.028467399,119.9771655,0.319614989
083.3 090.0,300,btl_temperature,Temp,7.425360214,0.157842578,0.029627497,121.436384,0.281754713
083.3 090.0,400,btl_temperature,Temp,6.397736007,0.034650581,0.029999948,106,0.284546411
083.3 090.0,500,btl_temperature,Temp,5.698861737,0.047354153,0.03,101,0.250590853
083.3 100.0,0,btl_temperature,Temp,16.70040793,2.083019353,0.016360768,159,0.958243139
083.3 100.0,10,btl_temperature,Temp,16.64219643,2.075880531,0.016426175,159,0.964531248
083.3 100.0,20,btl_temperature,Temp,16.5681392,2.067824473,0.016520827,160,0.972195861
083.3 100.0,30,btl_temperature,Temp,16.436193,1.993228073,0.016539434,163,1.01979359
083.3 100.0,50,btl_temperature,Temp,15.73439698,1.356650235,0.0154115,178,1.351331045
083.3 100.0,75,btl_temperature,Temp,14.19006079,0.384251265,0.023491636,150.8999828,1.468135429
083.3 100.0,100,btl_temperature,Temp,12.85409724,0.360749219,0.024272461,140.7129874,1.753416581
083.3 100.0,125,btl_temperature,Temp,11.55715285,0.375752492,0.022591858,140.7678644,1.727696034
083.3 100.0,150,btl_temperature,Temp,10.46965234,0.378977866,0.021932188,139.7383262,1.404491936
083.3 100.0,200,btl_temperature,Temp,8.958123344,0.117120572,0.023218709,159.2877825,0.503723763
083.3 100.0,250,btl_temperature,Temp,8.2341504230000009,0.186696159,0.03,118.9764737,0.366749704
083.3 100.0,300,btl_temperature,Temp,7.54528122,0.168628559,0.02950121,119.7972801,0.320224774
083.3 100.0,400,btl_temperature,Temp,6.458312107,0.099606894,0.03,128.4702235,0.251624959
083.3 100.0,500,btl_temperature,Temp,5.75335707,0.088663396,0.03,129.9191729,0.210803827
083.3 110.0,0,btl_temperature,Temp,17.03926937,1.959961802,0.015557224,155.6889977,0.884851327
083.3 110.0,10,btl_temperature,Temp,16.97681219,1.964231483,0.015691893,157.2273816,0.823507611
083.3 110.0,20,btl_temperature,Temp,16.87618591,1.944027553,0.015611319,159.8944443,0.821155831
083.3 110.0,30,btl_temperature,Temp,16.78823869,1.908147094,0.015473607,162.8669764,0.808185532
083.3 110.0,50,btl_temperature,Temp,16.32159696,1.4879682,0.011089084,204.2676834,1.192639502
083.3 110.0,75,btl_temperature,Temp,14.62280459,0.26872408,0.017853173,164.4284998,1.360304393
083.3 110.0,100,btl_temperature,Temp,13.31243859,0.387392938,0.018407903,143.1345258,1.697008473
083.3 110.0,125,btl_temperature,Temp,11.91587239,0.534479346,0.018891281,142.5735372,1.679601944
083.3 110.0,150,btl_temperature,Temp,10.63322085,0.562899643,0.019944603,155.2922061,1.284869347
083.3 110.0,200,btl_temperature,Temp,9.093337845,0.255600116,0.019330244,153.0693953,0.500397413
083.3 110.0,250,btl_temperature,Temp,8.204140531,0.125632849,0.011653852,72.78001811,0.331832265
083.3 110.0,300,btl_temperature,Temp,7.403814945,0.196081203,0.007038348,0.017430992,0.312284463
083.3 110.0,400,btl_temperature,Temp,6.362749708,0.078502729,0.00741264,3.33e-4,0.257107477
083.3 110.0,500,btl_temperature,Temp,5.717510857,0.043021729,0.020311237,177.9732303,0.216574898
086.7 033.0,0,btl_temperature,Temp,16.89240468,2.904203566,0.017634811,144.675338,1.254879365
086.7 033.0,10,btl_temperature,Temp,15.95787565,1.866855565,0.015904679,157.8034292,1.397871202
086.7 033.0,20,btl_temperature,Temp,14.83024537,1.721843535,0.012572692,246.5528848,1.342230825
086.7 033.0,30,btl_temperature,Temp,13.01799907,1.383867925,0.018973025,231.3637202,1.078143708
086.7 033.0,50,btl_temperature,Temp,11.73213859,1.306297162,0.020382586,226.044644,0.836900152
086.7 035.0,0,btl_temperature,Temp,16.95196476,2.857625115,0.017643098,148.4251984,1.077464091
086.7 035.0,10,btl_temperature,Temp,16.51075637,2.496358776,0.017338993,155.2356946,1.17821851
086.7 035.0,20,btl_temperature,Temp,15.21301915,1.551105763,0.01519126,199.9605108,1.219002582
086.7 035.0,30,btl_temperature,Temp,13.62613872,1.265708733,0.019636379,215.2403144,1.138521758
086.7 035.0,50,btl_temperature,Temp,11.92812343,1.105163439,0.023079491,212.1477007,0.892543313
086.7 035.0,75,btl_temperature,Temp,10.94610302,0.959259463,0.022763353,213.5387952,0.731865408
086.7 035.0,100,btl_temperature,Temp,10.35339955,0.730591541,0.021296274,215.6955149,0.475639415
086.7 035.0,125,btl_temperature,Temp,9.992649435,0.581107743,0.020274442,217.278566,0.41336537
086.7 035.0,150,btl_temperature,Temp,9.715493462,0.467161234,0.018347748,221.9182685,0.324644847
086.7 035.0,200,btl_temperature,Temp,9.223451235,0.363358755,0.019414955,195.4011552,0.336492396
086.7 035.0,250,btl_temperature,Temp,8.772824645,0.331558685,0.019069815,181.8181036,0.313961635
086.7 035.0,300,btl_temperature,Temp,8.301778738,0.330074176,0.019098307,175.4848155,0.306200867
086.7 035.0,400,btl_temperature,Temp,7.390796202,0.281512663,0.020600406,161.5536824,0.303188023
086.7 035.0,500,btl_temperature,Temp,6.552962632,0.197704259,0.022987087,159.3144622,0.220009972
086.7 040.0,0,btl_temperature,Temp,17.02034856,3.047099941,0.018137011,146.5136878,1.056146657
086.7 040.0,10,btl_temperature,Temp,16.59653773,2.689342812,0.017977565,151.0590943,1.078774001
086.7 040.0,20,btl_temperature,Temp,15.29312564,1.317312699,0.015218023,183.7836939,1.358715133
086.7 040.0,30,btl_temperature,Temp,14.21495086,1.19916372,0.013904714,253.064163,1.233039589
086.7 040.0,50,btl_temperature,Temp,13.319253,1.847923591,0.008436558,359.9987851,0.932182606
086.7 040.0,75,btl_temperature,Temp,11.70815487,1.309777696,0.008465099,359.9999885,0.606257917
086.7 040.0,100,btl_temperature,Temp,10.69324918,0.867898102,0.008692522,359.9999867,0.392162913
086.7 040.0,125,btl_temperature,Temp,9.634185015,0.292802414,0.025082258,210.3267851,0.283338246
086.7 040.0,150,btl_temperature,Temp,9.376532637,0.226164402,0.023850115,204.2912534,0.263807528
086.7 040.0,200,btl_temperature,Temp,8.879955114,0.227966602,0.021999141,194.9214912,0.270022955
086.7 040.0,250,btl_temperature,Temp,8.441894872,0.265137213,0.021784604,189.7434686,0.299301847
086.7 040.0,300,btl_temperature,Temp,7.984042067,0.311571367,0.021788831,183.8052822,0.299673955
086.7 040.0,400,btl_temperature,Temp,7.112300465,0.253482565,0.020604389,185.993253,0.227181994
086.7 040.0,500,btl_temperature,Temp,6.419701293,0.191683849,0.02080579,180.5176366,0.188875403
086.7 045.0,0,btl_temperature,Temp,16.05359064,2.537228561,0.017526533,158.5299452,1.131298044
086.7 045.0,10,btl_temperature,Temp,15.54607247,2.064418937,0.016587066,170.3565524,1.245830666
086.7 045.0,20,btl_temperature,Temp,14.96364391,1.609710783,0.011716951,237.8225034,1.4321512
086.7 045.0,30,btl_temperature,Temp,13.48038872,1.295925051,0.014720459,249.2134636,1.390808407
086.7 045.0,50,btl_temperature,Temp,11.20366299,0.917679032,0.02355198,228.3122487,0.911702961
086.7 045.0,75,btl_temperature,Temp,10.20107205,0.622034443,0.023348586,227.9271768,0.546016609
086.7 045.0,100,btl_temperature,Temp,9.660284062,0.47417814,0.025610813,222.8679746,0.399151747
086.7 045.0,125,btl_temperature,Temp,9.337379829,0.353475053,0.026047503,218.9846254,0.314623924
086.7 045.0,150,btl_temperature,Temp,9.089053464,0.301054742,0.026225243,219.1813376,0.295587443
086.7 045.0,200,btl_temperature,Temp,8.621901815,0.260924066,0.023846077,217.8685464,0.290548873
086.7 045.0,250,btl_temperature,Temp,8.24002932,0.249451764,0.020305866,211.3068783,0.288942356
086.7 045.0,300,btl_temperature,Temp,7.835409757,0.260373011,0.019853669,206.0861438,0.271628994
086.7 045.0,400,btl_temperature,Temp,7.087241913,0.2521466,0.019532391,200.4854612,0.239915054
086.7 045.0,500,btl_temperature,Temp,6.416601137,0.191708915,0.020213224,192.4657395,0.195872714
086.7 050.0,0,btl_temperature,Temp,15.19959343,2.033519184,0.016686736,164.6979488,1.009249092
086.7 050.0,10,btl_temperature,Temp,14.88536829,1.824373199,0.016225522,174.4159875,1.097031119
086.7 050.0,20,btl_temperature,Temp,14.03320122,1.536364749,0.015515549,210.1509054,1.275154616
086.7 050.0,30,btl_temperature,Temp,13.03259175,1.381318956,0.016883444,230.1384895,1.296749083
086.7 050.0,50,btl_temperature,Temp,11.2226517,1.212078431,0.025100674,228.0034977,1.12310663
086.7 055.0,0,btl_temperature,Temp,15.4356585,2.086338755,0.016810565,169.2265287,0.946422045
086.7 055.0,10,btl_temperature,Temp,15.30550911,2.010193427,0.016584558,170.7561105,0.960432558
086.7 055.0,20,btl_temperature,Temp,15.01290779,1.856754591,0.016006117,179.9828943,1.09801864
086.7 055.0,30,btl_temperature,Temp,14.48320102,1.552016188,0.014386816,211.4965801,1.258327476
086.7 055.0,50,btl_temperature,Temp,12.18194234,1.041496907,0.025128719,240.9505607,1.156947512
086.7 055.0,75,btl_temperature,Temp,10.69950858,0.640420613,0.020419263,268.0492337,0.792331327
086.7 055.0,100,btl_temperature,Temp,9.740524358,0.377664304,0.021031424,259.7028146,0.484907413
086.7 055.0,125,btl_temperature,Temp,9.229647126,0.299993247,0.021052339,256.7980113,0.31786113
086.7 055.0,150,btl_temperature,Temp,8.894658974,0.257750335,0.02216478,247.9694265,0.325739014
086.7 055.0,200,btl_temperature,Temp,8.314992729,0.240089163,0.02666022,227.4669435,0.329445644
086.7 055.0,250,btl_temperature,Temp,7.82620159,0.322174086,0.028015575,216.817268,0.308661365
086.7 055.0,300,btl_temperature,Temp,7.406469901,0.348280109,0.029066036,212.3425622,0.295697195
086.7 055.0,400,btl_temperature,Temp,6.748141691,0.217532315,0.03,205.9837528,0.251277332
086.7 055.0,500,btl_temperature,Temp,6.132101455,0.15169036,0.029837977,199.1505418,0.186331461
086.7 060.0,0,btl_temperature,Temp,15.44921261,1.803496281,0.015951841,168.6430317,0.934978609
086.7 060.0,10,btl_temperature,Temp,15.4007753,1.784628969,0.015824846,169.9104104,0.944979001
086.7 060.0,20,btl_temperature,Temp,15.21270215,1.674757005,0.015428841,175.9783926,1.004971858
086.7 060.0,30,btl_temperature,Temp,14.82626228,1.196401451,0.012115309,206.9952935,1.155966049
086.7 060.0,50,btl_temperature,Temp,12.80131624,0.675237331,0.020252432,265.5708757,1.254024588
086.7 060.0,75,btl_temperature,Temp,11.29333934,0.750305891,0.017485485,310.1721085,1.120712499
086.7 060.0,100,btl_temperature,Temp,10.01805491,0.430603395,0.019810955,290.7216898,0.614061377
086.7 060.0,125,btl_temperature,Temp,9.371757678,0.292049701,0.021677809,275.7209676,0.401382662
086.7 060.0,150,btl_temperature,Temp,8.953913741,0.325749212,0.029646944,228.339248,0.378526029
086.7 060.0,200,btl_temperature,Temp,8.312801063,0.256445142,0.03,231.5689624,0.398131374
086.7 060.0,250,btl_temperature,Temp,7.773431716,0.294576126,0.029999993,223.8931845,0.441136302
086.7 060.0,300,btl_temperature,Temp,7.259627231,0.301270808,0.03,222.9740642,0.389231538
086.7 060.0,400,btl_temperature,Temp,6.537394129,0.240998573,0.03,222.4338189,0.347322125
086.7 060.0,500,btl_temperature,Temp,5.973562015,0.163151931,0.03,221.4780554,0.26062021
086.7 070.0,0,btl_temperature,Temp,15.75543582,1.682778686,0.01510459,166.768869,0.948162746
086.7 070.0,10,btl_temperature,Temp,15.71034827,1.692714043,0.015190342,166.8646962,0.930180768
086.7 070.0,20,btl_temperature,Temp,15.58577265,1.648392025,0.015314463,167.3376879,0.968418692
086.7 070.0,30,btl_temperature,Temp,15.28911882,1.332227405,0.014127625,173.8425769,1.022890366
086.7 070.0,50,btl_temperature,Temp,13.94554088,0.173677576,0.021281186,138.6560229,1.303429983
086.7 070.0,75,btl_temperature,Temp,10.96528326,-1.740275522,0.005021019,359.9185377,1.176872175
086.7 070.0,100,btl_temperature,Temp,10.54525087,-0.611606909,0.011295703,253.5884968,0.947345622
086.7 070.0,125,btl_temperature,Temp,9.714106844,-0.35846184,0.01175666,228.9729712,0.613083356
086.7 070.0,150,btl_temperature,Temp,9.220664776,-0.272809049,0.015218443,201.5390516,0.425732641
086.7 070.0,200,btl_temperature,Temp,8.439881034,-0.154211143,0.016442899,181.9158166,0.306364702
086.7 070.0,250,btl_temperature,Temp,7.769864808,-0.123298551,0.016108792,169.0961156,0.318875827
086.7 070.0,300,btl_temperature,Temp,7.227980303,-0.084054004,0.018928798,167.5658222,0.294489653
086.7 070.0,400,btl_temperature,Temp,6.424011355,-0.058905439,0.021799032,162.1874989,0.284020028
086.7 070.0,500,btl_temperature,Temp,5.823983747,-0.062273009,0.020439798,158.9204007,0.238830033
086.7 080.0,0,btl_temperature,Temp,16.0443249,1.772123794,0.015265248,167.1143061,1.010122703
086.7 080.0,10,btl_temperature,Temp,15.98265303,1.789178345,0.015328044,168.4197025,1.019926207
086.7 080.0,20,btl_temperature,Temp,15.87765152,1.774105239,0.01533349,169.2885637,1.013147925
086.7 080.0,30,btl_temperature,Temp,15.68103044,1.604885898,0.014692346,175.1511306,1.00923342
086.7 080.0,50,btl_temperature,Temp,14.49928162,0.700051203,0.012618293,192.0254492,1.388420267
086.7 080.0,75,btl_temperature,Temp,11.7840159,-1.195726886,0.006451952,359.997103,1.278544736
086.7 080.0,100,btl_temperature,Temp,10.77228913,-0.832436609,0.006558845,359.9999697,1.339690603
086.7 080.0,125,btl_temperature,Temp,9.882205443,-0.456963234,0.005529424,359.9999999,0.997582843
086.7 080.0,150,btl_temperature,Temp,9.351581677,-0.138780514,0.011507736,275.6621422,0.489018658
086.7 080.0,200,btl_temperature,Temp,8.530383095,-0.06622995,0.018361192,193.5645304,0.259246974
086.7 080.0,250,btl_temperature,Temp,7.872604589,-0.036137165,0.019050278,171.556376,0.277550551
086.7 080.0,300,btl_temperature,Temp,7.292364299,-0.027736447,0.024795107,155.6892172,0.278455415
086.7 080.0,400,btl_temperature,Temp,6.386393312,-0.052509569,0.024198518,137.2591173,0.270486381
086.7 080.0,500,btl_temperature,Temp,5.758707945,-0.045967473,0.024797839,120.2496779,0.228448461
086.7 090.0,0,btl_temperature,Temp,16.43111451,1.955336598,0.01641005,162.2832663,0.901584775
086.7 090.0,10,btl_temperature,Temp,16.37471714,1.963804797,0.016594171,162.7009455,0.91332419
086.7 090.0,20,btl_temperature,Temp,16.28145167,1.963446141,0.016632897,164.9018399,0.933602726
086.7 090.0,30,btl_temperature,Temp,16.07035582,1.745851025,0.016064066,169.8917252,0.951998061
086.7 090.0,50,btl_temperature,Temp,15.23118254,0.97453634200000006,0.014723286,189.0650171,1.207936168
086.7 090.0,75,btl_temperature,Temp,13.59172994,0.339206313,0.025729044,170.1280269,1.373608658
086.7 090.0,100,btl_temperature,Temp,12.33915377,0.432186036,0.024266331,146.3850028,1.496746788
086.7 090.0,125,btl_temperature,Temp,10.92743332,0.372447658,0.020240301,113.1240384,1.127257314
086.7 090.0,150,btl_temperature,Temp,9.894911584,0.274220525,0.022822786,122.9719455,0.671407252
086.7 090.0,200,btl_temperature,Temp,8.762840231,0.09227245,0.025783277,123.0440775,0.277808909
086.7 090.0,250,btl_temperature,Temp,8.044739614,0.058478914,0.02724176,129.9509132,0.274932499
086.7 090.0,300,btl_temperature,Temp,7.404718172,0.0575939,0.021452603,125.3005661,0.27391929
086.7 090.0,400,btl_temperature,Temp,6.343258582,0.081016349,0.006986193,0.005654443,0.23663951
086.7 090.0,500,btl_temperature,Temp,5.72727635,0.027974123,0.019247436,66.22585445,0.227388726
086.7 100.0,0,btl_temperature,Temp,16.77498618,1.879715564,0.01590489,161.2152224,0.800128462
086.7 100.0,10,btl_temperature,Temp,16.7386897,1.897669793,0.015937851,162.3108314,0.800513039
086.7 100.0,20,btl_temperature,Temp,16.67547032,1.878193665,0.015958153,162.9679515,0.802086521
086.7 100.0,30,btl_temperature,Temp,16.47289481,1.627392546,0.015129169,166.7370557,0.940537981
086.7 100.0,50,btl_temperature,Temp,15.79142422,1.022819529,0.012935935,186.1308399,1.266634576
086.7 100.0,75,btl_temperature,Temp,14.34511191,-0.214542337,0.023412935,223.4166385,1.349634456
086.7 100.0,100,btl_temperature,Temp,11.87793797,-1.329007748,0.007683132,360,1.566603597
086.7 100.0,125,btl_temperature,Temp,10.54489902,-1.305027447,0.007769038,360,1.484030478
086.7 100.0,150,btl_temperature,Temp,10.36022255,-0.311506548,0.021932274,234.8827215,1.021688892
086.7 100.0,200,btl_temperature,Temp,8.959621372,-0.230567449,0.027709868,215.8610034,0.426745375
086.7 100.0,250,btl_temperature,Temp,8.160908692,-0.168192084,0.027368226,212.2493395,0.335474471
086.7 100.0,300,btl_temperature,Temp,7.499308388,-0.160593947,0.028252138,214.5647222,0.300467603
086.7 100.0,400,btl_temperature,Temp,6.40866262,-0.066655855,0.029999983,214.158952,0.28220334
086.7 100.0,500,btl_temperature,Temp,5.735933208,-0.043565147,0.03,212.1682146,0.231630833
086.7 110.0,0,btl_temperature,Temp,17.12449445,1.892068733,0.015758786,156.1651113,0.807234983
086.7 110.0,10,btl_temperature,Temp,17.07460637,1.890299404,0.015599919,156.4986026,0.799661598
086.7 110.0,20,btl_temperature,Temp,16.99610479,1.856841734,0.015305232,158.639994,0.804138808
086.7 110.0,30,btl_temperature,Temp,16.86230278,1.745980799,0.014676756,163.7342226,0.808050399
086.7 110.0,50,btl_temperature,Temp,16.50594097,1.460782239,0.008618205,218.0475458,1.140556705
086.7 110.0,75,btl_temperature,Temp,14.83836125,-0.513716378,0.0296861,216.0642355,1.296118173
086.7 110.0,100,btl_temperature,Temp,13.41087618,-0.534082107,0.020839302,241.9991914,1.489605637
086.7 110.0,125,btl_temperature,Temp,11.51126703,-0.785673735,0.01216436,294.1229773,1.558086685
086.7 110.0,150,btl_temperature,Temp,10.31242988,-0.417113459,0.012403222,298.1495327,1.135855263
086.7 110.0,200,btl_temperature,Temp,9.030445741,-0.187528178,0.024182076,210.489878,0.391149408
086.7 110.0,250,btl_temperature,Temp,8.247221404,-0.135942465,0.021392588,212.7279369,0.315785546
086.7 110.0,300,btl_temperature,Temp,7.51733816,-0.091781424,0.01825256,228.0614066,0.283398996
086.7 110.0,400,btl_temperature,Temp,6.398118217,-0.064305713,0.017454444,189.9361315,0.282226597
086.7 110.0,500,btl_temperature,Temp,5.690905367,-0.041906598,0.018271737,182.5369291,0.204539857
090.0 028.0,0,btl_temperature,Temp,17.43821507,2.936681225,0.017538805,137.5995708,1.119231709
090.0 028.0,10,btl_temperature,Temp,16.41219644,2.048059301,0.01668667,150.3273631,1.277397746
090.0 028.0,20,btl_temperature,Temp,14.60280905,1.337712754,0.014798811,226.9524977,1.284294653
090.0 028.0,30,btl_temperature,Temp,13.08192965,1.231343797,0.018266993,230.94751780000001,1.099688478
090.0 028.0,50,btl_temperature,Temp,11.72549955,1.10762657,0.02028929,221.9590566,0.902709862
090.0 030.0,0,btl_temperature,Temp,17.67724955,3.168400955,0.017322959,140.7757997,1.039725142
090.0 030.0,10,btl_temperature,Temp,17.08220477,2.647807928,0.016558734,150.2638575,1.084811463
090.0 030.0,20,btl_temperature,Temp,15.72852329,1.66900409,0.014314298,197.2287201,1.244080317
090.0 030.0,30,btl_temperature,Temp,14.13680148,1.313570872,0.016674712,226.0413145,1.161597067
090.0 030.0,50,btl_temperature,Temp,12.11875106,1.12702103,0.022253621,214.6984007,0.927969741
090.0 030.0,75,btl_temperature,Temp,11.02140496,0.808940856,0.02223237,213.4810713,0.690837588
090.0 030.0,100,btl_temperature,Temp,10.33690781,0.603270122,0.021985176,213.5918509,0.48005518
090.0 030.0,125,btl_temperature,Temp,9.935227867,0.439327952,0.022142533,206.06961570000001,0.397202402
090.0 030.0,150,btl_temperature,Temp,9.641537675,0.344047634,0.020987766,205.4804958,0.379055196
090.0 030.0,200,btl_temperature,Temp,9.130874509,0.296972605,0.020116571,198.4218704,0.360195348
090.0 030.0,250,btl_temperature,Temp,8.658511119,0.291774055,0.021991155,186.5270828,0.362441982
090.0 030.0,300,btl_temperature,Temp,8.226143358,0.306145823,0.020527839,181.394697,0.364651254
090.0 030.0,400,btl_temperature,Temp,7.332367318,0.29059245,0.020047307,164.7826561,0.300163887
090.0 030.0,500,btl_temperature,Temp,6.559798103,0.220800883,0.021728877,152.8948536,0.254831079
090.0 035.0,0,btl_temperature,Temp,17.41503113,2.897481876,0.016808761,140.1660946,0.950319956
090.0 035.0,10,btl_temperature,Temp,17.13763483,2.678566559,0.016590864,144.4608155,0.908185002
090.0 035.0,20,btl_temperature,Temp,15.96308498,1.588084039,0.015074988,165.353069,1.209880121
090.0 035.0,30,btl_temperature,Temp,14.4465683,0.874942154,0.017747598,203.6814509,1.29845813
090.0 035.0,50,btl_temperature,Temp,12.34311995,0.783367937,0.026084496,204.8009495,0.956797037
090.0 035.0,75,btl_temperature,Temp,11.01041712,0.646172609,0.026444174,206.6021016,0.700513915
090.0 035.0,100,btl_temperature,Temp,10.23253672,0.416200774,0.02510424,214.0570692,0.491120969
090.0 035.0,125,btl_temperature,Temp,9.825228505,0.306157173,0.018095089,254.1179735,0.411053352
090.0 035.0,150,btl_temperature,Temp,9.433120596,0.282531067,0.023862297,224.1404333,0.41268301
090.0 035.0,200,btl_temperature,Temp,8.954202612,0.25335494,0.021572176,210.6826004,0.398415871
090.0 035.0,250,btl_temperature,Temp,8.568866488,0.242309365,0.020546284,201.709401,0.388767533
090.0 035.0,300,btl_temperature,Temp,8.209941002,0.2962822,0.015254162,215.7475836,0.340348106
090.0 037.0,0,btl_temperature,Temp,17.25318968,2.788654297,0.01706226,143.16442609999999,0.85790879
090.0 037.0,10,btl_temperature,Temp,17.09097681,2.673673678,0.016942372,144.2133335,0.934928392
090.0 037.0,20,btl_temperature,Temp,16.09929412,1.683721045,0.015178038,166.5412058,1.152532864
090.0 037.0,30,btl_temperature,Temp,14.8963751,1.088611157,0.013515867,234.9338291,1.160790654
090.0 037.0,50,btl_temperature,Temp,12.39255445,0.943769586,0.027130303,208.4414342,1.040164855
090.0 037.0,75,btl_temperature,Temp,11.03997385,0.632675726,0.027139623,206.437036,0.711933154
090.0 037.0,100,btl_temperature,Temp,10.259939,0.440990558,0.026161635,211.4780711,0.47115694
090.0 037.0,125,btl_temperature,Temp,9.760134592,0.354362241,0.025972974,212.4950896,0.376279625
090.0 037.0,150,btl_temperature,Temp,9.442821739,0.317628975,0.025559534,212.4656868,0.381460201
090.0 037.0,200,btl_temperature,Temp,8.864663519,0.285038631,0.024281184,223.0681186,0.350179149
090.0 037.0,250,btl_temperature,Temp,8.38209346,0.228183713,0.021952186,226.0445841,0.348207304
090.0 037.0,300,btl_temperature,Temp,7.975248495,0.24102579700000001,0.020136851,201.9811392,0.378061222
090.0 037.0,400,btl_temperature,Temp,7.137761153,0.218830072,0.019766499,186.3291132,0.29034002
090.0 037.0,500,btl_temperature,Temp,6.415791133,0.174079053,0.018252454,185.0957623,0.201166093
090.0 045.0,0,btl_temperature,Temp,16.50852688,2.419325898,0.016917179,152.7699155,0.876426625
090.0 045.0,10,btl_temperature,Temp,16.3168917,2.355513936,0.017156528,154.4452232,0.911057636
090.0 045.0,20,btl_temperature,Temp,15.46271392,1.640346004,0.015869771,178.8910883,1.147204544
090.0 045.0,30,btl_temperature,Temp,14.27131676,1.112724239,0.015728493,225.5293379,1.217144056
090.0 045.0,50,btl_temperature,Temp,12.02963204,0.931732486,0.025115254,223.15448,1.050678549
090.0 045.0,75,btl_temperature,Temp,10.7185036,0.621867467,0.022302262,236.4984838,0.75830632
090.0 045.0,100,btl_temperature,Temp,9.929671972,0.447726484,0.024827384,226.0499137,0.500030566
090.0 045.0,125,btl_temperature,Temp,9.501185708,0.293622117,0.023043733,235.1992733,0.379112678
090.0 045.0,150,btl_temperature,Temp,9.175616112,0.255967577,0.024255799,222.3983596,0.361129847
090.0 045.0,200,btl_temperature,Temp,8.66420416,0.175510409,0.024767506,220.265008,0.363624806
090.0 045.0,250,btl_temperature,Temp,8.185041419,0.167895251,0.024282224,222.4709489,0.352116353
090.0 045.0,300,btl_temperature,Temp,7.750971543,0.173410158,0.023660398,215.5718236,0.323694119
090.0 045.0,400,btl_temperature,Temp,6.962956781,0.166862892,0.020959221,215.8028243,0.27595653
090.0 045.0,500,btl_temperature,Temp,6.299186295,0.140465704,0.020874203,217.2468656,0.213438339
090.0 053.0,0,btl_temperature,Temp,15.85952352,2.119484745,0.015875087,163.8186218,1.001989758
090.0 053.0,10,btl_temperature,Temp,15.76904883,2.10968184,0.01613434,163.8305885,1.023683279
090.0 053.0,20,btl_temperature,Temp,15.44438031,1.851515912,0.015682845,172.8755807,1.111505426
090.0 053.0,30,btl_temperature,Temp,15.0659199,1.556198752,0.011895546,226.6545101,1.246340729
090.0 053.0,50,btl_temperature,Temp,12.56505976,0.983110312,0.026649171,235.5750331,1.251208443
090.0 053.0,75,btl_temperature,Temp,10.98967536,0.694325089,0.027487837,245.3208544,1.043380744
090.0 053.0,100,btl_temperature,Temp,10.00317897,0.460626691,0.027853566,242.0768086,0.654586833
090.0 053.0,125,btl_temperature,Temp,9.400770222,0.33712494,0.027600613,241.5309901,0.46144858
090.0 053.0,150,btl_temperature,Temp,8.978128184,0.293096645,0.026887369,239.4209265,0.366626689
090.0 053.0,200,btl_temperature,Temp,8.377634782,0.261100005,0.026868882,248.3289044,0.374048225
090.0 053.0,250,btl_temperature,Temp,7.848917565,0.245288249,0.025579345,237.2245684,0.303355481
090.0 053.0,300,btl_temperature,Temp,7.410204916,0.247077195,0.02568929,234.6484055,0.28081854
090.0 053.0,400,btl_temperature,Temp,6.750230513,0.14779816,0.024816362,235.16539,0.203099624
090.0 053.0,500,btl_temperature,Temp,6.175167897,0.0970615,0.025261542,229.9074572,0.1654515
090.0 060.0,0,btl_temperature,Temp,15.93560533,1.802786786,0.014236562,166.157862,0.800638794
090.0 060.0,10,btl_temperature,Temp,15.86333471,1.765107486,0.013928884,169.8266989,0.823232125
090.0 060.0,20,btl_temperature,Temp,15.74250435,1.722189821,0.013330087,174.2790926,0.902645805
090.0 060.0,30,btl_temperature,Temp,15.5683515,1.567853258,0.010756931,202.6402348,1.024498834
090.0 060.0,50,btl_temperature,Temp,13.41761169,0.535098522,0.03,229.1607861,1.276558273
090.0 060.0,75,btl_temperature,Temp,11.80617231,0.663128552,0.019247371,317.7214604,1.218382221
090.0 060.0,100,btl_temperature,Temp,10.47924242,0.402670205,0.023740374,288.3745101,0.829786194
090.0 060.0,125,btl_temperature,Temp,9.69718256,0.320120945,0.024078693,281.972055,0.536973517
090.0 060.0,150,btl_temperature,Temp,9.137387139,0.230251495,0.026858367,253.3988299,0.355013219
090.0 060.0,200,btl_temperature,Temp,8.426452841,0.173965805,0.026609576,250.471626,0.300851762
090.0 060.0,250,btl_temperature,Temp,7.848257302,0.157946917,0.024894665,261.857407,0.278910743
090.0 060.0,300,btl_temperature,Temp,7.351048811,0.118494779,0.025378289,264.2584452,0.277974206
090.0 060.0,400,btl_temperature,Temp,6.55228348,0.089176781,0.025987715,262.4743772,0.25428988
090.0 060.0,500,btl_temperature,Temp,5.988389295,0.05787936,0.026598274,257.8973784,0.195329544
090.0 070.0,0,btl_temperature,Temp,16.09313356,1.752636483,0.01563905,166.1402885,0.917923799
090.0 070.0,10,btl_temperature,Temp,16.04343213,1.736446252,0.015627361,167.1346997,0.921594965
090.0 070.0,20,btl_temperature,Temp,15.91112363,1.623024343,0.015248524,172.0162064,0.994780598
090.0 070.0,30,btl_temperature,Temp,15.66371023,1.356942647,0.013651018,182.6070061,1.098753963
090.0 070.0,50,btl_temperature,Temp,14.88956293,0.827000456,0.006327424,359.9999965,1.280556149
090.0 070.0,75,btl_temperature,Temp,11.47278179,-1.322816607,0.005026171,359.9960893,1.274458346
090.0 070.0,100,btl_temperature,Temp,10.35521805,-0.85818576,0.005325083,359.9999856,1.092061205
090.0 070.0,125,btl_temperature,Temp,9.630358666,-0.517414793,0.006048199,359.9998374,0.784413297
090.0 070.0,150,btl_temperature,Temp,9.355948635,-0.167690797,0.020838472,173.87609,0.495298514
090.0 070.0,200,btl_temperature,Temp,8.536847454,-0.070767872,0.025704434,153.128225,0.329977274
090.0 070.0,250,btl_temperature,Temp,7.869921482,-0.041081723,0.019998198,165.8345214,0.322788703
090.0 070.0,300,btl_temperature,Temp,7.275553499,0.023471458,0.017632363,186.6096477,0.307252443
090.0 070.0,400,btl_temperature,Temp,6.405544182,0.021232671,0.021697976,202.0054662,0.257303336
090.0 070.0,500,btl_temperature,Temp,5.804964472,0.012989758,0.016337205,208.6964682,0.202415468
090.0 080.0,0,btl_temperature,Temp,16.3324392,1.822624466,0.016126419,168.6717178,0.834697397
090.0 080.0,10,btl_temperature,Temp,16.28088284,1.781324387,0.01614228,169,0.841717744
090.0 080.0,20,btl_temperature,Temp,16.16729905,1.68088408,0.016062743,170,0.881260201
090.0 080.0,30,btl_temperature,Temp,15.94130973,1.483729922,0.015749401,176,0.983165126
090.0 080.0,50,btl_temperature,Temp,14.79073643,0.563939333,0.015759609,204.5257588,1.239107731
090.0 080.0,75,btl_temperature,Temp,12.51866915,-0.866886195,0.005956043,360,1.385259608
090.0 080.0,100,btl_temperature,Temp,10.99590086,-0.811530201,0.005545783,360,1.299332992
090.0 080.0,125,btl_temperature,Temp,9.982665754,-0.485501596,0.005963971,360,0.875642956
090.0 080.0,150,btl_temperature,Temp,9.281677151,-0.371221055,0.006386844,360,0.56574926
090.0 080.0,200,btl_temperature,Temp,8.524960072,-0.117080435,0.007323431,349.628527,0.271593462
090.0 080.0,250,btl_temperature,Temp,7.884419986,-0.073144583,0.005732167,359.9999998,0.248061867
090.0 080.0,300,btl_temperature,Temp,7.318375642,-0.027305016,0.022025490000000002,187.5379167,0.251259529
090.0 080.0,400,btl_temperature,Temp,6.491654339,0.132217351,0.007269626,359.7254997,0.267594567
090.0 080.0,500,btl_temperature,Temp,5.8822166,0.12093153,0.00442657,359.9994667,0.252210008
090.0 090.0,0,btl_temperature,Temp,16.65367642,1.875169349,0.016600435,164.4340465,0.891438228
090.0 090.0,10,btl_temperature,Temp,16.60931988,1.832696628,0.016421863,165.7847656,0.907874541
090.0 090.0,20,btl_temperature,Temp,16.52169743,1.770591586,0.016235406,168.3132788,0.93574501
090.0 090.0,30,btl_temperature,Temp,16.36140385,1.63118015,0.015529237,174.6286875,0.968936936
090.0 090.0,50,btl_temperature,Temp,15.37580863,0.79727464,0.017110692,177.3254984,1.323111656
090.0 090.0,75,btl_temperature,Temp,13.19968836,-0.872262256,0.004878254,359.9956898,1.480296166
090.0 090.0,100,btl_temperature,Temp,11.47033262,-1.232338254,0.006682146,359.9988051,1.546442706
090.0 090.0,125,btl_temperature,Temp,10.32886136,-0.935061599,0.00616262,359.9998649,1.248652319
090.0 090.0,150,btl_temperature,Temp,9.532731154,-0.474931094,0.005563345,359.999772,0.743531055
090.0 090.0,200,btl_temperature,Temp,8.732066546,-0.12669263,0.01315603,219.50592,0.321164344
090.0 090.0,250,btl_temperature,Temp,8.013018269,-0.083925049,0.016735693,210.8557111,0.301589169
090.0 090.0,300,btl_temperature,Temp,7.354335946,-0.059093643,0.015192489,219.5536762,0.258384842
090.0 090.0,400,btl_temperature,Temp,6.408364833,-0.092746686,0.027728238,217.5185735,0.252783316
090.0 090.0,500,btl_temperature,Temp,5.762081189,-0.06601856,0.028693414,220.375895,0.211981007
090.0 100.0,0,btl_temperature,Temp,17.09062254,1.930423033,0.016576307,163.1533081,0.824418559
090.0 100.0,10,btl_temperature,Temp,17.05730121,1.916322626,0.016519174,163.9023896,0.824940671
090.0 100.0,20,btl_temperature,Temp,16.98512062,1.885096467,0.016369055,166.1308692,0.850228174
090.0 100.0,30,btl_temperature,Temp,16.84182564,1.759124386,0.015960766,171.4902205,0.941003007
090.0 100.0,50,btl_temperature,Temp,15.8589304,0.860239262,0.018102624,173.1359817,1.359891484
090.0 100.0,75,btl_temperature,Temp,14.65617144,-3.924945259,6.56544e-4,89.22174055,1.527794652
090.0 100.0,100,btl_temperature,Temp,13.40923364,-8.981638571,2.60439e-4,87.6971856,1.710294919
090.0 100.0,125,btl_temperature,Temp,11.88227616,-6.239745299,2.53905e-4,93.53066152,1.520608836
090.0 100.0,150,btl_temperature,Temp,10.50386472,-4.170201501,2.56263e-4,93.53704658,0.973471112
090.0 100.0,200,btl_temperature,Temp,9.029257621,-3.012872229,2.79903e-4,120.2104668,0.376377211
090.0 100.0,250,btl_temperature,Temp,8.233588142,-2.879467106,2.86306e-4,120.3070202,0.320109817
090.0 100.0,300,btl_temperature,Temp,7.531705715,-3.082495118,2.61903e-4,134.998843,0.318837684
090.0 100.0,400,btl_temperature,Temp,6.451762809,-2.448156884,2.49957e-4,142.6021277,0.302089658
090.0 100.0,500,btl_temperature,Temp,5.752761708,-1.967696162,2.54837e-4,142.5855281,0.288289141
090.0 110.0,0,btl_temperature,Temp,17.42251264,1.956525599,0.015882713,158.0325551,0.729360429
090.0 110.0,10,btl_temperature,Temp,17.37102644,1.937976307,0.015823537,159.5251853,0.736043761
090.0 110.0,20,btl_temperature,Temp,17.30643954,1.884478778,0.015566014,161.743505,0.74396447
090.0 110.0,30,btl_temperature,Temp,17.20887515,1.76726979,0.014951334,166.1323135,0.796815352
090.0 110.0,50,btl_temperature,Temp,17.21102101,1.587275682,0.007546542,259.440179,1.160060957
090.0 110.0,75,btl_temperature,Temp,14.94001019,-0.294770215,0.012245717,183.1777284,1.350833422
090.0 110.0,100,btl_temperature,Temp,13.54525009,-0.586752618,0.0151,234.7203158,1.554788407
090.0 110.0,125,btl_temperature,Temp,12.05218294,-0.648366323,0.0144,247.7584746,1.564934224
090.0 110.0,150,btl_temperature,Temp,10.84341209,-0.451071421,0.018,217.9537286,1.194819889
090.0 110.0,200,btl_temperature,Temp,9.19769944,-0.277907899,0.0218,196.7525853,0.473407874
090.0 110.0,250,btl_temperature,Temp,8.279867689,-0.167308672,0.0187,194.3208171,0.325365195
090.0 110.0,300,btl_temperature,Temp,7.538235818,-0.132558279,0.0186,192.9093616,0.298403694
090.0 110.0,400,btl_temperature,Temp,6.422458321,-0.127190737,0.0174,189.0416028,0.249616222
090.0 110.0,500,btl_temperature,Temp,5.536539088,-0.242267181,0.00701,359.9999221,0.237371767
090.0 120.0,0,btl_temperature,Temp,17.72850072,1.728280022,0.015770558,159.7967807,0.809675177
090.0 120.0,10,btl_temperature,Temp,17.6854026,1.612865303,0.015290324,160.0496768,0.735900616
090.0 120.0,20,btl_temperature,Temp,17.61482628,1.531346571,0.015030662,162.3018219,0.758159951
090.0 120.0,30,btl_temperature,Temp,17.52755442,1.514256352,0.015056606,167.7423052,0.817459419
090.0 120.0,50,btl_temperature,Temp,17.55930988,1.496109072,0.009624486,239.0681201,0.965219985
090.0 120.0,75,btl_temperature,Temp,15.65794606,-0.227092876,0.018108096,132.7082402,1.308411338
090.0 120.0,100,btl_temperature,Temp,14.54231087,-0.491011142,0.018273065,206.9815914,1.712612809
090.0 120.0,125,btl_temperature,Temp,13.03312775,-0.471201442,0.015260916,221.2484165,1.729404564
090.0 120.0,150,btl_temperature,Temp,11.50771871,-0.403879862,0.01414035,229,1.442559977
090.0 120.0,200,btl_temperature,Temp,9.439430848,-0.19592166,0.019471383,206.914991,0.548426697
090.0 120.0,250,btl_temperature,Temp,8.448621789,-0.142632695,0.021590159,185.0902125,0.32655114
090.0 120.0,300,btl_temperature,Temp,7.715277558,-0.118162506,0.023961227,194.5238662,0.27766214
090.0 120.0,400,btl_temperature,Temp,6.509159797,-0.051302619,0.020234831000000002,198.7446774,0.22591847
090.0 120.0,500,btl_temperature,Temp,5.777644517,-0.051492506,0.021206973,205.5935764,0.218037249
093.3 026.7,0,btl_temperature,Temp,17.73499955,3.177420085,0.016774611,127.8070786,1.216380188
093.3 026.7,10,btl_temperature,Temp,15.98307364,1.339849351,0.010569656,181.5107644,1.536908489
093.3 026.7,20,btl_temperature,Temp,13.93122777,1.186247977,0.016560798,240.2450925,1.322198183
093.3 026.7,30,btl_temperature,Temp,12.53554529,1.282232573,0.021382163,220.5709063,1.014107586
093.3 026.7,50,btl_temperature,Temp,11.54140883,1.189715842,0.02210909,213.1908899,0.963949234
093.3 028.0,0,btl_temperature,Temp,17.91817291,3.290756027,0.016313197,130.8342764,0.981793718
093.3 028.0,10,btl_temperature,Temp,16.7996211,2.017739339,0.013278012,155.9140394,1.172530302
093.3 028.0,20,btl_temperature,Temp,15.97551055,2.186320798,0.009793391,275.0385701,1.216025573
093.3 028.0,30,btl_temperature,Temp,13.50041159,1.12933154,0.01870471,221.5085264,1.132301488
093.3 028.0,50,btl_temperature,Temp,11.8393373,1.17029414,0.021991173,213.6567341,0.961012543
093.3 028.0,75,btl_temperature,Temp,10.9535171,0.899647676,0.021747417,213.7119028,0.698218041
093.3 028.0,100,btl_temperature,Temp,10.420142,0.674486226,0.021596545,210.4472861,0.539593346
093.3 028.0,125,btl_temperature,Temp,10.13510957,0.585883938,0.020206334,213.1196449,0.492969384
093.3 028.0,150,btl_temperature,Temp,9.90652939,0.506727038,0.018541197,213.3797158,0.412144343
093.3 028.0,200,btl_temperature,Temp,9.4320094310000009,0.366228472,0.0198366,187.9383037,0.402639181
093.3 028.0,250,btl_temperature,Temp,8.983488538,0.306225492,0.020278521,174.266678,0.334259757
093.3 028.0,300,btl_temperature,Temp,8.53024101,0.297931779,0.021354473,163.3552061,0.347443963
093.3 028.0,400,btl_temperature,Temp,7.551770956,0.348750307,0.022611372,145.0463648,0.314226662
093.3 028.0,500,btl_temperature,Temp,6.641547262,0.246485422,0.023227468,138.147531,0.229604687
093.3 030.0,0,btl_temperature,Temp,17.86750978,3.172034429,0.01642628,137,0.897100778
093.3 030.0,10,btl_temperature,Temp,17.31676252,2.506620808,0.015700752,144,0.999951506
093.3 030.0,20,btl_temperature,Temp,15.79551938,1.374866153,0.014690625,184,1.245606906
093.3 030.0,30,btl_temperature,Temp,14.04663736,0.982359009,0.021421724,209.3717404,1.363675545
093.3 030.0,50,btl_temperature,Temp,12.22910065,0.990825653,0.024220749,204.1018014,1.0108541
093.3 030.0,75,btl_temperature,Temp,11.08147906,0.761477824,0.023118013,210.8233032,0.752492626
093.3 030.0,100,btl_temperature,Temp,10.48454956,0.590682642,0.021429299,217.5488519,0.558792441
093.3 030.0,125,btl_temperature,Temp,10.10288076,0.437778681,0.021229862,217.2940426,0.482537983
093.3 030.0,150,btl_temperature,Temp,9.841101881,0.350549364,0.021035991,206.1901721,0.444939944
093.3 030.0,200,btl_temperature,Temp,9.397956968,0.279198935,0.02147736,183.7996307,0.409421055
093.3 030.0,250,btl_temperature,Temp,8.953732076,0.274558167,0.020392953,173.6595563,0.348518844
093.3 030.0,300,btl_temperature,Temp,8.505532251,0.331990636,0.021562314,158.6287841,0.376662591
093.3 030.0,400,btl_temperature,Temp,7.503871401,0.316327294,0.021508625,144,0.329373294
093.3 030.0,500,btl_temperature,Temp,6.613003875,0.196208198,0.021040261,143,0.235982452
093.3 035.0,0,btl_temperature,Temp,17.46628408,2.649720343,0.015777602,139,0.836364634
093.3 035.0,10,btl_temperature,Temp,17.18006638,2.309236671,0.015505975,146,0.917687684
093.3 035.0,20,btl_temperature,Temp,16.58466298,1.749912212,0.011083361,204,1.104980554
093.3 035.0,30,btl_temperature,Temp,16.27551874,2.247186445,0.009061253,297,1.403390678
093.3 035.0,50,btl_temperature,Temp,12.77198872,0.882000282,0.023730603,214.2882076,1.169158843
093.3 035.0,75,btl_temperature,Temp,11.29882096,0.774948152,0.026283344,211.7761394,0.848853646
093.3 035.0,100,btl_temperature,Temp,10.4427093,0.430820511,0.022746222,231.1502632,0.509410223
093.3 035.0,125,btl_temperature,Temp,9.956727844,0.304181803,0.02245706,234.4904814,0.464198644
093.3 035.0,150,btl_temperature,Temp,9.587442951,0.324763094,0.024659035,230.2806336,0.474446351
093.3 035.0,200,btl_temperature,Temp,9.006064034,0.256127697,0.02661674,215.5365153,0.511318035
093.3 035.0,250,btl_temperature,Temp,8.504921029,0.201831076,0.027522404,218.2104788,0.511529518
093.3 035.0,300,btl_temperature,Temp,8.023871344,0.15903628,0.029618852,217.1125101,0.464373566
093.3 035.0,400,btl_temperature,Temp,7.153730494,0.137839866,0.016769176,191.2900083,0.329609456
093.3 035.0,500,btl_temperature,Temp,6.450520333,0.117988654,0.014478105,182,0.221009047
093.3 040.0,0,btl_temperature,Temp,17.17034396,2.412370677,0.016273174,147,0.752232974
093.3 040.0,10,btl_temperature,Temp,17.05482324,2.302568412,0.016168181,147,0.760649014
093.3 040.0,20,btl_temperature,Temp,16.42773348,1.57979038,0.012971158,181,1.11583233
093.3 040.0,30,btl_temperature,Temp,16.56942995,2.38493838,0.008689653,301,1.320481241
093.3 040.0,50,btl_temperature,Temp,12.74334891,1.224019756,0.027198182,217.4693108,1.064266115
093.3 040.0,75,btl_temperature,Temp,11.25773596,0.847965272,0.028422361,214.7840812,0.835721798
093.3 040.0,100,btl_temperature,Temp,10.38623005,0.425750128,0.024659833,232.557022,0.618723398
093.3 040.0,125,btl_temperature,Temp,9.813506932,0.315210979,0.022054598,250.1468716,0.442302228
093.3 040.0,150,btl_temperature,Temp,9.3803885,0.254423903,0.022050488,256.9201106,0.38323894
093.3 040.0,200,btl_temperature,Temp,8.770022522,0.173052915,0.022373976,245.3804991,0.426402593
093.3 040.0,250,btl_temperature,Temp,8.253426164,0.156264883,0.02138202,246.8127177,0.394395183
093.3 040.0,300,btl_temperature,Temp,7.779934922,0.144954401,0.024690608,233.419324,0.394318546
093.3 040.0,400,btl_temperature,Temp,6.925755895,0.117806544,0.027811972,208.9517083,0.315929283
093.3 040.0,500,btl_temperature,Temp,6.559662564,0.34619919,0.006954509,359.9999921,0.214018597
093.3 045.0,0,btl_temperature,Temp,16.790851580000002,2.297745448,0.016159591,150.6370135,0.818131061
093.3 045.0,10,btl_temperature,Temp,16.64641931,2.255150825,0.016195109,154.2309682,0.843297783
093.3 045.0,20,btl_temperature,Temp,16.16600792,1.733812161,0.013596189,183.2364604,1.174128346
093.3 045.0,30,btl_temperature,Temp,15.88706466,1.849683645,0.010108592,265.8324291,1.360130209
093.3 045.0,50,btl_temperature,Temp,12.70792828,0.916871418,0.027182515,224.2284901,1.275298684
093.3 045.0,75,btl_temperature,Temp,11.06784511,0.686045635,0.027090884,224.2177456,0.920327166
093.3 045.0,100,btl_temperature,Temp,10.17764986,0.488790952,0.027145137,226.2365927,0.667089283
093.3 045.0,125,btl_temperature,Temp,9.622668314,0.31528508,0.025592601,245.0337276,0.50968726
093.3 045.0,150,btl_temperature,Temp,9.216304361,0.25396281,0.024280759,252.1653646,0.40878494
093.3 045.0,200,btl_temperature,Temp,8.621526523,0.296802605,0.023251304,246.4026451,0.427319232
093.3 045.0,250,btl_temperature,Temp,8.084189837,0.278390362,0.025737335,232.8853673,0.436721192
093.3 045.0,300,btl_temperature,Temp,7.621222567,0.204466281,0.025990066,236.2913796,0.369864609
093.3 045.0,400,btl_temperature,Temp,6.811662338,0.168030877,0.027325895,227.5237396,0.275890111
093.3 045.0,500,btl_temperature,Temp,6.149889759,0.117452387,0.025695174,229.4627171,0.189610194
093.3 050.0,0,btl_temperature,Temp,16.6329032,2.152991387,0.015791366,153.8361928,0.897215356
093.3 050.0,10,btl_temperature,Temp,16.44719191,2.097090964,0.015691355,159.728303,0.937786017
093.3 050.0,20,btl_temperature,Temp,16.15620639,1.849117225,0.013771314,184.6133077,1.188239775
093.3 050.0,30,btl_temperature,Temp,16.65910494,2.728549047,0.009012714,279.2448382,1.403011155
093.3 050.0,50,btl_temperature,Temp,12.81631726,1.218576547,0.02742376,232.0359671,1.263859723
093.3 050.0,75,btl_temperature,Temp,11.25118893,0.822751367,0.029081917,232.8298584,1.017385634
093.3 050.0,100,btl_temperature,Temp,10.19127714,0.567242337,0.029446418,230.2457183,0.684108575
093.3 050.0,125,btl_temperature,Temp,9.573897448,0.406148428,0.028413741,235.7377825,0.469278002
093.3 050.0,150,btl_temperature,Temp,9.15676453,0.375221897,0.027320134,244.1474639,0.42357934
093.3 050.0,200,btl_temperature,Temp,8.535309987,0.303651809,0.021472552,276.2949131,0.355926704
093.3 050.0,250,btl_temperature,Temp,8.019085055,0.236327992,0.022811915,270.0250669,0.30563006
093.3 050.0,300,btl_temperature,Temp,7.551500868,0.190907035,0.02694121,236.8709573,0.278233829
093.3 050.0,400,btl_temperature,Temp,6.790004164,0.138228049,0.027957284,225.6049539,0.245234542
093.3 050.0,500,btl_temperature,Temp,6.197596728,0.119961189,0.03,210.0296072,0.196146942
093.3 055.0,0,btl_temperature,Temp,16.45264658,1.979742294,0.01464811,162.2048366,0.916964145
093.3 055.0,10,btl_temperature,Temp,16.32517283,1.925516295,0.01457007,165.7386412,0.942807823
093.3 055.0,20,btl_temperature,Temp,16.13500909,1.700384316,0.01172785,194.2940459,0.987533336
093.3 055.0,30,btl_temperature,Temp,18.54867161,4.499602899,0.006063978,359.9968601,1.099522373
093.3 055.0,50,btl_temperature,Temp,13.11845048,1.058541221,0.025375049,243.322986,1.151357037
093.3 055.0,75,btl_temperature,Temp,11.44929302,0.775080042,0.025468662,250.1135357,1.050171395
093.3 055.0,100,btl_temperature,Temp,10.2839887,0.601062033,0.025401104,249.0558515,0.723850108
093.3 055.0,125,btl_temperature,Temp,9.599403739,0.376259327,0.0251886,252.6391284,0.504641417
093.3 055.0,150,btl_temperature,Temp,9.159167037,0.318050784,0.025290136,256.6104865,0.37600957
093.3 055.0,200,btl_temperature,Temp,8.516941008,0.231108533,0.02506133,251.5538925,0.307631699
093.3 055.0,250,btl_temperature,Temp,7.963226841,0.218008831,0.024510905,255.8629161,0.304718441
093.3 055.0,300,btl_temperature,Temp,7.490731396,0.1821089,0.025165847,250.4240899,0.334917585
093.3 055.0,400,btl_temperature,Temp,6.709056532,0.101890221,0.025216112,253.3212434,0.241229616
093.3 055.0,500,btl_temperature,Temp,6.153970971,0.034133524,0.028131016,246.2330344,0.200698133
093.3 060.0,0,btl_temperature,Temp,16.49851408,1.823114263,0.013906765,164.9618599,0.825878638
093.3 060.0,10,btl_temperature,Temp,16.41353769,1.799437512,0.014162545,165,0.827972353
093.3 060.0,20,btl_temperature,Temp,16.23345443,1.709615109,0.013930176,173,0.81020278
093.3 060.0,30,btl_temperature,Temp,18.03336457,3.490466133,0.005847805,344,0.937321641
093.3 060.0,50,btl_temperature,Temp,13.79419634,0.478351041,0.021616829,258.3322762,1.22961558
093.3 060.0,75,btl_temperature,Temp,12.21615883,0.666509588,0.015521285,338.8969056,1.20790123
093.3 060.0,100,btl_temperature,Temp,10.71540954,0.367068285,0.019497576,305.739157,0.875949914
093.3 060.0,125,btl_temperature,Temp,9.871184701,0.352844584,0.020404855,300.2804749,0.601843166
093.3 060.0,150,btl_temperature,Temp,9.277387064,0.18234099,0.021793967,281.0102108,0.361916242
093.3 060.0,200,btl_temperature,Temp,8.573632467,0.13283134,0.023672545,256.4869339,0.313902515
093.3 060.0,250,btl_temperature,Temp,7.967060963,0.070362025,0.021918403,262.5559689,0.307837491
093.3 060.0,300,btl_temperature,Temp,7.490416575,0.056536114,0.03,299.7210538,0.314939779
093.3 060.0,400,btl_temperature,Temp,6.656124045,0.046130794,0.027105681,313.571286,0.256912663
093.3 060.0,500,btl_temperature,Temp,6.05569662,0.054697524,0.03,300.8590728,0.209589922
093.3 070.0,0,btl_temperature,Temp,16.48841471,1.60065449,0.015038939,161.8871978,0.852297835
093.3 070.0,10,btl_temperature,Temp,16.45504021,1.587531863,0.014996394,162.3386667,0.865451192
093.3 070.0,20,btl_temperature,Temp,16.35019013,1.511221077,0.01442315,165.7532721,0.841192538
093.3 070.0,30,btl_temperature,Temp,16.12526081,1.386097909,0.01423605,167.0819567,0.91296119
093.3 070.0,50,btl_temperature,Temp,14.55770575,-0.232100929,0.022698746,153.6195508,1.29126544
093.3 070.0,75,btl_temperature,Temp,12.64063029,-0.851435274,0.007750943,217.2750005,1.386686076
093.3 070.0,100,btl_temperature,Temp,10.46564496,-1.207637026,0.004971407,359.9952675,1.177605795
093.3 070.0,125,btl_temperature,Temp,10.00163136,-8.666767361,2.8e-4,247.8071213,0.821315893
093.3 070.0,150,btl_temperature,Temp,9.357023579,-6.993695019,2.47889e-4,240.8516841,0.561381904
093.3 070.0,200,btl_temperature,Temp,8.528314794,-13.5098517,1e-4,223.9812078,0.361870828
093.3 070.0,250,btl_temperature,Temp,7.94177052,-10.165481,1e-4,183,0.331919928
093.3 070.0,300,btl_temperature,Temp,7.377458613,-7.681480156,1e-4,143,0.309620943
093.3 070.0,400,btl_temperature,Temp,6.471929526,-6.918199709,1e-4,179.0235466,0.292143601
093.3 070.0,500,btl_temperature,Temp,5.845046082,-5.212069014,1e-4,229,0.244349984
093.3 080.0,0,btl_temperature,Temp,16.6825305,1.723332603,0.016056461,166.1424961,0.828421571
093.3 080.0,10,btl_temperature,Temp,16.63577194,1.699443825,0.015964894,167.1078829,0.839416381
093.3 080.0,20,btl_temperature,Temp,16.54488714,1.662906021,0.015726644,170.1802949,0.851654761
093.3 080.0,30,btl_temperature,Temp,16.35100986,1.473525845,0.01441997,181.3277813,0.919348044
093.3 080.0,50,btl_temperature,Temp,15.9906535,1.201026789,0.006539147,356.0732218,1.303507193
093.3 080.0,75,btl_temperature,Temp,13.02357992,-21.19620853,1.54881e-4,313.274581,1.527852406
093.3 080.0,100,btl_temperature,Temp,11.76470067,-13.72823587,1.37573e-4,313.7857354,1.544183385
093.3 080.0,125,btl_temperature,Temp,10.5156845,-3.707098426,4.69e-4,314.4133541,1.195491152
093.3 080.0,150,btl_temperature,Temp,9.788053058,-0.145988999,0.0142,189.649769,0.722022421
093.3 080.0,200,btl_temperature,Temp,8.783216006,-0.152890541,0.00918,128.8912238,0.386407703
093.3 080.0,250,btl_temperature,Temp,8.055243115,-0.107518838,0.0126,150.3681762,0.301158145
093.3 080.0,300,btl_temperature,Temp,7.421589869,-0.098143974,0.0147,156.3331751,0.303436385
093.3 080.0,400,btl_temperature,Temp,6.433469551,-0.070728336,0.017,142.1755144,0.26214165
093.3 080.0,500,btl_temperature,Temp,5.902510068,-0.15336042,0.00759,4.95e-6,0.214799955
093.3 090.0,0,btl_temperature,Temp,17.01390794,1.998156374,0.016615629,164.0789964,0.85016678
093.3 090.0,10,btl_temperature,Temp,16.95055688,1.932411149,0.016476404,164.3056471,0.847157331
093.3 090.0,20,btl_temperature,Temp,16.83562759,1.833247129,0.016025899,168.2025973,0.841598944
093.3 090.0,30,btl_temperature,Temp,16.68617998,1.729227326,0.015593645,174.0942087,0.919641198
093.3 090.0,50,btl_temperature,Temp,15.7253217,0.943367897,0.016249809,184.7779701,1.100765764
093.3 090.0,75,btl_temperature,Temp,13.63058721,-0.774905404,0.004597132,359.9999996,1.360518562
093.3 090.0,100,btl_temperature,Temp,12.02567263,-1.081808817,0.006291497,359.9999945,1.478011185
093.3 090.0,125,btl_temperature,Temp,10.69647857,-0.982601606,0.006419764,359.9999995,1.27215114
093.3 090.0,150,btl_temperature,Temp,9.724806443,-0.734212297,0.006942594,359.9999455,0.90346499
093.3 090.0,200,btl_temperature,Temp,8.577365884,-0.416329961,0.006498461,359.9994682,0.345771477
093.3 090.0,250,btl_temperature,Temp,8.130168138,-0.074200021,0.014901928,208.4423306,0.317893324
093.3 090.0,300,btl_temperature,Temp,7.345249321,-0.140870041,0.00509185,359.9996615,0.277918521
093.3 090.0,400,btl_temperature,Temp,6.375883885,-1.155019669,3.23363e-4,299.1546172,0.267301958
093.3 090.0,500,btl_temperature,Temp,5.719205328,-0.970657341,2.99274e-4,292.7213299,0.217044465
093.3 100.0,0,btl_temperature,Temp,17.32527244,1.815929007,0.015896379,164.3826328,0.747919626
093.3 100.0,10,btl_temperature,Temp,17.27133159,1.753152125,0.015881517,163.7403663,0.75522568
093.3 100.0,20,btl_temperature,Temp,17.19560217,1.693140405,0.015600617,166.5546593,0.766015112
093.3 100.0,30,btl_temperature,Temp,17.09442276,1.624090812,0.015289695,170.5667898,0.806753797
093.3 100.0,50,btl_temperature,Temp,16.62281897,1.002787395,0.011198164,214.8272428,1.154038513
093.3 100.0,75,btl_temperature,Temp,14.68967319,-0.664993138,0.004457531,359.9893057,1.329703286
093.3 100.0,100,btl_temperature,Temp,12.72679141,-1.547986819,0.006127746,359.9387259,1.495671707
093.3 100.0,125,btl_temperature,Temp,11.70956643,-0.932424903,0.005844973,359.9984741,1.410711694
093.3 100.0,150,btl_temperature,Temp,10.38765383,-0.782139591,0.005800759,359.9999966,1.126315534
093.3 100.0,200,btl_temperature,Temp,9.141964868,-0.244590079,0.010851798,268.0142639,0.474832456
093.3 100.0,250,btl_temperature,Temp,8.368934556,-0.133559648,0.018294525,186.844388,0.30229323
093.3 100.0,300,btl_temperature,Temp,7.636859403,-0.137165129,0.018558233,190.7225128,0.282543363
093.3 100.0,400,btl_temperature,Temp,6.516834149,-0.096457594,0.017405619,201.1872459,0.262274692
093.3 100.0,500,btl_temperature,Temp,5.795192934,-0.082255126,0.017751337,205.9748489,0.239475348
093.3 110.0,0,btl_temperature,Temp,17.70329537,1.858089072,0.015530489,159.7862477,0.690197291
093.3 110.0,10,btl_temperature,Temp,17.68014191,1.836113642,0.01544029,160.0964774,0.688206719
093.3 110.0,20,btl_temperature,Temp,17.63884045,1.824515807,0.015364231,162.4238399,0.686744268
093.3 110.0,30,btl_temperature,Temp,17.53755618,1.711091594,0.014770056,167.2790133,0.749416972
093.3 110.0,50,btl_temperature,Temp,17.44475728,1.638122756,0.009694514,237.4923613,0.98660773
093.3 110.0,75,btl_temperature,Temp,15.47882953,-0.28329768,0.015922049,183.8612085,1.143800061
093.3 110.0,100,btl_temperature,Temp,14.13118193,-0.395123723,0.013886202,235.8811853,1.576413815
093.3 110.0,125,btl_temperature,Temp,12.71000541,-0.120172264,0.022254194,192.2643771,1.644706375
093.3 110.0,150,btl_temperature,Temp,10.7766974,-0.592443738,0.0054587,359.9949312,1.2584052
093.3 110.0,200,btl_temperature,Temp,9.333475438,-0.130527659,0.016958754,221.8993777,0.483630825
093.3 110.0,250,btl_temperature,Temp,8.421660817,-0.097997085,0.019955137,203.6613097,0.307544076
093.3 110.0,300,btl_temperature,Temp,7.689015892,-0.094158785,0.02335338,198.3499196,0.260839627
093.3 110.0,400,btl_temperature,Temp,6.535810701,-0.070746179,0.019146283,207.933199,0.231925481
093.3 110.0,500,btl_temperature,Temp,5.780047786,-0.033267833,0.013035046,183.2827709,0.175224624
093.3 120.0,0,btl_temperature,Temp,17.94761848,1.835706363,0.015704185,158.4524074,0.739220259
093.3 120.0,10,btl_temperature,Temp,17.86590404,1.78637014,0.015540763,161.7230664,0.73613286
093.3 120.0,20,btl_temperature,Temp,17.81388198,1.731697094,0.015318129,163.7562651,0.733757345
093.3 120.0,30,btl_temperature,Temp,17.73944086,1.647035159,0.014857762,166.8934928,0.779320757
093.3 120.0,50,btl_temperature,Temp,18.67558511,2.457163783,0.006443654,307.5602838,0.973342986
093.3 120.0,75,btl_temperature,Temp,15.98290613,-0.689072183,9.96154e-4,184.0221308,1.100135898
093.3 120.0,100,btl_temperature,Temp,14.34042004,-0.754684864,0.007152866,359.9802809,1.535786526
093.3 120.0,125,btl_temperature,Temp,12.98300755,-0.705640184,0.008172886,359.9699045,1.710771865
093.3 120.0,150,btl_temperature,Temp,11.60871954,-0.410101682,0.008181773,359.8821926,1.463765623
093.3 120.0,200,btl_temperature,Temp,9.653898645,-0.119277372,0.018790218,218.9000226,0.657829008
093.3 120.0,250,btl_temperature,Temp,8.576952909,-0.092645864,0.01983,196.3509663,0.358241365
093.3 120.0,300,btl_temperature,Temp,7.794860451,-0.080039327,0.022867699,212.6242773,0.271515685
093.3 120.0,400,btl_temperature,Temp,6.576906227,-0.08210521,0.022150364,202,0.238416462
093.3 120.0,500,btl_temperature,Temp,5.822663136,-0.114611091,0.023382256,211.9860688,0.205027462
076.7 049.0,0,oxygen_btl_ml_l,O2,5.932412734,0.498828715,0.022040896,161.2579696,0.658652685
076.7 049.0,10,oxygen_btl_ml_l,O2,5.577237109,0.36197016,0.021950201,179.1096199,0.635203616
076.7 049.0,20,oxygen_btl_ml_l,O2,5.05665078,0.402662072,0.022241629,200.8196331,0.685797482
076.7 049.0,30,oxygen_btl_ml_l,O2,4.654282009,0.484733091,0.022015975,208.8136627,0.709417244
076.7 049.0,50,oxygen_btl_ml_l,O2,3.852705314,0.797811222,0.021321206,226.0508427,0.640062651
076.7 051.0,0,oxygen_btl_ml_l,O2,6.183639571,0.283126808,0.026824119,125.7447734,0.363475109
076.7 051.0,10,oxygen_btl_ml_l,O2,6.150983963,0.291656627,0.026128209,128.6443121,0.354470803
076.7 051.0,20,oxygen_btl_ml_l,O2,5.778557785,0.117261385,0.03,144.6664013,0.462746756
076.7 051.0,30,oxygen_btl_ml_l,O2,5.786147053,-0.866074674,0.008618094,9.85e-5,0.683163744
076.7 051.0,50,oxygen_btl_ml_l,O2,5.250294155,-1.346697988,0.008567834,9.79e-6,0.72280381
076.7 051.0,75,oxygen_btl_ml_l,O2,3.658024746,-0.554427501,0.014834077,67.22750049,0.653938427
076.7 051.0,100,oxygen_btl_ml_l,O2,3.067773267,-0.404012847,0.014933605,38.5638249,0.47837211
076.7 051.0,125,oxygen_btl_ml_l,O2,2.652257311,-0.298077611,0.019420635,61.49231729,0.43839222
076.7 051.0,150,oxygen_btl_ml_l,O2,2.39910322,-0.274082903,0.020959393,65.49277917,0.387039898
076.7 051.0,200,oxygen_btl_ml_l,O2,1.953138202,-0.260453084,0.022438594,73.61697084,0.323064376
076.7 055.0,0,oxygen_btl_ml_l,O2,6.126666822,0.154237641,0.025381189,113.0825795,0.248368967
076.7 055.0,10,oxygen_btl_ml_l,O2,6.122096822,0.158513881,0.025704619,114.1136114,0.261476948
076.7 055.0,20,oxygen_btl_ml_l,O2,5.917729365,0.111339958,0.017770348,16.24169094,0.277402931
076.7 055.0,30,oxygen_btl_ml_l,O2,5.496601721,0.305277592,0.019544596,2.42e-9,0.504790584
076.7 055.0,50,oxygen_btl_ml_l,O2,4.585580255,0.636852445,0.021187588,6.38e-14,0.757333993
076.7 055.0,75,oxygen_btl_ml_l,O2,3.72715458,0.47827876,0.022080438,3.92e-8,0.72243836
076.7 055.0,100,oxygen_btl_ml_l,O2,3.098144296,0.326576014,0.025102942,4.31e-11,0.5574838
076.7 055.0,125,oxygen_btl_ml_l,O2,2.710455192,0.295701696,0.027283943,2.68e-14,0.441197771
076.7 055.0,150,oxygen_btl_ml_l,O2,2.439106608,0.245933347,0.026243753,4.94e-8,0.396908419
076.7 055.0,200,oxygen_btl_ml_l,O2,2.121083768,0.167737741,0.02692382,7.04043636,0.433799602
076.7 055.0,250,oxygen_btl_ml_l,O2,1.751599758,0.194869078,0.028147645,8.96e-5,0.369797476
076.7 055.0,300,oxygen_btl_ml_l,O2,1.414063112,0.155054006,0.028488319,4.33e-9,0.309619128
076.7 055.0,400,oxygen_btl_ml_l,O2,0.87659695,0.098130149,0.029768117,2.23e-14,0.206561221
076.7 055.0,500,oxygen_btl_ml_l,O2,0.514791059,0.01318739,0.03,2.22e-14,0.110148475
076.7 060.0,0,oxygen_btl_ml_l,O2,6.04048712,-0.153909006,0.016717599,221.5088327,0.209863524
076.7 060.0,10,oxygen_btl_ml_l,O2,6.068887382,-0.168881055,0.017519429,226.9578843,0.221218372
076.7 060.0,20,oxygen_btl_ml_l,O2,5.986772644,-0.159697328,0.018112254,206.7473824,0.242113726
076.7 060.0,30,oxygen_btl_ml_l,O2,5.839655296,-0.147953331,0.017592418,175.7110087,0.34511329
076.7 060.0,50,oxygen_btl_ml_l,O2,5.063227851,-0.431934598,0.019990849,149,0.724675821
076.7 060.0,75,oxygen_btl_ml_l,O2,4.065233195,-0.387041407,0.019344245,135,0.806604157
076.7 060.0,100,oxygen_btl_ml_l,O2,3.364888638,-0.312671733,0.018740587,130,0.668320932
076.7 060.0,125,oxygen_btl_ml_l,O2,2.937508824,-0.297445483,0.018658584,129,0.522307722
076.7 060.0,150,oxygen_btl_ml_l,O2,2.645696085,-0.227842846,0.021057897,135,0.46314101
076.7 060.0,200,oxygen_btl_ml_l,O2,2.237638954,-0.221929147,0.020422762,141,0.462089498
076.7 060.0,250,oxygen_btl_ml_l,O2,1.829837214,-0.167247248,0.020385502,152,0.409899123
076.7 060.0,300,oxygen_btl_ml_l,O2,1.441379174,-0.120235192,0.020398863,139,0.330883187
076.7 060.0,400,oxygen_btl_ml_l,O2,0.891172799,-0.085532731,0.0071443950000000004,0.0019,0.179612462
076.7 060.0,500,oxygen_btl_ml_l,O2,0.485783332,-0.039046385,0.025380467,55.89953928,0.105921128
076.7 070.0,0,oxygen_btl_ml_l,O2,5.974814284,-0.184133286,0.017774278,174,0.139302752
076.7 070.0,10,oxygen_btl_ml_l,O2,5.992513282,-0.181628137,0.017601373,179.5048325,0.147294534
076.7 070.0,20,oxygen_btl_ml_l,O2,6.000841703,-0.179903931,0.017568075,193.3133457,0.132739565
076.7 070.0,30,oxygen_btl_ml_l,O2,5.969650884,-0.197737641,0.017794188,192.9144514,0.138444388
076.7 070.0,50,oxygen_btl_ml_l,O2,5.574992239,-0.394456759,0.018340091,185.8535374,0.507766216
076.7 070.0,75,oxygen_btl_ml_l,O2,4.720170255,-0.529099658,0.02167892,181.6791441,0.714035794
076.7 070.0,100,oxygen_btl_ml_l,O2,3.880221856,-0.542094376,0.022472558,173.1277342,0.685136927
076.7 070.0,125,oxygen_btl_ml_l,O2,3.280667098,-0.384891552,0.021546294,171.5267766,0.596759107
076.7 070.0,150,oxygen_btl_ml_l,O2,2.89282644,-0.265695776,0.019912546,163.320181,0.493902751
076.7 070.0,200,oxygen_btl_ml_l,O2,2.517171054,-0.181236512,0.018423876,171,0.521412185
076.7 070.0,250,oxygen_btl_ml_l,O2,2.123728584,-0.179726308,0.021211613,179.3825391,0.454543419
076.7 070.0,300,oxygen_btl_ml_l,O2,1.695372568,-0.139008451,0.020054698,177.7065332,0.385147437
076.7 070.0,400,oxygen_btl_ml_l,O2,0.916098669,-0.063091752,0.016978489,149,0.178343388
076.7 070.0,500,oxygen_btl_ml_l,O2,0.552900346,-0.084248299,0.007606174,4.3,0.0991785
076.7 080.0,0,oxygen_btl_ml_l,O2,5.904235201,-0.17661205,0.016363525,159,0.137633075
076.7 080.0,10,oxygen_btl_ml_l,O2,5.91444628,-0.175709442,0.016345349,164,0.144830117
076.7 080.0,20,oxygen_btl_ml_l,O2,5.93308497,-0.152013153,0.014740473,179,0.163796201
076.7 080.0,30,oxygen_btl_ml_l,O2,5.953960127,-0.125723704,0.013966012,208,0.177633565
076.7 080.0,50,oxygen_btl_ml_l,O2,5.770149832,-0.238341155,0.012904553,228,0.372488084
076.7 080.0,75,oxygen_btl_ml_l,O2,5.255101905,-0.445464456,0.018952571,204.0608934,0.663654231
076.7 080.0,100,oxygen_btl_ml_l,O2,4.497099428,-0.554476123,0.019475414,208.2818787,0.783254059
076.7 080.0,125,oxygen_btl_ml_l,O2,3.790631252,-0.510880008,0.018521913,207.8906052,0.680446078
076.7 080.0,150,oxygen_btl_ml_l,O2,3.302596829,-0.397271022,0.017017722,209.8295843,0.572171929
076.7 080.0,200,oxygen_btl_ml_l,O2,2.736954088,-0.220797989,0.014635788,223.0421403,0.506144423
076.7 080.0,250,oxygen_btl_ml_l,O2,2.278529228,-0.249361474,0.016796091,203.8457787,0.470523813
076.7 080.0,300,oxygen_btl_ml_l,O2,1.846927674,-0.241974656,0.017849089,204.9798166,0.388201164
076.7 080.0,400,oxygen_btl_ml_l,O2,1.030744588,-0.117224042,0.017644139,213.4651503,0.23881559
076.7 080.0,500,oxygen_btl_ml_l,O2,0.549193005,-0.05297166,0.017927611,201.0503826,0.115385198
076.7 090.0,0,oxygen_btl_ml_l,O2,5.833353846,-0.184051568,0.017438115,163,0.141118593
076.7 090.0,10,oxygen_btl_ml_l,O2,5.853815282,-0.170975475,0.017296007,166,0.153524314
076.7 090.0,20,oxygen_btl_ml_l,O2,5.877899571,-0.163267784,0.017471434,174,0.16122169
076.7 090.0,30,oxygen_btl_ml_l,O2,5.906554122,-0.136660001,0.017305042,180,0.178331077
076.7 090.0,50,oxygen_btl_ml_l,O2,5.912173681,-0.085339959,0.012463708,293,0.227566969
076.7 090.0,75,oxygen_btl_ml_l,O2,5.156879496,-0.71772436,0.007914411,359.9876486,0.521974493
076.7 090.0,100,oxygen_btl_ml_l,O2,4.352855659,-0.954215382,0.007510576,360,0.808908966
076.7 090.0,125,oxygen_btl_ml_l,O2,3.64910474,-0.978922414,0.00717067,360,0.813918986
076.7 090.0,150,oxygen_btl_ml_l,O2,3.110845031,-0.820534193,0.007294336,360,0.682986964
076.7 090.0,200,oxygen_btl_ml_l,O2,2.715571005,-0.373287091,0.007348198,360,0.529387364
076.7 090.0,250,oxygen_btl_ml_l,O2,2.346396165,-0.375374294,0.008498194,359.9342681,0.524126472
076.7 090.0,300,oxygen_btl_ml_l,O2,1.83542882,-0.398579689,0.008059011,359.9738276,0.467008418
076.7 090.0,400,oxygen_btl_ml_l,O2,0.945163084,-0.294040782,0.007301478,359.9999292,0.233516608
076.7 090.0,500,oxygen_btl_ml_l,O2,0.511514822,-0.148470908,0.007819252,360,0.123248404
076.7 100.0,0,oxygen_btl_ml_l,O2,5.733892391,-0.225465785,0.018688107,173.8067162,0.137678148
076.7 100.0,10,oxygen_btl_ml_l,O2,5.742069963,-0.230166914,0.018816986,174.4907023,0.141143303
076.7 100.0,20,oxygen_btl_ml_l,O2,5.755190961,-0.227999933,0.019039699,175.3234259,0.14661412
076.7 100.0,30,oxygen_btl_ml_l,O2,5.775483372,-0.201848199,0.018996539,178.772674,0.162694805
076.7 100.0,50,oxygen_btl_ml_l,O2,5.730812528,-0.20859987,0.007903984,359.969476,0.217604665
076.7 100.0,75,oxygen_btl_ml_l,O2,5.892957934,0.115918083,0.015411581,187.5755152,0.207456705
076.7 100.0,100,oxygen_btl_ml_l,O2,5.535224508,0.149482677,0.022929277,180.3856362,0.407310869
076.7 100.0,125,oxygen_btl_ml_l,O2,4.870259478,0.182197571,0.02395684,196.8083878,0.620459615
076.7 100.0,150,oxygen_btl_ml_l,O2,4.253507925,0.123898448,0.021682406,215.5767379,0.637682175
076.7 100.0,200,oxygen_btl_ml_l,O2,3.34556996,0.185673699,0.028292713,222.8710373,0.579584454
076.7 100.0,250,oxygen_btl_ml_l,O2,2.866002841,0.152923219,0.024331054,206.3091088,0.520333957
076.7 100.0,300,oxygen_btl_ml_l,O2,2.373211571,0.135031686,0.025288273,207.5237373,0.478476244
076.7 100.0,400,oxygen_btl_ml_l,O2,1.342569759,0.132607633,0.022402995,177.7050137,0.286519691
076.7 100.0,500,oxygen_btl_ml_l,O2,0.688363357,0.057953337,0.020335042,186.8815786,0.138661578
080.0 051.0,0,oxygen_btl_ml_l,O2,5.888473797,0.282315767,0.021760733,160.6911456,0.627770671
080.0 051.0,10,oxygen_btl_ml_l,O2,5.603782404,0.348064791,0.021811773,192.5799759,0.647577411
080.0 051.0,20,oxygen_btl_ml_l,O2,5.157680547,0.500896935,0.02193484,214.6214294,0.722728836
080.0 051.0,30,oxygen_btl_ml_l,O2,4.710089677,0.682863389,0.020841355,224.4454399,0.72388318
080.0 051.0,50,oxygen_btl_ml_l,O2,4.076218815,0.868660749,0.020101095,225.7471075,0.675897904
080.0 055.0,0,oxygen_btl_ml_l,O2,6.072762239,0.134063231,0.021118069,81.58268441,0.300334007
080.0 055.0,10,oxygen_btl_ml_l,O2,6.024280476,0.088215959,0.020074074,52.8516432,0.336266524
080.0 055.0,20,oxygen_btl_ml_l,O2,5.730994129,0.109333494,0.022736411,2.320196009,0.463778962
080.0 055.0,30,oxygen_btl_ml_l,O2,5.248828505,0.419267234,0.027021125,9.42e-7,0.637186046
080.0 055.0,50,oxygen_btl_ml_l,O2,4.231350357,0.513949404,0.026861575,6.94e-10,0.79433299
080.0 055.0,75,oxygen_btl_ml_l,O2,3.439000534,0.485439355,0.026965181,2.87e-14,0.677601826
080.0 055.0,100,oxygen_btl_ml_l,O2,2.930351015,0.396995742,0.027306709,2.32e-14,0.551832956
080.0 055.0,125,oxygen_btl_ml_l,O2,2.64296969,0.298489771,0.027218405,2.24e-14,0.47726174
080.0 055.0,150,oxygen_btl_ml_l,O2,2.410701783,0.240177218,0.027660631,2.23e-14,0.469019011
080.0 055.0,200,oxygen_btl_ml_l,O2,2.022005084,0.218169524,0.027460355999999998,2.22e-14,0.435287646
080.0 055.0,250,oxygen_btl_ml_l,O2,1.672963216,0.181563962,0.029169506,2.22e-14,0.371516399
080.0 055.0,300,oxygen_btl_ml_l,O2,1.386239849,0.152970568,0.029106189,2.23e-14,0.307896457
080.0 055.0,400,oxygen_btl_ml_l,O2,0.855240983,0.101026078,0.029274014,2.27e-14,0.173268748
080.0 055.0,500,oxygen_btl_ml_l,O2,0.511756068,0.029316428,0.03,2.22e-14,0.096633934
080.0 060.0,0,oxygen_btl_ml_l,O2,6.01349545,-0.192430971,0.020162542,192.6110185,0.248184804
080.0 060.0,10,oxygen_btl_ml_l,O2,6.005434739,-0.169024379,0.019697709,194.6349487,0.220663215
080.0 060.0,20,oxygen_btl_ml_l,O2,5.949623033,-0.123119874,0.019442562,192.1548818,0.201005834
080.0 060.0,30,oxygen_btl_ml_l,O2,5.785542432,-0.118200661,0.03,122,0.345513633
080.0 060.0,50,oxygen_btl_ml_l,O2,5.016832422,-0.538133919,0.03,121.2017922,0.699883241
080.0 060.0,75,oxygen_btl_ml_l,O2,4.049931506,-0.510209334,0.02790475,120.5593739,0.846556272
080.0 060.0,100,oxygen_btl_ml_l,O2,3.396180628,-0.385389522,0.024451416,108,0.71333751
080.0 060.0,125,oxygen_btl_ml_l,O2,2.972239208,-0.327852208,0.024614944,108,0.600629891
080.0 060.0,150,oxygen_btl_ml_l,O2,2.707477284,-0.262938844,0.026744678,119,0.502615941
080.0 060.0,200,oxygen_btl_ml_l,O2,2.290555873,-0.202870883,0.026293585,121,0.49797741
080.0 060.0,250,oxygen_btl_ml_l,O2,1.867423401,-0.173868077,0.026058938,111,0.428007395
080.0 060.0,300,oxygen_btl_ml_l,O2,1.447949777,-0.161272092,0.027353375,112,0.36518415
080.0 060.0,400,oxygen_btl_ml_l,O2,0.793009862,-0.066545667,0.028433799,122,0.188735381
080.0 060.0,500,oxygen_btl_ml_l,O2,0.457145328,-0.031521471,0.029820615,132,0.093158096
080.0 070.0,0,oxygen_btl_ml_l,O2,5.921993381,-0.212778584,0.016600417,176.9017435,0.152741193
080.0 070.0,10,oxygen_btl_ml_l,O2,5.94080385,-0.20321675,0.016387652,185,0.15679071
080.0 070.0,20,oxygen_btl_ml_l,O2,5.941830391,-0.199518596,0.016947539,190,0.145387006
080.0 070.0,30,oxygen_btl_ml_l,O2,5.937614488,-0.156755072,0.018571914,183,0.152339729
080.0 070.0,50,oxygen_btl_ml_l,O2,5.665837026,-0.200646763,0.015560177,191,0.424338088
080.0 070.0,75,oxygen_btl_ml_l,O2,4.916386297,-0.359016955,0.017204455,188.3536037,0.802239319
080.0 070.0,100,oxygen_btl_ml_l,O2,4.074297477,-0.324210703,0.018647002,191.5930508,0.749099101
080.0 070.0,125,oxygen_btl_ml_l,O2,3.349341112,-0.205785819,0.016521083,196,0.590717521
080.0 070.0,150,oxygen_btl_ml_l,O2,2.946760212,-0.173984971,0.014071836,225,0.485296708
080.0 070.0,200,oxygen_btl_ml_l,O2,2.367625506,-0.326568709,0.004375654,360,0.449890753
080.0 070.0,250,oxygen_btl_ml_l,O2,1.878455889,-0.432837824,0.005809179,360,0.482131051
080.0 070.0,300,oxygen_btl_ml_l,O2,1.351324205,-0.487687744,0.005793181,360,0.382825805
080.0 070.0,400,oxygen_btl_ml_l,O2,0.924690873,0.088809211,0.016160243,360,0.179716024
080.0 070.0,500,oxygen_btl_ml_l,O2,0.495760106,0.051251606,0.019278696,313,0.089743104
080.0 080.0,0,oxygen_btl_ml_l,O2,5.8495664,-0.17975633,0.016696833,164,0.14219282
080.0 080.0,10,oxygen_btl_ml_l,O2,5.86307528,-0.175290709,0.016685191,169,0.153961481
080.0 080.0,20,oxygen_btl_ml_l,O2,5.876968992,-0.168960288,0.01716334,169,0.155668534
080.0 080.0,30,oxygen_btl_ml_l,O2,5.89232021,-0.148172712,0.017820372,172,0.15763315
080.0 080.0,50,oxygen_btl_ml_l,O2,5.732462178,-0.247009977,0.011003667,258,0.358150322
080.0 080.0,75,oxygen_btl_ml_l,O2,5.2575701,-0.472293822,0.013315381,249.5003898,0.694439762
080.0 080.0,100,oxygen_btl_ml_l,O2,4.587322976,-0.466050897,0.014500487,238.5768566,0.849997108
080.0 080.0,125,oxygen_btl_ml_l,O2,3.951226255,-0.427570928,0.016060611,226.5739459,0.807320509
080.0 080.0,150,oxygen_btl_ml_l,O2,3.458633962,-0.290810399,0.018061066,214.7448305,0.682548398
080.0 080.0,200,oxygen_btl_ml_l,O2,2.819279145,-0.184988745,0.019933442,229.3652113,0.529690536
080.0 080.0,250,oxygen_btl_ml_l,O2,2.385057755,-0.150330924,0.016649869,243,0.566423857
080.0 080.0,300,oxygen_btl_ml_l,O2,1.720694797,-0.360060473,0.009188528,326,0.495595899
080.0 080.0,400,oxygen_btl_ml_l,O2,0.976026717,-0.09920204,0.011163911,281,0.206425995
080.0 080.0,500,oxygen_btl_ml_l,O2,0.481070044,-0.092143786,0.007469074,360,0.112942038
080.0 090.0,0,oxygen_btl_ml_l,O2,5.786660918,-0.20405501,0.016680214,165,0.133386216
080.0 090.0,10,oxygen_btl_ml_l,O2,5.79621734,-0.205050925,0.016615882,164,0.135487584
080.0 090.0,20,oxygen_btl_ml_l,O2,5.809906783,-0.192273458,0.016744159,170,0.145191281
080.0 090.0,30,oxygen_btl_ml_l,O2,5.837410763,-0.162881353,0.015652423,183,0.17316818
080.0 090.0,50,oxygen_btl_ml_l,O2,5.906973516,-0.041675468,0.015317849,207.1639928,0.175464434
080.0 090.0,75,oxygen_btl_ml_l,O2,5.834037654,-0.142583486,0.023403473,263.0356835,0.316127317
080.0 090.0,100,oxygen_btl_ml_l,O2,4.925917462,-0.439650527,0.008038841,360,0.663171505
080.0 090.0,125,oxygen_btl_ml_l,O2,4.151258608,-0.615253347,0.008298862,359.9881268,0.748509815
080.0 090.0,150,oxygen_btl_ml_l,O2,3.485363523,-0.590501783,0.00846267,360,0.695028064
080.0 090.0,200,oxygen_btl_ml_l,O2,2.954098172,-0.173587871,0.010828516,360,0.534692994
080.0 090.0,250,oxygen_btl_ml_l,O2,2.432408943,-0.321993907,0.010440293,359.9999911,0.484700318
080.0 090.0,300,oxygen_btl_ml_l,O2,2.104311388,-0.232952023,0.013720586,319.6827508,0.447985774
080.0 090.0,400,oxygen_btl_ml_l,O2,1.201347805,-0.098250711,0.021353141,286.5657554,0.248438126
080.0 090.0,500,oxygen_btl_ml_l,O2,0.624408871,-0.058604297,0.021935769,283.6508875,0.125122285
080.0 100.0,0,oxygen_btl_ml_l,O2,5.722212937,-0.227631988,0.017610051,169.4108558,0.134122293
080.0 100.0,10,oxygen_btl_ml_l,O2,5.732087166,-0.227731494,0.017523043,172.4078508,0.141673978
080.0 100.0,20,oxygen_btl_ml_l,O2,5.747139678,-0.2264355,0.017425226,175.3998612,0.146756281
080.0 100.0,30,oxygen_btl_ml_l,O2,5.772564698,-0.197159219,0.016763694,184.100264,0.163961908
080.0 100.0,50,oxygen_btl_ml_l,O2,5.804289669,-0.147638144,0.011216568,270.9850027,0.201597438
080.0 100.0,75,oxygen_btl_ml_l,O2,5.864170073,0.120016587,0.009816545,106.8745348,0.160890528
080.0 100.0,100,oxygen_btl_ml_l,O2,5.48841575,0.161805265,0.012375993,97.28384213,0.320885166
080.0 100.0,125,oxygen_btl_ml_l,O2,4.934622702,0.229948498,0.019700162,155.2400669,0.513131716
080.0 100.0,150,oxygen_btl_ml_l,O2,4.260175045,0.219350646,0.018840407,158.5385018,0.606216774
080.0 100.0,200,oxygen_btl_ml_l,O2,3.345304376,0.182103938,0.019724224,174.7406011,0.584885388
080.0 100.0,250,oxygen_btl_ml_l,O2,2.827983949,0.177338564,0.012538129,143.1122605,0.584426403
080.0 100.0,300,oxygen_btl_ml_l,O2,2.304367491,0.177327009,0.016622892,159.0251304,0.522369122
080.0 100.0,400,oxygen_btl_ml_l,O2,1.313702754,0.107715307,0.022031313,176.2652555,0.295566288
080.0 100.0,500,oxygen_btl_ml_l,O2,0.669116648,0.034907521,0.022606846,180.8149027,0.155609486
081.8 046.9,0,oxygen_btl_ml_l,O2,6.254641857,-0.329010246,0.022297362,198.1892477,0.508284243
081.8 046.9,10,oxygen_btl_ml_l,O2,6.233577381,-0.253895946,0.025044568,237.3725512,0.545376395
081.8 046.9,20,oxygen_btl_ml_l,O2,5.373724892,0.447093556,0.024414829,204.9279376,0.71756242
081.8 046.9,30,oxygen_btl_ml_l,O2,4.646122966,0.785160638,0.022917262,210.0471649,0.775711514
081.8 046.9,50,oxygen_btl_ml_l,O2,3.673747403,0.952784832,0.021853925,214.5511345,0.727942999
081.8 046.9,75,oxygen_btl_ml_l,O2,3.01724778,0.758281361,0.020328564,223.2977605,0.603793508
081.8 046.9,100,oxygen_btl_ml_l,O2,2.570743192,0.633968072,0.021350031,217.5182865,0.509795266
081.8 046.9,125,oxygen_btl_ml_l,O2,2.237055816,0.576656459,0.022736608,218.1813724,0.447981175
081.8 046.9,150,oxygen_btl_ml_l,O2,1.977982212,0.48215675,0.023355284,216.2435569,0.389963858
081.8 046.9,200,oxygen_btl_ml_l,O2,1.552230041,0.291896051,0.021848887,220.3252733,0.288038938
081.8 046.9,250,oxygen_btl_ml_l,O2,1.189992884,0.157420068,0.028331696,205.9084772,0.232876967
081.8 046.9,300,oxygen_btl_ml_l,O2,0.941281513,0.102875993,0.03,201.7649455,0.18711341
081.8 046.9,400,oxygen_btl_ml_l,O2,0.509266679,0.086586249,0.03,198.9046779,0.140861362
081.8 046.9,500,oxygen_btl_ml_l,O2,0.046097296,-0.087444515,0.006920855,359.9999995,0.058237447
083.3 040.6,0,oxygen_btl_ml_l,O2,6.153663974,-0.303979474,0.018486121,214.0846498,0.413408033
083.3 040.6,10,oxygen_btl_ml_l,O2,5.847620853,-0.363763468,0.009637675,309.1842718,0.402348718
083.3 040.6,20,oxygen_btl_ml_l,O2,5.528022184,0.301510041,0.023945921,198.3543994,0.556761929
083.3 040.6,30,oxygen_btl_ml_l,O2,4.996628383,0.545122158,0.018762727,230.7105598,0.555184285
083.3 042.0,0,oxygen_btl_ml_l,O2,6.135664843,-0.376832071,0.019515629,200.3143563,0.423244983
083.3 042.0,10,oxygen_btl_ml_l,O2,6.081745478,-0.270184583,0.01721195,226.41597,0.383697112
083.3 042.0,20,oxygen_btl_ml_l,O2,5.799857262,-0.053798333,0.005364963,359.5196034,0.365600148
083.3 042.0,30,oxygen_btl_ml_l,O2,5.383705785,0.396579595,0.022028303,200.3563189,0.492458252
083.3 042.0,50,oxygen_btl_ml_l,O2,4.398150923,0.63961341,0.021136642,218.5677135,0.58654224
083.3 042.0,75,oxygen_btl_ml_l,O2,3.454773868,0.736073841,0.019973351,220.3828605,0.515181385
083.3 042.0,100,oxygen_btl_ml_l,O2,2.913596936,0.55385552,0.020694638,215.8931211,0.476387149
083.3 042.0,125,oxygen_btl_ml_l,O2,2.782018184,0.462208232,0.016751162,224.7422863,0.477253195
083.3 051.0,0,oxygen_btl_ml_l,O2,5.841518243,-0.127130422,0.016702654,196.4291921,0.345813499
083.3 051.0,10,oxygen_btl_ml_l,O2,5.711502082,0.152210323,0.03,193.2347781,0.391929182
083.3 051.0,20,oxygen_btl_ml_l,O2,5.297866298,0.360968994,0.026431622,206.7412635,0.499253341
083.3 051.0,30,oxygen_btl_ml_l,O2,4.854336157,0.526115624,0.025439975,218.8106839,0.587887091
083.3 051.0,50,oxygen_btl_ml_l,O2,4.031217289,0.642096427,0.024819633,226.2295363,0.726703176
083.3 051.0,75,oxygen_btl_ml_l,O2,3.353265568,0.577331193,0.022954627,224.2531954,0.635671153
083.3 055.0,0,oxygen_btl_ml_l,O2,5.968835342,-0.191269702,0.01920652,190.8958134,0.250919852
083.3 055.0,10,oxygen_btl_ml_l,O2,5.987617029,-0.185879219,0.019049221,199.4441509,0.254106834
083.3 055.0,20,oxygen_btl_ml_l,O2,5.848118156,-0.160851692,0.017533662,178,0.274899306
083.3 055.0,30,oxygen_btl_ml_l,O2,5.472272095,-0.352891605,0.019082961,139,0.458584933
083.3 055.0,50,oxygen_btl_ml_l,O2,4.462681978,-0.654617135,0.023724059,127,0.727997402
083.3 055.0,75,oxygen_btl_ml_l,O2,3.558719528,-0.596815241,0.023355144,121,0.654526652
083.3 055.0,100,oxygen_btl_ml_l,O2,2.948637117,-0.434584819,0.024179351,117,0.53308515
083.3 055.0,125,oxygen_btl_ml_l,O2,2.62255596,-0.331597774,0.02325348,111,0.47374427
083.3 055.0,150,oxygen_btl_ml_l,O2,2.365338409,-0.257375588,0.02359951,118,0.425497242
083.3 055.0,200,oxygen_btl_ml_l,O2,1.972259841,-0.24600174,0.022294376,137,0.407057621
083.3 055.0,250,oxygen_btl_ml_l,O2,1.568970904,-0.188527319,0.022653043,130,0.355038077
083.3 055.0,300,oxygen_btl_ml_l,O2,1.25047657,-0.123620495,0.02514914,117,0.276236797
083.3 055.0,400,oxygen_btl_ml_l,O2,0.766173191,-0.085371455,0.027994484,105,0.158648698
083.3 055.0,500,oxygen_btl_ml_l,O2,0.481390888,-0.049614611,0.022042415,35.4,0.076635591
083.3 060.0,0,oxygen_btl_ml_l,O2,5.982592485,-0.195859313,0.018951977,189,0.194632866
083.3 060.0,10,oxygen_btl_ml_l,O2,5.986281048,-0.20643225,0.019784716,183,0.187410175
083.3 060.0,20,oxygen_btl_ml_l,O2,5.974286144,-0.169371545,0.019228295,191,0.172703618
083.3 060.0,30,oxygen_btl_ml_l,O2,5.865945903,-0.124584265,0.014434728,202,0.204244371
083.3 060.0,50,oxygen_btl_ml_l,O2,5.318296679,-0.362153011,0.016890054,131,0.574134782
083.3 060.0,75,oxygen_btl_ml_l,O2,4.184894163,-0.507181907,0.020928547,135,0.757326939
083.3 060.0,100,oxygen_btl_ml_l,O2,3.421435942,-0.356556201,0.024760276,132.7208391,0.715360653
083.3 060.0,125,oxygen_btl_ml_l,O2,2.93111113,-0.268268286,0.026147753,115,0.54847261
083.3 060.0,150,oxygen_btl_ml_l,O2,2.68163061,-0.167237657,0.020133953,123,0.481437701
083.3 060.0,200,oxygen_btl_ml_l,O2,2.2507967,-0.185052873,0.018865185,125,0.457422441
083.3 060.0,250,oxygen_btl_ml_l,O2,1.825757033,-0.142268015,0.025309155,120,0.42653906
083.3 060.0,300,oxygen_btl_ml_l,O2,1.415519017,-0.149963491,0.027110863,106,0.347941238
083.3 060.0,400,oxygen_btl_ml_l,O2,0.780031622,-0.050456768,0.029803036,142.266218,0.182703568
083.3 060.0,500,oxygen_btl_ml_l,O2,0.431221261,-0.026490891,0.02976859,124.5358058,0.091913465
083.3 070.0,0,oxygen_btl_ml_l,O2,5.896755199,-0.159903499,0.015797328,170,0.144665344
083.3 070.0,10,oxygen_btl_ml_l,O2,5.907936639,-0.157150247,0.016151421,173,0.150409766
083.3 070.0,20,oxygen_btl_ml_l,O2,5.918886763,-0.144690319,0.017116941,182,0.147624364
083.3 070.0,30,oxygen_btl_ml_l,O2,5.930842805,-0.122307442,0.017201737,202,0.154069642
083.3 070.0,50,oxygen_btl_ml_l,O2,5.817500931,-0.141339929,0.01584474,256,0.286037929
083.3 070.0,75,oxygen_btl_ml_l,O2,5.150020749,-0.296501274,0.017136928,218,0.690323716
083.3 070.0,100,oxygen_btl_ml_l,O2,4.332420339,-0.297810989,0.018324159,205,0.785249899
083.3 070.0,125,oxygen_btl_ml_l,O2,3.543323415,-0.282943016,0.014672862,229.7843005,0.679433744
083.3 070.0,150,oxygen_btl_ml_l,O2,2.680778331,-0.534074679,0.006686815,359.8421565,0.537769815
083.3 070.0,200,oxygen_btl_ml_l,O2,2.1799599,-0.556811686,0.006782386,359.9995162,0.50801637
083.3 070.0,250,oxygen_btl_ml_l,O2,1.722920267,-0.603006055,0.006933787,359.9861962,0.449019141
083.3 070.0,300,oxygen_btl_ml_l,O2,1.705700999,-0.127667403,0.016474113,202.5904921,0.386151033
083.3 070.0,400,oxygen_btl_ml_l,O2,0.930451465,-0.029592793,0.016533046,191.9975739,0.194486775
083.3 070.0,500,oxygen_btl_ml_l,O2,0.480185285,-0.027415892,0.03,126.6998164,0.089363777
083.3 080.0,0,oxygen_btl_ml_l,O2,5.813097693,-0.220201853,0.015048625,178,0.160594257
083.3 080.0,10,oxygen_btl_ml_l,O2,5.819307559,-0.214010631,0.015010695,183,0.160871544
083.3 080.0,20,oxygen_btl_ml_l,O2,5.829002453,-0.206668726,0.014695726,190,0.166714782
083.3 080.0,30,oxygen_btl_ml_l,O2,5.848234363,-0.192559211,0.016465575,185,0.164818542
083.3 080.0,50,oxygen_btl_ml_l,O2,5.743045032,-0.139363369,0.007086302,357,0.226667955
083.3 080.0,75,oxygen_btl_ml_l,O2,5.439941765,-0.164281099,0.017901928,322,0.619530456
083.3 080.0,100,oxygen_btl_ml_l,O2,4.731183797,-0.175232593,0.012686885,360,0.873399512
083.3 080.0,125,oxygen_btl_ml_l,O2,4.064900192,-0.176045299,0.010229657,360,0.91000211
083.3 080.0,150,oxygen_btl_ml_l,O2,3.489408866,-0.199520564,0.009245655,359.9999952,0.746923425
083.3 080.0,200,oxygen_btl_ml_l,O2,2.915248168,-0.103965674,0.018351475,324,0.54778079
083.3 080.0,250,oxygen_btl_ml_l,O2,2.383626571,-0.207150816,0.03,307,0.487628297
083.3 080.0,300,oxygen_btl_ml_l,O2,1.912358549,-0.148272029,0.03,306.4895314,0.462148833
083.3 080.0,400,oxygen_btl_ml_l,O2,1.03384423,-0.018733888,0.03,296.2074849,0.244976967
083.3 080.0,500,oxygen_btl_ml_l,O2,0.539646243,0.022668401,0.024141784,360,0.117685399
083.3 090.0,0,oxygen_btl_ml_l,O2,5.760876357,-0.221239437,0.017071621,170,0.142675584
083.3 090.0,10,oxygen_btl_ml_l,O2,5.7678244339999996,-0.227614089,0.017255248,174,0.151468758
083.3 090.0,20,oxygen_btl_ml_l,O2,5.781575205,-0.221672279,0.017212696,175,0.152163908
083.3 090.0,30,oxygen_btl_ml_l,O2,5.816545254,-0.177228025,0.016578625,187,0.189534041
083.3 090.0,50,oxygen_btl_ml_l,O2,5.894392531,-0.091101929,0.018136563,207.1701782,0.196003449
083.3 090.0,75,oxygen_btl_ml_l,O2,5.647847401,-0.23487853,0.009864956,359.9828342,0.291693877
083.3 090.0,100,oxygen_btl_ml_l,O2,5.256436334,-0.24039828,0.012288578,307.9828761,0.513531212
083.3 090.0,125,oxygen_btl_ml_l,O2,4.569532785,-0.21738392,0.014096197,323.9518967,0.733656775
083.3 090.0,150,oxygen_btl_ml_l,O2,3.940347087,-0.21847651,0.016532285,306.1324842,0.692349635
083.3 090.0,200,oxygen_btl_ml_l,O2,3.149307416,-0.154309355,0.015544225,359.9999915,0.597055668
083.3 090.0,250,oxygen_btl_ml_l,O2,2.643768333,-0.174212107,0.017220668,311.4307252,0.56314599
083.3 090.0,300,oxygen_btl_ml_l,O2,1.946394287,-0.252468032,0.008499009,359.9882221,0.485158877
083.3 090.0,400,oxygen_btl_ml_l,O2,1.004916541,-0.211858464,0.007652758,359.9789999,0.290930025
083.3 090.0,500,oxygen_btl_ml_l,O2,0.530634795,-0.080396224,0.006214599,359.9999998,0.13562214
083.3 100.0,0,oxygen_btl_ml_l,O2,5.705906062,-0.239244834,0.017429192,168.1262913,0.136086865
083.3 100.0,10,oxygen_btl_ml_l,O2,5.711268622,-0.233302289,0.017301988,168.5245169,0.134413789
083.3 100.0,20,oxygen_btl_ml_l,O2,5.72400563,-0.244641329,0.017682916,170.7060452,0.142483794
083.3 100.0,30,oxygen_btl_ml_l,O2,5.74540202,-0.227185699,0.017799339,174.3511346,0.152956624
083.3 100.0,50,oxygen_btl_ml_l,O2,5.848199186,-0.125236721,0.016881252,213.292103,0.207500104
083.3 100.0,75,oxygen_btl_ml_l,O2,5.750106876,0.19746271,0.005957739,2.28e-8,0.156485023
083.3 100.0,100,oxygen_btl_ml_l,O2,5.534194309,0.144366258,0.025466273,111.2100969,0.36530152
083.3 100.0,125,oxygen_btl_ml_l,O2,4.986103802,0.200039338,0.026897215,109.7201137,0.577044045
083.3 100.0,150,oxygen_btl_ml_l,O2,4.312210099,0.146052438,0.020621408,116.2501328,0.646524666
083.3 100.0,200,oxygen_btl_ml_l,O2,3.300273283,0.191610249,0.009415352,6.33e-5,0.56325896
083.3 100.0,250,oxygen_btl_ml_l,O2,2.704117985,0.222150619,0.007147107,4.21e-5,0.521419808
083.3 100.0,300,oxygen_btl_ml_l,O2,2.20117903,0.153355755,0.007683193,0.001104384,0.461777511
083.3 100.0,400,oxygen_btl_ml_l,O2,1.212327607,0.109429117,0.009936814,1.66e-6,0.314240934
083.3 100.0,500,oxygen_btl_ml_l,O2,0.631068211,0.030043508,0.010857324,4.06e-9,0.148209055
083.3 110.0,0,oxygen_btl_ml_l,O2,5.650764822,-0.209096956,0.016063268,163.9623562,0.106859472
083.3 110.0,10,oxygen_btl_ml_l,O2,5.654031867,-0.208873572,0.016119805,165.2303743,0.105383072
083.3 110.0,20,oxygen_btl_ml_l,O2,5.66382951,-0.200873175,0.015670372,169.4336114,0.108455318
083.3 110.0,30,oxygen_btl_ml_l,O2,5.674723657,-0.192077744,0.015578966,174.5571502,0.105667693
083.3 110.0,50,oxygen_btl_ml_l,O2,5.490532233,-0.422879916,0.006995438,359.96693,0.176583718
083.3 110.0,75,oxygen_btl_ml_l,O2,5.966926919,2.397919615,3.26453e-4,286.0923015,0.154656972
083.3 110.0,100,oxygen_btl_ml_l,O2,5.614330868,1.301604427,2.92421e-4,243.6750067,0.289422839
083.3 110.0,125,oxygen_btl_ml_l,O2,5.133886545,1.452107836,2.99956e-4,243.522335,0.498292677
083.3 110.0,150,oxygen_btl_ml_l,O2,4.580018419,4.202787028,1.62256e-4,240.6767676,0.61529426
083.3 110.0,200,oxygen_btl_ml_l,O2,3.607007853,4.271137403,1.54128e-4,240.4332333,0.574320487
083.3 110.0,250,oxygen_btl_ml_l,O2,3.047488448,3.962841593,1.46868e-4,240.1798091,0.53486153
083.3 110.0,300,oxygen_btl_ml_l,O2,2.425457272,1.273971635,1.39241e-4,201.3027555,0.488711615
083.3 110.0,400,oxygen_btl_ml_l,O2,1.366577533,2.577876467,1.38925e-4,201.10035010000001,0.310013866
083.3 110.0,500,oxygen_btl_ml_l,O2,0.68242206,1.094241435,1.35366e-4,201,0.149012933
086.7 033.0,0,oxygen_btl_ml_l,O2,6.179599886,-0.320028411,0.020611259,199.4600625,0.375843095
086.7 033.0,10,oxygen_btl_ml_l,O2,5.762586539,-0.541246419,0.00775733,359.9998663,0.453448136
086.7 033.0,20,oxygen_btl_ml_l,O2,5.683896576,0.332278473,0.023638455,176.2404808,0.604213595
086.7 033.0,30,oxygen_btl_ml_l,O2,4.766994721,0.817541509,0.023261691,212.2934675,0.688787856
086.7 033.0,50,oxygen_btl_ml_l,O2,3.828123054,1.063901501,0.021220744,216.4497313,0.600762353
086.7 035.0,0,oxygen_btl_ml_l,O2,5.983769043,-0.269898457,0.018848075,188.8723463,0.329065403
086.7 035.0,10,oxygen_btl_ml_l,O2,6.011764163,-0.212774619,0.017408105,212.9309077,0.280076744
086.7 035.0,20,oxygen_btl_ml_l,O2,6.081073376,-0.330593722,0.023322659,270.620379,0.351118796
086.7 035.0,30,oxygen_btl_ml_l,O2,5.512575767,-0.522145661,0.02221955,328.6916855,0.619760775
086.7 035.0,50,oxygen_btl_ml_l,O2,4.397826908,-0.723078743,0.021937555,351.669752,0.624467144
086.7 035.0,75,oxygen_btl_ml_l,O2,3.663081976,-0.68438457,0.021363413,359.9999995,0.556117063
086.7 035.0,100,oxygen_btl_ml_l,O2,3.142987264,-0.564081321,0.02123095,360,0.52607369
086.7 035.0,125,oxygen_btl_ml_l,O2,2.748434833,-0.44289787,0.021009349,360,0.465126909
086.7 035.0,150,oxygen_btl_ml_l,O2,2.460136768,-0.393777524,0.020691799,359.9999996,0.433099972
086.7 035.0,200,oxygen_btl_ml_l,O2,1.972191284,-0.289795152,0.021130359,360,0.364046852
086.7 035.0,250,oxygen_btl_ml_l,O2,1.613512452,-0.239765845,0.021601134,351.759156,0.308849065
086.7 035.0,300,oxygen_btl_ml_l,O2,1.2958448,-0.158178494,0.021955042,339.0530065,0.257501586
086.7 035.0,400,oxygen_btl_ml_l,O2,0.76462551,-0.059377569,0.029999999,253.9064976,0.135018701
086.7 035.0,500,oxygen_btl_ml_l,O2,0.434536755,-0.061506507,0.023992033,270.1209611,0.071039178
086.7 040.0,0,oxygen_btl_ml_l,O2,5.831077481,-0.261957191,0.019286711,166.5270601,0.15542996
086.7 040.0,10,oxygen_btl_ml_l,O2,5.893874005,-0.184776184,0.018200858,187.994284,0.175599928
086.7 040.0,20,oxygen_btl_ml_l,O2,5.617549785,-0.466784007,0.008006537,359.9999999,0.246117403
086.7 040.0,30,oxygen_btl_ml_l,O2,5.615624076,0.193573448,0.022614023,191.0882239,0.464178136
086.7 040.0,50,oxygen_btl_ml_l,O2,4.531786433,0.580178603,0.024093163,207.7868928,0.614827466
086.7 040.0,75,oxygen_btl_ml_l,O2,3.706803309,0.474895621,0.022622539,212.945096,0.523289148
086.7 040.0,100,oxygen_btl_ml_l,O2,3.161328519,0.359041907,0.023831735,203.8635349,0.456565064
086.7 040.0,125,oxygen_btl_ml_l,O2,2.704216437,0.300336918,0.024447551,199.7836355,0.387805135
086.7 040.0,150,oxygen_btl_ml_l,O2,2.364291333,0.279133372,0.024650606,204.1711492,0.364622003
086.7 040.0,200,oxygen_btl_ml_l,O2,1.871241031,0.182621623,0.024522401,205.2109042,0.323838288
086.7 040.0,250,oxygen_btl_ml_l,O2,1.464940357,0.131734623,0.024926698,207.6265633,0.287070374
086.7 040.0,300,oxygen_btl_ml_l,O2,1.1389080600000001,0.147882333,0.023719166,204.7271343,0.226723528
086.7 040.0,400,oxygen_btl_ml_l,O2,0.6512538,0.09825979,0.023926469,184.0515894,0.108385236
086.7 040.0,500,oxygen_btl_ml_l,O2,0.388903372,0.051838946,0.022113483,168.4217409,0.060292338
086.7 045.0,0,oxygen_btl_ml_l,O2,5.836057026,-0.181637694,0.017449154,167.5436047,0.179013013
086.7 045.0,10,oxygen_btl_ml_l,O2,5.851075464,-0.157838412,0.016147501,178.786328,0.188090416
086.7 045.0,20,oxygen_btl_ml_l,O2,5.744553786,-0.153819316,0.016072007,129.4398274,0.33928765
086.7 045.0,30,oxygen_btl_ml_l,O2,5.108576781,-0.696377481,0.027860994,110.7352348,0.607074855
086.7 045.0,50,oxygen_btl_ml_l,O2,4.040436456,-0.761257057,0.024095173,96.52433655,0.714844546
086.7 045.0,75,oxygen_btl_ml_l,O2,3.326865452,-0.603389776,0.021143559,83.15808594,0.582382286
086.7 045.0,100,oxygen_btl_ml_l,O2,2.943092207,-0.484537093,0.018105579,69.0536564,0.483110215
086.7 045.0,125,oxygen_btl_ml_l,O2,2.617290852,-0.380685216,0.017056548,62.65110404,0.409410228
086.7 045.0,150,oxygen_btl_ml_l,O2,2.26717125,-0.268382386,0.020431821,81.56346893,0.387950251
086.7 045.0,200,oxygen_btl_ml_l,O2,1.800533531,-0.163491001,0.021125371,79.81688735,0.347702006
086.7 045.0,250,oxygen_btl_ml_l,O2,1.379800641,-0.141877232,0.022569745,87.93160329,0.289867918
086.7 045.0,300,oxygen_btl_ml_l,O2,1.062504852,-0.113774861,0.024501956,87.46660449,0.223057531
086.7 045.0,400,oxygen_btl_ml_l,O2,0.635903342,-0.079616495,0.021452309,48.12053344,0.108318015
086.7 045.0,500,oxygen_btl_ml_l,O2,0.391729961,-0.042790055,0.020682047,23.60486278,0.070760464
086.7 050.0,0,oxygen_btl_ml_l,O2,5.904572855,-0.178578299,0.019913066,177.3378417,0.178870528
086.7 050.0,10,oxygen_btl_ml_l,O2,5.825540707,-0.206671476,0.020919168,153.0295629,0.234600436
086.7 050.0,20,oxygen_btl_ml_l,O2,5.393614044,-0.482081543,0.025533127,121,0.494814182
086.7 050.0,30,oxygen_btl_ml_l,O2,4.975889499,-0.648433372,0.024745372,116,0.632749874
086.7 050.0,50,oxygen_btl_ml_l,O2,4.151009976,-0.794558338,0.025138057,111,0.74265833
086.7 055.0,0,oxygen_btl_ml_l,O2,5.887863496,-0.18506773,0.017923034,187,0.176632311
086.7 055.0,10,oxygen_btl_ml_l,O2,5.896307731,-0.18558294,0.018343969,187,0.175905513
086.7 055.0,20,oxygen_btl_ml_l,O2,5.841276942,-0.152847216,0.01768621,179,0.194376189
086.7 055.0,30,oxygen_btl_ml_l,O2,5.707303448,-0.220380469,0.022261411,142,0.284930619
086.7 055.0,50,oxygen_btl_ml_l,O2,4.98961763,-0.707203335,0.023754585,134.3731276,0.608701821
086.7 055.0,75,oxygen_btl_ml_l,O2,4.100462266,-0.591562794,0.022791056,131,0.740948925
086.7 055.0,100,oxygen_btl_ml_l,O2,3.413925087,-0.407435819,0.023204339,123,0.640632696
086.7 055.0,125,oxygen_btl_ml_l,O2,2.993790834,-0.34126638,0.021779982,120,0.539499704
086.7 055.0,150,oxygen_btl_ml_l,O2,2.680255046,-0.29975145,0.0218749,122,0.475879156
086.7 055.0,200,oxygen_btl_ml_l,O2,2.171231945,-0.204028061,0.021962208,119,0.431782215
086.7 055.0,250,oxygen_btl_ml_l,O2,1.687187953,-0.199460841,0.022358199,128,0.380473042
086.7 055.0,300,oxygen_btl_ml_l,O2,1.283226418,-0.175145883,0.021836848,127,0.299496024
086.7 055.0,400,oxygen_btl_ml_l,O2,0.692856772,-0.086631163,0.026117721,117,0.146891049
086.7 055.0,500,oxygen_btl_ml_l,O2,0.410230244,-0.042259515,0.026833923,87.7,0.078815734
086.7 060.0,0,oxygen_btl_ml_l,O2,5.883252478,-0.176484517,0.016718824,192.4799093,0.153907905
086.7 060.0,10,oxygen_btl_ml_l,O2,5.904891951,-0.186147423,0.017588556,192,0.167467187
086.7 060.0,20,oxygen_btl_ml_l,O2,5.918732116,-0.180189916,0.018824316,197,0.142432924
086.7 060.0,30,oxygen_btl_ml_l,O2,5.869048308,-0.169720104,0.019828158,175.4070492,0.193351412
086.7 060.0,50,oxygen_btl_ml_l,O2,5.358088529,-0.449728085,0.019802692,145,0.629608882
086.7 060.0,75,oxygen_btl_ml_l,O2,4.478621749,-0.606528956,0.020124583,136,0.753196159
086.7 060.0,100,oxygen_btl_ml_l,O2,3.699049676,-0.518353002,0.019392653,130,0.680074837
086.7 060.0,125,oxygen_btl_ml_l,O2,3.151102604,-0.378013251,0.019649622,134,0.563950651
086.7 060.0,150,oxygen_btl_ml_l,O2,2.878958773,-0.314570507,0.016926531,123,0.502399967
086.7 060.0,200,oxygen_btl_ml_l,O2,2.404450215,-0.229049064,0.01807101,123,0.446236924
086.7 060.0,250,oxygen_btl_ml_l,O2,1.901590632,-0.224874799,0.018664203,134,0.401644408
086.7 060.0,300,oxygen_btl_ml_l,O2,1.441378923,-0.188539302,0.019344978,138,0.361156425
086.7 060.0,400,oxygen_btl_ml_l,O2,0.74119382,-0.070878501,0.016377154,163,0.162129143
086.7 060.0,500,oxygen_btl_ml_l,O2,0.401162803,-0.052740825,0.029999993,123,0.075940271
086.7 070.0,0,oxygen_btl_ml_l,O2,5.834137403,-0.187969317,0.016466223,187.2676188,0.149389939
086.7 070.0,10,oxygen_btl_ml_l,O2,5.840456721,-0.189663642,0.016499836,189,0.150420019
086.7 070.0,20,oxygen_btl_ml_l,O2,5.85554059,-0.176675692,0.016627419,190,0.144281006
086.7 070.0,30,oxygen_btl_ml_l,O2,5.856506168,-0.148076364,0.013045089,234,0.150514159
086.7 070.0,50,oxygen_btl_ml_l,O2,5.714894387,-0.281048558,0.012445694,255,0.279265422
086.7 070.0,75,oxygen_btl_ml_l,O2,4.229653173,-1.285839596,0.006417043,360,0.62491744
086.7 070.0,100,oxygen_btl_ml_l,O2,3.590561188,-1.128178093,0.006332562,360,0.738345066
086.7 070.0,125,oxygen_btl_ml_l,O2,3.186739044,-0.783202925,0.006365557,360,0.650192025
086.7 070.0,150,oxygen_btl_ml_l,O2,2.834398728,-0.574901643,0.006619218,360,0.52654134
086.7 070.0,200,oxygen_btl_ml_l,O2,2.3082991,-0.588370867,0.006839343,360,0.390493715
086.7 070.0,250,oxygen_btl_ml_l,O2,1.95972851,-0.505165177,0.006801335,360,0.421725386
086.7 070.0,300,oxygen_btl_ml_l,O2,1.434410556,-0.457396203,0.006409187,360,0.387686929
086.7 070.0,400,oxygen_btl_ml_l,O2,0.734755196,-0.197928307,0.006208018,360,0.196093467
086.7 070.0,500,oxygen_btl_ml_l,O2,0.387583201,-0.081185336,0.006581745,360,0.084181878
086.7 080.0,0,oxygen_btl_ml_l,O2,5.796105596,-0.2078464,0.016058835,187,0.149867091
086.7 080.0,10,oxygen_btl_ml_l,O2,5.802612604,-0.203275346,0.016174834,187.349533,0.147772935
086.7 080.0,20,oxygen_btl_ml_l,O2,5.823133991,-0.193712274,0.01631457,192,0.153604061
086.7 080.0,30,oxygen_btl_ml_l,O2,5.837213945,-0.172553064,0.014600518,215,0.160198199
086.7 080.0,50,oxygen_btl_ml_l,O2,5.585071261,-0.393340447,0.007112675,360,0.21073377
086.7 080.0,75,oxygen_btl_ml_l,O2,5.14922751,-0.537747617,0.006798018,360,0.495420426
086.7 080.0,100,oxygen_btl_ml_l,O2,4.271937492,-0.749019157,0.007433537,360,0.736280311
086.7 080.0,125,oxygen_btl_ml_l,O2,3.751846724,-0.523767968,0.007342834,360,0.741920836
086.7 080.0,150,oxygen_btl_ml_l,O2,3.316556557,-0.245524953,0.008295298,355,0.566768989
086.7 080.0,200,oxygen_btl_ml_l,O2,2.756516129,-0.214459557,0.007403641,360,0.543386004
086.7 080.0,250,oxygen_btl_ml_l,O2,2.150315276,-0.364649206,0.006277639,360,0.522602306
086.7 080.0,300,oxygen_btl_ml_l,O2,1.485699272,-0.526739737,0.005827588,360,0.456859068
086.7 080.0,400,oxygen_btl_ml_l,O2,0.769276181,-0.269217626,0.006572435,360,0.272719894
086.7 080.0,500,oxygen_btl_ml_l,O2,0.392123032,-0.12564453,0.00654199,360,0.114542324
086.7 090.0,0,oxygen_btl_ml_l,O2,5.734769852,-0.23138998,0.017810273,170,0.116207214
086.7 090.0,10,oxygen_btl_ml_l,O2,5.743991106,-0.236551645,0.017879643,171,0.123952034
086.7 090.0,20,oxygen_btl_ml_l,O2,5.762830217,-0.233126684,0.018001392,175.7202495,0.133591883
086.7 090.0,30,oxygen_btl_ml_l,O2,5.780081046,-0.196637308,0.017323733,183.6802178,0.136803813
086.7 090.0,50,oxygen_btl_ml_l,O2,5.719392147,-0.241477355,0.007551983,360,0.160318111
086.7 090.0,75,oxygen_btl_ml_l,O2,5.826817946,0.064931821,0.013981911,156.3195864,0.279452187
086.7 090.0,100,oxygen_btl_ml_l,O2,5.319395424,0.140621066,0.022742878,135.3775585,0.590850998
086.7 090.0,125,oxygen_btl_ml_l,O2,4.688625265,0.151219657,0.023470973,132.9829692,0.714656503
086.7 090.0,150,oxygen_btl_ml_l,O2,4.037610459,0.115423838,0.021832843,132.4393624,0.645604066
086.7 090.0,200,oxygen_btl_ml_l,O2,2.996423765,-0.254190756,0.00556914,359.920144,0.514851598
086.7 090.0,250,oxygen_btl_ml_l,O2,2.636306407,-0.097439743,0.006026282,359.9979813,0.514238262
086.7 090.0,300,oxygen_btl_ml_l,O2,1.983675097,-0.208965193,0.006766999,360,0.482069456
086.7 090.0,400,oxygen_btl_ml_l,O2,1.020272245,-0.159593943,0.007111957,359.9999737,0.295907506
086.7 090.0,500,oxygen_btl_ml_l,O2,0.520671608,-0.076567428,0.007319777,359.9999984,0.137868658
086.7 100.0,0,oxygen_btl_ml_l,O2,5.685875049,-0.206938778,0.01683513,171.0429675,0.11002601
086.7 100.0,10,oxygen_btl_ml_l,O2,5.694161779,-0.210109631,0.016935584,174.7054718,0.117553865
086.7 100.0,20,oxygen_btl_ml_l,O2,5.703862705,-0.205339407,0.017153792,175.6869019,0.118279092
086.7 100.0,30,oxygen_btl_ml_l,O2,5.729694309,-0.166926139,0.016299781,183.4476048,0.13931405
086.7 100.0,50,oxygen_btl_ml_l,O2,5.633293026,-0.273602927,0.007293472,360,0.168779049
086.7 100.0,75,oxygen_btl_ml_l,O2,5.784595527,-0.130416258,0.011155761,359.9999978,0.222884264
086.7 100.0,100,oxygen_btl_ml_l,O2,5.202519859,-0.352925671,0.00848093,359.997346,0.4910321
086.7 100.0,125,oxygen_btl_ml_l,O2,4.914144915,-0.209309306,0.02268271,216.387687,0.628716616
086.7 100.0,150,oxygen_btl_ml_l,O2,4.340183263,-0.187161913,0.023155236,208.5269116,0.620779392
086.7 100.0,200,oxygen_btl_ml_l,O2,3.241185851,-0.181259702,0.006373201,359.9344165,0.48981734
086.7 100.0,250,oxygen_btl_ml_l,O2,2.771933883,-0.102113766,0.002546999,345.323326,0.411230361
086.7 100.0,300,oxygen_btl_ml_l,O2,2.265414101,-0.042545359,0.014841912,275.8719628,0.423323633
086.7 100.0,400,oxygen_btl_ml_l,O2,1.07082411,-0.2279794,0.007525798,355.3736763,0.240886041
086.7 100.0,500,oxygen_btl_ml_l,O2,0.519824467,-0.130909566,0.007214822,359.9999363,0.118964781
086.7 110.0,0,oxygen_btl_ml_l,O2,5.641029435,-0.194411578,0.016195015,165.0443533,0.103111438
086.7 110.0,10,oxygen_btl_ml_l,O2,5.642761584,-0.194433425,0.016057804,166.4682906,0.105102994
086.7 110.0,20,oxygen_btl_ml_l,O2,5.647750688,-0.193751673,0.015906623,167.5342492,0.105274634
086.7 110.0,30,oxygen_btl_ml_l,O2,5.670570794,-0.174188989,0.014560049,178.7864379,0.117201624
086.7 110.0,50,oxygen_btl_ml_l,O2,5.536978253,-0.365476294,0.007396115,359.9999999,0.182248525
086.7 110.0,75,oxygen_btl_ml_l,O2,5.97325638,6.048114876,1.0031e-4,315.1986393,0.145565118
086.7 110.0,100,oxygen_btl_ml_l,O2,5.506793606,-4.471199019,1.03716e-4,315.1807027,0.323924649
086.7 110.0,125,oxygen_btl_ml_l,O2,5.110667401,-0.250856049,0.02337567,210.2751038,0.492263463
086.7 110.0,150,oxygen_btl_ml_l,O2,4.523941158,-0.25354074,0.022697146,215.9225099,0.570934714
086.7 110.0,200,oxygen_btl_ml_l,O2,3.352876096,-0.266607606,0.010723225,321.0149529,0.485300306
086.7 110.0,250,oxygen_btl_ml_l,O2,2.921676484,-0.145555126,0.017896175,293.9959009,0.44551413
086.7 110.0,300,oxygen_btl_ml_l,O2,2.228983622,-0.271738957,0.009787264,359.9994973,0.419854431
086.7 110.0,400,oxygen_btl_ml_l,O2,1.298439034,-0.131624009,0.016588061,275.6150324,0.246305614
086.7 110.0,500,oxygen_btl_ml_l,O2,0.665611281,-0.055850627,0.024014166,244.0615839,0.124029344
090.0 028.0,0,oxygen_btl_ml_l,O2,6.104512637,-0.286114704,0.019898345,181.5476726,0.34718971
090.0 028.0,10,oxygen_btl_ml_l,O2,5.636338163,-0.659207547,0.007405558,359.999986,0.386467315
090.0 028.0,20,oxygen_btl_ml_l,O2,5.744456774,0.423369258,0.022263439,176.6527601,0.616243859
090.0 028.0,30,oxygen_btl_ml_l,O2,5.023598404,0.695515716,0.021211492,200.9992343,0.751779103
090.0 028.0,50,oxygen_btl_ml_l,O2,4.135507981,0.833170523,0.019755468,211.9555996,0.651024125
090.0 030.0,0,oxygen_btl_ml_l,O2,5.866298873,-0.325211969,0.018163797,175.2026325,0.244089291
090.0 030.0,10,oxygen_btl_ml_l,O2,5.939348891,-0.275433501,0.016905726,202.4057368,0.306424811
090.0 030.0,20,oxygen_btl_ml_l,O2,6.080830811,-0.212043772,0.022225727,254.9391137,0.357839187
090.0 030.0,30,oxygen_btl_ml_l,O2,5.72642015,-0.437639358,0.020430205,328.9302263,0.513101529
090.0 030.0,50,oxygen_btl_ml_l,O2,4.676431401,-0.763605979,0.020695175,351.7014804,0.551731752
090.0 030.0,75,oxygen_btl_ml_l,O2,3.887405445,-0.633417945,0.020485086,360,0.573485133
090.0 030.0,100,oxygen_btl_ml_l,O2,3.343011441,-0.519273831,0.0200577,360,0.535851352
090.0 030.0,125,oxygen_btl_ml_l,O2,2.899464255,-0.394241748,0.020149214,359.9999972,0.4682198
090.0 030.0,150,oxygen_btl_ml_l,O2,2.541276451,-0.320707806,0.020517295,360,0.432133268
090.0 030.0,200,oxygen_btl_ml_l,O2,2.060392247,-0.230098835,0.020365537,359.0334359,0.404537725
090.0 030.0,250,oxygen_btl_ml_l,O2,1.646655076,-0.186808102,0.021011606,351.2826693,0.314041991
090.0 030.0,300,oxygen_btl_ml_l,O2,1.253597362,-0.149211612,0.021594863,359.9999841,0.246959465
090.0 030.0,400,oxygen_btl_ml_l,O2,0.751898129,-0.083483259,0.025993104,298.6621087,0.155532164
090.0 030.0,500,oxygen_btl_ml_l,O2,0.432355097,-0.056216795,0.024137121,265.3702272,0.07483485
090.0 035.0,0,oxygen_btl_ml_l,O2,5.78376229,-0.284619788,0.018585502,165.8193318,0.164364616
090.0 035.0,10,oxygen_btl_ml_l,O2,5.836478236,-0.243916847,0.01821742,175.7256664,0.168395785
090.0 035.0,20,oxygen_btl_ml_l,O2,5.900407072,-0.23546466,0.012572456,281.6901139,0.214090148
090.0 035.0,30,oxygen_btl_ml_l,O2,5.902633441,-0.259354001,0.020774114,298.2736543,0.353719141
090.0 035.0,50,oxygen_btl_ml_l,O2,4.904185862,-0.463052328,0.022818204,333.8300783,0.603544981
090.0 035.0,75,oxygen_btl_ml_l,O2,3.922063592,-0.467081362,0.023631153,338.5555105,0.555356783
090.0 035.0,100,oxygen_btl_ml_l,O2,3.320496053,-0.38684801,0.022860358,348.0792029,0.452958489
090.0 035.0,125,oxygen_btl_ml_l,O2,2.875069638,-0.249773882,0.023293095,333.0076649,0.387495824
090.0 035.0,150,oxygen_btl_ml_l,O2,2.51605788,-0.211885688,0.025833531,310.9813762,0.414344661
090.0 035.0,200,oxygen_btl_ml_l,O2,1.940266205,-0.204548893,0.023432884,344.9935512,0.382584739
090.0 035.0,250,oxygen_btl_ml_l,O2,1.51332118,-0.16325686,0.025111476,334.481726,0.282956439
090.0 035.0,300,oxygen_btl_ml_l,O2,1.207042147,-0.123562314,0.024003899,333.0501246,0.222192614
090.0 037.0,0,oxygen_btl_ml_l,O2,5.76946538,-0.259138325,0.017489376,171.3911264,0.135182867
090.0 037.0,10,oxygen_btl_ml_l,O2,5.800250277,-0.240114882,0.0172008,177.3131557,0.150246989
090.0 037.0,20,oxygen_btl_ml_l,O2,5.920333825,-0.190415563,0.01691638,222.5076012,0.197298514
090.0 037.0,30,oxygen_btl_ml_l,O2,5.949726882,-0.175779658,0.020202995,285.4444355,0.249228141
090.0 037.0,50,oxygen_btl_ml_l,O2,4.87101486,0.482214132,0.026493752,207.0913388,0.619275788
090.0 037.0,75,oxygen_btl_ml_l,O2,3.984532484,0.40096937,0.02337989,207.9020795,0.584217907
090.0 037.0,100,oxygen_btl_ml_l,O2,3.367719857,0.25159988,0.023910169,208.2709879,0.484473453
090.0 037.0,125,oxygen_btl_ml_l,O2,2.905538152,0.198084579,0.025365425,212.0601209,0.418102088
090.0 037.0,150,oxygen_btl_ml_l,O2,2.661197443,0.197051731,0.01231472,306.1587022,0.410119709
090.0 037.0,200,oxygen_btl_ml_l,O2,2.246730487,0.257749024,0.008506795,359.9961209,0.414881551
090.0 037.0,250,oxygen_btl_ml_l,O2,1.827480615,0.2292568,0.008407596,359.9997779,0.360112312
090.0 037.0,300,oxygen_btl_ml_l,O2,1.255765236,0.114212806,0.024362017,209.5715794,0.280452114
090.0 037.0,400,oxygen_btl_ml_l,O2,0.688277702,0.070116896,0.022945933,211.8383221,0.126240397
090.0 037.0,500,oxygen_btl_ml_l,O2,0.396044546,0.037226206,0.018499806,194.5755797,0.058162622
090.0 045.0,0,oxygen_btl_ml_l,O2,5.833069665,-0.283071712,0.018582503,173.2355605,0.160765442
090.0 045.0,10,oxygen_btl_ml_l,O2,5.849035184,-0.249698846,0.018629917,176.03146,0.156180101
090.0 045.0,20,oxygen_btl_ml_l,O2,5.909449834,-0.162674176,0.01907028,193.6828078,0.180106378
090.0 045.0,30,oxygen_btl_ml_l,O2,5.63451491,0.292039529,0.03,212.5315863,0.402241013
090.0 045.0,50,oxygen_btl_ml_l,O2,4.711604864,0.52350622,0.026110271,219.4456029,0.655691978
090.0 045.0,75,oxygen_btl_ml_l,O2,3.864254791,0.476447034,0.02355483,224.4639679,0.637099606
090.0 045.0,100,oxygen_btl_ml_l,O2,3.246539436,0.393415755,0.024746971,223.256353,0.519694323
090.0 045.0,125,oxygen_btl_ml_l,O2,2.818683589,0.303752338,0.024699343,227.4030016,0.45297562
090.0 045.0,150,oxygen_btl_ml_l,O2,2.499143197,0.243157513,0.023684406,234.7889745,0.413503809
090.0 045.0,200,oxygen_btl_ml_l,O2,2.021884258,0.226351118,0.018184384,253.4347177,0.37238285
090.0 045.0,250,oxygen_btl_ml_l,O2,1.540939159,0.159296806,0.022519872,237.1436347,0.310259831
090.0 045.0,300,oxygen_btl_ml_l,O2,1.167605834,0.099534419,0.021364768,232.4618099,0.230048582
090.0 045.0,400,oxygen_btl_ml_l,O2,0.702484092,0.085725421,0.010866461,304.3249978,0.129057158
090.0 045.0,500,oxygen_btl_ml_l,O2,0.387829906,0.029150333,0.013429724,292.8586002,0.064152571
090.0 053.0,0,oxygen_btl_ml_l,O2,5.842891313,-0.22421505,0.017181711,183.153172,0.165341363
090.0 053.0,10,oxygen_btl_ml_l,O2,5.856054987,-0.221274708,0.017263169,183.9192853,0.166713551
090.0 053.0,20,oxygen_btl_ml_l,O2,5.855992754,-0.197297484,0.017063489,183.9135094,0.178610054
090.0 053.0,30,oxygen_btl_ml_l,O2,5.764469074,-0.220732085,0.019928066,148.1952716,0.258482428
090.0 053.0,50,oxygen_btl_ml_l,O2,5.10305703,-0.577680075,0.024160776,128.0050874,0.656245734
090.0 053.0,75,oxygen_btl_ml_l,O2,4.212970316,-0.499560487,0.024155622,128.3560179,0.750317092
090.0 053.0,100,oxygen_btl_ml_l,O2,3.51181293,-0.476907476,0.025363679,120.5860832,0.663028745
090.0 053.0,125,oxygen_btl_ml_l,O2,2.991470071,-0.385656011,0.027494822,120.7735652,0.553498621
090.0 053.0,150,oxygen_btl_ml_l,O2,2.686662088,-0.323524984,0.02712664,118.5888921,0.470191183
090.0 053.0,200,oxygen_btl_ml_l,O2,2.191987922,-0.245091808,0.029297896,116.9718065,0.430364222
090.0 053.0,250,oxygen_btl_ml_l,O2,1.711179862,-0.174158687,0.028025034,114.2795825,0.383434939
090.0 053.0,300,oxygen_btl_ml_l,O2,1.277030194,-0.096954229,0.023225254,117.760965,0.298434454
090.0 053.0,400,oxygen_btl_ml_l,O2,0.67467683,-0.056007441,0.027292443,134.079273,0.144322556
090.0 053.0,500,oxygen_btl_ml_l,O2,0.393839136,-0.036993859,0.029494673,146.1128712,0.060563632
090.0 060.0,0,oxygen_btl_ml_l,O2,5.794048527,-0.193837926,0.014054952,199,0.128118114
090.0 060.0,10,oxygen_btl_ml_l,O2,5.808853195,-0.196062469,0.014362014,203,0.132963723
090.0 060.0,20,oxygen_btl_ml_l,O2,5.806443842,-0.180737518,0.014029858,209,0.128662207
090.0 060.0,30,oxygen_btl_ml_l,O2,5.802320472,-0.138799533,0.013060171,220,0.14245437
090.0 060.0,50,oxygen_btl_ml_l,O2,5.626747605,-0.209062349,0.022802763,152.8683644,0.402788763
090.0 060.0,75,oxygen_btl_ml_l,O2,4.851882644,-0.415922884,0.023403033,153.1147317,0.710931554
090.0 060.0,100,oxygen_btl_ml_l,O2,4.090153538,-0.371471345,0.02352328,154.9015436,0.728568541
090.0 060.0,125,oxygen_btl_ml_l,O2,3.478010935,-0.364242634,0.021673929,156.6536258,0.553446182
090.0 060.0,150,oxygen_btl_ml_l,O2,3.064530894,-0.260100825,0.020133512,155,0.473419885
090.0 060.0,200,oxygen_btl_ml_l,O2,2.49580562,-0.233984482,0.020392406,142,0.474069331
090.0 060.0,250,oxygen_btl_ml_l,O2,2.026772583,-0.213167467,0.018751001,139,0.469751767
090.0 060.0,300,oxygen_btl_ml_l,O2,1.526542545,-0.19636984,0.018871378,132,0.395770772
090.0 060.0,400,oxygen_btl_ml_l,O2,0.757882618,-0.085128073,0.019957652,131,0.227403927
090.0 060.0,500,oxygen_btl_ml_l,O2,0.407914378,-0.032288575,0.021733144,133,0.090481485
090.0 070.0,0,oxygen_btl_ml_l,O2,5.779474296,-0.189592877,0.016924518,183.5649837,0.13722256
090.0 070.0,10,oxygen_btl_ml_l,O2,5.786198032,-0.184477523,0.016615517,187,0.138444736
090.0 070.0,20,oxygen_btl_ml_l,O2,5.797347819,-0.167619939,0.015781183,198.2566911,0.14147474
090.0 070.0,30,oxygen_btl_ml_l,O2,5.682793286,-0.263742018,0.00819076,303,0.155570786
090.0 070.0,50,oxygen_btl_ml_l,O2,5.852334998,-0.07519401,0.024680799,175,0.283307454
090.0 070.0,75,oxygen_btl_ml_l,O2,5.066098284,-0.380320096,0.008515684,313,0.571876942
090.0 070.0,100,oxygen_btl_ml_l,O2,4.253610148,-0.380354036,0.006375914,359.9977009,0.769694815
090.0 070.0,125,oxygen_btl_ml_l,O2,3.383844453,-0.631894368,0.006325213,360,0.740012182
090.0 070.0,150,oxygen_btl_ml_l,O2,2.985307005,-0.50389361,0.005504983,360,0.60841563
090.0 070.0,200,oxygen_btl_ml_l,O2,2.523593358,-0.306626492,0.005053643,360,0.476562716
090.0 070.0,250,oxygen_btl_ml_l,O2,2.12092249,-0.289538463,0.008544565,296,0.43579799
090.0 070.0,300,oxygen_btl_ml_l,O2,1.664461247,-0.241812821,0.009586045,261,0.378848918
090.0 070.0,400,oxygen_btl_ml_l,O2,0.769584508,-0.172664371,0.00648153,350,0.213186804
090.0 070.0,500,oxygen_btl_ml_l,O2,0.44870807,-0.025815974,0.01098068,223.7337569,0.104638527
090.0 080.0,0,oxygen_btl_ml_l,O2,5.747833474,-0.194015946,0.017001782,181.6724989,0.117869261
090.0 080.0,10,oxygen_btl_ml_l,O2,5.757416546,-0.188490961,0.01666422,184.565632,0.126662612
090.0 080.0,20,oxygen_btl_ml_l,O2,5.773739986,-0.174622068,0.016954667,186.1801252,0.132119667
090.0 080.0,30,oxygen_btl_ml_l,O2,5.786337268,-0.161150882,0.014289277,218.4662074,0.155013524
090.0 080.0,50,oxygen_btl_ml_l,O2,5.690069475,-0.268525921,0.007756933,359.9987864,0.163086086
090.0 080.0,75,oxygen_btl_ml_l,O2,5.357534152,-0.344940536,0.007290228,359.9999994,0.401949202
090.0 080.0,100,oxygen_btl_ml_l,O2,4.658065907,-0.377988594,0.006450538,359.9999208,0.652570305
090.0 080.0,125,oxygen_btl_ml_l,O2,3.905715449,-0.416711155,0.007226796,359.9999993,0.699803898
090.0 080.0,150,oxygen_btl_ml_l,O2,3.367124978,-0.373745787,0.006775801,359.9998323,0.600134503
090.0 080.0,200,oxygen_btl_ml_l,O2,2.753249439,-0.241314594,0.004484289,359.9990093,0.459516963
090.0 080.0,250,oxygen_btl_ml_l,O2,2.265141496,-0.217571822,0.006037007,359.8381114,0.472958751
090.0 080.0,300,oxygen_btl_ml_l,O2,1.716598407,-0.272650515,0.005583108,359.9999604,0.415604367
090.0 080.0,400,oxygen_btl_ml_l,O2,0.843897562,-0.152659445,0.005736182,360,0.221920929
090.0 080.0,500,oxygen_btl_ml_l,O2,0.46170845,-0.058761107,0.002189023,353.5008131,0.103309075
090.0 090.0,0,oxygen_btl_ml_l,O2,5.703512381,-0.198520048,0.017031613,178.0215234,0.130742466
090.0 090.0,10,oxygen_btl_ml_l,O2,5.707121816,-0.194449342,0.016969673,179.639822,0.134144711
090.0 090.0,20,oxygen_btl_ml_l,O2,5.71598588,-0.196817347,0.017522265,178.5853698,0.131651449
090.0 090.0,30,oxygen_btl_ml_l,O2,5.742704903,-0.172966593,0.015854812,198.6612868,0.153475545
090.0 090.0,50,oxygen_btl_ml_l,O2,5.745515945,-0.173990638,0.008262078,359.9638106,0.17307221
090.0 090.0,75,oxygen_btl_ml_l,O2,5.741024217,-0.092967713,0.011495854,333.657822,0.247355864
090.0 090.0,100,oxygen_btl_ml_l,O2,4.980178898,-0.371223418,0.006562252,359.9599906,0.539294419
090.0 090.0,125,oxygen_btl_ml_l,O2,4.345616011,-0.354885021,0.006145594,359.9999662,0.678942346
090.0 090.0,150,oxygen_btl_ml_l,O2,3.777840905,-0.351166587,0.004956919,359.9999997,0.661522326
090.0 090.0,200,oxygen_btl_ml_l,O2,3.078552961,-0.245595659,0.003525975,359.9874254,0.507532891
090.0 090.0,250,oxygen_btl_ml_l,O2,2.523860011,-0.26475287,0.005976984,359.8993695,0.479040422
090.0 090.0,300,oxygen_btl_ml_l,O2,2.008368723,-0.200263056,0.006293307,359.9999805,0.453483519
090.0 090.0,400,oxygen_btl_ml_l,O2,0.984130706,-0.134745855,0.0071374,359.9999922,0.25524933
090.0 090.0,500,oxygen_btl_ml_l,O2,0.507453771,-0.043829069,0.008367158,359.9999968,0.12708538
090.0 100.0,0,oxygen_btl_ml_l,O2,5.631743748,-0.200187608,0.017250059,170.6992095,0.102797628
090.0 100.0,10,oxygen_btl_ml_l,O2,5.6388367,-0.199169608,0.017311408,170.7743918,0.107293479
090.0 100.0,20,oxygen_btl_ml_l,O2,5.65286904,-0.196232111,0.017133183,176.0874408,0.119059133
090.0 100.0,30,oxygen_btl_ml_l,O2,5.680654698,-0.18634266,0.017329603,184.3766617,0.140909457
090.0 100.0,50,oxygen_btl_ml_l,O2,5.720003054,0.169040695,0.007671457,1.81e-7,0.178067648
090.0 100.0,75,oxygen_btl_ml_l,O2,5.744188881,0.12663556,0.008428442,77.53336626,0.208383652
090.0 100.0,100,oxygen_btl_ml_l,O2,5.545353936,-0.126834256,0.004867429,0.003395307,0.378537249
090.0 100.0,125,oxygen_btl_ml_l,O2,4.986347476,-0.944573985,7.47993e-4,79.28497405,0.566859174
090.0 100.0,150,oxygen_btl_ml_l,O2,4.410243766,-1.377666971,6.16138e-4,94.44528276,0.625267703
090.0 100.0,200,oxygen_btl_ml_l,O2,3.437456646,-1.579743399,3.49116e-4,104.657709,0.555226296
090.0 100.0,250,oxygen_btl_ml_l,O2,2.881954796,-0.372698373,3.28534e-4,112.8502907,0.53966582
090.0 100.0,300,oxygen_btl_ml_l,O2,2.308365885,-0.488737065,3.7177e-4,112.8098521,0.46374959
090.0 100.0,400,oxygen_btl_ml_l,O2,1.22497126,-0.873804382,3.67687e-4,112.8512493,0.271032299
090.0 100.0,500,oxygen_btl_ml_l,O2,0.602920979,-0.29288139,3.34197e-4,135.6982912,0.137737104
090.0 110.0,0,oxygen_btl_ml_l,O2,5.59154851,-0.196928398,0.016418983,167,0.090561749
090.0 110.0,10,oxygen_btl_ml_l,O2,5.592395994,-0.19576925,0.016432444,165,0.085432916
090.0 110.0,20,oxygen_btl_ml_l,O2,5.60191023,-0.187359213,0.016073721,169,0.086520481
090.0 110.0,30,oxygen_btl_ml_l,O2,5.615302967,-0.16377063,0.014741294,182,0.104533118
090.0 110.0,50,oxygen_btl_ml_l,O2,5.608995134,-0.238333011,0.007905705,360,0.1917716
090.0 110.0,75,oxygen_btl_ml_l,O2,5.92249379,0.612623975,0.001278573,266.9933034,0.156158513
090.0 110.0,100,oxygen_btl_ml_l,O2,5.600754004,0.310922856,4.51352e-4,238.2750566,0.266949635
090.0 110.0,125,oxygen_btl_ml_l,O2,5.053603382,-0.281600107,4.99529e-4,238.3004925,0.52186509
090.0 110.0,150,oxygen_btl_ml_l,O2,4.547897524,-0.182433264,0.022041592,186,0.614781689
090.0 110.0,200,oxygen_btl_ml_l,O2,3.632857343,-0.10852501,0.029200243,175,0.573103424
090.0 110.0,250,oxygen_btl_ml_l,O2,3.049115734,-0.019881521,0.029999998,149,0.522781314
090.0 110.0,300,oxygen_btl_ml_l,O2,2.383559955,0.154590235,0.011016852,1.08e-4,0.476389224
090.0 110.0,400,oxygen_btl_ml_l,O2,1.322653818,0.040419552,0.020647984,69.2,0.271238838
090.0 110.0,500,oxygen_btl_ml_l,O2,0.642069915,0.043208282,0.02093293,19.41577638,0.13119638
090.0 120.0,0,oxygen_btl_ml_l,O2,5.557314571,-0.154582564,0.016667175,174,0.083636776
090.0 120.0,10,oxygen_btl_ml_l,O2,5.563712126,-0.151659932,0.016417745,176,0.08697849
090.0 120.0,20,oxygen_btl_ml_l,O2,5.571396244,-0.143319959,0.015664293,179,0.100010021
090.0 120.0,30,oxygen_btl_ml_l,O2,5.577277641,-0.133615733,0.01469864,190,0.106270775
090.0 120.0,50,oxygen_btl_ml_l,O2,5.491970243,-0.295435351,0.007627385,360,0.166089198
090.0 120.0,75,oxygen_btl_ml_l,O2,5.804965846,0.145199603,0.008410256,136,0.147356994
090.0 120.0,100,oxygen_btl_ml_l,O2,5.60451341,0.064876116,0.006246336,6.65e-5,0.201562729
090.0 120.0,125,oxygen_btl_ml_l,O2,5.306558067,0.064666338,0.020659228,40.5,0.334542737
090.0 120.0,150,oxygen_btl_ml_l,O2,4.833557429,0.092481815,0.016620777,2.33e-6,0.4579313
090.0 120.0,200,oxygen_btl_ml_l,O2,3.837699794,0.110398183,0.020407667,22.1,0.5620016
090.0 120.0,250,oxygen_btl_ml_l,O2,3.205085758,0.122817648,0.019688001,33.3,0.528758364
090.0 120.0,300,oxygen_btl_ml_l,O2,2.658092347,0.127127503,0.020619782,40,0.510059201
090.0 120.0,400,oxygen_btl_ml_l,O2,1.387388672,0.105219845,0.017415597,25.8,0.255746483
090.0 120.0,500,oxygen_btl_ml_l,O2,0.666191274,0.025645983,0.018153786,21.7,0.131635673
093.3 026.7,0,oxygen_btl_ml_l,O2,6.101604423,-0.397016801,0.019638753,186,0.514676095
093.3 026.7,10,oxygen_btl_ml_l,O2,5.560597711,-0.787415388,0.007478838,360,0.416410026
093.3 026.7,20,oxygen_btl_ml_l,O2,5.517182532,0.443876389,0.0208,195,0.597400588
093.3 026.7,30,oxygen_btl_ml_l,O2,4.757468965,0.791648167,0.0208,210,0.667380477
093.3 026.7,50,oxygen_btl_ml_l,O2,3.940307635,0.840618857,0.020525064,209,0.617272335
093.3 028.0,0,oxygen_btl_ml_l,O2,5.87253382,-0.315391788,0.019630535,178,0.24223835
093.3 028.0,10,oxygen_btl_ml_l,O2,6.000493586,-0.310708025,0.017040789,226,0.299200539
093.3 028.0,20,oxygen_btl_ml_l,O2,6.041943854,-0.247762751,0.019558756,291,0.416433914
093.3 028.0,30,oxygen_btl_ml_l,O2,5.452501198,-0.527933347,0.01882199,360,0.621518543
093.3 028.0,50,oxygen_btl_ml_l,O2,4.407847896,-0.743527157,0.019981765,360,0.653391933
093.3 028.0,75,oxygen_btl_ml_l,O2,3.63201246,-0.695561893,0.020701898,360,0.560387667
093.3 028.0,100,oxygen_btl_ml_l,O2,3.077854224,-0.523567669,0.021132431,359.9999765,0.553166027
093.3 028.0,125,oxygen_btl_ml_l,O2,2.683011087,-0.360060286,0.023011128,340.2151827,0.489243983
093.3 028.0,150,oxygen_btl_ml_l,O2,2.368987515,-0.285470285,0.022498159,338.247182,0.435702583
093.3 028.0,200,oxygen_btl_ml_l,O2,1.914973355,-0.245034305,0.019967014,360,0.369577185
093.3 028.0,250,oxygen_btl_ml_l,O2,1.584833796,-0.194336118,0.020381839,360,0.313711381
093.3 028.0,300,oxygen_btl_ml_l,O2,1.276278082,-0.161189523,0.023113152,334.9561052,0.265902169
093.3 028.0,400,oxygen_btl_ml_l,O2,0.780392623,-0.097296717,0.023557202,311.1757021,0.160351548
093.3 028.0,500,oxygen_btl_ml_l,O2,0.44639437,-0.055427491,0.026535388,254.2930374,0.071049812
093.3 030.0,0,oxygen_btl_ml_l,O2,5.753710913,-0.281988275,0.018292782,172.1914945,0.163893814
093.3 030.0,10,oxygen_btl_ml_l,O2,5.841081679,-0.232564119,0.017584441,192.0700431,0.193319001
093.3 030.0,20,oxygen_btl_ml_l,O2,6.07175703,-0.28351399,0.018089654,264.7307712,0.292772863
093.3 030.0,30,oxygen_btl_ml_l,O2,5.829532867,-0.296870302,0.01886123,317.6541684,0.425706935
093.3 030.0,50,oxygen_btl_ml_l,O2,4.828034586,-0.575365486,0.020400437,346.7542159,0.59340022
093.3 030.0,75,oxygen_btl_ml_l,O2,3.875118207,-0.514391496,0.020465775,359.9999999,0.592161397
093.3 030.0,100,oxygen_btl_ml_l,O2,3.208703797,-0.435535737,0.021222353,359.999999,0.538007666
093.3 030.0,125,oxygen_btl_ml_l,O2,2.739798994,-0.349267478,0.021046276,359.9999998,0.523426383
093.3 030.0,150,oxygen_btl_ml_l,O2,2.380455507,-0.286111096,0.021574929,359.9999995,0.468090887
093.3 030.0,200,oxygen_btl_ml_l,O2,1.877459703,-0.247746526,0.021347462,359.9999994,0.421137287
093.3 030.0,250,oxygen_btl_ml_l,O2,1.54280106,-0.213999947,0.022175988,359.9999997,0.311778487
093.3 030.0,300,oxygen_btl_ml_l,O2,1.263929227,-0.155379254,0.02206241,360,0.251876925
093.3 030.0,400,oxygen_btl_ml_l,O2,0.804743031,-0.075145134,0.026015348,303.2119933,0.164013958
093.3 030.0,500,oxygen_btl_ml_l,O2,0.465050988,-0.044920729,0.027323283,248.0381706,0.08218817
093.3 035.0,0,oxygen_btl_ml_l,O2,5.706213494,-0.251325499,0.018084258,167.0115892,0.148574038
093.3 035.0,10,oxygen_btl_ml_l,O2,5.770651071,-0.229366105,0.018044576,180.6136074,0.177594294
093.3 035.0,20,oxygen_btl_ml_l,O2,5.8577851,-0.269520953,0.013909799,258.3409964,0.210325611
093.3 035.0,30,oxygen_btl_ml_l,O2,5.86548688,-0.092098543,0.01998548,288.575355,0.313542896
093.3 035.0,50,oxygen_btl_ml_l,O2,5.104094371,0.389709464,0.021977544,203.6277622,0.674287133
093.3 035.0,75,oxygen_btl_ml_l,O2,4.20397136,0.390403566,0.021389273,196.4728301,0.663965112
093.3 035.0,100,oxygen_btl_ml_l,O2,3.522219452,0.274838431,0.023514202,189.4304544,0.641021723
093.3 035.0,125,oxygen_btl_ml_l,O2,2.972809794,0.274142833,0.026419789,196.0710573,0.565490112
093.3 035.0,150,oxygen_btl_ml_l,O2,2.654513172,0.201052254,0.026833811,188.688581,0.498746495
093.3 035.0,200,oxygen_btl_ml_l,O2,2.485207834,0.457490272,0.008098497,359.9999983,0.434421152
093.3 035.0,250,oxygen_btl_ml_l,O2,1.988570869,0.400002122,0.008466099,360,0.412041276
093.3 035.0,300,oxygen_btl_ml_l,O2,1.283357101,0.157707167,0.022717313,212.1005317,0.302136859
093.3 035.0,400,oxygen_btl_ml_l,O2,0.702520639,0.0712089,0.020369953,213.4039361,0.146517455
093.3 035.0,500,oxygen_btl_ml_l,O2,0.404477254,0.033484342,0.018911089,206.3993069,0.062094726
093.3 040.0,0,oxygen_btl_ml_l,O2,5.691809388,-0.234585216,0.017081043,168.6996766,0.107296948
093.3 040.0,10,oxygen_btl_ml_l,O2,5.72386395,-0.228343887,0.016998558,175.8586351,0.137114771
093.3 040.0,20,oxygen_btl_ml_l,O2,5.82612908,-0.186308713,0.01504854,237.8402026,0.215568417
093.3 040.0,30,oxygen_btl_ml_l,O2,5.717360711,-0.246695907,0.008213378,359.9999766,0.179135791
093.3 040.0,50,oxygen_btl_ml_l,O2,5.095215792,0.680528095,0.028297563,218.2717758,0.517554095
093.3 040.0,75,oxygen_btl_ml_l,O2,4.219045945,0.552673794,0.027705194,216.3291827,0.560127973
093.3 040.0,100,oxygen_btl_ml_l,O2,3.524655728,0.423839037,0.027521083,216.4464737,0.509820803
093.3 040.0,125,oxygen_btl_ml_l,O2,3.045740964,0.288469732,0.027065527,213.8373407,0.471598944
093.3 040.0,150,oxygen_btl_ml_l,O2,2.722957737,0.260587807,0.028662164,209.8228451,0.42341125
093.3 040.0,200,oxygen_btl_ml_l,O2,2.225523746,0.119360454,0.019367117,249.2825113,0.397271595
093.3 040.0,250,oxygen_btl_ml_l,O2,1.750140488,0.106432754,0.01959964,249.0216147,0.379088958
093.3 040.0,300,oxygen_btl_ml_l,O2,1.269650434,0.160593963,0.026480608,213.9966142,0.283853959
093.3 040.0,400,oxygen_btl_ml_l,O2,0.681862528,0.072723543,0.023561621,220.8019662,0.14551622
093.3 040.0,500,oxygen_btl_ml_l,O2,0.377683002,0.044306308,0.025811158,212.63642720000001,0.069036821
093.3 045.0,0,oxygen_btl_ml_l,O2,5.726804538,-0.248387852,0.017039256,170.0379377,0.120586778
093.3 045.0,10,oxygen_btl_ml_l,O2,5.761169771,-0.225863328,0.016253361,183.6562592,0.154834678
093.3 045.0,20,oxygen_btl_ml_l,O2,5.77660773,-0.186792241,0.013082041,228.3239508,0.189159619
093.3 045.0,30,oxygen_btl_ml_l,O2,5.764158699,-0.076661579,0.006717955,359.9960736,0.262331007
093.3 045.0,50,oxygen_btl_ml_l,O2,5.056003569,0.538851872,0.02902373,223.3333674,0.646650977
093.3 045.0,75,oxygen_btl_ml_l,O2,4.070675778,0.629333023,0.028777896,214.5574096,0.642775177
093.3 045.0,100,oxygen_btl_ml_l,O2,3.462449185,0.522469907,0.029651672,209.468305,0.549169991
093.3 045.0,125,oxygen_btl_ml_l,O2,3.01719454,0.42249443,0.02919495,212.8753371,0.440052091
093.3 045.0,150,oxygen_btl_ml_l,O2,2.685667354,0.32264924,0.029643191,212.2317597,0.385876657
093.3 045.0,200,oxygen_btl_ml_l,O2,2.1538873,0.155203452,0.03,210.9466359,0.365040048
093.3 045.0,250,oxygen_btl_ml_l,O2,1.713691128,0.144210582,0.03,211.127326,0.32855798
093.3 045.0,300,oxygen_btl_ml_l,O2,1.272934282,0.118966822,0.03,221.9509579,0.27483135
093.3 045.0,400,oxygen_btl_ml_l,O2,0.669681145,0.053465228,0.023365698,267.4765728,0.145084991
093.3 045.0,500,oxygen_btl_ml_l,O2,0.372088671,0.025942228,0.025094994,233.5264394,0.066019349
093.3 050.0,0,oxygen_btl_ml_l,O2,5.736678405,-0.228999001,0.016678048,178,0.13248158300000001
093.3 050.0,10,oxygen_btl_ml_l,O2,5.764372157,-0.237869743,0.016814035,183,0.154005481
093.3 050.0,20,oxygen_btl_ml_l,O2,5.774493337,-0.205404571,0.01592784,191,0.141598304
093.3 050.0,30,oxygen_btl_ml_l,O2,5.751206508,-0.203056198,0.020330982,153,0.237785024
093.3 050.0,50,oxygen_btl_ml_l,O2,5.192018467,-0.571081535,0.027577145,128.8193543,0.553201116
093.3 050.0,75,oxygen_btl_ml_l,O2,4.272834425,-0.653086179,0.027327425,120.941209,0.674817476
093.3 050.0,100,oxygen_btl_ml_l,O2,3.576557562,-0.555932319,0.028211336,116.9486794,0.615526982
093.3 050.0,125,oxygen_btl_ml_l,O2,3.068957794,-0.482601934,0.028421052,117.064727,0.506587936
093.3 050.0,150,oxygen_btl_ml_l,O2,2.729488648,-0.342246628,0.027964091,119.8527779,0.433243339
093.3 050.0,200,oxygen_btl_ml_l,O2,2.205560102,-0.284987764,0.029373983,120.6677878,0.3968835
093.3 050.0,250,oxygen_btl_ml_l,O2,1.709502145,-0.218934261,0.027708933,122.244595,0.355779371
093.3 050.0,300,oxygen_btl_ml_l,O2,1.236871473,-0.169214433,0.027688918,122.0157844,0.28646084
093.3 050.0,400,oxygen_btl_ml_l,O2,0.632703156,-0.078796667,0.026612639,123.5197052,0.137664184
093.3 050.0,500,oxygen_btl_ml_l,O2,0.361920591,-0.036631363,0.026652813,115,0.05472996
093.3 055.0,0,oxygen_btl_ml_l,O2,5.756570807,-0.204511622,0.015417156,195,0.141065914
093.3 055.0,10,oxygen_btl_ml_l,O2,5.782788963,-0.21046172,0.015903621,200,0.15633609
093.3 055.0,20,oxygen_btl_ml_l,O2,5.794453824,-0.220078509,0.013927452,232,0.162928179
093.3 055.0,30,oxygen_btl_ml_l,O2,5.830130616,-0.19571363,0.013291688,254,0.185659816
093.3 055.0,50,oxygen_btl_ml_l,O2,5.518168823,0.234747545,0.024984597,261.7840501,0.398205328
093.3 055.0,75,oxygen_btl_ml_l,O2,4.602915906,0.347971086,0.025505514,246.2989084,0.647168687
093.3 055.0,100,oxygen_btl_ml_l,O2,3.823528732,0.351865752,0.024830053,248,0.625188123
093.3 055.0,125,oxygen_btl_ml_l,O2,3.307330215,0.307791928,0.023923383,258,0.50089725
093.3 055.0,150,oxygen_btl_ml_l,O2,2.917880223,0.205838808,0.024633738,255.2782021,0.449133154
093.3 055.0,200,oxygen_btl_ml_l,O2,2.320686886,0.227677616,0.024023503,258.542724,0.460578935
093.3 055.0,250,oxygen_btl_ml_l,O2,1.797651983,0.193039881,0.023873813,248,0.424468656
093.3 055.0,300,oxygen_btl_ml_l,O2,1.306136398,0.188388878,0.022384048,260,0.336740999
093.3 055.0,400,oxygen_btl_ml_l,O2,0.661721692,0.125453769,0.024932928,246,0.17094127
093.3 055.0,500,oxygen_btl_ml_l,O2,0.370995042,0.039044369,0.023819354,265.7603178,0.074133102
093.3 060.0,0,oxygen_btl_ml_l,O2,5.747867254,-0.214690377,0.015999988,188,0.131608084
093.3 060.0,10,oxygen_btl_ml_l,O2,5.755706724,-0.216689625,0.015984329,190,0.130041602
093.3 060.0,20,oxygen_btl_ml_l,O2,5.781989868,-0.211080879,0.015529048,203.9757349,0.13127452
093.3 060.0,30,oxygen_btl_ml_l,O2,5.455489199,-0.580769902,0.007174544,360,0.180226243
093.3 060.0,50,oxygen_btl_ml_l,O2,5.725597836,-0.060514636,0.019513285,148.1058818,0.309365219
093.3 060.0,75,oxygen_btl_ml_l,O2,5.073998009,-0.271402378,0.014431819,138.2708452,0.629921213
093.3 060.0,100,oxygen_btl_ml_l,O2,4.330678774,-0.296345829,0.014269396,118.898509,0.661986156
093.3 060.0,125,oxygen_btl_ml_l,O2,3.67405586,-0.295045096,0.016244508,131.1400872,0.556938267
093.3 060.0,150,oxygen_btl_ml_l,O2,3.211483671,-0.235484535,0.015942181,151.8077911,0.433166143
093.3 060.0,200,oxygen_btl_ml_l,O2,2.599680359,-0.202020552,0.01421864,146.5083204,0.42427401
093.3 060.0,250,oxygen_btl_ml_l,O2,2.083058087,-0.179072704,0.017332517,119.4071649,0.42388357
093.3 060.0,300,oxygen_btl_ml_l,O2,1.52710812,-0.186904675,0.018838488,115.2991751,0.358833348
093.3 060.0,400,oxygen_btl_ml_l,O2,0.774471438,-0.089258905,0.013348783,108.6450752,0.191959931
093.3 060.0,500,oxygen_btl_ml_l,O2,0.405405888,-0.027856222,0.011978599,126.0775415,0.083108331
093.3 070.0,0,oxygen_btl_ml_l,O2,5.715613283,-0.169238368,0.016495489,176.2413624,0.117406968
093.3 070.0,10,oxygen_btl_ml_l,O2,5.724841639,-0.172244169,0.016480734,178.0921383,0.118569506
093.3 070.0,20,oxygen_btl_ml_l,O2,5.740755698,-0.159901255,0.015726506,190.7165809,0.130814067
093.3 070.0,30,oxygen_btl_ml_l,O2,5.771709343,-0.149450933,0.016161091,197.8952073,0.139755471
093.3 070.0,50,oxygen_btl_ml_l,O2,5.849031939,-0.049550816,0.022815897,182.9866843,0.196900198
093.3 070.0,75,oxygen_btl_ml_l,O2,5.38094745,-0.233654307,0.013236102,209.3776992,0.546105419
093.3 070.0,100,oxygen_btl_ml_l,O2,4.669773149,-0.225416307,0.013023589,184.2131277,0.700539329
093.3 070.0,125,oxygen_btl_ml_l,O2,3.97000857,-0.166962875,0.010505006,206.33317159999999,0.633353482
093.3 070.0,150,oxygen_btl_ml_l,O2,3.427991738,-0.172313947,0.015138248,205.2209898,0.550522468
093.3 070.0,200,oxygen_btl_ml_l,O2,2.837239727,-0.18998667,0.016553713,165.7722769,0.4434425
093.3 070.0,250,oxygen_btl_ml_l,O2,2.290886521,-0.19474797,0.019430469,164.0773792,0.448341854
093.3 070.0,300,oxygen_btl_ml_l,O2,1.772209206,-0.189225352,0.018146173,164.9874617,0.398848638
093.3 070.0,400,oxygen_btl_ml_l,O2,0.885518509,-0.11784982,0.019017951,155.1488559,0.21598676
093.3 070.0,500,oxygen_btl_ml_l,O2,0.446257735,-0.037687672,0.018915887,165.8961297,0.094173841
093.3 080.0,0,oxygen_btl_ml_l,O2,5.692282318,-0.18487767,0.016636117,180.5835719,0.117461623
093.3 080.0,10,oxygen_btl_ml_l,O2,5.699909614,-0.187086639,0.016743547,181.9434439,0.120549419
093.3 080.0,20,oxygen_btl_ml_l,O2,5.715138737,-0.179129747,0.016271639,190.2149815,0.130987819
093.3 080.0,30,oxygen_btl_ml_l,O2,5.731522721,-0.170059217,0.013787576,221.3372781,0.143328912
093.3 080.0,50,oxygen_btl_ml_l,O2,5.80110439,-0.157273227,0.009249195,359.9999828,0.156744297
093.3 080.0,75,oxygen_btl_ml_l,O2,5.556363738,-0.20342513,0.009413475,328.630379,0.289834282
093.3 080.0,100,oxygen_btl_ml_l,O2,5.053833757,-0.052317486,0.016364351,208.6890321,0.591531761
093.3 080.0,125,oxygen_btl_ml_l,O2,4.580026157,-0.254615701,0.006115145,7.18e-7,0.671516563
093.3 080.0,150,oxygen_btl_ml_l,O2,3.891039381,-0.204752081,0.007961795,66.5328525,0.614718769
093.3 080.0,200,oxygen_btl_ml_l,O2,3.093070645,-0.471216015,0.001238001,117.2312684,0.483742128
093.3 080.0,250,oxygen_btl_ml_l,O2,2.362185557,-0.193918369,0.005904273,359.7077171,0.4363219
093.3 080.0,300,oxygen_btl_ml_l,O2,1.812708792,-0.220641198,0.005404995,344.2090018,0.418857565
093.3 080.0,400,oxygen_btl_ml_l,O2,0.855103942,-0.193637176,0.005036348,359.9999689,0.25018493
093.3 080.0,500,oxygen_btl_ml_l,O2,0.487680721,-0.039058995,0.014675462,208.1152329,0.105341395
093.3 090.0,0,oxygen_btl_ml_l,O2,5.659225707,-0.213026553,0.017424078,174.9330824,0.116211443
093.3 090.0,10,oxygen_btl_ml_l,O2,5.66591511,-0.210590488,0.017359383,174.9720731,0.117306272
093.3 090.0,20,oxygen_btl_ml_l,O2,5.685607477,-0.196554213,0.016852718,184.5789509,0.124837111
093.3 090.0,30,oxygen_btl_ml_l,O2,5.707934696,-0.181769318,0.016611998,190.3516113,0.133797536
093.3 090.0,50,oxygen_btl_ml_l,O2,5.725330326,-0.206045791,0.008383104,359.9996846,0.167564444
093.3 090.0,75,oxygen_btl_ml_l,O2,5.808442954,-0.064275205,0.011898517,359.9999622,0.159420928
093.3 090.0,100,oxygen_btl_ml_l,O2,5.407744529,-0.085615198,0.013367775,222.4565487,0.354150895
093.3 090.0,125,oxygen_btl_ml_l,O2,4.55426558,-0.351355157,0.005696709,359.8884062,0.510208966
093.3 090.0,150,oxygen_btl_ml_l,O2,3.940873031,-0.354592024,0.005589289,360,0.572796066
093.3 090.0,200,oxygen_btl_ml_l,O2,3.093510057,-0.355544041,0.006474678,359.9999937,0.419192663
093.3 090.0,250,oxygen_btl_ml_l,O2,2.507484998,-0.383905148,0.007384665,359.9997849,0.423702577
093.3 090.0,300,oxygen_btl_ml_l,O2,1.829134986,-0.494678886,0.00711064,359.9999218,0.416785661
093.3 090.0,400,oxygen_btl_ml_l,O2,0.954749301,-0.228486477,0.005879811,359.9999256,0.241793887
093.3 090.0,500,oxygen_btl_ml_l,O2,0.534932769,-0.041345424,0.011715201,235.6694669,0.111166883
093.3 100.0,0,oxygen_btl_ml_l,O2,5.605040111,-0.18204902,0.017036296,175.1130227,0.082827474
093.3 100.0,10,oxygen_btl_ml_l,O2,5.615586467,-0.176313545,0.01710604,176.6829263,0.092636606
093.3 100.0,20,oxygen_btl_ml_l,O2,5.62421755,-0.173431056,0.017072649,179.8454904,0.095471982
093.3 100.0,30,oxygen_btl_ml_l,O2,5.642112316,-0.154174958,0.015234591,195.8309821,0.126020812
093.3 100.0,50,oxygen_btl_ml_l,O2,5.632516085,-0.202210039,0.008083547,359.9999889,0.16756834
093.3 100.0,75,oxygen_btl_ml_l,O2,5.767949112,0.151270584,0.007424683,80.24957309,0.12622013
093.3 100.0,100,oxygen_btl_ml_l,O2,5.54900765,0.14681858,0.011601111,0.069582506,0.224959538
093.3 100.0,125,oxygen_btl_ml_l,O2,5.121595039,0.148276771,0.0138,5.63e-6,0.367803083
093.3 100.0,150,oxygen_btl_ml_l,O2,4.552513502,0.166893292,0.0164,2.19e-7,0.513636843
093.3 100.0,200,oxygen_btl_ml_l,O2,3.5863545550000002,0.138536526,0.0147,2.51e-7,0.480339169
093.3 100.0,250,oxygen_btl_ml_l,O2,3.034348434,0.079586104,0.0163,3.3e-9,0.476959812
093.3 100.0,300,oxygen_btl_ml_l,O2,2.434709965,0.051871349,0.0165,0.002601842,0.462410918
093.3 100.0,400,oxygen_btl_ml_l,O2,1.247864356,-0.027228237,0.03,61.71111259,0.260324269
093.3 100.0,500,oxygen_btl_ml_l,O2,0.591510169,-0.015215384,0.0299,14.40143018,0.121947531
093.3 110.0,0,oxygen_btl_ml_l,O2,5.558501046,-0.186586709,0.0166,169.5111296,0.081736007
093.3 110.0,10,oxygen_btl_ml_l,O2,5.563662706,-0.188743653,0.0162,169.3492488,0.086942659
093.3 110.0,20,oxygen_btl_ml_l,O2,5.567954112,-0.190270789,0.0163,171.7829664,0.086672744
093.3 110.0,30,oxygen_btl_ml_l,O2,5.582460337,-0.166550389,0.0148,188.8935082,0.108783387
093.3 110.0,50,oxygen_btl_ml_l,O2,5.504138079,-0.307923498,0.00758,359.9999991,0.160309256
093.3 110.0,75,oxygen_btl_ml_l,O2,5.817677032,0.115235586,0.0147,153.5793624,0.128374205
093.3 110.0,100,oxygen_btl_ml_l,O2,5.533347506,0.139068263,0.00879,5.8e-5,0.209197709
093.3 110.0,125,oxygen_btl_ml_l,O2,5.245170908,0.099798832,0.0221,30.91671672,0.307831739
093.3 110.0,150,oxygen_btl_ml_l,O2,4.718141675,0.107757258,0.0197,28.38028269,0.465435696
093.3 110.0,200,oxygen_btl_ml_l,O2,3.700617738,0.057916959,0.0173,8.81,0.544937771
093.3 110.0,250,oxygen_btl_ml_l,O2,3.047157267,0.092146388,0.009281934,0.008719656,0.516254821
093.3 110.0,300,oxygen_btl_ml_l,O2,2.419644111,0.167374208,0.010935694,2.03035e-4,0.480958767
093.3 110.0,400,oxygen_btl_ml_l,O2,1.245714734,0.086405092,0.010602841,1.85e-6,0.281435491
093.3 110.0,500,oxygen_btl_ml_l,O2,0.594565725,0.059429954,0.00984043,1.11e-13,0.129865409
093.3 120.0,0,oxygen_btl_ml_l,O2,5.533567632,-0.179111117,0.016487214,169,0.084203169
093.3 120.0,10,oxygen_btl_ml_l,O2,5.539473599,-0.178030573,0.01604977,174,0.091048005
093.3 120.0,20,oxygen_btl_ml_l,O2,5.549521193,-0.173488454,0.016078499,177,0.093651502
093.3 120.0,30,oxygen_btl_ml_l,O2,5.55591424,-0.156673716,0.01494789,188,0.099375892
093.3 120.0,50,oxygen_btl_ml_l,O2,5.448748022,-0.334268688,0.00754558,360,0.155807378
093.3 120.0,75,oxygen_btl_ml_l,O2,5.799223357,0.148675205,0.008212447,169.2907877,0.116111528
093.3 120.0,100,oxygen_btl_ml_l,O2,5.664710859,0.045563111,0.019449401,143.9846715,0.145693785
093.3 120.0,125,oxygen_btl_ml_l,O2,5.374086899,0.067492025,0.027187315,125,0.270208278
093.3 120.0,150,oxygen_btl_ml_l,O2,4.935750888,0.101314858,0.03,130,0.382798828
093.3 120.0,200,oxygen_btl_ml_l,O2,3.963775198,0.080838392,0.03,116.0062256,0.515404105
093.3 120.0,250,oxygen_btl_ml_l,O2,3.376489305,0.100286713,0.03,117.9746858,0.483618631
093.3 120.0,300,oxygen_btl_ml_l,O2,2.583467451,0.240150528,0.00758422,0.0594,0.48850478
093.3 120.0,400,oxygen_btl_ml_l,O2,1.416561507,0.089133637,0.008524314,0.0091,0.285005572
093.3 120.0,500,oxygen_btl_ml_l,O2,0.672233682,0.024854393,0.009066929,0.008559851,0.123596204
076.7 049.0,0,oxygen_ml_l_ave_sta_corr,O2,5.932412734,0.498828715,0.022040896,161.2579696,0.658652685
076.7 049.0,10,oxygen_ml_l_ave_sta_corr,O2,5.577237109,0.36197016,0.021950201,179.1096199,0.635203616
076.7 049.0,20,oxygen_ml_l_ave_sta_corr,O2,5.05665078,0.402662072,0.022241629,200.8196331,0.685797482
076.7 049.0,30,oxygen_ml_l_ave_sta_corr,O2,4.654282009,0.484733091,0.022015975,208.8136627,0.709417244
076.7 049.0,50,oxygen_ml_l_ave_sta_corr,O2,3.852705314,0.797811222,0.021321206,226.0508427,0.640062651
076.7 051.0,0,oxygen_ml_l_ave_sta_corr,O2,6.183639571,0.283126808,0.026824119,125.7447734,0.363475109
076.7 051.0,10,oxygen_ml_l_ave_sta_corr,O2,6.150983963,0.291656627,0.026128209,128.6443121,0.354470803
076.7 051.0,20,oxygen_ml_l_ave_sta_corr,O2,5.778557785,0.117261385,0.03,144.6664013,0.462746756
076.7 051.0,30,oxygen_ml_l_ave_sta_corr,O2,5.786147053,-0.866074674,0.008618094,9.85e-5,0.683163744
076.7 051.0,50,oxygen_ml_l_ave_sta_corr,O2,5.250294155,-1.346697988,0.008567834,9.79e-6,0.72280381
076.7 051.0,75,oxygen_ml_l_ave_sta_corr,O2,3.658024746,-0.554427501,0.014834077,67.22750049,0.653938427
076.7 051.0,100,oxygen_ml_l_ave_sta_corr,O2,3.067773267,-0.404012847,0.014933605,38.5638249,0.47837211
076.7 051.0,125,oxygen_ml_l_ave_sta_corr,O2,2.652257311,-0.298077611,0.019420635,61.49231729,0.43839222
076.7 051.0,150,oxygen_ml_l_ave_sta_corr,O2,2.39910322,-0.274082903,0.020959393,65.49277917,0.387039898
076.7 051.0,200,oxygen_ml_l_ave_sta_corr,O2,1.953138202,-0.260453084,0.022438594,73.61697084,0.323064376
076.7 055.0,0,oxygen_ml_l_ave_sta_corr,O2,6.126666822,0.154237641,0.025381189,113.0825795,0.248368967
076.7 055.0,10,oxygen_ml_l_ave_sta_corr,O2,6.122096822,0.158513881,0.025704619,114.1136114,0.261476948
076.7 055.0,20,oxygen_ml_l_ave_sta_corr,O2,5.917729365,0.111339958,0.017770348,16.24169094,0.277402931
076.7 055.0,30,oxygen_ml_l_ave_sta_corr,O2,5.496601721,0.305277592,0.019544596,2.42e-9,0.504790584
076.7 055.0,50,oxygen_ml_l_ave_sta_corr,O2,4.585580255,0.636852445,0.021187588,6.38e-14,0.757333993
076.7 055.0,75,oxygen_ml_l_ave_sta_corr,O2,3.72715458,0.47827876,0.022080438,3.92e-8,0.72243836
076.7 055.0,100,oxygen_ml_l_ave_sta_corr,O2,3.098144296,0.326576014,0.025102942,4.31e-11,0.5574838
076.7 055.0,125,oxygen_ml_l_ave_sta_corr,O2,2.710455192,0.295701696,0.027283943,2.68e-14,0.441197771
076.7 055.0,150,oxygen_ml_l_ave_sta_corr,O2,2.439106608,0.245933347,0.026243753,4.94e-8,0.396908419
076.7 055.0,200,oxygen_ml_l_ave_sta_corr,O2,2.121083768,0.167737741,0.02692382,7.04043636,0.433799602
076.7 055.0,250,oxygen_ml_l_ave_sta_corr,O2,1.751599758,0.194869078,0.028147645,8.96e-5,0.369797476
076.7 055.0,300,oxygen_ml_l_ave_sta_corr,O2,1.414063112,0.155054006,0.028488319,4.33e-9,0.309619128
076.7 055.0,400,oxygen_ml_l_ave_sta_corr,O2,0.87659695,0.098130149,0.029768117,2.23e-14,0.206561221
076.7 055.0,500,oxygen_ml_l_ave_sta_corr,O2,0.514791059,0.01318739,0.03,2.22e-14,0.110148475
076.7 060.0,0,oxygen_ml_l_ave_sta_corr,O2,6.04048712,-0.153909006,0.016717599,221.5088327,0.209863524
076.7 060.0,10,oxygen_ml_l_ave_sta_corr,O2,6.068887382,-0.168881055,0.017519429,226.9578843,0.221218372
076.7 060.0,20,oxygen_ml_l_ave_sta_corr,O2,5.986772644,-0.159697328,0.018112254,206.7473824,0.242113726
076.7 060.0,30,oxygen_ml_l_ave_sta_corr,O2,5.839655296,-0.147953331,0.017592418,175.7110087,0.34511329
076.7 060.0,50,oxygen_ml_l_ave_sta_corr,O2,5.063227851,-0.431934598,0.019990849,149,0.724675821
076.7 060.0,75,oxygen_ml_l_ave_sta_corr,O2,4.065233195,-0.387041407,0.019344245,135,0.806604157
076.7 060.0,100,oxygen_ml_l_ave_sta_corr,O2,3.364888638,-0.312671733,0.018740587,130,0.668320932
076.7 060.0,125,oxygen_ml_l_ave_sta_corr,O2,2.937508824,-0.297445483,0.018658584,129,0.522307722
076.7 060.0,150,oxygen_ml_l_ave_sta_corr,O2,2.645696085,-0.227842846,0.021057897,135,0.46314101
076.7 060.0,200,oxygen_ml_l_ave_sta_corr,O2,2.237638954,-0.221929147,0.020422762,141,0.462089498
076.7 060.0,250,oxygen_ml_l_ave_sta_corr,O2,1.829837214,-0.167247248,0.020385502,152,0.409899123
076.7 060.0,300,oxygen_ml_l_ave_sta_corr,O2,1.441379174,-0.120235192,0.020398863,139,0.330883187
076.7 060.0,400,oxygen_ml_l_ave_sta_corr,O2,0.891172799,-0.085532731,0.0071443950000000004,0.0019,0.179612462
076.7 060.0,500,oxygen_ml_l_ave_sta_corr,O2,0.485783332,-0.039046385,0.025380467,55.89953928,0.105921128
076.7 070.0,0,oxygen_ml_l_ave_sta_corr,O2,5.974814284,-0.184133286,0.017774278,174,0.139302752
076.7 070.0,10,oxygen_ml_l_ave_sta_corr,O2,5.992513282,-0.181628137,0.017601373,179.5048325,0.147294534
076.7 070.0,20,oxygen_ml_l_ave_sta_corr,O2,6.000841703,-0.179903931,0.017568075,193.3133457,0.132739565
076.7 070.0,30,oxygen_ml_l_ave_sta_corr,O2,5.969650884,-0.197737641,0.017794188,192.9144514,0.138444388
076.7 070.0,50,oxygen_ml_l_ave_sta_corr,O2,5.574992239,-0.394456759,0.018340091,185.8535374,0.507766216
076.7 070.0,75,oxygen_ml_l_ave_sta_corr,O2,4.720170255,-0.529099658,0.02167892,181.6791441,0.714035794
076.7 070.0,100,oxygen_ml_l_ave_sta_corr,O2,3.880221856,-0.542094376,0.022472558,173.1277342,0.685136927
076.7 070.0,125,oxygen_ml_l_ave_sta_corr,O2,3.280667098,-0.384891552,0.021546294,171.5267766,0.596759107
076.7 070.0,150,oxygen_ml_l_ave_sta_corr,O2,2.89282644,-0.265695776,0.019912546,163.320181,0.493902751
076.7 070.0,200,oxygen_ml_l_ave_sta_corr,O2,2.517171054,-0.181236512,0.018423876,171,0.521412185
076.7 070.0,250,oxygen_ml_l_ave_sta_corr,O2,2.123728584,-0.179726308,0.021211613,179.3825391,0.454543419
076.7 070.0,300,oxygen_ml_l_ave_sta_corr,O2,1.695372568,-0.139008451,0.020054698,177.7065332,0.385147437
076.7 070.0,400,oxygen_ml_l_ave_sta_corr,O2,0.916098669,-0.063091752,0.016978489,149,0.178343388
076.7 070.0,500,oxygen_ml_l_ave_sta_corr,O2,0.552900346,-0.084248299,0.007606174,4.3,0.0991785
076.7 080.0,0,oxygen_ml_l_ave_sta_corr,O2,5.904235201,-0.17661205,0.016363525,159,0.137633075
076.7 080.0,10,oxygen_ml_l_ave_sta_corr,O2,5.91444628,-0.175709442,0.016345349,164,0.144830117
076.7 080.0,20,oxygen_ml_l_ave_sta_corr,O2,5.93308497,-0.152013153,0.014740473,179,0.163796201
076.7 080.0,30,oxygen_ml_l_ave_sta_corr,O2,5.953960127,-0.125723704,0.013966012,208,0.177633565
076.7 080.0,50,oxygen_ml_l_ave_sta_corr,O2,5.770149832,-0.238341155,0.012904553,228,0.372488084
076.7 080.0,75,oxygen_ml_l_ave_sta_corr,O2,5.255101905,-0.445464456,0.018952571,204.0608934,0.663654231
076.7 080.0,100,oxygen_ml_l_ave_sta_corr,O2,4.497099428,-0.554476123,0.019475414,208.2818787,0.783254059
076.7 080.0,125,oxygen_ml_l_ave_sta_corr,O2,3.790631252,-0.510880008,0.018521913,207.8906052,0.680446078
076.7 080.0,150,oxygen_ml_l_ave_sta_corr,O2,3.302596829,-0.397271022,0.017017722,209.8295843,0.572171929
076.7 080.0,200,oxygen_ml_l_ave_sta_corr,O2,2.736954088,-0.220797989,0.014635788,223.0421403,0.506144423
076.7 080.0,250,oxygen_ml_l_ave_sta_corr,O2,2.278529228,-0.249361474,0.016796091,203.8457787,0.470523813
076.7 080.0,300,oxygen_ml_l_ave_sta_corr,O2,1.846927674,-0.241974656,0.017849089,204.9798166,0.388201164
076.7 080.0,400,oxygen_ml_l_ave_sta_corr,O2,1.030744588,-0.117224042,0.017644139,213.4651503,0.23881559
076.7 080.0,500,oxygen_ml_l_ave_sta_corr,O2,0.549193005,-0.05297166,0.017927611,201.0503826,0.115385198
076.7 090.0,0,oxygen_ml_l_ave_sta_corr,O2,5.833353846,-0.184051568,0.017438115,163,0.141118593
076.7 090.0,10,oxygen_ml_l_ave_sta_corr,O2,5.853815282,-0.170975475,0.017296007,166,0.153524314
076.7 090.0,20,oxygen_ml_l_ave_sta_corr,O2,5.877899571,-0.163267784,0.017471434,174,0.16122169
076.7 090.0,30,oxygen_ml_l_ave_sta_corr,O2,5.906554122,-0.136660001,0.017305042,180,0.178331077
076.7 090.0,50,oxygen_ml_l_ave_sta_corr,O2,5.912173681,-0.085339959,0.012463708,293,0.227566969
076.7 090.0,75,oxygen_ml_l_ave_sta_corr,O2,5.156879496,-0.71772436,0.007914411,359.9876486,0.521974493
076.7 090.0,100,oxygen_ml_l_ave_sta_corr,O2,4.352855659,-0.954215382,0.007510576,360,0.808908966
076.7 090.0,125,oxygen_ml_l_ave_sta_corr,O2,3.64910474,-0.978922414,0.00717067,360,0.813918986
076.7 090.0,150,oxygen_ml_l_ave_sta_corr,O2,3.110845031,-0.820534193,0.007294336,360,0.682986964
076.7 090.0,200,oxygen_ml_l_ave_sta_corr,O2,2.715571005,-0.373287091,0.007348198,360,0.529387364
076.7 090.0,250,oxygen_ml_l_ave_sta_corr,O2,2.346396165,-0.375374294,0.008498194,359.9342681,0.524126472
076.7 090.0,300,oxygen_ml_l_ave_sta_corr,O2,1.83542882,-0.398579689,0.008059011,359.9738276,0.467008418
076.7 090.0,400,oxygen_ml_l_ave_sta_corr,O2,0.945163084,-0.294040782,0.007301478,359.9999292,0.233516608
076.7 090.0,500,oxygen_ml_l_ave_sta_corr,O2,0.511514822,-0.148470908,0.007819252,360,0.123248404
076.7 100.0,0,oxygen_ml_l_ave_sta_corr,O2,5.733892391,-0.225465785,0.018688107,173.8067162,0.137678148
076.7 100.0,10,oxygen_ml_l_ave_sta_corr,O2,5.742069963,-0.230166914,0.018816986,174.4907023,0.141143303
076.7 100.0,20,oxygen_ml_l_ave_sta_corr,O2,5.755190961,-0.227999933,0.019039699,175.3234259,0.14661412
076.7 100.0,30,oxygen_ml_l_ave_sta_corr,O2,5.775483372,-0.201848199,0.018996539,178.772674,0.162694805
076.7 100.0,50,oxygen_ml_l_ave_sta_corr,O2,5.730812528,-0.20859987,0.007903984,359.969476,0.217604665
076.7 100.0,75,oxygen_ml_l_ave_sta_corr,O2,5.892957934,0.115918083,0.015411581,187.5755152,0.207456705
076.7 100.0,100,oxygen_ml_l_ave_sta_corr,O2,5.535224508,0.149482677,0.022929277,180.3856362,0.407310869
076.7 100.0,125,oxygen_ml_l_ave_sta_corr,O2,4.870259478,0.182197571,0.02395684,196.8083878,0.620459615
076.7 100.0,150,oxygen_ml_l_ave_sta_corr,O2,4.253507925,0.123898448,0.021682406,215.5767379,0.637682175
076.7 100.0,200,oxygen_ml_l_ave_sta_corr,O2,3.34556996,0.185673699,0.028292713,222.8710373,0.579584454
076.7 100.0,250,oxygen_ml_l_ave_sta_corr,O2,2.866002841,0.152923219,0.024331054,206.3091088,0.520333957
076.7 100.0,300,oxygen_ml_l_ave_sta_corr,O2,2.373211571,0.135031686,0.025288273,207.5237373,0.478476244
076.7 100.0,400,oxygen_ml_l_ave_sta_corr,O2,1.342569759,0.132607633,0.022402995,177.7050137,0.286519691
076.7 100.0,500,oxygen_ml_l_ave_sta_corr,O2,0.688363357,0.057953337,0.020335042,186.8815786,0.138661578
080.0 051.0,0,oxygen_ml_l_ave_sta_corr,O2,5.888473797,0.282315767,0.021760733,160.6911456,0.627770671
080.0 051.0,10,oxygen_ml_l_ave_sta_corr,O2,5.603782404,0.348064791,0.021811773,192.5799759,0.647577411
080.0 051.0,20,oxygen_ml_l_ave_sta_corr,O2,5.157680547,0.500896935,0.02193484,214.6214294,0.722728836
080.0 051.0,30,oxygen_ml_l_ave_sta_corr,O2,4.710089677,0.682863389,0.020841355,224.4454399,0.72388318
080.0 051.0,50,oxygen_ml_l_ave_sta_corr,O2,4.076218815,0.868660749,0.020101095,225.7471075,0.675897904
080.0 055.0,0,oxygen_ml_l_ave_sta_corr,O2,6.072762239,0.134063231,0.021118069,81.58268441,0.300334007
080.0 055.0,10,oxygen_ml_l_ave_sta_corr,O2,6.024280476,0.088215959,0.020074074,52.8516432,0.336266524
080.0 055.0,20,oxygen_ml_l_ave_sta_corr,O2,5.730994129,0.109333494,0.022736411,2.320196009,0.463778962
080.0 055.0,30,oxygen_ml_l_ave_sta_corr,O2,5.248828505,0.419267234,0.027021125,9.42e-7,0.637186046
080.0 055.0,50,oxygen_ml_l_ave_sta_corr,O2,4.231350357,0.513949404,0.026861575,6.94e-10,0.79433299
080.0 055.0,75,oxygen_ml_l_ave_sta_corr,O2,3.439000534,0.485439355,0.026965181,2.87e-14,0.677601826
080.0 055.0,100,oxygen_ml_l_ave_sta_corr,O2,2.930351015,0.396995742,0.027306709,2.32e-14,0.551832956
080.0 055.0,125,oxygen_ml_l_ave_sta_corr,O2,2.64296969,0.298489771,0.027218405,2.24e-14,0.47726174
080.0 055.0,150,oxygen_ml_l_ave_sta_corr,O2,2.410701783,0.240177218,0.027660631,2.23e-14,0.469019011
080.0 055.0,200,oxygen_ml_l_ave_sta_corr,O2,2.022005084,0.218169524,0.027460355999999998,2.22e-14,0.435287646
080.0 055.0,250,oxygen_ml_l_ave_sta_corr,O2,1.672963216,0.181563962,0.029169506,2.22e-14,0.371516399
080.0 055.0,300,oxygen_ml_l_ave_sta_corr,O2,1.386239849,0.152970568,0.029106189,2.23e-14,0.307896457
080.0 055.0,400,oxygen_ml_l_ave_sta_corr,O2,0.855240983,0.101026078,0.029274014,2.27e-14,0.173268748
080.0 055.0,500,oxygen_ml_l_ave_sta_corr,O2,0.511756068,0.029316428,0.03,2.22e-14,0.096633934
080.0 060.0,0,oxygen_ml_l_ave_sta_corr,O2,6.01349545,-0.192430971,0.020162542,192.6110185,0.248184804
080.0 060.0,10,oxygen_ml_l_ave_sta_corr,O2,6.005434739,-0.169024379,0.019697709,194.6349487,0.220663215
080.0 060.0,20,oxygen_ml_l_ave_sta_corr,O2,5.949623033,-0.123119874,0.019442562,192.1548818,0.201005834
080.0 060.0,30,oxygen_ml_l_ave_sta_corr,O2,5.785542432,-0.118200661,0.03,122,0.345513633
080.0 060.0,50,oxygen_ml_l_ave_sta_corr,O2,5.016832422,-0.538133919,0.03,121.2017922,0.699883241
080.0 060.0,75,oxygen_ml_l_ave_sta_corr,O2,4.049931506,-0.510209334,0.02790475,120.5593739,0.846556272
080.0 060.0,100,oxygen_ml_l_ave_sta_corr,O2,3.396180628,-0.385389522,0.024451416,108,0.71333751
080.0 060.0,125,oxygen_ml_l_ave_sta_corr,O2,2.972239208,-0.327852208,0.024614944,108,0.600629891
080.0 060.0,150,oxygen_ml_l_ave_sta_corr,O2,2.707477284,-0.262938844,0.026744678,119,0.502615941
080.0 060.0,200,oxygen_ml_l_ave_sta_corr,O2,2.290555873,-0.202870883,0.026293585,121,0.49797741
080.0 060.0,250,oxygen_ml_l_ave_sta_corr,O2,1.867423401,-0.173868077,0.026058938,111,0.428007395
080.0 060.0,300,oxygen_ml_l_ave_sta_corr,O2,1.447949777,-0.161272092,0.027353375,112,0.36518415
080.0 060.0,400,oxygen_ml_l_ave_sta_corr,O2,0.793009862,-0.066545667,0.028433799,122,0.188735381
080.0 060.0,500,oxygen_ml_l_ave_sta_corr,O2,0.457145328,-0.031521471,0.029820615,132,0.093158096
080.0 070.0,0,oxygen_ml_l_ave_sta_corr,O2,5.921993381,-0.212778584,0.016600417,176.9017435,0.152741193
080.0 070.0,10,oxygen_ml_l_ave_sta_corr,O2,5.94080385,-0.20321675,0.016387652,185,0.15679071
080.0 070.0,20,oxygen_ml_l_ave_sta_corr,O2,5.941830391,-0.199518596,0.016947539,190,0.145387006
080.0 070.0,30,oxygen_ml_l_ave_sta_corr,O2,5.937614488,-0.156755072,0.018571914,183,0.152339729
080.0 070.0,50,oxygen_ml_l_ave_sta_corr,O2,5.665837026,-0.200646763,0.015560177,191,0.424338088
080.0 070.0,75,oxygen_ml_l_ave_sta_corr,O2,4.916386297,-0.359016955,0.017204455,188.3536037,0.802239319
080.0 070.0,100,oxygen_ml_l_ave_sta_corr,O2,4.074297477,-0.324210703,0.018647002,191.5930508,0.749099101
080.0 070.0,125,oxygen_ml_l_ave_sta_corr,O2,3.349341112,-0.205785819,0.016521083,196,0.590717521
080.0 070.0,150,oxygen_ml_l_ave_sta_corr,O2,2.946760212,-0.173984971,0.014071836,225,0.485296708
080.0 070.0,200,oxygen_ml_l_ave_sta_corr,O2,2.367625506,-0.326568709,0.004375654,360,0.449890753
080.0 070.0,250,oxygen_ml_l_ave_sta_corr,O2,1.878455889,-0.432837824,0.005809179,360,0.482131051
080.0 070.0,300,oxygen_ml_l_ave_sta_corr,O2,1.351324205,-0.487687744,0.005793181,360,0.382825805
080.0 070.0,400,oxygen_ml_l_ave_sta_corr,O2,0.924690873,0.088809211,0.016160243,360,0.179716024
080.0 070.0,500,oxygen_ml_l_ave_sta_corr,O2,0.495760106,0.051251606,0.019278696,313,0.089743104
080.0 080.0,0,oxygen_ml_l_ave_sta_corr,O2,5.8495664,-0.17975633,0.016696833,164,0.14219282
080.0 080.0,10,oxygen_ml_l_ave_sta_corr,O2,5.86307528,-0.175290709,0.016685191,169,0.153961481
080.0 080.0,20,oxygen_ml_l_ave_sta_corr,O2,5.876968992,-0.168960288,0.01716334,169,0.155668534
080.0 080.0,30,oxygen_ml_l_ave_sta_corr,O2,5.89232021,-0.148172712,0.017820372,172,0.15763315
080.0 080.0,50,oxygen_ml_l_ave_sta_corr,O2,5.732462178,-0.247009977,0.011003667,258,0.358150322
080.0 080.0,75,oxygen_ml_l_ave_sta_corr,O2,5.2575701,-0.472293822,0.013315381,249.5003898,0.694439762
080.0 080.0,100,oxygen_ml_l_ave_sta_corr,O2,4.587322976,-0.466050897,0.014500487,238.5768566,0.849997108
080.0 080.0,125,oxygen_ml_l_ave_sta_corr,O2,3.951226255,-0.427570928,0.016060611,226.5739459,0.807320509
080.0 080.0,150,oxygen_ml_l_ave_sta_corr,O2,3.458633962,-0.290810399,0.018061066,214.7448305,0.682548398
080.0 080.0,200,oxygen_ml_l_ave_sta_corr,O2,2.819279145,-0.184988745,0.019933442,229.3652113,0.529690536
080.0 080.0,250,oxygen_ml_l_ave_sta_corr,O2,2.385057755,-0.150330924,0.016649869,243,0.566423857
080.0 080.0,300,oxygen_ml_l_ave_sta_corr,O2,1.720694797,-0.360060473,0.009188528,326,0.495595899
080.0 080.0,400,oxygen_ml_l_ave_sta_corr,O2,0.976026717,-0.09920204,0.011163911,281,0.206425995
080.0 080.0,500,oxygen_ml_l_ave_sta_corr,O2,0.481070044,-0.092143786,0.007469074,360,0.112942038
080.0 090.0,0,oxygen_ml_l_ave_sta_corr,O2,5.786660918,-0.20405501,0.016680214,165,0.133386216
080.0 090.0,10,oxygen_ml_l_ave_sta_corr,O2,5.79621734,-0.205050925,0.016615882,164,0.135487584
080.0 090.0,20,oxygen_ml_l_ave_sta_corr,O2,5.809906783,-0.192273458,0.016744159,170,0.145191281
080.0 090.0,30,oxygen_ml_l_ave_sta_corr,O2,5.837410763,-0.162881353,0.015652423,183,0.17316818
080.0 090.0,50,oxygen_ml_l_ave_sta_corr,O2,5.906973516,-0.041675468,0.015317849,207.1639928,0.175464434
080.0 090.0,75,oxygen_ml_l_ave_sta_corr,O2,5.834037654,-0.142583486,0.023403473,263.0356835,0.316127317
080.0 090.0,100,oxygen_ml_l_ave_sta_corr,O2,4.925917462,-0.439650527,0.008038841,360,0.663171505
080.0 090.0,125,oxygen_ml_l_ave_sta_corr,O2,4.151258608,-0.615253347,0.008298862,359.9881268,0.748509815
080.0 090.0,150,oxygen_ml_l_ave_sta_corr,O2,3.485363523,-0.590501783,0.00846267,360,0.695028064
080.0 090.0,200,oxygen_ml_l_ave_sta_corr,O2,2.954098172,-0.173587871,0.010828516,360,0.534692994
080.0 090.0,250,oxygen_ml_l_ave_sta_corr,O2,2.432408943,-0.321993907,0.010440293,359.9999911,0.484700318
080.0 090.0,300,oxygen_ml_l_ave_sta_corr,O2,2.104311388,-0.232952023,0.013720586,319.6827508,0.447985774
080.0 090.0,400,oxygen_ml_l_ave_sta_corr,O2,1.201347805,-0.098250711,0.021353141,286.5657554,0.248438126
080.0 090.0,500,oxygen_ml_l_ave_sta_corr,O2,0.624408871,-0.058604297,0.021935769,283.6508875,0.125122285
080.0 100.0,0,oxygen_ml_l_ave_sta_corr,O2,5.722212937,-0.227631988,0.017610051,169.4108558,0.134122293
080.0 100.0,10,oxygen_ml_l_ave_sta_corr,O2,5.732087166,-0.227731494,0.017523043,172.4078508,0.141673978
080.0 100.0,20,oxygen_ml_l_ave_sta_corr,O2,5.747139678,-0.2264355,0.017425226,175.3998612,0.146756281
080.0 100.0,30,oxygen_ml_l_ave_sta_corr,O2,5.772564698,-0.197159219,0.016763694,184.100264,0.163961908
080.0 100.0,50,oxygen_ml_l_ave_sta_corr,O2,5.804289669,-0.147638144,0.011216568,270.9850027,0.201597438
080.0 100.0,75,oxygen_ml_l_ave_sta_corr,O2,5.864170073,0.120016587,0.009816545,106.8745348,0.160890528
080.0 100.0,100,oxygen_ml_l_ave_sta_corr,O2,5.48841575,0.161805265,0.012375993,97.28384213,0.320885166
080.0 100.0,125,oxygen_ml_l_ave_sta_corr,O2,4.934622702,0.229948498,0.019700162,155.2400669,0.513131716
080.0 100.0,150,oxygen_ml_l_ave_sta_corr,O2,4.260175045,0.219350646,0.018840407,158.5385018,0.606216774
080.0 100.0,200,oxygen_ml_l_ave_sta_corr,O2,3.345304376,0.182103938,0.019724224,174.7406011,0.584885388
080.0 100.0,250,oxygen_ml_l_ave_sta_corr,O2,2.827983949,0.177338564,0.012538129,143.1122605,0.584426403
080.0 100.0,300,oxygen_ml_l_ave_sta_corr,O2,2.304367491,0.177327009,0.016622892,159.0251304,0.522369122
080.0 100.0,400,oxygen_ml_l_ave_sta_corr,O2,1.313702754,0.107715307,0.022031313,176.2652555,0.295566288
080.0 100.0,500,oxygen_ml_l_ave_sta_corr,O2,0.669116648,0.034907521,0.022606846,180.8149027,0.155609486
081.8 046.9,0,oxygen_ml_l_ave_sta_corr,O2,6.254641857,-0.329010246,0.022297362,198.1892477,0.508284243
081.8 046.9,10,oxygen_ml_l_ave_sta_corr,O2,6.233577381,-0.253895946,0.025044568,237.3725512,0.545376395
081.8 046.9,20,oxygen_ml_l_ave_sta_corr,O2,5.373724892,0.447093556,0.024414829,204.9279376,0.71756242
081.8 046.9,30,oxygen_ml_l_ave_sta_corr,O2,4.646122966,0.785160638,0.022917262,210.0471649,0.775711514
081.8 046.9,50,oxygen_ml_l_ave_sta_corr,O2,3.673747403,0.952784832,0.021853925,214.5511345,0.727942999
081.8 046.9,75,oxygen_ml_l_ave_sta_corr,O2,3.01724778,0.758281361,0.020328564,223.2977605,0.603793508
081.8 046.9,100,oxygen_ml_l_ave_sta_corr,O2,2.570743192,0.633968072,0.021350031,217.5182865,0.509795266
081.8 046.9,125,oxygen_ml_l_ave_sta_corr,O2,2.237055816,0.576656459,0.022736608,218.1813724,0.447981175
081.8 046.9,150,oxygen_ml_l_ave_sta_corr,O2,1.977982212,0.48215675,0.023355284,216.2435569,0.389963858
081.8 046.9,200,oxygen_ml_l_ave_sta_corr,O2,1.552230041,0.291896051,0.021848887,220.3252733,0.288038938
081.8 046.9,250,oxygen_ml_l_ave_sta_corr,O2,1.189992884,0.157420068,0.028331696,205.9084772,0.232876967
081.8 046.9,300,oxygen_ml_l_ave_sta_corr,O2,0.941281513,0.102875993,0.03,201.7649455,0.18711341
081.8 046.9,400,oxygen_ml_l_ave_sta_corr,O2,0.509266679,0.086586249,0.03,198.9046779,0.140861362
081.8 046.9,500,oxygen_ml_l_ave_sta_corr,O2,0.046097296,-0.087444515,0.006920855,359.9999995,0.058237447
083.3 040.6,0,oxygen_ml_l_ave_sta_corr,O2,6.153663974,-0.303979474,0.018486121,214.0846498,0.413408033
083.3 040.6,10,oxygen_ml_l_ave_sta_corr,O2,5.847620853,-0.363763468,0.009637675,309.1842718,0.402348718
083.3 040.6,20,oxygen_ml_l_ave_sta_corr,O2,5.528022184,0.301510041,0.023945921,198.3543994,0.556761929
083.3 040.6,30,oxygen_ml_l_ave_sta_corr,O2,4.996628383,0.545122158,0.018762727,230.7105598,0.555184285
083.3 042.0,0,oxygen_ml_l_ave_sta_corr,O2,6.135664843,-0.376832071,0.019515629,200.3143563,0.423244983
083.3 042.0,10,oxygen_ml_l_ave_sta_corr,O2,6.081745478,-0.270184583,0.01721195,226.41597,0.383697112
083.3 042.0,20,oxygen_ml_l_ave_sta_corr,O2,5.799857262,-0.053798333,0.005364963,359.5196034,0.365600148
083.3 042.0,30,oxygen_ml_l_ave_sta_corr,O2,5.383705785,0.396579595,0.022028303,200.3563189,0.492458252
083.3 042.0,50,oxygen_ml_l_ave_sta_corr,O2,4.398150923,0.63961341,0.021136642,218.5677135,0.58654224
083.3 042.0,75,oxygen_ml_l_ave_sta_corr,O2,3.454773868,0.736073841,0.019973351,220.3828605,0.515181385
083.3 042.0,100,oxygen_ml_l_ave_sta_corr,O2,2.913596936,0.55385552,0.020694638,215.8931211,0.476387149
083.3 042.0,125,oxygen_ml_l_ave_sta_corr,O2,2.782018184,0.462208232,0.016751162,224.7422863,0.477253195
083.3 051.0,0,oxygen_ml_l_ave_sta_corr,O2,5.841518243,-0.127130422,0.016702654,196.4291921,0.345813499
083.3 051.0,10,oxygen_ml_l_ave_sta_corr,O2,5.711502082,0.152210323,0.03,193.2347781,0.391929182
083.3 051.0,20,oxygen_ml_l_ave_sta_corr,O2,5.297866298,0.360968994,0.026431622,206.7412635,0.499253341
083.3 051.0,30,oxygen_ml_l_ave_sta_corr,O2,4.854336157,0.526115624,0.025439975,218.8106839,0.587887091
083.3 051.0,50,oxygen_ml_l_ave_sta_corr,O2,4.031217289,0.642096427,0.024819633,226.2295363,0.726703176
083.3 051.0,75,oxygen_ml_l_ave_sta_corr,O2,3.353265568,0.577331193,0.022954627,224.2531954,0.635671153
083.3 055.0,0,oxygen_ml_l_ave_sta_corr,O2,5.968835342,-0.191269702,0.01920652,190.8958134,0.250919852
083.3 055.0,10,oxygen_ml_l_ave_sta_corr,O2,5.987617029,-0.185879219,0.019049221,199.4441509,0.254106834
083.3 055.0,20,oxygen_ml_l_ave_sta_corr,O2,5.848118156,-0.160851692,0.017533662,178,0.274899306
083.3 055.0,30,oxygen_ml_l_ave_sta_corr,O2,5.472272095,-0.352891605,0.019082961,139,0.458584933
083.3 055.0,50,oxygen_ml_l_ave_sta_corr,O2,4.462681978,-0.654617135,0.023724059,127,0.727997402
083.3 055.0,75,oxygen_ml_l_ave_sta_corr,O2,3.558719528,-0.596815241,0.023355144,121,0.654526652
083.3 055.0,100,oxygen_ml_l_ave_sta_corr,O2,2.948637117,-0.434584819,0.024179351,117,0.53308515
083.3 055.0,125,oxygen_ml_l_ave_sta_corr,O2,2.62255596,-0.331597774,0.02325348,111,0.47374427
083.3 055.0,150,oxygen_ml_l_ave_sta_corr,O2,2.365338409,-0.257375588,0.02359951,118,0.425497242
083.3 055.0,200,oxygen_ml_l_ave_sta_corr,O2,1.972259841,-0.24600174,0.022294376,137,0.407057621
083.3 055.0,250,oxygen_ml_l_ave_sta_corr,O2,1.568970904,-0.188527319,0.022653043,130,0.355038077
083.3 055.0,300,oxygen_ml_l_ave_sta_corr,O2,1.25047657,-0.123620495,0.02514914,117,0.276236797
083.3 055.0,400,oxygen_ml_l_ave_sta_corr,O2,0.766173191,-0.085371455,0.027994484,105,0.158648698
083.3 055.0,500,oxygen_ml_l_ave_sta_corr,O2,0.481390888,-0.049614611,0.022042415,35.4,0.076635591
083.3 060.0,0,oxygen_ml_l_ave_sta_corr,O2,5.982592485,-0.195859313,0.018951977,189,0.194632866
083.3 060.0,10,oxygen_ml_l_ave_sta_corr,O2,5.986281048,-0.20643225,0.019784716,183,0.187410175
083.3 060.0,20,oxygen_ml_l_ave_sta_corr,O2,5.974286144,-0.169371545,0.019228295,191,0.172703618
083.3 060.0,30,oxygen_ml_l_ave_sta_corr,O2,5.865945903,-0.124584265,0.014434728,202,0.204244371
083.3 060.0,50,oxygen_ml_l_ave_sta_corr,O2,5.318296679,-0.362153011,0.016890054,131,0.574134782
083.3 060.0,75,oxygen_ml_l_ave_sta_corr,O2,4.184894163,-0.507181907,0.020928547,135,0.757326939
083.3 060.0,100,oxygen_ml_l_ave_sta_corr,O2,3.421435942,-0.356556201,0.024760276,132.7208391,0.715360653
083.3 060.0,125,oxygen_ml_l_ave_sta_corr,O2,2.93111113,-0.268268286,0.026147753,115,0.54847261
083.3 060.0,150,oxygen_ml_l_ave_sta_corr,O2,2.68163061,-0.167237657,0.020133953,123,0.481437701
083.3 060.0,200,oxygen_ml_l_ave_sta_corr,O2,2.2507967,-0.185052873,0.018865185,125,0.457422441
083.3 060.0,250,oxygen_ml_l_ave_sta_corr,O2,1.825757033,-0.142268015,0.025309155,120,0.42653906
083.3 060.0,300,oxygen_ml_l_ave_sta_corr,O2,1.415519017,-0.149963491,0.027110863,106,0.347941238
083.3 060.0,400,oxygen_ml_l_ave_sta_corr,O2,0.780031622,-0.050456768,0.029803036,142.266218,0.182703568
083.3 060.0,500,oxygen_ml_l_ave_sta_corr,O2,0.431221261,-0.026490891,0.02976859,124.5358058,0.091913465
083.3 070.0,0,oxygen_ml_l_ave_sta_corr,O2,5.896755199,-0.159903499,0.015797328,170,0.144665344
083.3 070.0,10,oxygen_ml_l_ave_sta_corr,O2,5.907936639,-0.157150247,0.016151421,173,0.150409766
083.3 070.0,20,oxygen_ml_l_ave_sta_corr,O2,5.918886763,-0.144690319,0.017116941,182,0.147624364
083.3 070.0,30,oxygen_ml_l_ave_sta_corr,O2,5.930842805,-0.122307442,0.017201737,202,0.154069642
083.3 070.0,50,oxygen_ml_l_ave_sta_corr,O2,5.817500931,-0.141339929,0.01584474,256,0.286037929
083.3 070.0,75,oxygen_ml_l_ave_sta_corr,O2,5.150020749,-0.296501274,0.017136928,218,0.690323716
083.3 070.0,100,oxygen_ml_l_ave_sta_corr,O2,4.332420339,-0.297810989,0.018324159,205,0.785249899
083.3 070.0,125,oxygen_ml_l_ave_sta_corr,O2,3.543323415,-0.282943016,0.014672862,229.7843005,0.679433744
083.3 070.0,150,oxygen_ml_l_ave_sta_corr,O2,2.680778331,-0.534074679,0.006686815,359.8421565,0.537769815
083.3 070.0,200,oxygen_ml_l_ave_sta_corr,O2,2.1799599,-0.556811686,0.006782386,359.9995162,0.50801637
083.3 070.0,250,oxygen_ml_l_ave_sta_corr,O2,1.722920267,-0.603006055,0.006933787,359.9861962,0.449019141
083.3 070.0,300,oxygen_ml_l_ave_sta_corr,O2,1.705700999,-0.127667403,0.016474113,202.5904921,0.386151033
083.3 070.0,400,oxygen_ml_l_ave_sta_corr,O2,0.930451465,-0.029592793,0.016533046,191.9975739,0.194486775
083.3 070.0,500,oxygen_ml_l_ave_sta_corr,O2,0.480185285,-0.027415892,0.03,126.6998164,0.089363777
083.3 080.0,0,oxygen_ml_l_ave_sta_corr,O2,5.813097693,-0.220201853,0.015048625,178,0.160594257
083.3 080.0,10,oxygen_ml_l_ave_sta_corr,O2,5.819307559,-0.214010631,0.015010695,183,0.160871544
083.3 080.0,20,oxygen_ml_l_ave_sta_corr,O2,5.829002453,-0.206668726,0.014695726,190,0.166714782
083.3 080.0,30,oxygen_ml_l_ave_sta_corr,O2,5.848234363,-0.192559211,0.016465575,185,0.164818542
083.3 080.0,50,oxygen_ml_l_ave_sta_corr,O2,5.743045032,-0.139363369,0.007086302,357,0.226667955
083.3 080.0,75,oxygen_ml_l_ave_sta_corr,O2,5.439941765,-0.164281099,0.017901928,322,0.619530456
083.3 080.0,100,oxygen_ml_l_ave_sta_corr,O2,4.731183797,-0.175232593,0.012686885,360,0.873399512
083.3 080.0,125,oxygen_ml_l_ave_sta_corr,O2,4.064900192,-0.176045299,0.010229657,360,0.91000211
083.3 080.0,150,oxygen_ml_l_ave_sta_corr,O2,3.489408866,-0.199520564,0.009245655,359.9999952,0.746923425
083.3 080.0,200,oxygen_ml_l_ave_sta_corr,O2,2.915248168,-0.103965674,0.018351475,324,0.54778079
083.3 080.0,250,oxygen_ml_l_ave_sta_corr,O2,2.383626571,-0.207150816,0.03,307,0.487628297
083.3 080.0,300,oxygen_ml_l_ave_sta_corr,O2,1.912358549,-0.148272029,0.03,306.4895314,0.462148833
083.3 080.0,400,oxygen_ml_l_ave_sta_corr,O2,1.03384423,-0.018733888,0.03,296.2074849,0.244976967
083.3 080.0,500,oxygen_ml_l_ave_sta_corr,O2,0.539646243,0.022668401,0.024141784,360,0.117685399
083.3 090.0,0,oxygen_ml_l_ave_sta_corr,O2,5.760876357,-0.221239437,0.017071621,170,0.142675584
083.3 090.0,10,oxygen_ml_l_ave_sta_corr,O2,5.7678244339999996,-0.227614089,0.017255248,174,0.151468758
083.3 090.0,20,oxygen_ml_l_ave_sta_corr,O2,5.781575205,-0.221672279,0.017212696,175,0.152163908
083.3 090.0,30,oxygen_ml_l_ave_sta_corr,O2,5.816545254,-0.177228025,0.016578625,187,0.189534041
083.3 090.0,50,oxygen_ml_l_ave_sta_corr,O2,5.894392531,-0.091101929,0.018136563,207.1701782,0.196003449
083.3 090.0,75,oxygen_ml_l_ave_sta_corr,O2,5.647847401,-0.23487853,0.009864956,359.9828342,0.291693877
083.3 090.0,100,oxygen_ml_l_ave_sta_corr,O2,5.256436334,-0.24039828,0.012288578,307.9828761,0.513531212
083.3 090.0,125,oxygen_ml_l_ave_sta_corr,O2,4.569532785,-0.21738392,0.014096197,323.9518967,0.733656775
083.3 090.0,150,oxygen_ml_l_ave_sta_corr,O2,3.940347087,-0.21847651,0.016532285,306.1324842,0.692349635
083.3 090.0,200,oxygen_ml_l_ave_sta_corr,O2,3.149307416,-0.154309355,0.015544225,359.9999915,0.597055668
083.3 090.0,250,oxygen_ml_l_ave_sta_corr,O2,2.643768333,-0.174212107,0.017220668,311.4307252,0.56314599
083.3 090.0,300,oxygen_ml_l_ave_sta_corr,O2,1.946394287,-0.252468032,0.008499009,359.9882221,0.485158877
083.3 090.0,400,oxygen_ml_l_ave_sta_corr,O2,1.004916541,-0.211858464,0.007652758,359.9789999,0.290930025
083.3 090.0,500,oxygen_ml_l_ave_sta_corr,O2,0.530634795,-0.080396224,0.006214599,359.9999998,0.13562214
083.3 100.0,0,oxygen_ml_l_ave_sta_corr,O2,5.705906062,-0.239244834,0.017429192,168.1262913,0.136086865
083.3 100.0,10,oxygen_ml_l_ave_sta_corr,O2,5.711268622,-0.233302289,0.017301988,168.5245169,0.134413789
083.3 100.0,20,oxygen_ml_l_ave_sta_corr,O2,5.72400563,-0.244641329,0.017682916,170.7060452,0.142483794
083.3 100.0,30,oxygen_ml_l_ave_sta_corr,O2,5.74540202,-0.227185699,0.017799339,174.3511346,0.152956624
083.3 100.0,50,oxygen_ml_l_ave_sta_corr,O2,5.848199186,-0.125236721,0.016881252,213.292103,0.207500104
083.3 100.0,75,oxygen_ml_l_ave_sta_corr,O2,5.750106876,0.19746271,0.005957739,2.28e-8,0.156485023
083.3 100.0,100,oxygen_ml_l_ave_sta_corr,O2,5.534194309,0.144366258,0.025466273,111.2100969,0.36530152
083.3 100.0,125,oxygen_ml_l_ave_sta_corr,O2,4.986103802,0.200039338,0.026897215,109.7201137,0.577044045
083.3 100.0,150,oxygen_ml_l_ave_sta_corr,O2,4.312210099,0.146052438,0.020621408,116.2501328,0.646524666
083.3 100.0,200,oxygen_ml_l_ave_sta_corr,O2,3.300273283,0.191610249,0.009415352,6.33e-5,0.56325896
083.3 100.0,250,oxygen_ml_l_ave_sta_corr,O2,2.704117985,0.222150619,0.007147107,4.21e-5,0.521419808
083.3 100.0,300,oxygen_ml_l_ave_sta_corr,O2,2.20117903,0.153355755,0.007683193,0.001104384,0.461777511
083.3 100.0,400,oxygen_ml_l_ave_sta_corr,O2,1.212327607,0.109429117,0.009936814,1.66e-6,0.314240934
083.3 100.0,500,oxygen_ml_l_ave_sta_corr,O2,0.631068211,0.030043508,0.010857324,4.06e-9,0.148209055
083.3 110.0,0,oxygen_ml_l_ave_sta_corr,O2,5.650764822,-0.209096956,0.016063268,163.9623562,0.106859472
083.3 110.0,10,oxygen_ml_l_ave_sta_corr,O2,5.654031867,-0.208873572,0.016119805,165.2303743,0.105383072
083.3 110.0,20,oxygen_ml_l_ave_sta_corr,O2,5.66382951,-0.200873175,0.015670372,169.4336114,0.108455318
083.3 110.0,30,oxygen_ml_l_ave_sta_corr,O2,5.674723657,-0.192077744,0.015578966,174.5571502,0.105667693
083.3 110.0,50,oxygen_ml_l_ave_sta_corr,O2,5.490532233,-0.422879916,0.006995438,359.96693,0.176583718
083.3 110.0,75,oxygen_ml_l_ave_sta_corr,O2,5.966926919,2.397919615,3.26453e-4,286.0923015,0.154656972
083.3 110.0,100,oxygen_ml_l_ave_sta_corr,O2,5.614330868,1.301604427,2.92421e-4,243.6750067,0.289422839
083.3 110.0,125,oxygen_ml_l_ave_sta_corr,O2,5.133886545,1.452107836,2.99956e-4,243.522335,0.498292677
083.3 110.0,150,oxygen_ml_l_ave_sta_corr,O2,4.580018419,4.202787028,1.62256e-4,240.6767676,0.61529426
083.3 110.0,200,oxygen_ml_l_ave_sta_corr,O2,3.607007853,4.271137403,1.54128e-4,240.4332333,0.574320487
083.3 110.0,250,oxygen_ml_l_ave_sta_corr,O2,3.047488448,3.962841593,1.46868e-4,240.1798091,0.53486153
083.3 110.0,300,oxygen_ml_l_ave_sta_corr,O2,2.425457272,1.273971635,1.39241e-4,201.3027555,0.488711615
083.3 110.0,400,oxygen_ml_l_ave_sta_corr,O2,1.366577533,2.577876467,1.38925e-4,201.10035010000001,0.310013866
083.3 110.0,500,oxygen_ml_l_ave_sta_corr,O2,0.68242206,1.094241435,1.35366e-4,201,0.149012933
086.7 033.0,0,oxygen_ml_l_ave_sta_corr,O2,6.179599886,-0.320028411,0.020611259,199.4600625,0.375843095
086.7 033.0,10,oxygen_ml_l_ave_sta_corr,O2,5.762586539,-0.541246419,0.00775733,359.9998663,0.453448136
086.7 033.0,20,oxygen_ml_l_ave_sta_corr,O2,5.683896576,0.332278473,0.023638455,176.2404808,0.604213595
086.7 033.0,30,oxygen_ml_l_ave_sta_corr,O2,4.766994721,0.817541509,0.023261691,212.2934675,0.688787856
086.7 033.0,50,oxygen_ml_l_ave_sta_corr,O2,3.828123054,1.063901501,0.021220744,216.4497313,0.600762353
086.7 035.0,0,oxygen_ml_l_ave_sta_corr,O2,5.983769043,-0.269898457,0.018848075,188.8723463,0.329065403
086.7 035.0,10,oxygen_ml_l_ave_sta_corr,O2,6.011764163,-0.212774619,0.017408105,212.9309077,0.280076744
086.7 035.0,20,oxygen_ml_l_ave_sta_corr,O2,6.081073376,-0.330593722,0.023322659,270.620379,0.351118796
086.7 035.0,30,oxygen_ml_l_ave_sta_corr,O2,5.512575767,-0.522145661,0.02221955,328.6916855,0.619760775
086.7 035.0,50,oxygen_ml_l_ave_sta_corr,O2,4.397826908,-0.723078743,0.021937555,351.669752,0.624467144
086.7 035.0,75,oxygen_ml_l_ave_sta_corr,O2,3.663081976,-0.68438457,0.021363413,359.9999995,0.556117063
086.7 035.0,100,oxygen_ml_l_ave_sta_corr,O2,3.142987264,-0.564081321,0.02123095,360,0.52607369
086.7 035.0,125,oxygen_ml_l_ave_sta_corr,O2,2.748434833,-0.44289787,0.021009349,360,0.465126909
086.7 035.0,150,oxygen_ml_l_ave_sta_corr,O2,2.460136768,-0.393777524,0.020691799,359.9999996,0.433099972
086.7 035.0,200,oxygen_ml_l_ave_sta_corr,O2,1.972191284,-0.289795152,0.021130359,360,0.364046852
086.7 035.0,250,oxygen_ml_l_ave_sta_corr,O2,1.613512452,-0.239765845,0.021601134,351.759156,0.308849065
086.7 035.0,300,oxygen_ml_l_ave_sta_corr,O2,1.2958448,-0.158178494,0.021955042,339.0530065,0.257501586
086.7 035.0,400,oxygen_ml_l_ave_sta_corr,O2,0.76462551,-0.059377569,0.029999999,253.9064976,0.135018701
086.7 035.0,500,oxygen_ml_l_ave_sta_corr,O2,0.434536755,-0.061506507,0.023992033,270.1209611,0.071039178
086.7 040.0,0,oxygen_ml_l_ave_sta_corr,O2,5.831077481,-0.261957191,0.019286711,166.5270601,0.15542996
086.7 040.0,10,oxygen_ml_l_ave_sta_corr,O2,5.893874005,-0.184776184,0.018200858,187.994284,0.175599928
086.7 040.0,20,oxygen_ml_l_ave_sta_corr,O2,5.617549785,-0.466784007,0.008006537,359.9999999,0.246117403
086.7 040.0,30,oxygen_ml_l_ave_sta_corr,O2,5.615624076,0.193573448,0.022614023,191.0882239,0.464178136
086.7 040.0,50,oxygen_ml_l_ave_sta_corr,O2,4.531786433,0.580178603,0.024093163,207.7868928,0.614827466
086.7 040.0,75,oxygen_ml_l_ave_sta_corr,O2,3.706803309,0.474895621,0.022622539,212.945096,0.523289148
086.7 040.0,100,oxygen_ml_l_ave_sta_corr,O2,3.161328519,0.359041907,0.023831735,203.8635349,0.456565064
086.7 040.0,125,oxygen_ml_l_ave_sta_corr,O2,2.704216437,0.300336918,0.024447551,199.7836355,0.387805135
086.7 040.0,150,oxygen_ml_l_ave_sta_corr,O2,2.364291333,0.279133372,0.024650606,204.1711492,0.364622003
086.7 040.0,200,oxygen_ml_l_ave_sta_corr,O2,1.871241031,0.182621623,0.024522401,205.2109042,0.323838288
086.7 040.0,250,oxygen_ml_l_ave_sta_corr,O2,1.464940357,0.131734623,0.024926698,207.6265633,0.287070374
086.7 040.0,300,oxygen_ml_l_ave_sta_corr,O2,1.1389080600000001,0.147882333,0.023719166,204.7271343,0.226723528
086.7 040.0,400,oxygen_ml_l_ave_sta_corr,O2,0.6512538,0.09825979,0.023926469,184.0515894,0.108385236
086.7 040.0,500,oxygen_ml_l_ave_sta_corr,O2,0.388903372,0.051838946,0.022113483,168.4217409,0.060292338
086.7 045.0,0,oxygen_ml_l_ave_sta_corr,O2,5.836057026,-0.181637694,0.017449154,167.5436047,0.179013013
086.7 045.0,10,oxygen_ml_l_ave_sta_corr,O2,5.851075464,-0.157838412,0.016147501,178.786328,0.188090416
086.7 045.0,20,oxygen_ml_l_ave_sta_corr,O2,5.744553786,-0.153819316,0.016072007,129.4398274,0.33928765
086.7 045.0,30,oxygen_ml_l_ave_sta_corr,O2,5.108576781,-0.696377481,0.027860994,110.7352348,0.607074855
086.7 045.0,50,oxygen_ml_l_ave_sta_corr,O2,4.040436456,-0.761257057,0.024095173,96.52433655,0.714844546
086.7 045.0,75,oxygen_ml_l_ave_sta_corr,O2,3.326865452,-0.603389776,0.021143559,83.15808594,0.582382286
086.7 045.0,100,oxygen_ml_l_ave_sta_corr,O2,2.943092207,-0.484537093,0.018105579,69.0536564,0.483110215
086.7 045.0,125,oxygen_ml_l_ave_sta_corr,O2,2.617290852,-0.380685216,0.017056548,62.65110404,0.409410228
086.7 045.0,150,oxygen_ml_l_ave_sta_corr,O2,2.26717125,-0.268382386,0.020431821,81.56346893,0.387950251
086.7 045.0,200,oxygen_ml_l_ave_sta_corr,O2,1.800533531,-0.163491001,0.021125371,79.81688735,0.347702006
086.7 045.0,250,oxygen_ml_l_ave_sta_corr,O2,1.379800641,-0.141877232,0.022569745,87.93160329,0.289867918
086.7 045.0,300,oxygen_ml_l_ave_sta_corr,O2,1.062504852,-0.113774861,0.024501956,87.46660449,0.223057531
086.7 045.0,400,oxygen_ml_l_ave_sta_corr,O2,0.635903342,-0.079616495,0.021452309,48.12053344,0.108318015
086.7 045.0,500,oxygen_ml_l_ave_sta_corr,O2,0.391729961,-0.042790055,0.020682047,23.60486278,0.070760464
086.7 050.0,0,oxygen_ml_l_ave_sta_corr,O2,5.904572855,-0.178578299,0.019913066,177.3378417,0.178870528
086.7 050.0,10,oxygen_ml_l_ave_sta_corr,O2,5.825540707,-0.206671476,0.020919168,153.0295629,0.234600436
086.7 050.0,20,oxygen_ml_l_ave_sta_corr,O2,5.393614044,-0.482081543,0.025533127,121,0.494814182
086.7 050.0,30,oxygen_ml_l_ave_sta_corr,O2,4.975889499,-0.648433372,0.024745372,116,0.632749874
086.7 050.0,50,oxygen_ml_l_ave_sta_corr,O2,4.151009976,-0.794558338,0.025138057,111,0.74265833
086.7 055.0,0,oxygen_ml_l_ave_sta_corr,O2,5.887863496,-0.18506773,0.017923034,187,0.176632311
086.7 055.0,10,oxygen_ml_l_ave_sta_corr,O2,5.896307731,-0.18558294,0.018343969,187,0.175905513
086.7 055.0,20,oxygen_ml_l_ave_sta_corr,O2,5.841276942,-0.152847216,0.01768621,179,0.194376189
086.7 055.0,30,oxygen_ml_l_ave_sta_corr,O2,5.707303448,-0.220380469,0.022261411,142,0.284930619
086.7 055.0,50,oxygen_ml_l_ave_sta_corr,O2,4.98961763,-0.707203335,0.023754585,134.3731276,0.608701821
086.7 055.0,75,oxygen_ml_l_ave_sta_corr,O2,4.100462266,-0.591562794,0.022791056,131,0.740948925
086.7 055.0,100,oxygen_ml_l_ave_sta_corr,O2,3.413925087,-0.407435819,0.023204339,123,0.640632696
086.7 055.0,125,oxygen_ml_l_ave_sta_corr,O2,2.993790834,-0.34126638,0.021779982,120,0.539499704
086.7 055.0,150,oxygen_ml_l_ave_sta_corr,O2,2.680255046,-0.29975145,0.0218749,122,0.475879156
086.7 055.0,200,oxygen_ml_l_ave_sta_corr,O2,2.171231945,-0.204028061,0.021962208,119,0.431782215
086.7 055.0,250,oxygen_ml_l_ave_sta_corr,O2,1.687187953,-0.199460841,0.022358199,128,0.380473042
086.7 055.0,300,oxygen_ml_l_ave_sta_corr,O2,1.283226418,-0.175145883,0.021836848,127,0.299496024
086.7 055.0,400,oxygen_ml_l_ave_sta_corr,O2,0.692856772,-0.086631163,0.026117721,117,0.146891049
086.7 055.0,500,oxygen_ml_l_ave_sta_corr,O2,0.410230244,-0.042259515,0.026833923,87.7,0.078815734
086.7 060.0,0,oxygen_ml_l_ave_sta_corr,O2,5.883252478,-0.176484517,0.016718824,192.4799093,0.153907905
086.7 060.0,10,oxygen_ml_l_ave_sta_corr,O2,5.904891951,-0.186147423,0.017588556,192,0.167467187
086.7 060.0,20,oxygen_ml_l_ave_sta_corr,O2,5.918732116,-0.180189916,0.018824316,197,0.142432924
086.7 060.0,30,oxygen_ml_l_ave_sta_corr,O2,5.869048308,-0.169720104,0.019828158,175.4070492,0.193351412
086.7 060.0,50,oxygen_ml_l_ave_sta_corr,O2,5.358088529,-0.449728085,0.019802692,145,0.629608882
086.7 060.0,75,oxygen_ml_l_ave_sta_corr,O2,4.478621749,-0.606528956,0.020124583,136,0.753196159
086.7 060.0,100,oxygen_ml_l_ave_sta_corr,O2,3.699049676,-0.518353002,0.019392653,130,0.680074837
086.7 060.0,125,oxygen_ml_l_ave_sta_corr,O2,3.151102604,-0.378013251,0.019649622,134,0.563950651
086.7 060.0,150,oxygen_ml_l_ave_sta_corr,O2,2.878958773,-0.314570507,0.016926531,123,0.502399967
086.7 060.0,200,oxygen_ml_l_ave_sta_corr,O2,2.404450215,-0.229049064,0.01807101,123,0.446236924
086.7 060.0,250,oxygen_ml_l_ave_sta_corr,O2,1.901590632,-0.224874799,0.018664203,134,0.401644408
086.7 060.0,300,oxygen_ml_l_ave_sta_corr,O2,1.441378923,-0.188539302,0.019344978,138,0.361156425
086.7 060.0,400,oxygen_ml_l_ave_sta_corr,O2,0.74119382,-0.070878501,0.016377154,163,0.162129143
086.7 060.0,500,oxygen_ml_l_ave_sta_corr,O2,0.401162803,-0.052740825,0.029999993,123,0.075940271
086.7 070.0,0,oxygen_ml_l_ave_sta_corr,O2,5.834137403,-0.187969317,0.016466223,187.2676188,0.149389939
086.7 070.0,10,oxygen_ml_l_ave_sta_corr,O2,5.840456721,-0.189663642,0.016499836,189,0.150420019
086.7 070.0,20,oxygen_ml_l_ave_sta_corr,O2,5.85554059,-0.176675692,0.016627419,190,0.144281006
086.7 070.0,30,oxygen_ml_l_ave_sta_corr,O2,5.856506168,-0.148076364,0.013045089,234,0.150514159
086.7 070.0,50,oxygen_ml_l_ave_sta_corr,O2,5.714894387,-0.281048558,0.012445694,255,0.279265422
086.7 070.0,75,oxygen_ml_l_ave_sta_corr,O2,4.229653173,-1.285839596,0.006417043,360,0.62491744
086.7 070.0,100,oxygen_ml_l_ave_sta_corr,O2,3.590561188,-1.128178093,0.006332562,360,0.738345066
086.7 070.0,125,oxygen_ml_l_ave_sta_corr,O2,3.186739044,-0.783202925,0.006365557,360,0.650192025
086.7 070.0,150,oxygen_ml_l_ave_sta_corr,O2,2.834398728,-0.574901643,0.006619218,360,0.52654134
086.7 070.0,200,oxygen_ml_l_ave_sta_corr,O2,2.3082991,-0.588370867,0.006839343,360,0.390493715
086.7 070.0,250,oxygen_ml_l_ave_sta_corr,O2,1.95972851,-0.505165177,0.006801335,360,0.421725386
086.7 070.0,300,oxygen_ml_l_ave_sta_corr,O2,1.434410556,-0.457396203,0.006409187,360,0.387686929
086.7 070.0,400,oxygen_ml_l_ave_sta_corr,O2,0.734755196,-0.197928307,0.006208018,360,0.196093467
086.7 070.0,500,oxygen_ml_l_ave_sta_corr,O2,0.387583201,-0.081185336,0.006581745,360,0.084181878
086.7 080.0,0,oxygen_ml_l_ave_sta_corr,O2,5.796105596,-0.2078464,0.016058835,187,0.149867091
086.7 080.0,10,oxygen_ml_l_ave_sta_corr,O2,5.802612604,-0.203275346,0.016174834,187.349533,0.147772935
086.7 080.0,20,oxygen_ml_l_ave_sta_corr,O2,5.823133991,-0.193712274,0.01631457,192,0.153604061
086.7 080.0,30,oxygen_ml_l_ave_sta_corr,O2,5.837213945,-0.172553064,0.014600518,215,0.160198199
086.7 080.0,50,oxygen_ml_l_ave_sta_corr,O2,5.585071261,-0.393340447,0.007112675,360,0.21073377
086.7 080.0,75,oxygen_ml_l_ave_sta_corr,O2,5.14922751,-0.537747617,0.006798018,360,0.495420426
086.7 080.0,100,oxygen_ml_l_ave_sta_corr,O2,4.271937492,-0.749019157,0.007433537,360,0.736280311
086.7 080.0,125,oxygen_ml_l_ave_sta_corr,O2,3.751846724,-0.523767968,0.007342834,360,0.741920836
086.7 080.0,150,oxygen_ml_l_ave_sta_corr,O2,3.316556557,-0.245524953,0.008295298,355,0.566768989
086.7 080.0,200,oxygen_ml_l_ave_sta_corr,O2,2.756516129,-0.214459557,0.007403641,360,0.543386004
086.7 080.0,250,oxygen_ml_l_ave_sta_corr,O2,2.150315276,-0.364649206,0.006277639,360,0.522602306
086.7 080.0,300,oxygen_ml_l_ave_sta_corr,O2,1.485699272,-0.526739737,0.005827588,360,0.456859068
086.7 080.0,400,oxygen_ml_l_ave_sta_corr,O2,0.769276181,-0.269217626,0.006572435,360,0.272719894
086.7 080.0,500,oxygen_ml_l_ave_sta_corr,O2,0.392123032,-0.12564453,0.00654199,360,0.114542324
086.7 090.0,0,oxygen_ml_l_ave_sta_corr,O2,5.734769852,-0.23138998,0.017810273,170,0.116207214
086.7 090.0,10,oxygen_ml_l_ave_sta_corr,O2,5.743991106,-0.236551645,0.017879643,171,0.123952034
086.7 090.0,20,oxygen_ml_l_ave_sta_corr,O2,5.762830217,-0.233126684,0.018001392,175.7202495,0.133591883
086.7 090.0,30,oxygen_ml_l_ave_sta_corr,O2,5.780081046,-0.196637308,0.017323733,183.6802178,0.136803813
086.7 090.0,50,oxygen_ml_l_ave_sta_corr,O2,5.719392147,-0.241477355,0.007551983,360,0.160318111
086.7 090.0,75,oxygen_ml_l_ave_sta_corr,O2,5.826817946,0.064931821,0.013981911,156.3195864,0.279452187
086.7 090.0,100,oxygen_ml_l_ave_sta_corr,O2,5.319395424,0.140621066,0.022742878,135.3775585,0.590850998
086.7 090.0,125,oxygen_ml_l_ave_sta_corr,O2,4.688625265,0.151219657,0.023470973,132.9829692,0.714656503
086.7 090.0,150,oxygen_ml_l_ave_sta_corr,O2,4.037610459,0.115423838,0.021832843,132.4393624,0.645604066
086.7 090.0,200,oxygen_ml_l_ave_sta_corr,O2,2.996423765,-0.254190756,0.00556914,359.920144,0.514851598
086.7 090.0,250,oxygen_ml_l_ave_sta_corr,O2,2.636306407,-0.097439743,0.006026282,359.9979813,0.514238262
086.7 090.0,300,oxygen_ml_l_ave_sta_corr,O2,1.983675097,-0.208965193,0.006766999,360,0.482069456
086.7 090.0,400,oxygen_ml_l_ave_sta_corr,O2,1.020272245,-0.159593943,0.007111957,359.9999737,0.295907506
086.7 090.0,500,oxygen_ml_l_ave_sta_corr,O2,0.520671608,-0.076567428,0.007319777,359.9999984,0.137868658
086.7 100.0,0,oxygen_ml_l_ave_sta_corr,O2,5.685875049,-0.206938778,0.01683513,171.0429675,0.11002601
086.7 100.0,10,oxygen_ml_l_ave_sta_corr,O2,5.694161779,-0.210109631,0.016935584,174.7054718,0.117553865
086.7 100.0,20,oxygen_ml_l_ave_sta_corr,O2,5.703862705,-0.205339407,0.017153792,175.6869019,0.118279092
086.7 100.0,30,oxygen_ml_l_ave_sta_corr,O2,5.729694309,-0.166926139,0.016299781,183.4476048,0.13931405
086.7 100.0,50,oxygen_ml_l_ave_sta_corr,O2,5.633293026,-0.273602927,0.007293472,360,0.168779049
086.7 100.0,75,oxygen_ml_l_ave_sta_corr,O2,5.784595527,-0.130416258,0.011155761,359.9999978,0.222884264
086.7 100.0,100,oxygen_ml_l_ave_sta_corr,O2,5.202519859,-0.352925671,0.00848093,359.997346,0.4910321
086.7 100.0,125,oxygen_ml_l_ave_sta_corr,O2,4.914144915,-0.209309306,0.02268271,216.387687,0.628716616
086.7 100.0,150,oxygen_ml_l_ave_sta_corr,O2,4.340183263,-0.187161913,0.023155236,208.5269116,0.620779392
086.7 100.0,200,oxygen_ml_l_ave_sta_corr,O2,3.241185851,-0.181259702,0.006373201,359.9344165,0.48981734
086.7 100.0,250,oxygen_ml_l_ave_sta_corr,O2,2.771933883,-0.102113766,0.002546999,345.323326,0.411230361
086.7 100.0,300,oxygen_ml_l_ave_sta_corr,O2,2.265414101,-0.042545359,0.014841912,275.8719628,0.423323633
086.7 100.0,400,oxygen_ml_l_ave_sta_corr,O2,1.07082411,-0.2279794,0.007525798,355.3736763,0.240886041
086.7 100.0,500,oxygen_ml_l_ave_sta_corr,O2,0.519824467,-0.130909566,0.007214822,359.9999363,0.118964781
086.7 110.0,0,oxygen_ml_l_ave_sta_corr,O2,5.641029435,-0.194411578,0.016195015,165.0443533,0.103111438
086.7 110.0,10,oxygen_ml_l_ave_sta_corr,O2,5.642761584,-0.194433425,0.016057804,166.4682906,0.105102994
086.7 110.0,20,oxygen_ml_l_ave_sta_corr,O2,5.647750688,-0.193751673,0.015906623,167.5342492,0.105274634
086.7 110.0,30,oxygen_ml_l_ave_sta_corr,O2,5.670570794,-0.174188989,0.014560049,178.7864379,0.117201624
086.7 110.0,50,oxygen_ml_l_ave_sta_corr,O2,5.536978253,-0.365476294,0.007396115,359.9999999,0.182248525
086.7 110.0,75,oxygen_ml_l_ave_sta_corr,O2,5.97325638,6.048114876,1.0031e-4,315.1986393,0.145565118
086.7 110.0,100,oxygen_ml_l_ave_sta_corr,O2,5.506793606,-4.471199019,1.03716e-4,315.1807027,0.323924649
086.7 110.0,125,oxygen_ml_l_ave_sta_corr,O2,5.110667401,-0.250856049,0.02337567,210.2751038,0.492263463
086.7 110.0,150,oxygen_ml_l_ave_sta_corr,O2,4.523941158,-0.25354074,0.022697146,215.9225099,0.570934714
086.7 110.0,200,oxygen_ml_l_ave_sta_corr,O2,3.352876096,-0.266607606,0.010723225,321.0149529,0.485300306
086.7 110.0,250,oxygen_ml_l_ave_sta_corr,O2,2.921676484,-0.145555126,0.017896175,293.9959009,0.44551413
086.7 110.0,300,oxygen_ml_l_ave_sta_corr,O2,2.228983622,-0.271738957,0.009787264,359.9994973,0.419854431
086.7 110.0,400,oxygen_ml_l_ave_sta_corr,O2,1.298439034,-0.131624009,0.016588061,275.6150324,0.246305614
086.7 110.0,500,oxygen_ml_l_ave_sta_corr,O2,0.665611281,-0.055850627,0.024014166,244.0615839,0.124029344
090.0 028.0,0,oxygen_ml_l_ave_sta_corr,O2,6.104512637,-0.286114704,0.019898345,181.5476726,0.34718971
090.0 028.0,10,oxygen_ml_l_ave_sta_corr,O2,5.636338163,-0.659207547,0.007405558,359.999986,0.386467315
090.0 028.0,20,oxygen_ml_l_ave_sta_corr,O2,5.744456774,0.423369258,0.022263439,176.6527601,0.616243859
090.0 028.0,30,oxygen_ml_l_ave_sta_corr,O2,5.023598404,0.695515716,0.021211492,200.9992343,0.751779103
090.0 028.0,50,oxygen_ml_l_ave_sta_corr,O2,4.135507981,0.833170523,0.019755468,211.9555996,0.651024125
090.0 030.0,0,oxygen_ml_l_ave_sta_corr,O2,5.866298873,-0.325211969,0.018163797,175.2026325,0.244089291
090.0 030.0,10,oxygen_ml_l_ave_sta_corr,O2,5.939348891,-0.275433501,0.016905726,202.4057368,0.306424811
090.0 030.0,20,oxygen_ml_l_ave_sta_corr,O2,6.080830811,-0.212043772,0.022225727,254.9391137,0.357839187
090.0 030.0,30,oxygen_ml_l_ave_sta_corr,O2,5.72642015,-0.437639358,0.020430205,328.9302263,0.513101529
090.0 030.0,50,oxygen_ml_l_ave_sta_corr,O2,4.676431401,-0.763605979,0.020695175,351.7014804,0.551731752
090.0 030.0,75,oxygen_ml_l_ave_sta_corr,O2,3.887405445,-0.633417945,0.020485086,360,0.573485133
090.0 030.0,100,oxygen_ml_l_ave_sta_corr,O2,3.343011441,-0.519273831,0.0200577,360,0.535851352
090.0 030.0,125,oxygen_ml_l_ave_sta_corr,O2,2.899464255,-0.394241748,0.020149214,359.9999972,0.4682198
090.0 030.0,150,oxygen_ml_l_ave_sta_corr,O2,2.541276451,-0.320707806,0.020517295,360,0.432133268
090.0 030.0,200,oxygen_ml_l_ave_sta_corr,O2,2.060392247,-0.230098835,0.020365537,359.0334359,0.404537725
090.0 030.0,250,oxygen_ml_l_ave_sta_corr,O2,1.646655076,-0.186808102,0.021011606,351.2826693,0.314041991
090.0 030.0,300,oxygen_ml_l_ave_sta_corr,O2,1.253597362,-0.149211612,0.021594863,359.9999841,0.246959465
090.0 030.0,400,oxygen_ml_l_ave_sta_corr,O2,0.751898129,-0.083483259,0.025993104,298.6621087,0.155532164
090.0 030.0,500,oxygen_ml_l_ave_sta_corr,O2,0.432355097,-0.056216795,0.024137121,265.3702272,0.07483485
090.0 035.0,0,oxygen_ml_l_ave_sta_corr,O2,5.78376229,-0.284619788,0.018585502,165.8193318,0.164364616
090.0 035.0,10,oxygen_ml_l_ave_sta_corr,O2,5.836478236,-0.243916847,0.01821742,175.7256664,0.168395785
090.0 035.0,20,oxygen_ml_l_ave_sta_corr,O2,5.900407072,-0.23546466,0.012572456,281.6901139,0.214090148
090.0 035.0,30,oxygen_ml_l_ave_sta_corr,O2,5.902633441,-0.259354001,0.020774114,298.2736543,0.353719141
090.0 035.0,50,oxygen_ml_l_ave_sta_corr,O2,4.904185862,-0.463052328,0.022818204,333.8300783,0.603544981
090.0 035.0,75,oxygen_ml_l_ave_sta_corr,O2,3.922063592,-0.467081362,0.023631153,338.5555105,0.555356783
090.0 035.0,100,oxygen_ml_l_ave_sta_corr,O2,3.320496053,-0.38684801,0.022860358,348.0792029,0.452958489
090.0 035.0,125,oxygen_ml_l_ave_sta_corr,O2,2.875069638,-0.249773882,0.023293095,333.0076649,0.387495824
090.0 035.0,150,oxygen_ml_l_ave_sta_corr,O2,2.51605788,-0.211885688,0.025833531,310.9813762,0.414344661
090.0 035.0,200,oxygen_ml_l_ave_sta_corr,O2,1.940266205,-0.204548893,0.023432884,344.9935512,0.382584739
090.0 035.0,250,oxygen_ml_l_ave_sta_corr,O2,1.51332118,-0.16325686,0.025111476,334.481726,0.282956439
090.0 035.0,300,oxygen_ml_l_ave_sta_corr,O2,1.207042147,-0.123562314,0.024003899,333.0501246,0.222192614
090.0 037.0,0,oxygen_ml_l_ave_sta_corr,O2,5.76946538,-0.259138325,0.017489376,171.3911264,0.135182867
090.0 037.0,10,oxygen_ml_l_ave_sta_corr,O2,5.800250277,-0.240114882,0.0172008,177.3131557,0.150246989
090.0 037.0,20,oxygen_ml_l_ave_sta_corr,O2,5.920333825,-0.190415563,0.01691638,222.5076012,0.197298514
090.0 037.0,30,oxygen_ml_l_ave_sta_corr,O2,5.949726882,-0.175779658,0.020202995,285.4444355,0.249228141
090.0 037.0,50,oxygen_ml_l_ave_sta_corr,O2,4.87101486,0.482214132,0.026493752,207.0913388,0.619275788
090.0 037.0,75,oxygen_ml_l_ave_sta_corr,O2,3.984532484,0.40096937,0.02337989,207.9020795,0.584217907
090.0 037.0,100,oxygen_ml_l_ave_sta_corr,O2,3.367719857,0.25159988,0.023910169,208.2709879,0.484473453
090.0 037.0,125,oxygen_ml_l_ave_sta_corr,O2,2.905538152,0.198084579,0.025365425,212.0601209,0.418102088
090.0 037.0,150,oxygen_ml_l_ave_sta_corr,O2,2.661197443,0.197051731,0.01231472,306.1587022,0.410119709
090.0 037.0,200,oxygen_ml_l_ave_sta_corr,O2,2.246730487,0.257749024,0.008506795,359.9961209,0.414881551
090.0 037.0,250,oxygen_ml_l_ave_sta_corr,O2,1.827480615,0.2292568,0.008407596,359.9997779,0.360112312
090.0 037.0,300,oxygen_ml_l_ave_sta_corr,O2,1.255765236,0.114212806,0.024362017,209.5715794,0.280452114
090.0 037.0,400,oxygen_ml_l_ave_sta_corr,O2,0.688277702,0.070116896,0.022945933,211.8383221,0.126240397
090.0 037.0,500,oxygen_ml_l_ave_sta_corr,O2,0.396044546,0.037226206,0.018499806,194.5755797,0.058162622
090.0 045.0,0,oxygen_ml_l_ave_sta_corr,O2,5.833069665,-0.283071712,0.018582503,173.2355605,0.160765442
090.0 045.0,10,oxygen_ml_l_ave_sta_corr,O2,5.849035184,-0.249698846,0.018629917,176.03146,0.156180101
090.0 045.0,20,oxygen_ml_l_ave_sta_corr,O2,5.909449834,-0.162674176,0.01907028,193.6828078,0.180106378
090.0 045.0,30,oxygen_ml_l_ave_sta_corr,O2,5.63451491,0.292039529,0.03,212.5315863,0.402241013
090.0 045.0,50,oxygen_ml_l_ave_sta_corr,O2,4.711604864,0.52350622,0.026110271,219.4456029,0.655691978
090.0 045.0,75,oxygen_ml_l_ave_sta_corr,O2,3.864254791,0.476447034,0.02355483,224.4639679,0.637099606
090.0 045.0,100,oxygen_ml_l_ave_sta_corr,O2,3.246539436,0.393415755,0.024746971,223.256353,0.519694323
090.0 045.0,125,oxygen_ml_l_ave_sta_corr,O2,2.818683589,0.303752338,0.024699343,227.4030016,0.45297562
090.0 045.0,150,oxygen_ml_l_ave_sta_corr,O2,2.499143197,0.243157513,0.023684406,234.7889745,0.413503809
090.0 045.0,200,oxygen_ml_l_ave_sta_corr,O2,2.021884258,0.226351118,0.018184384,253.4347177,0.37238285
090.0 045.0,250,oxygen_ml_l_ave_sta_corr,O2,1.540939159,0.159296806,0.022519872,237.1436347,0.310259831
090.0 045.0,300,oxygen_ml_l_ave_sta_corr,O2,1.167605834,0.099534419,0.021364768,232.4618099,0.230048582
090.0 045.0,400,oxygen_ml_l_ave_sta_corr,O2,0.702484092,0.085725421,0.010866461,304.3249978,0.129057158
090.0 045.0,500,oxygen_ml_l_ave_sta_corr,O2,0.387829906,0.029150333,0.013429724,292.8586002,0.064152571
090.0 053.0,0,oxygen_ml_l_ave_sta_corr,O2,5.842891313,-0.22421505,0.017181711,183.153172,0.165341363
090.0 053.0,10,oxygen_ml_l_ave_sta_corr,O2,5.856054987,-0.221274708,0.017263169,183.9192853,0.166713551
090.0 053.0,20,oxygen_ml_l_ave_sta_corr,O2,5.855992754,-0.197297484,0.017063489,183.9135094,0.178610054
090.0 053.0,30,oxygen_ml_l_ave_sta_corr,O2,5.764469074,-0.220732085,0.019928066,148.1952716,0.258482428
090.0 053.0,50,oxygen_ml_l_ave_sta_corr,O2,5.10305703,-0.577680075,0.024160776,128.0050874,0.656245734
090.0 053.0,75,oxygen_ml_l_ave_sta_corr,O2,4.212970316,-0.499560487,0.024155622,128.3560179,0.750317092
090.0 053.0,100,oxygen_ml_l_ave_sta_corr,O2,3.51181293,-0.476907476,0.025363679,120.5860832,0.663028745
090.0 053.0,125,oxygen_ml_l_ave_sta_corr,O2,2.991470071,-0.385656011,0.027494822,120.7735652,0.553498621
090.0 053.0,150,oxygen_ml_l_ave_sta_corr,O2,2.686662088,-0.323524984,0.02712664,118.5888921,0.470191183
090.0 053.0,200,oxygen_ml_l_ave_sta_corr,O2,2.191987922,-0.245091808,0.029297896,116.9718065,0.430364222
090.0 053.0,250,oxygen_ml_l_ave_sta_corr,O2,1.711179862,-0.174158687,0.028025034,114.2795825,0.383434939
090.0 053.0,300,oxygen_ml_l_ave_sta_corr,O2,1.277030194,-0.096954229,0.023225254,117.760965,0.298434454
090.0 053.0,400,oxygen_ml_l_ave_sta_corr,O2,0.67467683,-0.056007441,0.027292443,134.079273,0.144322556
090.0 053.0,500,oxygen_ml_l_ave_sta_corr,O2,0.393839136,-0.036993859,0.029494673,146.1128712,0.060563632
090.0 060.0,0,oxygen_ml_l_ave_sta_corr,O2,5.794048527,-0.193837926,0.014054952,199,0.128118114
090.0 060.0,10,oxygen_ml_l_ave_sta_corr,O2,5.808853195,-0.196062469,0.014362014,203,0.132963723
090.0 060.0,20,oxygen_ml_l_ave_sta_corr,O2,5.806443842,-0.180737518,0.014029858,209,0.128662207
090.0 060.0,30,oxygen_ml_l_ave_sta_corr,O2,5.802320472,-0.138799533,0.013060171,220,0.14245437
090.0 060.0,50,oxygen_ml_l_ave_sta_corr,O2,5.626747605,-0.209062349,0.022802763,152.8683644,0.402788763
090.0 060.0,75,oxygen_ml_l_ave_sta_corr,O2,4.851882644,-0.415922884,0.023403033,153.1147317,0.710931554
090.0 060.0,100,oxygen_ml_l_ave_sta_corr,O2,4.090153538,-0.371471345,0.02352328,154.9015436,0.728568541
090.0 060.0,125,oxygen_ml_l_ave_sta_corr,O2,3.478010935,-0.364242634,0.021673929,156.6536258,0.553446182
090.0 060.0,150,oxygen_ml_l_ave_sta_corr,O2,3.064530894,-0.260100825,0.020133512,155,0.473419885
090.0 060.0,200,oxygen_ml_l_ave_sta_corr,O2,2.49580562,-0.233984482,0.020392406,142,0.474069331
090.0 060.0,250,oxygen_ml_l_ave_sta_corr,O2,2.026772583,-0.213167467,0.018751001,139,0.469751767
090.0 060.0,300,oxygen_ml_l_ave_sta_corr,O2,1.526542545,-0.19636984,0.018871378,132,0.395770772
090.0 060.0,400,oxygen_ml_l_ave_sta_corr,O2,0.757882618,-0.085128073,0.019957652,131,0.227403927
090.0 060.0,500,oxygen_ml_l_ave_sta_corr,O2,0.407914378,-0.032288575,0.021733144,133,0.090481485
090.0 070.0,0,oxygen_ml_l_ave_sta_corr,O2,5.779474296,-0.189592877,0.016924518,183.5649837,0.13722256
090.0 070.0,10,oxygen_ml_l_ave_sta_corr,O2,5.786198032,-0.184477523,0.016615517,187,0.138444736
090.0 070.0,20,oxygen_ml_l_ave_sta_corr,O2,5.797347819,-0.167619939,0.015781183,198.2566911,0.14147474
090.0 070.0,30,oxygen_ml_l_ave_sta_corr,O2,5.682793286,-0.263742018,0.00819076,303,0.155570786
090.0 070.0,50,oxygen_ml_l_ave_sta_corr,O2,5.852334998,-0.07519401,0.024680799,175,0.283307454
090.0 070.0,75,oxygen_ml_l_ave_sta_corr,O2,5.066098284,-0.380320096,0.008515684,313,0.571876942
090.0 070.0,100,oxygen_ml_l_ave_sta_corr,O2,4.253610148,-0.380354036,0.006375914,359.9977009,0.769694815
090.0 070.0,125,oxygen_ml_l_ave_sta_corr,O2,3.383844453,-0.631894368,0.006325213,360,0.740012182
090.0 070.0,150,oxygen_ml_l_ave_sta_corr,O2,2.985307005,-0.50389361,0.005504983,360,0.60841563
090.0 070.0,200,oxygen_ml_l_ave_sta_corr,O2,2.523593358,-0.306626492,0.005053643,360,0.476562716
090.0 070.0,250,oxygen_ml_l_ave_sta_corr,O2,2.12092249,-0.289538463,0.008544565,296,0.43579799
090.0 070.0,300,oxygen_ml_l_ave_sta_corr,O2,1.664461247,-0.241812821,0.009586045,261,0.378848918
090.0 070.0,400,oxygen_ml_l_ave_sta_corr,O2,0.769584508,-0.172664371,0.00648153,350,0.213186804
090.0 070.0,500,oxygen_ml_l_ave_sta_corr,O2,0.44870807,-0.025815974,0.01098068,223.7337569,0.104638527
090.0 080.0,0,oxygen_ml_l_ave_sta_corr,O2,5.747833474,-0.194015946,0.017001782,181.6724989,0.117869261
090.0 080.0,10,oxygen_ml_l_ave_sta_corr,O2,5.757416546,-0.188490961,0.01666422,184.565632,0.126662612
090.0 080.0,20,oxygen_ml_l_ave_sta_corr,O2,5.773739986,-0.174622068,0.016954667,186.1801252,0.132119667
090.0 080.0,30,oxygen_ml_l_ave_sta_corr,O2,5.786337268,-0.161150882,0.014289277,218.4662074,0.155013524
090.0 080.0,50,oxygen_ml_l_ave_sta_corr,O2,5.690069475,-0.268525921,0.007756933,359.9987864,0.163086086
090.0 080.0,75,oxygen_ml_l_ave_sta_corr,O2,5.357534152,-0.344940536,0.007290228,359.9999994,0.401949202
090.0 080.0,100,oxygen_ml_l_ave_sta_corr,O2,4.658065907,-0.377988594,0.006450538,359.9999208,0.652570305
090.0 080.0,125,oxygen_ml_l_ave_sta_corr,O2,3.905715449,-0.416711155,0.007226796,359.9999993,0.699803898
090.0 080.0,150,oxygen_ml_l_ave_sta_corr,O2,3.367124978,-0.373745787,0.006775801,359.9998323,0.600134503
090.0 080.0,200,oxygen_ml_l_ave_sta_corr,O2,2.753249439,-0.241314594,0.004484289,359.9990093,0.459516963
090.0 080.0,250,oxygen_ml_l_ave_sta_corr,O2,2.265141496,-0.217571822,0.006037007,359.8381114,0.472958751
090.0 080.0,300,oxygen_ml_l_ave_sta_corr,O2,1.716598407,-0.272650515,0.005583108,359.9999604,0.415604367
090.0 080.0,400,oxygen_ml_l_ave_sta_corr,O2,0.843897562,-0.152659445,0.005736182,360,0.221920929
090.0 080.0,500,oxygen_ml_l_ave_sta_corr,O2,0.46170845,-0.058761107,0.002189023,353.5008131,0.103309075
090.0 090.0,0,oxygen_ml_l_ave_sta_corr,O2,5.703512381,-0.198520048,0.017031613,178.0215234,0.130742466
090.0 090.0,10,oxygen_ml_l_ave_sta_corr,O2,5.707121816,-0.194449342,0.016969673,179.639822,0.134144711
090.0 090.0,20,oxygen_ml_l_ave_sta_corr,O2,5.71598588,-0.196817347,0.017522265,178.5853698,0.131651449
090.0 090.0,30,oxygen_ml_l_ave_sta_corr,O2,5.742704903,-0.172966593,0.015854812,198.6612868,0.153475545
090.0 090.0,50,oxygen_ml_l_ave_sta_corr,O2,5.745515945,-0.173990638,0.008262078,359.9638106,0.17307221
090.0 090.0,75,oxygen_ml_l_ave_sta_corr,O2,5.741024217,-0.092967713,0.011495854,333.657822,0.247355864
090.0 090.0,100,oxygen_ml_l_ave_sta_corr,O2,4.980178898,-0.371223418,0.006562252,359.9599906,0.539294419
090.0 090.0,125,oxygen_ml_l_ave_sta_corr,O2,4.345616011,-0.354885021,0.006145594,359.9999662,0.678942346
090.0 090.0,150,oxygen_ml_l_ave_sta_corr,O2,3.777840905,-0.351166587,0.004956919,359.9999997,0.661522326
090.0 090.0,200,oxygen_ml_l_ave_sta_corr,O2,3.078552961,-0.245595659,0.003525975,359.9874254,0.507532891
090.0 090.0,250,oxygen_ml_l_ave_sta_corr,O2,2.523860011,-0.26475287,0.005976984,359.8993695,0.479040422
090.0 090.0,300,oxygen_ml_l_ave_sta_corr,O2,2.008368723,-0.200263056,0.006293307,359.9999805,0.453483519
090.0 090.0,400,oxygen_ml_l_ave_sta_corr,O2,0.984130706,-0.134745855,0.0071374,359.9999922,0.25524933
090.0 090.0,500,oxygen_ml_l_ave_sta_corr,O2,0.507453771,-0.043829069,0.008367158,359.9999968,0.12708538
090.0 100.0,0,oxygen_ml_l_ave_sta_corr,O2,5.631743748,-0.200187608,0.017250059,170.6992095,0.102797628
090.0 100.0,10,oxygen_ml_l_ave_sta_corr,O2,5.6388367,-0.199169608,0.017311408,170.7743918,0.107293479
090.0 100.0,20,oxygen_ml_l_ave_sta_corr,O2,5.65286904,-0.196232111,0.017133183,176.0874408,0.119059133
090.0 100.0,30,oxygen_ml_l_ave_sta_corr,O2,5.680654698,-0.18634266,0.017329603,184.3766617,0.140909457
090.0 100.0,50,oxygen_ml_l_ave_sta_corr,O2,5.720003054,0.169040695,0.007671457,1.81e-7,0.178067648
090.0 100.0,75,oxygen_ml_l_ave_sta_corr,O2,5.744188881,0.12663556,0.008428442,77.53336626,0.208383652
090.0 100.0,100,oxygen_ml_l_ave_sta_corr,O2,5.545353936,-0.126834256,0.004867429,0.003395307,0.378537249
090.0 100.0,125,oxygen_ml_l_ave_sta_corr,O2,4.986347476,-0.944573985,7.47993e-4,79.28497405,0.566859174
090.0 100.0,150,oxygen_ml_l_ave_sta_corr,O2,4.410243766,-1.377666971,6.16138e-4,94.44528276,0.625267703
090.0 100.0,200,oxygen_ml_l_ave_sta_corr,O2,3.437456646,-1.579743399,3.49116e-4,104.657709,0.555226296
090.0 100.0,250,oxygen_ml_l_ave_sta_corr,O2,2.881954796,-0.372698373,3.28534e-4,112.8502907,0.53966582
090.0 100.0,300,oxygen_ml_l_ave_sta_corr,O2,2.308365885,-0.488737065,3.7177e-4,112.8098521,0.46374959
090.0 100.0,400,oxygen_ml_l_ave_sta_corr,O2,1.22497126,-0.873804382,3.67687e-4,112.8512493,0.271032299
090.0 100.0,500,oxygen_ml_l_ave_sta_corr,O2,0.602920979,-0.29288139,3.34197e-4,135.6982912,0.137737104
090.0 110.0,0,oxygen_ml_l_ave_sta_corr,O2,5.59154851,-0.196928398,0.016418983,167,0.090561749
090.0 110.0,10,oxygen_ml_l_ave_sta_corr,O2,5.592395994,-0.19576925,0.016432444,165,0.085432916
090.0 110.0,20,oxygen_ml_l_ave_sta_corr,O2,5.60191023,-0.187359213,0.016073721,169,0.086520481
090.0 110.0,30,oxygen_ml_l_ave_sta_corr,O2,5.615302967,-0.16377063,0.014741294,182,0.104533118
090.0 110.0,50,oxygen_ml_l_ave_sta_corr,O2,5.608995134,-0.238333011,0.007905705,360,0.1917716
090.0 110.0,75,oxygen_ml_l_ave_sta_corr,O2,5.92249379,0.612623975,0.001278573,266.9933034,0.156158513
090.0 110.0,100,oxygen_ml_l_ave_sta_corr,O2,5.600754004,0.310922856,4.51352e-4,238.2750566,0.266949635
090.0 110.0,125,oxygen_ml_l_ave_sta_corr,O2,5.053603382,-0.281600107,4.99529e-4,238.3004925,0.52186509
090.0 110.0,150,oxygen_ml_l_ave_sta_corr,O2,4.547897524,-0.182433264,0.022041592,186,0.614781689
090.0 110.0,200,oxygen_ml_l_ave_sta_corr,O2,3.632857343,-0.10852501,0.029200243,175,0.573103424
090.0 110.0,250,oxygen_ml_l_ave_sta_corr,O2,3.049115734,-0.019881521,0.029999998,149,0.522781314
090.0 110.0,300,oxygen_ml_l_ave_sta_corr,O2,2.383559955,0.154590235,0.011016852,1.08e-4,0.476389224
090.0 110.0,400,oxygen_ml_l_ave_sta_corr,O2,1.322653818,0.040419552,0.020647984,69.2,0.271238838
090.0 110.0,500,oxygen_ml_l_ave_sta_corr,O2,0.642069915,0.043208282,0.02093293,19.41577638,0.13119638
090.0 120.0,0,oxygen_ml_l_ave_sta_corr,O2,5.557314571,-0.154582564,0.016667175,174,0.083636776
090.0 120.0,10,oxygen_ml_l_ave_sta_corr,O2,5.563712126,-0.151659932,0.016417745,176,0.08697849
090.0 120.0,20,oxygen_ml_l_ave_sta_corr,O2,5.571396244,-0.143319959,0.015664293,179,0.100010021
090.0 120.0,30,oxygen_ml_l_ave_sta_corr,O2,5.577277641,-0.133615733,0.01469864,190,0.106270775
090.0 120.0,50,oxygen_ml_l_ave_sta_corr,O2,5.491970243,-0.295435351,0.007627385,360,0.166089198
090.0 120.0,75,oxygen_ml_l_ave_sta_corr,O2,5.804965846,0.145199603,0.008410256,136,0.147356994
090.0 120.0,100,oxygen_ml_l_ave_sta_corr,O2,5.60451341,0.064876116,0.006246336,6.65e-5,0.201562729
090.0 120.0,125,oxygen_ml_l_ave_sta_corr,O2,5.306558067,0.064666338,0.020659228,40.5,0.334542737
090.0 120.0,150,oxygen_ml_l_ave_sta_corr,O2,4.833557429,0.092481815,0.016620777,2.33e-6,0.4579313
090.0 120.0,200,oxygen_ml_l_ave_sta_corr,O2,3.837699794,0.110398183,0.020407667,22.1,0.5620016
090.0 120.0,250,oxygen_ml_l_ave_sta_corr,O2,3.205085758,0.122817648,0.019688001,33.3,0.528758364
090.0 120.0,300,oxygen_ml_l_ave_sta_corr,O2,2.658092347,0.127127503,0.020619782,40,0.510059201
090.0 120.0,400,oxygen_ml_l_ave_sta_corr,O2,1.387388672,0.105219845,0.017415597,25.8,0.255746483
090.0 120.0,500,oxygen_ml_l_ave_sta_corr,O2,0.666191274,0.025645983,0.018153786,21.7,0.131635673
093.3 026.7,0,oxygen_ml_l_ave_sta_corr,O2,6.101604423,-0.397016801,0.019638753,186,0.514676095
093.3 026.7,10,oxygen_ml_l_ave_sta_corr,O2,5.560597711,-0.787415388,0.007478838,360,0.416410026
093.3 026.7,20,oxygen_ml_l_ave_sta_corr,O2,5.517182532,0.443876389,0.0208,195,0.597400588
093.3 026.7,30,oxygen_ml_l_ave_sta_corr,O2,4.757468965,0.791648167,0.0208,210,0.667380477
093.3 026.7,50,oxygen_ml_l_ave_sta_corr,O2,3.940307635,0.840618857,0.020525064,209,0.617272335
093.3 028.0,0,oxygen_ml_l_ave_sta_corr,O2,5.87253382,-0.315391788,0.019630535,178,0.24223835
093.3 028.0,10,oxygen_ml_l_ave_sta_corr,O2,6.000493586,-0.310708025,0.017040789,226,0.299200539
093.3 028.0,20,oxygen_ml_l_ave_sta_corr,O2,6.041943854,-0.247762751,0.019558756,291,0.416433914
093.3 028.0,30,oxygen_ml_l_ave_sta_corr,O2,5.452501198,-0.527933347,0.01882199,360,0.621518543
093.3 028.0,50,oxygen_ml_l_ave_sta_corr,O2,4.407847896,-0.743527157,0.019981765,360,0.653391933
093.3 028.0,75,oxygen_ml_l_ave_sta_corr,O2,3.63201246,-0.695561893,0.020701898,360,0.560387667
093.3 028.0,100,oxygen_ml_l_ave_sta_corr,O2,3.077854224,-0.523567669,0.021132431,359.9999765,0.553166027
093.3 028.0,125,oxygen_ml_l_ave_sta_corr,O2,2.683011087,-0.360060286,0.023011128,340.2151827,0.489243983
093.3 028.0,150,oxygen_ml_l_ave_sta_corr,O2,2.368987515,-0.285470285,0.022498159,338.247182,0.435702583
093.3 028.0,200,oxygen_ml_l_ave_sta_corr,O2,1.914973355,-0.245034305,0.019967014,360,0.369577185
093.3 028.0,250,oxygen_ml_l_ave_sta_corr,O2,1.584833796,-0.194336118,0.020381839,360,0.313711381
093.3 028.0,300,oxygen_ml_l_ave_sta_corr,O2,1.276278082,-0.161189523,0.023113152,334.9561052,0.265902169
093.3 028.0,400,oxygen_ml_l_ave_sta_corr,O2,0.780392623,-0.097296717,0.023557202,311.1757021,0.160351548
093.3 028.0,500,oxygen_ml_l_ave_sta_corr,O2,0.44639437,-0.055427491,0.026535388,254.2930374,0.071049812
093.3 030.0,0,oxygen_ml_l_ave_sta_corr,O2,5.753710913,-0.281988275,0.018292782,172.1914945,0.163893814
093.3 030.0,10,oxygen_ml_l_ave_sta_corr,O2,5.841081679,-0.232564119,0.017584441,192.0700431,0.193319001
093.3 030.0,20,oxygen_ml_l_ave_sta_corr,O2,6.07175703,-0.28351399,0.018089654,264.7307712,0.292772863
093.3 030.0,30,oxygen_ml_l_ave_sta_corr,O2,5.829532867,-0.296870302,0.01886123,317.6541684,0.425706935
093.3 030.0,50,oxygen_ml_l_ave_sta_corr,O2,4.828034586,-0.575365486,0.020400437,346.7542159,0.59340022
093.3 030.0,75,oxygen_ml_l_ave_sta_corr,O2,3.875118207,-0.514391496,0.020465775,359.9999999,0.592161397
093.3 030.0,100,oxygen_ml_l_ave_sta_corr,O2,3.208703797,-0.435535737,0.021222353,359.999999,0.538007666
093.3 030.0,125,oxygen_ml_l_ave_sta_corr,O2,2.739798994,-0.349267478,0.021046276,359.9999998,0.523426383
093.3 030.0,150,oxygen_ml_l_ave_sta_corr,O2,2.380455507,-0.286111096,0.021574929,359.9999995,0.468090887
093.3 030.0,200,oxygen_ml_l_ave_sta_corr,O2,1.877459703,-0.247746526,0.021347462,359.9999994,0.421137287
093.3 030.0,250,oxygen_ml_l_ave_sta_corr,O2,1.54280106,-0.213999947,0.022175988,359.9999997,0.311778487
093.3 030.0,300,oxygen_ml_l_ave_sta_corr,O2,1.263929227,-0.155379254,0.02206241,360,0.251876925
093.3 030.0,400,oxygen_ml_l_ave_sta_corr,O2,0.804743031,-0.075145134,0.026015348,303.2119933,0.164013958
093.3 030.0,500,oxygen_ml_l_ave_sta_corr,O2,0.465050988,-0.044920729,0.027323283,248.0381706,0.08218817
093.3 035.0,0,oxygen_ml_l_ave_sta_corr,O2,5.706213494,-0.251325499,0.018084258,167.0115892,0.148574038
093.3 035.0,10,oxygen_ml_l_ave_sta_corr,O2,5.770651071,-0.229366105,0.018044576,180.6136074,0.177594294
093.3 035.0,20,oxygen_ml_l_ave_sta_corr,O2,5.8577851,-0.269520953,0.013909799,258.3409964,0.210325611
093.3 035.0,30,oxygen_ml_l_ave_sta_corr,O2,5.86548688,-0.092098543,0.01998548,288.575355,0.313542896
093.3 035.0,50,oxygen_ml_l_ave_sta_corr,O2,5.104094371,0.389709464,0.021977544,203.6277622,0.674287133
093.3 035.0,75,oxygen_ml_l_ave_sta_corr,O2,4.20397136,0.390403566,0.021389273,196.4728301,0.663965112
093.3 035.0,100,oxygen_ml_l_ave_sta_corr,O2,3.522219452,0.274838431,0.023514202,189.4304544,0.641021723
093.3 035.0,125,oxygen_ml_l_ave_sta_corr,O2,2.972809794,0.274142833,0.026419789,196.0710573,0.565490112
093.3 035.0,150,oxygen_ml_l_ave_sta_corr,O2,2.654513172,0.201052254,0.026833811,188.688581,0.498746495
093.3 035.0,200,oxygen_ml_l_ave_sta_corr,O2,2.485207834,0.457490272,0.008098497,359.9999983,0.434421152
093.3 035.0,250,oxygen_ml_l_ave_sta_corr,O2,1.988570869,0.400002122,0.008466099,360,0.412041276
093.3 035.0,300,oxygen_ml_l_ave_sta_corr,O2,1.283357101,0.157707167,0.022717313,212.1005317,0.302136859
093.3 035.0,400,oxygen_ml_l_ave_sta_corr,O2,0.702520639,0.0712089,0.020369953,213.4039361,0.146517455
093.3 035.0,500,oxygen_ml_l_ave_sta_corr,O2,0.404477254,0.033484342,0.018911089,206.3993069,0.062094726
093.3 040.0,0,oxygen_ml_l_ave_sta_corr,O2,5.691809388,-0.234585216,0.017081043,168.6996766,0.107296948
093.3 040.0,10,oxygen_ml_l_ave_sta_corr,O2,5.72386395,-0.228343887,0.016998558,175.8586351,0.137114771
093.3 040.0,20,oxygen_ml_l_ave_sta_corr,O2,5.82612908,-0.186308713,0.01504854,237.8402026,0.215568417
093.3 040.0,30,oxygen_ml_l_ave_sta_corr,O2,5.717360711,-0.246695907,0.008213378,359.9999766,0.179135791
093.3 040.0,50,oxygen_ml_l_ave_sta_corr,O2,5.095215792,0.680528095,0.028297563,218.2717758,0.517554095
093.3 040.0,75,oxygen_ml_l_ave_sta_corr,O2,4.219045945,0.552673794,0.027705194,216.3291827,0.560127973
093.3 040.0,100,oxygen_ml_l_ave_sta_corr,O2,3.524655728,0.423839037,0.027521083,216.4464737,0.509820803
093.3 040.0,125,oxygen_ml_l_ave_sta_corr,O2,3.045740964,0.288469732,0.027065527,213.8373407,0.471598944
093.3 040.0,150,oxygen_ml_l_ave_sta_corr,O2,2.722957737,0.260587807,0.028662164,209.8228451,0.42341125
093.3 040.0,200,oxygen_ml_l_ave_sta_corr,O2,2.225523746,0.119360454,0.019367117,249.2825113,0.397271595
093.3 040.0,250,oxygen_ml_l_ave_sta_corr,O2,1.750140488,0.106432754,0.01959964,249.0216147,0.379088958
093.3 040.0,300,oxygen_ml_l_ave_sta_corr,O2,1.269650434,0.160593963,0.026480608,213.9966142,0.283853959
093.3 040.0,400,oxygen_ml_l_ave_sta_corr,O2,0.681862528,0.072723543,0.023561621,220.8019662,0.14551622
093.3 040.0,500,oxygen_ml_l_ave_sta_corr,O2,0.377683002,0.044306308,0.025811158,212.63642720000001,0.069036821
093.3 045.0,0,oxygen_ml_l_ave_sta_corr,O2,5.726804538,-0.248387852,0.017039256,170.0379377,0.120586778
093.3 045.0,10,oxygen_ml_l_ave_sta_corr,O2,5.761169771,-0.225863328,0.016253361,183.6562592,0.154834678
093.3 045.0,20,oxygen_ml_l_ave_sta_corr,O2,5.77660773,-0.186792241,0.013082041,228.3239508,0.189159619
093.3 045.0,30,oxygen_ml_l_ave_sta_corr,O2,5.764158699,-0.076661579,0.006717955,359.9960736,0.262331007
093.3 045.0,50,oxygen_ml_l_ave_sta_corr,O2,5.056003569,0.538851872,0.02902373,223.3333674,0.646650977
093.3 045.0,75,oxygen_ml_l_ave_sta_corr,O2,4.070675778,0.629333023,0.028777896,214.5574096,0.642775177
093.3 045.0,100,oxygen_ml_l_ave_sta_corr,O2,3.462449185,0.522469907,0.029651672,209.468305,0.549169991
093.3 045.0,125,oxygen_ml_l_ave_sta_corr,O2,3.01719454,0.42249443,0.02919495,212.8753371,0.440052091
093.3 045.0,150,oxygen_ml_l_ave_sta_corr,O2,2.685667354,0.32264924,0.029643191,212.2317597,0.385876657
093.3 045.0,200,oxygen_ml_l_ave_sta_corr,O2,2.1538873,0.155203452,0.03,210.9466359,0.365040048
093.3 045.0,250,oxygen_ml_l_ave_sta_corr,O2,1.713691128,0.144210582,0.03,211.127326,0.32855798
093.3 045.0,300,oxygen_ml_l_ave_sta_corr,O2,1.272934282,0.118966822,0.03,221.9509579,0.27483135
093.3 045.0,400,oxygen_ml_l_ave_sta_corr,O2,0.669681145,0.053465228,0.023365698,267.4765728,0.145084991
093.3 045.0,500,oxygen_ml_l_ave_sta_corr,O2,0.372088671,0.025942228,0.025094994,233.5264394,0.066019349
093.3 050.0,0,oxygen_ml_l_ave_sta_corr,O2,5.736678405,-0.228999001,0.016678048,178,0.13248158300000001
093.3 050.0,10,oxygen_ml_l_ave_sta_corr,O2,5.764372157,-0.237869743,0.016814035,183,0.154005481
093.3 050.0,20,oxygen_ml_l_ave_sta_corr,O2,5.774493337,-0.205404571,0.01592784,191,0.141598304
093.3 050.0,30,oxygen_ml_l_ave_sta_corr,O2,5.751206508,-0.203056198,0.020330982,153,0.237785024
093.3 050.0,50,oxygen_ml_l_ave_sta_corr,O2,5.192018467,-0.571081535,0.027577145,128.8193543,0.553201116
093.3 050.0,75,oxygen_ml_l_ave_sta_corr,O2,4.272834425,-0.653086179,0.027327425,120.941209,0.674817476
093.3 050.0,100,oxygen_ml_l_ave_sta_corr,O2,3.576557562,-0.555932319,0.028211336,116.9486794,0.615526982
093.3 050.0,125,oxygen_ml_l_ave_sta_corr,O2,3.068957794,-0.482601934,0.028421052,117.064727,0.506587936
093.3 050.0,150,oxygen_ml_l_ave_sta_corr,O2,2.729488648,-0.342246628,0.027964091,119.8527779,0.433243339
093.3 050.0,200,oxygen_ml_l_ave_sta_corr,O2,2.205560102,-0.284987764,0.029373983,120.6677878,0.3968835
093.3 050.0,250,oxygen_ml_l_ave_sta_corr,O2,1.709502145,-0.218934261,0.027708933,122.244595,0.355779371
093.3 050.0,300,oxygen_ml_l_ave_sta_corr,O2,1.236871473,-0.169214433,0.027688918,122.0157844,0.28646084
093.3 050.0,400,oxygen_ml_l_ave_sta_corr,O2,0.632703156,-0.078796667,0.026612639,123.5197052,0.137664184
093.3 050.0,500,oxygen_ml_l_ave_sta_corr,O2,0.361920591,-0.036631363,0.026652813,115,0.05472996
093.3 055.0,0,oxygen_ml_l_ave_sta_corr,O2,5.756570807,-0.204511622,0.015417156,195,0.141065914
093.3 055.0,10,oxygen_ml_l_ave_sta_corr,O2,5.782788963,-0.21046172,0.015903621,200,0.15633609
093.3 055.0,20,oxygen_ml_l_ave_sta_corr,O2,5.794453824,-0.220078509,0.013927452,232,0.162928179
093.3 055.0,30,oxygen_ml_l_ave_sta_corr,O2,5.830130616,-0.19571363,0.013291688,254,0.185659816
093.3 055.0,50,oxygen_ml_l_ave_sta_corr,O2,5.518168823,0.234747545,0.024984597,261.7840501,0.398205328
093.3 055.0,75,oxygen_ml_l_ave_sta_corr,O2,4.602915906,0.347971086,0.025505514,246.2989084,0.647168687
093.3 055.0,100,oxygen_ml_l_ave_sta_corr,O2,3.823528732,0.351865752,0.024830053,248,0.625188123
093.3 055.0,125,oxygen_ml_l_ave_sta_corr,O2,3.307330215,0.307791928,0.023923383,258,0.50089725
093.3 055.0,150,oxygen_ml_l_ave_sta_corr,O2,2.917880223,0.205838808,0.024633738,255.2782021,0.449133154
093.3 055.0,200,oxygen_ml_l_ave_sta_corr,O2,2.320686886,0.227677616,0.024023503,258.542724,0.460578935
093.3 055.0,250,oxygen_ml_l_ave_sta_corr,O2,1.797651983,0.193039881,0.023873813,248,0.424468656
093.3 055.0,300,oxygen_ml_l_ave_sta_corr,O2,1.306136398,0.188388878,0.022384048,260,0.336740999
093.3 055.0,400,oxygen_ml_l_ave_sta_corr,O2,0.661721692,0.125453769,0.024932928,246,0.17094127
093.3 055.0,500,oxygen_ml_l_ave_sta_corr,O2,0.370995042,0.039044369,0.023819354,265.7603178,0.074133102
093.3 060.0,0,oxygen_ml_l_ave_sta_corr,O2,5.747867254,-0.214690377,0.015999988,188,0.131608084
093.3 060.0,10,oxygen_ml_l_ave_sta_corr,O2,5.755706724,-0.216689625,0.015984329,190,0.130041602
093.3 060.0,20,oxygen_ml_l_ave_sta_corr,O2,5.781989868,-0.211080879,0.015529048,203.9757349,0.13127452
093.3 060.0,30,oxygen_ml_l_ave_sta_corr,O2,5.455489199,-0.580769902,0.007174544,360,0.180226243
093.3 060.0,50,oxygen_ml_l_ave_sta_corr,O2,5.725597836,-0.060514636,0.019513285,148.1058818,0.309365219
093.3 060.0,75,oxygen_ml_l_ave_sta_corr,O2,5.073998009,-0.271402378,0.014431819,138.2708452,0.629921213
093.3 060.0,100,oxygen_ml_l_ave_sta_corr,O2,4.330678774,-0.296345829,0.014269396,118.898509,0.661986156
093.3 060.0,125,oxygen_ml_l_ave_sta_corr,O2,3.67405586,-0.295045096,0.016244508,131.1400872,0.556938267
093.3 060.0,150,oxygen_ml_l_ave_sta_corr,O2,3.211483671,-0.235484535,0.015942181,151.8077911,0.433166143
093.3 060.0,200,oxygen_ml_l_ave_sta_corr,O2,2.599680359,-0.202020552,0.01421864,146.5083204,0.42427401
093.3 060.0,250,oxygen_ml_l_ave_sta_corr,O2,2.083058087,-0.179072704,0.017332517,119.4071649,0.42388357
093.3 060.0,300,oxygen_ml_l_ave_sta_corr,O2,1.52710812,-0.186904675,0.018838488,115.2991751,0.358833348
093.3 060.0,400,oxygen_ml_l_ave_sta_corr,O2,0.774471438,-0.089258905,0.013348783,108.6450752,0.191959931
093.3 060.0,500,oxygen_ml_l_ave_sta_corr,O2,0.405405888,-0.027856222,0.011978599,126.0775415,0.083108331
093.3 070.0,0,oxygen_ml_l_ave_sta_corr,O2,5.715613283,-0.169238368,0.016495489,176.2413624,0.117406968
093.3 070.0,10,oxygen_ml_l_ave_sta_corr,O2,5.724841639,-0.172244169,0.016480734,178.0921383,0.118569506
093.3 070.0,20,oxygen_ml_l_ave_sta_corr,O2,5.740755698,-0.159901255,0.015726506,190.7165809,0.130814067
093.3 070.0,30,oxygen_ml_l_ave_sta_corr,O2,5.771709343,-0.149450933,0.016161091,197.8952073,0.139755471
093.3 070.0,50,oxygen_ml_l_ave_sta_corr,O2,5.849031939,-0.049550816,0.022815897,182.9866843,0.196900198
093.3 070.0,75,oxygen_ml_l_ave_sta_corr,O2,5.38094745,-0.233654307,0.013236102,209.3776992,0.546105419
093.3 070.0,100,oxygen_ml_l_ave_sta_corr,O2,4.669773149,-0.225416307,0.013023589,184.2131277,0.700539329
093.3 070.0,125,oxygen_ml_l_ave_sta_corr,O2,3.97000857,-0.166962875,0.010505006,206.33317159999999,0.633353482
093.3 070.0,150,oxygen_ml_l_ave_sta_corr,O2,3.427991738,-0.172313947,0.015138248,205.2209898,0.550522468
093.3 070.0,200,oxygen_ml_l_ave_sta_corr,O2,2.837239727,-0.18998667,0.016553713,165.7722769,0.4434425
093.3 070.0,250,oxygen_ml_l_ave_sta_corr,O2,2.290886521,-0.19474797,0.019430469,164.0773792,0.448341854
093.3 070.0,300,oxygen_ml_l_ave_sta_corr,O2,1.772209206,-0.189225352,0.018146173,164.9874617,0.398848638
093.3 070.0,400,oxygen_ml_l_ave_sta_corr,O2,0.885518509,-0.11784982,0.019017951,155.1488559,0.21598676
093.3 070.0,500,oxygen_ml_l_ave_sta_corr,O2,0.446257735,-0.037687672,0.018915887,165.8961297,0.094173841
093.3 080.0,0,oxygen_ml_l_ave_sta_corr,O2,5.692282318,-0.18487767,0.016636117,180.5835719,0.117461623
093.3 080.0,10,oxygen_ml_l_ave_sta_corr,O2,5.699909614,-0.187086639,0.016743547,181.9434439,0.120549419
093.3 080.0,20,oxygen_ml_l_ave_sta_corr,O2,5.715138737,-0.179129747,0.016271639,190.2149815,0.130987819
093.3 080.0,30,oxygen_ml_l_ave_sta_corr,O2,5.731522721,-0.170059217,0.013787576,221.3372781,0.143328912
093.3 080.0,50,oxygen_ml_l_ave_sta_corr,O2,5.80110439,-0.157273227,0.009249195,359.9999828,0.156744297
093.3 080.0,75,oxygen_ml_l_ave_sta_corr,O2,5.556363738,-0.20342513,0.009413475,328.630379,0.289834282
093.3 080.0,100,oxygen_ml_l_ave_sta_corr,O2,5.053833757,-0.052317486,0.016364351,208.6890321,0.591531761
093.3 080.0,125,oxygen_ml_l_ave_sta_corr,O2,4.580026157,-0.254615701,0.006115145,7.18e-7,0.671516563
093.3 080.0,150,oxygen_ml_l_ave_sta_corr,O2,3.891039381,-0.204752081,0.007961795,66.5328525,0.614718769
093.3 080.0,200,oxygen_ml_l_ave_sta_corr,O2,3.093070645,-0.471216015,0.001238001,117.2312684,0.483742128
093.3 080.0,250,oxygen_ml_l_ave_sta_corr,O2,2.362185557,-0.193918369,0.005904273,359.7077171,0.4363219
093.3 080.0,300,oxygen_ml_l_ave_sta_corr,O2,1.812708792,-0.220641198,0.005404995,344.2090018,0.418857565
093.3 080.0,400,oxygen_ml_l_ave_sta_corr,O2,0.855103942,-0.193637176,0.005036348,359.9999689,0.25018493
093.3 080.0,500,oxygen_ml_l_ave_sta_corr,O2,0.487680721,-0.039058995,0.014675462,208.1152329,0.105341395
093.3 090.0,0,oxygen_ml_l_ave_sta_corr,O2,5.659225707,-0.213026553,0.017424078,174.9330824,0.116211443
093.3 090.0,10,oxygen_ml_l_ave_sta_corr,O2,5.66591511,-0.210590488,0.017359383,174.9720731,0.117306272
093.3 090.0,20,oxygen_ml_l_ave_sta_corr,O2,5.685607477,-0.196554213,0.016852718,184.5789509,0.124837111
093.3 090.0,30,oxygen_ml_l_ave_sta_corr,O2,5.707934696,-0.181769318,0.016611998,190.3516113,0.133797536
093.3 090.0,50,oxygen_ml_l_ave_sta_corr,O2,5.725330326,-0.206045791,0.008383104,359.9996846,0.167564444
093.3 090.0,75,oxygen_ml_l_ave_sta_corr,O2,5.808442954,-0.064275205,0.011898517,359.9999622,0.159420928
093.3 090.0,100,oxygen_ml_l_ave_sta_corr,O2,5.407744529,-0.085615198,0.013367775,222.4565487,0.354150895
093.3 090.0,125,oxygen_ml_l_ave_sta_corr,O2,4.55426558,-0.351355157,0.005696709,359.8884062,0.510208966
093.3 090.0,150,oxygen_ml_l_ave_sta_corr,O2,3.940873031,-0.354592024,0.005589289,360,0.572796066
093.3 090.0,200,oxygen_ml_l_ave_sta_corr,O2,3.093510057,-0.355544041,0.006474678,359.9999937,0.419192663
093.3 090.0,250,oxygen_ml_l_ave_sta_corr,O2,2.507484998,-0.383905148,0.007384665,359.9997849,0.423702577
093.3 090.0,300,oxygen_ml_l_ave_sta_corr,O2,1.829134986,-0.494678886,0.00711064,359.9999218,0.416785661
093.3 090.0,400,oxygen_ml_l_ave_sta_corr,O2,0.954749301,-0.228486477,0.005879811,359.9999256,0.241793887
093.3 090.0,500,oxygen_ml_l_ave_sta_corr,O2,0.534932769,-0.041345424,0.011715201,235.6694669,0.111166883
093.3 100.0,0,oxygen_ml_l_ave_sta_corr,O2,5.605040111,-0.18204902,0.017036296,175.1130227,0.082827474
093.3 100.0,10,oxygen_ml_l_ave_sta_corr,O2,5.615586467,-0.176313545,0.01710604,176.6829263,0.092636606
093.3 100.0,20,oxygen_ml_l_ave_sta_corr,O2,5.62421755,-0.173431056,0.017072649,179.8454904,0.095471982
093.3 100.0,30,oxygen_ml_l_ave_sta_corr,O2,5.642112316,-0.154174958,0.015234591,195.8309821,0.126020812
093.3 100.0,50,oxygen_ml_l_ave_sta_corr,O2,5.632516085,-0.202210039,0.008083547,359.9999889,0.16756834
093.3 100.0,75,oxygen_ml_l_ave_sta_corr,O2,5.767949112,0.151270584,0.007424683,80.24957309,0.12622013
093.3 100.0,100,oxygen_ml_l_ave_sta_corr,O2,5.54900765,0.14681858,0.011601111,0.069582506,0.224959538
093.3 100.0,125,oxygen_ml_l_ave_sta_corr,O2,5.121595039,0.148276771,0.0138,5.63e-6,0.367803083
093.3 100.0,150,oxygen_ml_l_ave_sta_corr,O2,4.552513502,0.166893292,0.0164,2.19e-7,0.513636843
093.3 100.0,200,oxygen_ml_l_ave_sta_corr,O2,3.5863545550000002,0.138536526,0.0147,2.51e-7,0.480339169
093.3 100.0,250,oxygen_ml_l_ave_sta_corr,O2,3.034348434,0.079586104,0.0163,3.3e-9,0.476959812
093.3 100.0,300,oxygen_ml_l_ave_sta_corr,O2,2.434709965,0.051871349,0.0165,0.002601842,0.462410918
093.3 100.0,400,oxygen_ml_l_ave_sta_corr,O2,1.247864356,-0.027228237,0.03,61.71111259,0.260324269
093.3 100.0,500,oxygen_ml_l_ave_sta_corr,O2,0.591510169,-0.015215384,0.0299,14.40143018,0.121947531
093.3 110.0,0,oxygen_ml_l_ave_sta_corr,O2,5.558501046,-0.186586709,0.0166,169.5111296,0.081736007
093.3 110.0,10,oxygen_ml_l_ave_sta_corr,O2,5.563662706,-0.188743653,0.0162,169.3492488,0.086942659
093.3 110.0,20,oxygen_ml_l_ave_sta_corr,O2,5.567954112,-0.190270789,0.0163,171.7829664,0.086672744
093.3 110.0,30,oxygen_ml_l_ave_sta_corr,O2,5.582460337,-0.166550389,0.0148,188.8935082,0.108783387
093.3 110.0,50,oxygen_ml_l_ave_sta_corr,O2,5.504138079,-0.307923498,0.00758,359.9999991,0.160309256
093.3 110.0,75,oxygen_ml_l_ave_sta_corr,O2,5.817677032,0.115235586,0.0147,153.5793624,0.128374205
093.3 110.0,100,oxygen_ml_l_ave_sta_corr,O2,5.533347506,0.139068263,0.00879,5.8e-5,0.209197709
093.3 110.0,125,oxygen_ml_l_ave_sta_corr,O2,5.245170908,0.099798832,0.0221,30.91671672,0.307831739
093.3 110.0,150,oxygen_ml_l_ave_sta_corr,O2,4.718141675,0.107757258,0.0197,28.38028269,0.465435696
093.3 110.0,200,oxygen_ml_l_ave_sta_corr,O2,3.700617738,0.057916959,0.0173,8.81,0.544937771
093.3 110.0,250,oxygen_ml_l_ave_sta_corr,O2,3.047157267,0.092146388,0.009281934,0.008719656,0.516254821
093.3 110.0,300,oxygen_ml_l_ave_sta_corr,O2,2.419644111,0.167374208,0.010935694,2.03035e-4,0.480958767
093.3 110.0,400,oxygen_ml_l_ave_sta_corr,O2,1.245714734,0.086405092,0.010602841,1.85e-6,0.281435491
093.3 110.0,500,oxygen_ml_l_ave_sta_corr,O2,0.594565725,0.059429954,0.00984043,1.11e-13,0.129865409
093.3 120.0,0,oxygen_ml_l_ave_sta_corr,O2,5.533567632,-0.179111117,0.016487214,169,0.084203169
093.3 120.0,10,oxygen_ml_l_ave_sta_corr,O2,5.539473599,-0.178030573,0.01604977,174,0.091048005
093.3 120.0,20,oxygen_ml_l_ave_sta_corr,O2,5.549521193,-0.173488454,0.016078499,177,0.093651502
093.3 120.0,30,oxygen_ml_l_ave_sta_corr,O2,5.55591424,-0.156673716,0.01494789,188,0.099375892
093.3 120.0,50,oxygen_ml_l_ave_sta_corr,O2,5.448748022,-0.334268688,0.00754558,360,0.155807378
093.3 120.0,75,oxygen_ml_l_ave_sta_corr,O2,5.799223357,0.148675205,0.008212447,169.2907877,0.116111528
093.3 120.0,100,oxygen_ml_l_ave_sta_corr,O2,5.664710859,0.045563111,0.019449401,143.9846715,0.145693785
093.3 120.0,125,oxygen_ml_l_ave_sta_corr,O2,5.374086899,0.067492025,0.027187315,125,0.270208278
093.3 120.0,150,oxygen_ml_l_ave_sta_corr,O2,4.935750888,0.101314858,0.03,130,0.382798828
093.3 120.0,200,oxygen_ml_l_ave_sta_corr,O2,3.963775198,0.080838392,0.03,116.0062256,0.515404105
093.3 120.0,250,oxygen_ml_l_ave_sta_corr,O2,3.376489305,0.100286713,0.03,117.9746858,0.483618631
093.3 120.0,300,oxygen_ml_l_ave_sta_corr,O2,2.583467451,0.240150528,0.00758422,0.0594,0.48850478
093.3 120.0,400,oxygen_ml_l_ave_sta_corr,O2,1.416561507,0.089133637,0.008524314,0.0091,0.285005572
093.3 120.0,500,oxygen_ml_l_ave_sta_corr,O2,0.672233682,0.024854393,0.009066929,0.008559851,0.123596204
076.7 049.0,0,temperature_ave,Temp,13.28214526,1.846017689,0.018448714,185.6409347,1.15155842
076.7 049.0,10,temperature_ave,Temp,12.86010379,1.687352804,0.018200357,196.6198805,1.127053826
076.7 049.0,20,temperature_ave,Temp,12.30904776,1.58599111,0.017731314,207.6077657,0.932723578
076.7 049.0,30,temperature_ave,Temp,11.86150348,1.463576163,0.018434758,209.332734,0.829595187
076.7 049.0,50,temperature_ave,Temp,11.20415824,1.344084866,0.019164259,214.8227653,0.724925257
076.7 051.0,0,temperature_ave,Temp,13.88595531,1.831068693,0.019057817,174.6994568,1.181575527
076.7 051.0,10,temperature_ave,Temp,13.63305763,1.731123068,0.018726013,181.0899469,1.095162664
076.7 051.0,20,temperature_ave,Temp,13.11595134,1.482857806,0.018079174,199.5927152,1.025456793
076.7 051.0,30,temperature_ave,Temp,12.478901,1.398436828,0.017997155,217.628615,1.039014971
076.7 051.0,50,temperature_ave,Temp,11.26493342,1.048802115,0.020716273,221.6931878,0.854601719
076.7 051.0,75,temperature_ave,Temp,10.34356453,0.776808649,0.021887021,213.6729041,0.599601851
076.7 051.0,100,temperature_ave,Temp,9.849866858,0.645858058,0.02108553,210.1643067,0.493377009
076.7 051.0,125,temperature_ave,Temp,9.533348713,0.569583919,0.021269496,205.1939073,0.441929127
076.7 051.0,150,temperature_ave,Temp,9.276195901,0.51073782,0.020382481,198.3582026,0.333982308
076.7 051.0,200,temperature_ave,Temp,8.822623691,0.428886361,0.020542407,190.5251562,0.34211905
076.7 055.0,0,temperature_ave,Temp,14.31200204,1.707571439,0.017814859,169.7495838,1.023761622
076.7 055.0,10,temperature_ave,Temp,14.07085798,1.540963071,0.017207166,178.8679672,1.014230039
076.7 055.0,20,temperature_ave,Temp,13.63070123,1.332548937,0.016407151,200.8947693,1.131147813
076.7 055.0,30,temperature_ave,Temp,12.94825748,1.119923469,0.016264893,228.3260736,1.193529847
076.7 055.0,50,temperature_ave,Temp,11.48998355,0.837630571,0.022244122,236.9295066,1.058785008
076.7 055.0,75,temperature_ave,Temp,10.39869698,0.506597909,0.023756021,229.1561405,0.682316834
076.7 055.0,100,temperature_ave,Temp,9.757070959,0.369650006,0.025268669,221.7514535,0.50856734
076.7 055.0,125,temperature_ave,Temp,9.3669507930000009,0.283937542,0.025043177,212.5721371,0.395181411
076.7 055.0,150,temperature_ave,Temp,9.107064378,0.282281925,0.023833221,208.7487557,0.373376794
076.7 055.0,200,temperature_ave,Temp,8.570815155,0.32479193,0.023762016,195.8581822,0.365853483
076.7 055.0,250,temperature_ave,Temp,8.116306869,0.303893343,0.024166997,185.7640653,0.404876977
076.7 055.0,300,temperature_ave,Temp,7.656767817,0.309935186,0.024101222,179.1756278,0.425117952
076.7 055.0,400,temperature_ave,Temp,6.830879919,0.325499969,0.024232744,162.0712819,0.344514869
076.7 055.0,500,temperature_ave,Temp,6.123693592,0.253629477,0.024981698,151.7012753,0.22576592
076.7 060.0,0,temperature_ave,Temp,14.58170298,1.949525035,0.01796149,162.4874339,0.976000584
076.7 060.0,10,temperature_ave,Temp,14.3635856,1.751783771,0.017361967,169.1767599,0.989305434
076.7 060.0,20,temperature_ave,Temp,13.95297441,1.453341653,0.016556264,185.1184971,1.144231651
076.7 060.0,30,temperature_ave,Temp,13.44614136,1.096188104,0.016427102,199.4957264,1.280395575
076.7 060.0,50,temperature_ave,Temp,11.74406697,0.705301522,0.022935193,245.9626261,1.092933734
076.7 060.0,75,temperature_ave,Temp,10.83985411,0.619486125,0.009831176,359.9997767,0.727357178
076.7 060.0,100,temperature_ave,Temp,9.77606361,0.128207378,0.01563108,307.4819274,0.510512187
076.7 060.0,125,temperature_ave,Temp,9.470521159,0.323657616,0.009381313,359.9998526,0.378386009
076.7 060.0,150,temperature_ave,Temp,9.112335823,0.259671174,0.009080414,359.999952,0.350410136
076.7 060.0,200,temperature_ave,Temp,8.355703465,0.164327768,0.026346102,191.31791810000001,0.349982058
076.7 060.0,250,temperature_ave,Temp,7.838993733,0.19826532,0.026078709,187.3577377,0.384168717
076.7 060.0,300,temperature_ave,Temp,7.408392725,0.217496658,0.023626225,179.9552257,0.420709436
076.7 060.0,400,temperature_ave,Temp,6.619571667,0.180654681,0.020882773,164.175105,0.379616694
076.7 060.0,500,temperature_ave,Temp,5.990311369,0.14319018,0.023008074,158.2065006,0.326984808
076.7 070.0,0,temperature_ave,Temp,14.88671837,1.887088989,0.01645435,151.0674206,0.929975475
076.7 070.0,10,temperature_ave,Temp,14.77897723,1.800645664,0.016283473,154.3534466,0.91939126
076.7 070.0,20,temperature_ave,Temp,14.54313877,1.572854859,0.015722593,159.4815678,0.908213551
076.7 070.0,30,temperature_ave,Temp,14.17767789,1.137602329,0.012828471,174.388827,1.072596412
076.7 070.0,50,temperature_ave,Temp,12.5933963,-0.44427352,0.024757836,164.0512084,1.181056249
076.7 070.0,75,temperature_ave,Temp,10.99623563,-0.650294517,0.021375179,171.4497394,0.961356707
076.7 070.0,100,temperature_ave,Temp,9.984175801,-0.445179312,0.02238249,180.4486492,0.600150782
076.7 070.0,125,temperature_ave,Temp,9.357401849,-0.319519935,0.022573041,178.4952473,0.424110786
076.7 070.0,150,temperature_ave,Temp,8.949904874,-0.286453608,0.021471903,174.6814294,0.336968892
076.7 070.0,200,temperature_ave,Temp,8.263608617,-0.184828434,0.024845494,165.6525663,0.302888493
076.7 070.0,250,temperature_ave,Temp,7.650109317,-0.164949985,0.022285118,167.7161355,0.322783961
076.7 070.0,300,temperature_ave,Temp,7.127335768,-0.133557671,0.024088522,183.8322364,0.3499547
076.7 070.0,400,temperature_ave,Temp,6.252064837,-0.078953286,0.025157758,191.1875588,0.299235892
076.7 070.0,500,temperature_ave,Temp,5.660194829,-0.077689484,0.025855224,197.4106964,0.241619273
076.7 080.0,0,temperature_ave,Temp,15.37848252,1.861729436,0.016474607,146.9695038,0.821211718
076.7 080.0,10,temperature_ave,Temp,15.26889948,1.768492002,0.016000601,147.5398894,0.831421576
076.7 080.0,20,temperature_ave,Temp,15.0395704,1.587061888,0.015384511,152.1337435,0.979914052
076.7 080.0,30,temperature_ave,Temp,14.6361708,1.228503623,0.0145507,152.6120027,1.114700996
076.7 080.0,50,temperature_ave,Temp,13.1902674,-0.513250175,0.01874218,217.1592717,1.325567364
076.7 080.0,75,temperature_ave,Temp,11.67639806,-0.910319509,0.018329222,198.8869822,1.188203401
076.7 080.0,100,temperature_ave,Temp,10.52174288,-0.766519052,0.020358107,196.288164,0.922357585
076.7 080.0,125,temperature_ave,Temp,9.644066082,-0.489708129,0.020792261,194.1085415,0.626003579
076.7 080.0,150,temperature_ave,Temp,9.063798865,-0.289588872,0.020836538,189.6272271,0.435124837
076.7 080.0,200,temperature_ave,Temp,8.360559499,-0.179512007,0.021395695,181.1453199,0.357347641
076.7 080.0,250,temperature_ave,Temp,7.723046768,-0.157000993,0.019580082,177.9060297,0.339692806
076.7 080.0,300,temperature_ave,Temp,7.146677637,-0.136110674,0.017607005,170.1355277,0.358826871
076.7 080.0,400,temperature_ave,Temp,6.227349354,-0.070095157,0.018889858,133.8867112,0.330820019
076.7 080.0,500,temperature_ave,Temp,5.593790434,-0.031589741,0.03,196,0.261052288
076.7 090.0,0,temperature_ave,Temp,15.71214058,1.898099727,0.01664252,151.2003123,0.866581315
076.7 090.0,10,temperature_ave,Temp,15.63852873,1.870832983,0.01668088,152.2997525,0.876058749
076.7 090.0,20,temperature_ave,Temp,15.47766015,1.765346361,0.016580599,155.1327795,0.929364872
076.7 090.0,30,temperature_ave,Temp,15.25333174,1.594036352,0.016818688,160.7663558,1.114877804
076.7 090.0,50,temperature_ave,Temp,14.08621944,0.646309017,0.022216571,145.333889,1.451630977
076.7 090.0,75,temperature_ave,Temp,12.59718065,0.416325858,0.029090156,150.8226468,1.509978417
076.7 090.0,100,temperature_ave,Temp,11.40960968,0.548439613,0.025181873,126.6294032,1.425063858
076.7 090.0,125,temperature_ave,Temp,10.34490594,0.518096145,0.026374268,126.144356,1.021593194
076.7 090.0,150,temperature_ave,Temp,9.48875962,0.390776658,0.027595187,125.9222298,0.581165107
076.7 090.0,200,temperature_ave,Temp,8.569240758,0.216447623,0.02754667,121.5284563,0.344429843
076.7 090.0,250,temperature_ave,Temp,7.896499757,0.211523905,0.028713457,120.9622226,0.352733769
076.7 090.0,300,temperature_ave,Temp,7.258478866,0.171244551,0.02826644,118.5023028,0.327030467
076.7 090.0,400,temperature_ave,Temp,6.212333353,0.146530224,0.014749545,2.83e-5,0.252938611
076.7 090.0,500,temperature_ave,Temp,5.547241662,0.097384967,0.017675969,1.96e-9,0.239211917
076.7 100.0,0,temperature_ave,Temp,16.42531278,2.029834487,0.017659971,163,0.935388014
076.7 100.0,10,temperature_ave,Temp,16.37991599,2.031700421,0.017712567,165,0.936465306
076.7 100.0,20,temperature_ave,Temp,16.29417271,2.016060085,0.017811436,166,0.953896853
076.7 100.0,30,temperature_ave,Temp,16.11258364,1.8130559,0.017588636,169,1.114078234
076.7 100.0,50,temperature_ave,Temp,15.35638757,1.085650455,0.01596515,176,1.509754282
076.7 100.0,75,temperature_ave,Temp,13.6681679,0.307780688,0.026354122,159.5670976,1.530568101
076.7 100.0,100,temperature_ave,Temp,12.45187729,0.263034437,0.024915439,132.8175582,1.615024765
076.7 100.0,125,temperature_ave,Temp,11.0980557,0.300851337,0.03,181.7729268,1.431519789
076.7 100.0,150,temperature_ave,Temp,10.00156917,0.22312641,0.026196095,148.0631539,0.909084774
076.7 100.0,200,temperature_ave,Temp,8.787596261,0.100324205,0.029999999,140.2551523,0.379249331
076.7 100.0,250,temperature_ave,Temp,8.067125979,0.120301355,0.029280237,130.3101043,0.306375432
076.7 100.0,300,temperature_ave,Temp,7.389307576,0.15060377,0.029569962,137.6337785,0.258826217
076.7 100.0,400,temperature_ave,Temp,6.32051259,0.132174021,0.028253373,125.6031546,0.222583961
076.7 100.0,500,temperature_ave,Temp,5.510116938,0.191231252,0.011166996,2.33e-7,0.207528836
080.0 051.0,0,temperature_ave,Temp,14.39672745,2.231849643,0.018756785,178,1.315114909
080.0 051.0,10,temperature_ave,Temp,13.83183906,1.89175517,0.018184777,194,1.225485368
080.0 051.0,20,temperature_ave,Temp,13.10930793,1.620632889,0.017981838,213,1.173167817
080.0 051.0,30,temperature_ave,Temp,12.53039169,1.549748998,0.018268116,224,1.116213636
080.0 051.0,50,temperature_ave,Temp,11.67839023,1.438656633,0.018436819,228,0.898424233
080.0 055.0,0,temperature_ave,Temp,14.47468551,1.875444637,0.018613646,169,1.151863875
080.0 055.0,10,temperature_ave,Temp,14.2076225,1.717898717,0.01826059,175.9188917,1.217611475
080.0 055.0,20,temperature_ave,Temp,13.65039835,1.500651663,0.017504593,196.4063739,1.238705058
080.0 055.0,30,temperature_ave,Temp,12.97402954,1.46097669,0.01792398,213.7583526,1.128000966
080.0 055.0,50,temperature_ave,Temp,11.24468272,0.967745672,0.022691998,221.5753318,0.881922881
080.0 055.0,75,temperature_ave,Temp,10.30486295,0.79444585,0.022651196,220.0397034,0.647247817
080.0 055.0,100,temperature_ave,Temp,9.770308797,0.658572815,0.022932391,217.1220754,0.501143041
080.0 055.0,125,temperature_ave,Temp,9.429543627,0.51342143,0.020958917,219.022239,0.399445958
080.0 055.0,150,temperature_ave,Temp,9.191027219,0.448203686,0.019665519,217.8887555,0.402496767
080.0 055.0,200,temperature_ave,Temp,8.706748934,0.333692805,0.021051367,201.6881461,0.400741173
080.0 055.0,250,temperature_ave,Temp,8.276903928,0.27346083,0.020740922,196.6324711,0.413976763
080.0 055.0,300,temperature_ave,Temp,7.844886494,0.250663942,0.021038758,184.5522659,0.429364116
080.0 055.0,400,temperature_ave,Temp,7.042625823,0.212444288,0.03,134.2648565,0.375358891
080.0 055.0,500,temperature_ave,Temp,6.245363599,0.149393108,0.021884423,153.7136041,0.26441066
080.0 060.0,0,temperature_ave,Temp,14.83766466,1.931606851,0.018019327,170,1.078487237
080.0 060.0,10,temperature_ave,Temp,14.76290396,2.020487782,0.018371387,170.9581774,1.084435799
080.0 060.0,20,temperature_ave,Temp,14.45785818,1.862404424,0.017904337,180.8451776,1.189420825
080.0 060.0,30,temperature_ave,Temp,13.94566067,1.596453836,0.017104529,197.0628239,1.288235822
080.0 060.0,50,temperature_ave,Temp,11.94904538,0.82375798,0.02616752,223.7095834,1.275463449
080.0 060.0,75,temperature_ave,Temp,10.44915669,0.595073726,0.028881452,226.2867004,0.844040631
080.0 060.0,100,temperature_ave,Temp,9.704346249,0.351576901,0.027978153,229.2606835,0.60592715
080.0 060.0,125,temperature_ave,Temp,9.213905269,0.205050375,0.024071979,221.9125446,0.382075026
080.0 060.0,150,temperature_ave,Temp,8.864952994,0.20084304,0.024869742,219.6770925,0.362013993
080.0 060.0,200,temperature_ave,Temp,8.27240374,0.13407648,0.026274443,213.1765823,0.337138525
080.0 060.0,250,temperature_ave,Temp,7.782868932,0.086684726,0.025753457,209.3657407,0.348764601
080.0 060.0,300,temperature_ave,Temp,7.313589291,0.074726405,0.029999999,173.8114478,0.3546765
080.0 060.0,400,temperature_ave,Temp,6.485647682,0.058956635,0.03,197.3924239,0.300727423
080.0 060.0,500,temperature_ave,Temp,5.89165379,0.062164647,0.03,193.8475691,0.264484296
080.0 070.0,0,temperature_ave,Temp,15.20600993,1.937589731,0.016377262,159,0.942750958
080.0 070.0,10,temperature_ave,Temp,15.11891353,1.910168677,0.016197962,161,0.918838136
080.0 070.0,20,temperature_ave,Temp,14.94440268,1.848356974,0.015610451,164,0.957239125
080.0 070.0,30,temperature_ave,Temp,14.55451602,1.534359133,0.015323739,167,1.153846357
080.0 070.0,50,temperature_ave,Temp,12.85669256,-0.166319507,0.026598072,183.245945,1.189711176
080.0 070.0,75,temperature_ave,Temp,11.38050054,-0.458477998,0.015259557,182,1.220106277
080.0 070.0,100,temperature_ave,Temp,10.34266227,-0.364720089,0.018070785,184.367394,0.912644563
080.0 070.0,125,temperature_ave,Temp,9.471671413,-0.265251234,0.022126962,166,0.483436236
080.0 070.0,150,temperature_ave,Temp,9.007793003,-0.186411855,0.021411405,155,0.38653441
080.0 070.0,200,temperature_ave,Temp,8.290867413,-0.199655381,0.022529178,149.2053937,0.334409388
080.0 070.0,250,temperature_ave,Temp,7.673755481,-0.202694881,0.024707269,145.8190204,0.338734211
080.0 070.0,300,temperature_ave,Temp,7.10831707,-0.201207109,0.025916677,147.7259579,0.371741831
080.0 070.0,400,temperature_ave,Temp,6.227827941,-0.135143598,0.026918556,154.5465779,0.312093298
080.0 070.0,500,temperature_ave,Temp,5.626365127,-0.086837359,0.027663117,168.086006,0.250244597
080.0 080.0,0,temperature_ave,Temp,15.59223256,1.909787577,0.016289035,148,0.893101885
080.0 080.0,10,temperature_ave,Temp,15.50076838,1.871325545,0.015972842,149,0.922798669
080.0 080.0,20,temperature_ave,Temp,15.38933948,1.74517528,0.015894865,150,1.026476877
080.0 080.0,30,temperature_ave,Temp,15.06294619,1.503035148,0.015629253,151,1.222279217
080.0 080.0,50,temperature_ave,Temp,13.85641596,0.532889518,0.020622521,116,1.59498797
080.0 080.0,75,temperature_ave,Temp,11.88729908,0.888747236,0.012023429,7.16,1.513621674
080.0 080.0,100,temperature_ave,Temp,10.82083771,0.558480357,0.014924548,25.9,1.258281155
080.0 080.0,125,temperature_ave,Temp,9.897465306,0.381097099,0.01461697,12.17474172,0.910899602
080.0 080.0,150,temperature_ave,Temp,9.269903649,0.278129816,0.01665822,16.1,0.537662166
080.0 080.0,200,temperature_ave,Temp,8.474519777,0.192802173,0.015485592,1.64e-9,0.357471694
080.0 080.0,250,temperature_ave,Temp,7.821677332,0.122372538,0.015201869,7.55e-8,0.372622114
080.0 080.0,300,temperature_ave,Temp,7.191389104,0.091349567,0.015637401,2.05339e-4,0.323242804
080.0 080.0,400,temperature_ave,Temp,6.243990933,0.061693094,0.019717808,1.87e-7,0.31130587
080.0 080.0,500,temperature_ave,Temp,5.626060275,0.102559797,0.020657988,3.64e-5,0.26868843
080.0 090.0,0,temperature_ave,Temp,16.08060281,1.956185,0.016524728,153.5013051,0.918435279
080.0 090.0,10,temperature_ave,Temp,16.00025049,1.899821507,0.016237966,154.7506745,0.928083759
080.0 090.0,20,temperature_ave,Temp,15.86169597,1.806107901,0.01584078,156.4477887,0.9551652
080.0 090.0,30,temperature_ave,Temp,15.63379116,1.599933707,0.015302116,160.4041336,1.11592251
080.0 090.0,50,temperature_ave,Temp,14.67199036,0.853704466,0.015064098,157.8806705,1.494487028
080.0 090.0,75,temperature_ave,Temp,13.08335159,0.377953635,0.025577541,155.0828033,1.506188165
080.0 090.0,100,temperature_ave,Temp,11.88518546,0.376218434,0.022119962,125.5163569,1.588619441
080.0 090.0,125,temperature_ave,Temp,10.68757637,0.304969706,0.020885693,114.2403833,1.279616787
080.0 090.0,150,temperature_ave,Temp,9.429104249,0.479637469,0.009866592,2.92e-5,0.750264535
080.0 090.0,200,temperature_ave,Temp,8.659878709,0.146484167,0.013431745,3.18e-7,0.346151084
080.0 090.0,250,temperature_ave,Temp,7.973238683,0.139081774,0.015117848,1.52e-8,0.303591296
080.0 090.0,300,temperature_ave,Temp,7.305692686,0.112971143,0.01587917,2.54e-8,0.282580815
080.0 090.0,400,temperature_ave,Temp,6.296202743,0.10452264,0.015605107,2.65e-9,0.311220119
080.0 090.0,500,temperature_ave,Temp,5.626448716,0.076211192,0.015220138,1.25e-6,0.261084997
080.0 100.0,0,temperature_ave,Temp,16.51385283,2.072512297,0.016743408,160,0.951672327
080.0 100.0,10,temperature_ave,Temp,16.44514301,2.050158043,0.016714874,162,0.965761392
080.0 100.0,20,temperature_ave,Temp,16.34470378,2.033854213,0.016643572,165,0.981853821
080.0 100.0,30,temperature_ave,Temp,16.17730488,1.948333375,0.016320168,168,1.05548656
080.0 100.0,50,temperature_ave,Temp,15.48716567,1.28691716,0.015317979,179,1.452747383
080.0 100.0,75,temperature_ave,Temp,13.95920353,0.302261807,0.021118913,162.669067,1.438865059
080.0 100.0,100,temperature_ave,Temp,12.53714392,0.344217508,0.017266991,117,1.654915213
080.0 100.0,125,temperature_ave,Temp,11.24728744,0.441947751,0.019275848,155,1.48489635
080.0 100.0,150,temperature_ave,Temp,10.1662385,0.329371119,0.022755102,160.873671,1.034534238
080.0 100.0,200,temperature_ave,Temp,8.854984361,0.104900709,0.023069519,172.5378486,0.373615277
080.0 100.0,250,temperature_ave,Temp,8.089699381,0.090027731,0.024731093,180.4668304,0.290369925
080.0 100.0,300,temperature_ave,Temp,7.424431093,0.074695423,0.027813629,172.9257733,0.285279643
080.0 100.0,400,temperature_ave,Temp,6.348165375,0.062188514,0.03,171.4281051,0.269658445
080.0 100.0,500,temperature_ave,Temp,5.6772728710000004,0.080254759,0.03,145.6340406,0.23636239
081.8 046.9,0,temperature_ave,Temp,15.40997091,2.774830442,0.018813039,164,1.090853402
081.8 046.9,10,temperature_ave,Temp,14.58662213,2.23744707,0.01824344,178.0298559,1.270793496
081.8 046.9,20,temperature_ave,Temp,13.36801904,1.822698619,0.018568224,202.5586124,1.290191911
081.8 046.9,30,temperature_ave,Temp,12.37087163,1.694330632,0.020159433,210.5081612,1.214484388
081.8 046.9,50,temperature_ave,Temp,11.03101335,1.299153065,0.021942613,212.4700994,1.008909173
081.8 046.9,75,temperature_ave,Temp,10.24049731,0.87036737,0.021011072,219.3769613,0.733536733
081.8 046.9,100,temperature_ave,Temp,9.807213014,0.702817001,0.020832904,220.6161608,0.493781676
081.8 046.9,125,temperature_ave,Temp,9.536723562,0.582930685,0.020422768,219.2535067,0.403152295
081.8 046.9,150,temperature_ave,Temp,9.337876279,0.493207877,0.019579822,216.6681796,0.3524052
081.8 046.9,200,temperature_ave,Temp,8.959777579,0.457962984,0.019321653,207.3145881,0.295210039
081.8 046.9,250,temperature_ave,Temp,8.498591222,0.395011086,0.01988425,203.9161876,0.258158463
081.8 046.9,300,temperature_ave,Temp,8.025005044,0.322910595,0.019408276,196.9269274,0.231233381
081.8 046.9,400,temperature_ave,Temp,7.103798442,0.21371579,0.019992844,189.1089194,0.21518159
081.8 046.9,500,temperature_ave,Temp,6.495080313,0.032562781,0.012800255,218,0.095866698
083.3 040.6,0,temperature_ave,Temp,16.27895294,2.65438137,0.0178,154.4703193,1.324558525
083.3 040.6,10,temperature_ave,Temp,15.23548334,1.965622931,0.017579618,173.3693903,1.291247443
083.3 040.6,20,temperature_ave,Temp,14.13894163,1.64145028,0.015999477,217.7465089,1.236961423
083.3 040.6,30,temperature_ave,Temp,15.89141666,3.724367778,0.007156173,359.9999337,0.93225693
083.3 042.0,0,temperature_ave,Temp,16.11426884,2.845275409,0.018447369,159.5103396,1.281515195
083.3 042.0,10,temperature_ave,Temp,15.70121141,2.655224526,0.018461755,165.2651508,1.280548385
083.3 042.0,20,temperature_ave,Temp,14.68972532,1.985255368,0.018580348,179.126959,1.382542031
083.3 042.0,30,temperature_ave,Temp,13.49039157,1.511929337,0.019429861,200.9774159,1.229640198
083.3 042.0,50,temperature_ave,Temp,11.79709164,1.037949735,0.021538331,216.5164946,0.796185225
083.3 042.0,75,temperature_ave,Temp,10.60630041,0.836525757,0.021476832,220.6298155,0.503135897
083.3 042.0,100,temperature_ave,Temp,10.12431318,0.678846095,0.020827488,217.2836125,0.443854476
083.3 042.0,125,temperature_ave,Temp,9.876894439,0.57193661,0.018594609,215.2347392,0.347575794
083.3 051.0,0,temperature_ave,Temp,15.00034817,2.360978933,0.018724051,168.1360312,1.479789119
083.3 051.0,10,temperature_ave,Temp,14.36187103,1.915046035,0.018307282,180.1961146,1.338808424
083.3 051.0,20,temperature_ave,Temp,13.48235617,1.494191171,0.017718896,205.3953924,1.410194385
083.3 051.0,30,temperature_ave,Temp,12.75820728,1.331114107,0.017294828,226.1248202,1.247019367
083.3 051.0,50,temperature_ave,Temp,11.33089231,0.928564691,0.022572934,225.2912069,0.93832781
083.3 051.0,75,temperature_ave,Temp,10.50149206,0.770952442,0.022676572,221.4336959,0.674563773
083.3 055.0,0,temperature_ave,Temp,14.95176081,2.148083847,0.018281172,168.2672775,1.036278253
083.3 055.0,10,temperature_ave,Temp,14.74168717,1.99316267,0.017903217,175.0108896,1.002053408
083.3 055.0,20,temperature_ave,Temp,14.22683078,1.686577323,0.017739229,185.8775183,0.973371588
083.3 055.0,30,temperature_ave,Temp,13.30127245,1.194871131,0.018261863,210.1160184,1.236044273
083.3 055.0,50,temperature_ave,Temp,11.41782105,1.116351742,0.025720785,225.9877764,1.110823615
083.3 055.0,75,temperature_ave,Temp,10.18238018,0.583343801,0.025055005,225.1742747,0.62388620400000006
083.3 055.0,100,temperature_ave,Temp,9.540541976,0.377788991,0.024872881,222.4424066,0.351161389
083.3 055.0,125,temperature_ave,Temp,9.217558042,0.318068788,0.022867434,221.4218588,0.302373248
083.3 055.0,150,temperature_ave,Temp,8.983411613,0.300004851,0.023256082,215.5620183,0.351625206
083.3 055.0,200,temperature_ave,Temp,8.531858084,0.328943054,0.021060205,204.1516605,0.328902278
083.3 055.0,250,temperature_ave,Temp,8.11991561,0.320529826,0.021021675,193.8472478,0.328590651
083.3 055.0,300,temperature_ave,Temp,7.710996234,0.29272626,0.022060469,186.7447686,0.333984975
083.3 055.0,400,temperature_ave,Temp,6.951028806,0.253278044,0.023958509,175.9950278,0.334193791
083.3 055.0,500,temperature_ave,Temp,6.308333715,0.199480529,0.024664615,155.0041928,0.285635628
083.3 060.0,0,temperature_ave,Temp,15.02617645,1.870777255,0.017359777,164.575593,0.96555101
083.3 060.0,10,temperature_ave,Temp,14.83229897,1.720282149,0.017333419,164.9686429,0.91953383
083.3 060.0,20,temperature_ave,Temp,14.56639487,1.564976979,0.0172257,170.6444997,0.937978354
083.3 060.0,30,temperature_ave,Temp,14.0591642,1.178780848,0.017800914,176.4755989,1.086507359
083.3 060.0,50,temperature_ave,Temp,12.27612244,0.743299094,0.029162473,207.7884465,1.224193276
083.3 060.0,75,temperature_ave,Temp,10.66639341,0.624270325,0.029106113,223.48422,0.807580301
083.3 060.0,100,temperature_ave,Temp,9.772906848,0.475468001,0.03,224.3359743,0.54074758
083.3 060.0,125,temperature_ave,Temp,9.247284286,0.282074408,0.027818005,227.5049821,0.334737511
083.3 060.0,150,temperature_ave,Temp,8.891563765,0.240943734,0.027479606,228.2532942,0.300612664
083.3 060.0,200,temperature_ave,Temp,8.329503196,0.176701854,0.027949231,229.2855454,0.385808801
083.3 060.0,250,temperature_ave,Temp,7.774004656,0.11894472,0.03,234.382267,0.403479627
083.3 060.0,300,temperature_ave,Temp,7.268838176,0.116799803,0.02934307,245.8408099,0.367053748
083.3 060.0,400,temperature_ave,Temp,6.714359823,0.271660441,0.007034937,359.9718104,0.322435256
083.3 060.0,500,temperature_ave,Temp,6.030111546,0.186737737,0.010366979,284.62255,0.267010817
083.3 070.0,0,temperature_ave,Temp,15.31113041,1.65593475,0.015683983,157.7069008,0.895949512
083.3 070.0,10,temperature_ave,Temp,15.26690905,1.67260759,0.01575761,158.5163353,0.955679881
083.3 070.0,20,temperature_ave,Temp,15.07787898,1.584613964,0.015393254,159.7197073,1.027462704
083.3 070.0,30,temperature_ave,Temp,14.72212732,1.33310064,0.014842853,164.5569479,1.219230585
083.3 070.0,50,temperature_ave,Temp,13.25208772,0.554465151,0.002683829,65.75497127,1.247540651
083.3 070.0,75,temperature_ave,Temp,11.77660679,-9.551643955,2.19623e-4,141.6297539,1.106495656
083.3 070.0,100,temperature_ave,Temp,10.5272197,-7.048140561,2.2638e-4,143.6057349,0.843181345
083.3 070.0,125,temperature_ave,Temp,9.624163963,-2.969170964,2.48578e-4,144.5447269,0.490514969
083.3 070.0,150,temperature_ave,Temp,9.121977353,-1.061956466,2.5742e-4,144.492791,0.384519127
083.3 070.0,200,temperature_ave,Temp,8.422437662,0.754352379,2.24315e-4,175.3421941,0.337075213
083.3 070.0,250,temperature_ave,Temp,7.810075521,4.149334382,1.48046e-4,179.7782496,0.362411865
083.3 070.0,300,temperature_ave,Temp,7.244293278,4.555269956,1.45031e-4,180,0.374921754
083.3 070.0,400,temperature_ave,Temp,6.345561874,3.162340064,1.00944e-4,188,0.384830188
083.3 070.0,500,temperature_ave,Temp,5.752678914,3.655399763,1.00909e-4,188,0.310397087
083.3 080.0,0,temperature_ave,Temp,15.8905924,1.974923014,0.014930035,158.1726971,0.977049512
083.3 080.0,10,temperature_ave,Temp,15.82227842,1.958477807,0.01465128,159,0.994232938
083.3 080.0,20,temperature_ave,Temp,15.71540088,1.908312196,0.014250117,163,1.023789701
083.3 080.0,30,temperature_ave,Temp,15.52174304,1.758169464,0.013803195,166,1.142924218
083.3 080.0,50,temperature_ave,Temp,14.4238452,0.852540064,0.015468916,161,1.467168724
083.3 080.0,75,temperature_ave,Temp,12.69667596,0.25515455,0.019210407,107.2987745,1.508161834
083.3 080.0,100,temperature_ave,Temp,10.7568371,0.921344683,0.008777002,1.31e-4,1.416347341
083.3 080.0,125,temperature_ave,Temp,9.910316409,0.568284853,0.009064714,0.00144,0.991857671
083.3 080.0,150,temperature_ave,Temp,9.203303935,0.457733912,0.009726098,6.81e-5,0.590208873
083.3 080.0,200,temperature_ave,Temp,8.565710715,0.108892233,0.020437673,50.1,0.345245924
083.3 080.0,250,temperature_ave,Temp,7.869005691,0.086702268,0.024568754,68.7,0.294949652
083.3 080.0,300,temperature_ave,Temp,7.25433395,0.068790103,0.022621296,49,0.310418698
083.3 080.0,400,temperature_ave,Temp,6.312736309,0.096120337,0.021148593,1.4e-5,0.316381877
083.3 080.0,500,temperature_ave,Temp,5.662707151,0.097497307,0.019838533,1.68e-6,0.261385763
083.3 090.0,0,temperature_ave,Temp,16.2977371,2.005550936,0.016366175,159,0.985106012
083.3 090.0,10,temperature_ave,Temp,16.2212071,1.989561264,0.016349776,162,0.992878456
083.3 090.0,20,temperature_ave,Temp,16.1128557,1.945960447,0.016316763,164,1.031098784
083.3 090.0,30,temperature_ave,Temp,15.91036785,1.768084699,0.015993296,168,1.145595269
083.3 090.0,50,temperature_ave,Temp,15.09712559,1.050955211,0.015779932,174,1.532550003
083.3 090.0,75,temperature_ave,Temp,13.59841815,0.463125709,0.022236013,148.3534668,1.587981524
083.3 090.0,100,temperature_ave,Temp,12.1482979,0.509184412,0.021866532,133,1.543951382
083.3 090.0,125,temperature_ave,Temp,10.87062288,0.426460607,0.022674127,150.9669732,1.327825739
083.3 090.0,150,temperature_ave,Temp,9.861427249,0.298152757,0.022733827,160.3217197,0.799057093
083.3 090.0,200,temperature_ave,Temp,8.80234484,0.155458724,0.025978798,127.1649253,0.370955716
083.3 090.0,250,temperature_ave,Temp,8.08460631,0.166378446,0.028467399,119.9771655,0.319614989
083.3 090.0,300,temperature_ave,Temp,7.425360214,0.157842578,0.029627497,121.436384,0.281754713
083.3 090.0,400,temperature_ave,Temp,6.397736007,0.034650581,0.029999948,106,0.284546411
083.3 090.0,500,temperature_ave,Temp,5.698861737,0.047354153,0.03,101,0.250590853
083.3 100.0,0,temperature_ave,Temp,16.70040793,2.083019353,0.016360768,159,0.958243139
083.3 100.0,10,temperature_ave,Temp,16.64219643,2.075880531,0.016426175,159,0.964531248
083.3 100.0,20,temperature_ave,Temp,16.5681392,2.067824473,0.016520827,160,0.972195861
083.3 100.0,30,temperature_ave,Temp,16.436193,1.993228073,0.016539434,163,1.01979359
083.3 100.0,50,temperature_ave,Temp,15.73439698,1.356650235,0.0154115,178,1.351331045
083.3 100.0,75,temperature_ave,Temp,14.19006079,0.384251265,0.023491636,150.8999828,1.468135429
083.3 100.0,100,temperature_ave,Temp,12.85409724,0.360749219,0.024272461,140.7129874,1.753416581
083.3 100.0,125,temperature_ave,Temp,11.55715285,0.375752492,0.022591858,140.7678644,1.727696034
083.3 100.0,150,temperature_ave,Temp,10.46965234,0.378977866,0.021932188,139.7383262,1.404491936
083.3 100.0,200,temperature_ave,Temp,8.958123344,0.117120572,0.023218709,159.2877825,0.503723763
083.3 100.0,250,temperature_ave,Temp,8.2341504230000009,0.186696159,0.03,118.9764737,0.366749704
083.3 100.0,300,temperature_ave,Temp,7.54528122,0.168628559,0.02950121,119.7972801,0.320224774
083.3 100.0,400,temperature_ave,Temp,6.458312107,0.099606894,0.03,128.4702235,0.251624959
083.3 100.0,500,temperature_ave,Temp,5.75335707,0.088663396,0.03,129.9191729,0.210803827
083.3 110.0,0,temperature_ave,Temp,17.03926937,1.959961802,0.015557224,155.6889977,0.884851327
083.3 110.0,10,temperature_ave,Temp,16.97681219,1.964231483,0.015691893,157.2273816,0.823507611
083.3 110.0,20,temperature_ave,Temp,16.87618591,1.944027553,0.015611319,159.8944443,0.821155831
083.3 110.0,30,temperature_ave,Temp,16.78823869,1.908147094,0.015473607,162.8669764,0.808185532
083.3 110.0,50,temperature_ave,Temp,16.32159696,1.4879682,0.011089084,204.2676834,1.192639502
083.3 110.0,75,temperature_ave,Temp,14.62280459,0.26872408,0.017853173,164.4284998,1.360304393
083.3 110.0,100,temperature_ave,Temp,13.31243859,0.387392938,0.018407903,143.1345258,1.697008473
083.3 110.0,125,temperature_ave,Temp,11.91587239,0.534479346,0.018891281,142.5735372,1.679601944
083.3 110.0,150,temperature_ave,Temp,10.63322085,0.562899643,0.019944603,155.2922061,1.284869347
083.3 110.0,200,temperature_ave,Temp,9.093337845,0.255600116,0.019330244,153.0693953,0.500397413
083.3 110.0,250,temperature_ave,Temp,8.204140531,0.125632849,0.011653852,72.78001811,0.331832265
083.3 110.0,300,temperature_ave,Temp,7.403814945,0.196081203,0.007038348,0.017430992,0.312284463
083.3 110.0,400,temperature_ave,Temp,6.362749708,0.078502729,0.00741264,3.33e-4,0.257107477
083.3 110.0,500,temperature_ave,Temp,5.717510857,0.043021729,0.020311237,177.9732303,0.216574898
086.7 033.0,0,temperature_ave,Temp,16.89240468,2.904203566,0.017634811,144.675338,1.254879365
086.7 033.0,10,temperature_ave,Temp,15.95787565,1.866855565,0.015904679,157.8034292,1.397871202
086.7 033.0,20,temperature_ave,Temp,14.83024537,1.721843535,0.012572692,246.5528848,1.342230825
086.7 033.0,30,temperature_ave,Temp,13.01799907,1.383867925,0.018973025,231.3637202,1.078143708
086.7 033.0,50,temperature_ave,Temp,11.73213859,1.306297162,0.020382586,226.044644,0.836900152
086.7 035.0,0,temperature_ave,Temp,16.95196476,2.857625115,0.017643098,148.4251984,1.077464091
086.7 035.0,10,temperature_ave,Temp,16.51075637,2.496358776,0.017338993,155.2356946,1.17821851
086.7 035.0,20,temperature_ave,Temp,15.21301915,1.551105763,0.01519126,199.9605108,1.219002582
086.7 035.0,30,temperature_ave,Temp,13.62613872,1.265708733,0.019636379,215.2403144,1.138521758
086.7 035.0,50,temperature_ave,Temp,11.92812343,1.105163439,0.023079491,212.1477007,0.892543313
086.7 035.0,75,temperature_ave,Temp,10.94610302,0.959259463,0.022763353,213.5387952,0.731865408
086.7 035.0,100,temperature_ave,Temp,10.35339955,0.730591541,0.021296274,215.6955149,0.475639415
086.7 035.0,125,temperature_ave,Temp,9.992649435,0.581107743,0.020274442,217.278566,0.41336537
086.7 035.0,150,temperature_ave,Temp,9.715493462,0.467161234,0.018347748,221.9182685,0.324644847
086.7 035.0,200,temperature_ave,Temp,9.223451235,0.363358755,0.019414955,195.4011552,0.336492396
086.7 035.0,250,temperature_ave,Temp,8.772824645,0.331558685,0.019069815,181.8181036,0.313961635
086.7 035.0,300,temperature_ave,Temp,8.301778738,0.330074176,0.019098307,175.4848155,0.306200867
086.7 035.0,400,temperature_ave,Temp,7.390796202,0.281512663,0.020600406,161.5536824,0.303188023
086.7 035.0,500,temperature_ave,Temp,6.552962632,0.197704259,0.022987087,159.3144622,0.220009972
086.7 040.0,0,temperature_ave,Temp,17.02034856,3.047099941,0.018137011,146.5136878,1.056146657
086.7 040.0,10,temperature_ave,Temp,16.59653773,2.689342812,0.017977565,151.0590943,1.078774001
086.7 040.0,20,temperature_ave,Temp,15.29312564,1.317312699,0.015218023,183.7836939,1.358715133
086.7 040.0,30,temperature_ave,Temp,14.21495086,1.19916372,0.013904714,253.064163,1.233039589
086.7 040.0,50,temperature_ave,Temp,13.319253,1.847923591,0.008436558,359.9987851,0.932182606
086.7 040.0,75,temperature_ave,Temp,11.70815487,1.309777696,0.008465099,359.9999885,0.606257917
086.7 040.0,100,temperature_ave,Temp,10.69324918,0.867898102,0.008692522,359.9999867,0.392162913
086.7 040.0,125,temperature_ave,Temp,9.634185015,0.292802414,0.025082258,210.3267851,0.283338246
086.7 040.0,150,temperature_ave,Temp,9.376532637,0.226164402,0.023850115,204.2912534,0.263807528
086.7 040.0,200,temperature_ave,Temp,8.879955114,0.227966602,0.021999141,194.9214912,0.270022955
086.7 040.0,250,temperature_ave,Temp,8.441894872,0.265137213,0.021784604,189.7434686,0.299301847
086.7 040.0,300,temperature_ave,Temp,7.984042067,0.311571367,0.021788831,183.8052822,0.299673955
086.7 040.0,400,temperature_ave,Temp,7.112300465,0.253482565,0.020604389,185.993253,0.227181994
086.7 040.0,500,temperature_ave,Temp,6.419701293,0.191683849,0.02080579,180.5176366,0.188875403
086.7 045.0,0,temperature_ave,Temp,16.05359064,2.537228561,0.017526533,158.5299452,1.131298044
086.7 045.0,10,temperature_ave,Temp,15.54607247,2.064418937,0.016587066,170.3565524,1.245830666
086.7 045.0,20,temperature_ave,Temp,14.96364391,1.609710783,0.011716951,237.8225034,1.4321512
086.7 045.0,30,temperature_ave,Temp,13.48038872,1.295925051,0.014720459,249.2134636,1.390808407
086.7 045.0,50,temperature_ave,Temp,11.20366299,0.917679032,0.02355198,228.3122487,0.911702961
086.7 045.0,75,temperature_ave,Temp,10.20107205,0.622034443,0.023348586,227.9271768,0.546016609
086.7 045.0,100,temperature_ave,Temp,9.660284062,0.47417814,0.025610813,222.8679746,0.399151747
086.7 045.0,125,temperature_ave,Temp,9.337379829,0.353475053,0.026047503,218.9846254,0.314623924
086.7 045.0,150,temperature_ave,Temp,9.089053464,0.301054742,0.026225243,219.1813376,0.295587443
086.7 045.0,200,temperature_ave,Temp,8.621901815,0.260924066,0.023846077,217.8685464,0.290548873
086.7 045.0,250,temperature_ave,Temp,8.24002932,0.249451764,0.020305866,211.3068783,0.288942356
086.7 045.0,300,temperature_ave,Temp,7.835409757,0.260373011,0.019853669,206.0861438,0.271628994
086.7 045.0,400,temperature_ave,Temp,7.087241913,0.2521466,0.019532391,200.4854612,0.239915054
086.7 045.0,500,temperature_ave,Temp,6.416601137,0.191708915,0.020213224,192.4657395,0.195872714
086.7 050.0,0,temperature_ave,Temp,15.19959343,2.033519184,0.016686736,164.6979488,1.009249092
086.7 050.0,10,temperature_ave,Temp,14.88536829,1.824373199,0.016225522,174.4159875,1.097031119
086.7 050.0,20,temperature_ave,Temp,14.03320122,1.536364749,0.015515549,210.1509054,1.275154616
086.7 050.0,30,temperature_ave,Temp,13.03259175,1.381318956,0.016883444,230.1384895,1.296749083
086.7 050.0,50,temperature_ave,Temp,11.2226517,1.212078431,0.025100674,228.0034977,1.12310663
086.7 055.0,0,temperature_ave,Temp,15.4356585,2.086338755,0.016810565,169.2265287,0.946422045
086.7 055.0,10,temperature_ave,Temp,15.30550911,2.010193427,0.016584558,170.7561105,0.960432558
086.7 055.0,20,temperature_ave,Temp,15.01290779,1.856754591,0.016006117,179.9828943,1.09801864
086.7 055.0,30,temperature_ave,Temp,14.48320102,1.552016188,0.014386816,211.4965801,1.258327476
086.7 055.0,50,temperature_ave,Temp,12.18194234,1.041496907,0.025128719,240.9505607,1.156947512
086.7 055.0,75,temperature_ave,Temp,10.69950858,0.640420613,0.020419263,268.0492337,0.792331327
086.7 055.0,100,temperature_ave,Temp,9.740524358,0.377664304,0.021031424,259.7028146,0.484907413
086.7 055.0,125,temperature_ave,Temp,9.229647126,0.299993247,0.021052339,256.7980113,0.31786113
086.7 055.0,150,temperature_ave,Temp,8.894658974,0.257750335,0.02216478,247.9694265,0.325739014
086.7 055.0,200,temperature_ave,Temp,8.314992729,0.240089163,0.02666022,227.4669435,0.329445644
086.7 055.0,250,temperature_ave,Temp,7.82620159,0.322174086,0.028015575,216.817268,0.308661365
086.7 055.0,300,temperature_ave,Temp,7.406469901,0.348280109,0.029066036,212.3425622,0.295697195
086.7 055.0,400,temperature_ave,Temp,6.748141691,0.217532315,0.03,205.9837528,0.251277332
086.7 055.0,500,temperature_ave,Temp,6.132101455,0.15169036,0.029837977,199.1505418,0.186331461
086.7 060.0,0,temperature_ave,Temp,15.44921261,1.803496281,0.015951841,168.6430317,0.934978609
086.7 060.0,10,temperature_ave,Temp,15.4007753,1.784628969,0.015824846,169.9104104,0.944979001
086.7 060.0,20,temperature_ave,Temp,15.21270215,1.674757005,0.015428841,175.9783926,1.004971858
086.7 060.0,30,temperature_ave,Temp,14.82626228,1.196401451,0.012115309,206.9952935,1.155966049
086.7 060.0,50,temperature_ave,Temp,12.80131624,0.675237331,0.020252432,265.5708757,1.254024588
086.7 060.0,75,temperature_ave,Temp,11.29333934,0.750305891,0.017485485,310.1721085,1.120712499
086.7 060.0,100,temperature_ave,Temp,10.01805491,0.430603395,0.019810955,290.7216898,0.614061377
086.7 060.0,125,temperature_ave,Temp,9.371757678,0.292049701,0.021677809,275.7209676,0.401382662
086.7 060.0,150,temperature_ave,Temp,8.953913741,0.325749212,0.029646944,228.339248,0.378526029
086.7 060.0,200,temperature_ave,Temp,8.312801063,0.256445142,0.03,231.5689624,0.398131374
086.7 060.0,250,temperature_ave,Temp,7.773431716,0.294576126,0.029999993,223.8931845,0.441136302
086.7 060.0,300,temperature_ave,Temp,7.259627231,0.301270808,0.03,222.9740642,0.389231538
086.7 060.0,400,temperature_ave,Temp,6.537394129,0.240998573,0.03,222.4338189,0.347322125
086.7 060.0,500,temperature_ave,Temp,5.973562015,0.163151931,0.03,221.4780554,0.26062021
086.7 070.0,0,temperature_ave,Temp,15.75543582,1.682778686,0.01510459,166.768869,0.948162746
086.7 070.0,10,temperature_ave,Temp,15.71034827,1.692714043,0.015190342,166.8646962,0.930180768
086.7 070.0,20,temperature_ave,Temp,15.58577265,1.648392025,0.015314463,167.3376879,0.968418692
086.7 070.0,30,temperature_ave,Temp,15.28911882,1.332227405,0.014127625,173.8425769,1.022890366
086.7 070.0,50,temperature_ave,Temp,13.94554088,0.173677576,0.021281186,138.6560229,1.303429983
086.7 070.0,75,temperature_ave,Temp,10.96528326,-1.740275522,0.005021019,359.9185377,1.176872175
086.7 070.0,100,temperature_ave,Temp,10.54525087,-0.611606909,0.011295703,253.5884968,0.947345622
086.7 070.0,125,temperature_ave,Temp,9.714106844,-0.35846184,0.01175666,228.9729712,0.613083356
086.7 070.0,150,temperature_ave,Temp,9.220664776,-0.272809049,0.015218443,201.5390516,0.425732641
086.7 070.0,200,temperature_ave,Temp,8.439881034,-0.154211143,0.016442899,181.9158166,0.306364702
086.7 070.0,250,temperature_ave,Temp,7.769864808,-0.123298551,0.016108792,169.0961156,0.318875827
086.7 070.0,300,temperature_ave,Temp,7.227980303,-0.084054004,0.018928798,167.5658222,0.294489653
086.7 070.0,400,temperature_ave,Temp,6.424011355,-0.058905439,0.021799032,162.1874989,0.284020028
086.7 070.0,500,temperature_ave,Temp,5.823983747,-0.062273009,0.020439798,158.9204007,0.238830033
086.7 080.0,0,temperature_ave,Temp,16.0443249,1.772123794,0.015265248,167.1143061,1.010122703
086.7 080.0,10,temperature_ave,Temp,15.98265303,1.789178345,0.015328044,168.4197025,1.019926207
086.7 080.0,20,temperature_ave,Temp,15.87765152,1.774105239,0.01533349,169.2885637,1.013147925
086.7 080.0,30,temperature_ave,Temp,15.68103044,1.604885898,0.014692346,175.1511306,1.00923342
086.7 080.0,50,temperature_ave,Temp,14.49928162,0.700051203,0.012618293,192.0254492,1.388420267
086.7 080.0,75,temperature_ave,Temp,11.7840159,-1.195726886,0.006451952,359.997103,1.278544736
086.7 080.0,100,temperature_ave,Temp,10.77228913,-0.832436609,0.006558845,359.9999697,1.339690603
086.7 080.0,125,temperature_ave,Temp,9.882205443,-0.456963234,0.005529424,359.9999999,0.997582843
086.7 080.0,150,temperature_ave,Temp,9.351581677,-0.138780514,0.011507736,275.6621422,0.489018658
086.7 080.0,200,temperature_ave,Temp,8.530383095,-0.06622995,0.018361192,193.5645304,0.259246974
086.7 080.0,250,temperature_ave,Temp,7.872604589,-0.036137165,0.019050278,171.556376,0.277550551
086.7 080.0,300,temperature_ave,Temp,7.292364299,-0.027736447,0.024795107,155.6892172,0.278455415
086.7 080.0,400,temperature_ave,Temp,6.386393312,-0.052509569,0.024198518,137.2591173,0.270486381
086.7 080.0,500,temperature_ave,Temp,5.758707945,-0.045967473,0.024797839,120.2496779,0.228448461
086.7 090.0,0,temperature_ave,Temp,16.43111451,1.955336598,0.01641005,162.2832663,0.901584775
086.7 090.0,10,temperature_ave,Temp,16.37471714,1.963804797,0.016594171,162.7009455,0.91332419
086.7 090.0,20,temperature_ave,Temp,16.28145167,1.963446141,0.016632897,164.9018399,0.933602726
086.7 090.0,30,temperature_ave,Temp,16.07035582,1.745851025,0.016064066,169.8917252,0.951998061
086.7 090.0,50,temperature_ave,Temp,15.23118254,0.97453634200000006,0.014723286,189.0650171,1.207936168
086.7 090.0,75,temperature_ave,Temp,13.59172994,0.339206313,0.025729044,170.1280269,1.373608658
086.7 090.0,100,temperature_ave,Temp,12.33915377,0.432186036,0.024266331,146.3850028,1.496746788
086.7 090.0,125,temperature_ave,Temp,10.92743332,0.372447658,0.020240301,113.1240384,1.127257314
086.7 090.0,150,temperature_ave,Temp,9.894911584,0.274220525,0.022822786,122.9719455,0.671407252
086.7 090.0,200,temperature_ave,Temp,8.762840231,0.09227245,0.025783277,123.0440775,0.277808909
086.7 090.0,250,temperature_ave,Temp,8.044739614,0.058478914,0.02724176,129.9509132,0.274932499
086.7 090.0,300,temperature_ave,Temp,7.404718172,0.0575939,0.021452603,125.3005661,0.27391929
086.7 090.0,400,temperature_ave,Temp,6.343258582,0.081016349,0.006986193,0.005654443,0.23663951
086.7 090.0,500,temperature_ave,Temp,5.72727635,0.027974123,0.019247436,66.22585445,0.227388726
086.7 100.0,0,temperature_ave,Temp,16.77498618,1.879715564,0.01590489,161.2152224,0.800128462
086.7 100.0,10,temperature_ave,Temp,16.7386897,1.897669793,0.015937851,162.3108314,0.800513039
086.7 100.0,20,temperature_ave,Temp,16.67547032,1.878193665,0.015958153,162.9679515,0.802086521
086.7 100.0,30,temperature_ave,Temp,16.47289481,1.627392546,0.015129169,166.7370557,0.940537981
086.7 100.0,50,temperature_ave,Temp,15.79142422,1.022819529,0.012935935,186.1308399,1.266634576
086.7 100.0,75,temperature_ave,Temp,14.34511191,-0.214542337,0.023412935,223.4166385,1.349634456
086.7 100.0,100,temperature_ave,Temp,11.87793797,-1.329007748,0.007683132,360,1.566603597
086.7 100.0,125,temperature_ave,Temp,10.54489902,-1.305027447,0.007769038,360,1.484030478
086.7 100.0,150,temperature_ave,Temp,10.36022255,-0.311506548,0.021932274,234.8827215,1.021688892
086.7 100.0,200,temperature_ave,Temp,8.959621372,-0.230567449,0.027709868,215.8610034,0.426745375
086.7 100.0,250,temperature_ave,Temp,8.160908692,-0.168192084,0.027368226,212.2493395,0.335474471
086.7 100.0,300,temperature_ave,Temp,7.499308388,-0.160593947,0.028252138,214.5647222,0.300467603
086.7 100.0,400,temperature_ave,Temp,6.40866262,-0.066655855,0.029999983,214.158952,0.28220334
086.7 100.0,500,temperature_ave,Temp,5.735933208,-0.043565147,0.03,212.1682146,0.231630833
086.7 110.0,0,temperature_ave,Temp,17.12449445,1.892068733,0.015758786,156.1651113,0.807234983
086.7 110.0,10,temperature_ave,Temp,17.07460637,1.890299404,0.015599919,156.4986026,0.799661598
086.7 110.0,20,temperature_ave,Temp,16.99610479,1.856841734,0.015305232,158.639994,0.804138808
086.7 110.0,30,temperature_ave,Temp,16.86230278,1.745980799,0.014676756,163.7342226,0.808050399
086.7 110.0,50,temperature_ave,Temp,16.50594097,1.460782239,0.008618205,218.0475458,1.140556705
086.7 110.0,75,temperature_ave,Temp,14.83836125,-0.513716378,0.0296861,216.0642355,1.296118173
086.7 110.0,100,temperature_ave,Temp,13.41087618,-0.534082107,0.020839302,241.9991914,1.489605637
086.7 110.0,125,temperature_ave,Temp,11.51126703,-0.785673735,0.01216436,294.1229773,1.558086685
086.7 110.0,150,temperature_ave,Temp,10.31242988,-0.417113459,0.012403222,298.1495327,1.135855263
086.7 110.0,200,temperature_ave,Temp,9.030445741,-0.187528178,0.024182076,210.489878,0.391149408
086.7 110.0,250,temperature_ave,Temp,8.247221404,-0.135942465,0.021392588,212.7279369,0.315785546
086.7 110.0,300,temperature_ave,Temp,7.51733816,-0.091781424,0.01825256,228.0614066,0.283398996
086.7 110.0,400,temperature_ave,Temp,6.398118217,-0.064305713,0.017454444,189.9361315,0.282226597
086.7 110.0,500,temperature_ave,Temp,5.690905367,-0.041906598,0.018271737,182.5369291,0.204539857
090.0 028.0,0,temperature_ave,Temp,17.43821507,2.936681225,0.017538805,137.5995708,1.119231709
090.0 028.0,10,temperature_ave,Temp,16.41219644,2.048059301,0.01668667,150.3273631,1.277397746
090.0 028.0,20,temperature_ave,Temp,14.60280905,1.337712754,0.014798811,226.9524977,1.284294653
090.0 028.0,30,temperature_ave,Temp,13.08192965,1.231343797,0.018266993,230.94751780000001,1.099688478
090.0 028.0,50,temperature_ave,Temp,11.72549955,1.10762657,0.02028929,221.9590566,0.902709862
090.0 030.0,0,temperature_ave,Temp,17.67724955,3.168400955,0.017322959,140.7757997,1.039725142
090.0 030.0,10,temperature_ave,Temp,17.08220477,2.647807928,0.016558734,150.2638575,1.084811463
090.0 030.0,20,temperature_ave,Temp,15.72852329,1.66900409,0.014314298,197.2287201,1.244080317
090.0 030.0,30,temperature_ave,Temp,14.13680148,1.313570872,0.016674712,226.0413145,1.161597067
090.0 030.0,50,temperature_ave,Temp,12.11875106,1.12702103,0.022253621,214.6984007,0.927969741
090.0 030.0,75,temperature_ave,Temp,11.02140496,0.808940856,0.02223237,213.4810713,0.690837588
090.0 030.0,100,temperature_ave,Temp,10.33690781,0.603270122,0.021985176,213.5918509,0.48005518
090.0 030.0,125,temperature_ave,Temp,9.935227867,0.439327952,0.022142533,206.06961570000001,0.397202402
090.0 030.0,150,temperature_ave,Temp,9.641537675,0.344047634,0.020987766,205.4804958,0.379055196
090.0 030.0,200,temperature_ave,Temp,9.130874509,0.296972605,0.020116571,198.4218704,0.360195348
090.0 030.0,250,temperature_ave,Temp,8.658511119,0.291774055,0.021991155,186.5270828,0.362441982
090.0 030.0,300,temperature_ave,Temp,8.226143358,0.306145823,0.020527839,181.394697,0.364651254
090.0 030.0,400,temperature_ave,Temp,7.332367318,0.29059245,0.020047307,164.7826561,0.300163887
090.0 030.0,500,temperature_ave,Temp,6.559798103,0.220800883,0.021728877,152.8948536,0.254831079
090.0 035.0,0,temperature_ave,Temp,17.41503113,2.897481876,0.016808761,140.1660946,0.950319956
090.0 035.0,10,temperature_ave,Temp,17.13763483,2.678566559,0.016590864,144.4608155,0.908185002
090.0 035.0,20,temperature_ave,Temp,15.96308498,1.588084039,0.015074988,165.353069,1.209880121
090.0 035.0,30,temperature_ave,Temp,14.4465683,0.874942154,0.017747598,203.6814509,1.29845813
090.0 035.0,50,temperature_ave,Temp,12.34311995,0.783367937,0.026084496,204.8009495,0.956797037
090.0 035.0,75,temperature_ave,Temp,11.01041712,0.646172609,0.026444174,206.6021016,0.700513915
090.0 035.0,100,temperature_ave,Temp,10.23253672,0.416200774,0.02510424,214.0570692,0.491120969
090.0 035.0,125,temperature_ave,Temp,9.825228505,0.306157173,0.018095089,254.1179735,0.411053352
090.0 035.0,150,temperature_ave,Temp,9.433120596,0.282531067,0.023862297,224.1404333,0.41268301
090.0 035.0,200,temperature_ave,Temp,8.954202612,0.25335494,0.021572176,210.6826004,0.398415871
090.0 035.0,250,temperature_ave,Temp,8.568866488,0.242309365,0.020546284,201.709401,0.388767533
090.0 035.0,300,temperature_ave,Temp,8.209941002,0.2962822,0.015254162,215.7475836,0.340348106
090.0 037.0,0,temperature_ave,Temp,17.25318968,2.788654297,0.01706226,143.16442609999999,0.85790879
090.0 037.0,10,temperature_ave,Temp,17.09097681,2.673673678,0.016942372,144.2133335,0.934928392
090.0 037.0,20,temperature_ave,Temp,16.09929412,1.683721045,0.015178038,166.5412058,1.152532864
090.0 037.0,30,temperature_ave,Temp,14.8963751,1.088611157,0.013515867,234.9338291,1.160790654
090.0 037.0,50,temperature_ave,Temp,12.39255445,0.943769586,0.027130303,208.4414342,1.040164855
090.0 037.0,75,temperature_ave,Temp,11.03997385,0.632675726,0.027139623,206.437036,0.711933154
090.0 037.0,100,temperature_ave,Temp,10.259939,0.440990558,0.026161635,211.4780711,0.47115694
090.0 037.0,125,temperature_ave,Temp,9.760134592,0.354362241,0.025972974,212.4950896,0.376279625
090.0 037.0,150,temperature_ave,Temp,9.442821739,0.317628975,0.025559534,212.4656868,0.381460201
090.0 037.0,200,temperature_ave,Temp,8.864663519,0.285038631,0.024281184,223.0681186,0.350179149
090.0 037.0,250,temperature_ave,Temp,8.38209346,0.228183713,0.021952186,226.0445841,0.348207304
090.0 037.0,300,temperature_ave,Temp,7.975248495,0.24102579700000001,0.020136851,201.9811392,0.378061222
090.0 037.0,400,temperature_ave,Temp,7.137761153,0.218830072,0.019766499,186.3291132,0.29034002
090.0 037.0,500,temperature_ave,Temp,6.415791133,0.174079053,0.018252454,185.0957623,0.201166093
090.0 045.0,0,temperature_ave,Temp,16.50852688,2.419325898,0.016917179,152.7699155,0.876426625
090.0 045.0,10,temperature_ave,Temp,16.3168917,2.355513936,0.017156528,154.4452232,0.911057636
090.0 045.0,20,temperature_ave,Temp,15.46271392,1.640346004,0.015869771,178.8910883,1.147204544
090.0 045.0,30,temperature_ave,Temp,14.27131676,1.112724239,0.015728493,225.5293379,1.217144056
090.0 045.0,50,temperature_ave,Temp,12.02963204,0.931732486,0.025115254,223.15448,1.050678549
090.0 045.0,75,temperature_ave,Temp,10.7185036,0.621867467,0.022302262,236.4984838,0.75830632
090.0 045.0,100,temperature_ave,Temp,9.929671972,0.447726484,0.024827384,226.0499137,0.500030566
090.0 045.0,125,temperature_ave,Temp,9.501185708,0.293622117,0.023043733,235.1992733,0.379112678
090.0 045.0,150,temperature_ave,Temp,9.175616112,0.255967577,0.024255799,222.3983596,0.361129847
090.0 045.0,200,temperature_ave,Temp,8.66420416,0.175510409,0.024767506,220.265008,0.363624806
090.0 045.0,250,temperature_ave,Temp,8.185041419,0.167895251,0.024282224,222.4709489,0.352116353
090.0 045.0,300,temperature_ave,Temp,7.750971543,0.173410158,0.023660398,215.5718236,0.323694119
090.0 045.0,400,temperature_ave,Temp,6.962956781,0.166862892,0.020959221,215.8028243,0.27595653
090.0 045.0,500,temperature_ave,Temp,6.299186295,0.140465704,0.020874203,217.2468656,0.213438339
090.0 053.0,0,temperature_ave,Temp,15.85952352,2.119484745,0.015875087,163.8186218,1.001989758
090.0 053.0,10,temperature_ave,Temp,15.76904883,2.10968184,0.01613434,163.8305885,1.023683279
090.0 053.0,20,temperature_ave,Temp,15.44438031,1.851515912,0.015682845,172.8755807,1.111505426
090.0 053.0,30,temperature_ave,Temp,15.0659199,1.556198752,0.011895546,226.6545101,1.246340729
090.0 053.0,50,temperature_ave,Temp,12.56505976,0.983110312,0.026649171,235.5750331,1.251208443
090.0 053.0,75,temperature_ave,Temp,10.98967536,0.694325089,0.027487837,245.3208544,1.043380744
090.0 053.0,100,temperature_ave,Temp,10.00317897,0.460626691,0.027853566,242.0768086,0.654586833
090.0 053.0,125,temperature_ave,Temp,9.400770222,0.33712494,0.027600613,241.5309901,0.46144858
090.0 053.0,150,temperature_ave,Temp,8.978128184,0.293096645,0.026887369,239.4209265,0.366626689
090.0 053.0,200,temperature_ave,Temp,8.377634782,0.261100005,0.026868882,248.3289044,0.374048225
090.0 053.0,250,temperature_ave,Temp,7.848917565,0.245288249,0.025579345,237.2245684,0.303355481
090.0 053.0,300,temperature_ave,Temp,7.410204916,0.247077195,0.02568929,234.6484055,0.28081854
090.0 053.0,400,temperature_ave,Temp,6.750230513,0.14779816,0.024816362,235.16539,0.203099624
090.0 053.0,500,temperature_ave,Temp,6.175167897,0.0970615,0.025261542,229.9074572,0.1654515
090.0 060.0,0,temperature_ave,Temp,15.93560533,1.802786786,0.014236562,166.157862,0.800638794
090.0 060.0,10,temperature_ave,Temp,15.86333471,1.765107486,0.013928884,169.8266989,0.823232125
090.0 060.0,20,temperature_ave,Temp,15.74250435,1.722189821,0.013330087,174.2790926,0.902645805
090.0 060.0,30,temperature_ave,Temp,15.5683515,1.567853258,0.010756931,202.6402348,1.024498834
090.0 060.0,50,temperature_ave,Temp,13.41761169,0.535098522,0.03,229.1607861,1.276558273
090.0 060.0,75,temperature_ave,Temp,11.80617231,0.663128552,0.019247371,317.7214604,1.218382221
090.0 060.0,100,temperature_ave,Temp,10.47924242,0.402670205,0.023740374,288.3745101,0.829786194
090.0 060.0,125,temperature_ave,Temp,9.69718256,0.320120945,0.024078693,281.972055,0.536973517
090.0 060.0,150,temperature_ave,Temp,9.137387139,0.230251495,0.026858367,253.3988299,0.355013219
090.0 060.0,200,temperature_ave,Temp,8.426452841,0.173965805,0.026609576,250.471626,0.300851762
090.0 060.0,250,temperature_ave,Temp,7.848257302,0.157946917,0.024894665,261.857407,0.278910743
090.0 060.0,300,temperature_ave,Temp,7.351048811,0.118494779,0.025378289,264.2584452,0.277974206
090.0 060.0,400,temperature_ave,Temp,6.55228348,0.089176781,0.025987715,262.4743772,0.25428988
090.0 060.0,500,temperature_ave,Temp,5.988389295,0.05787936,0.026598274,257.8973784,0.195329544
090.0 070.0,0,temperature_ave,Temp,16.09313356,1.752636483,0.01563905,166.1402885,0.917923799
090.0 070.0,10,temperature_ave,Temp,16.04343213,1.736446252,0.015627361,167.1346997,0.921594965
090.0 070.0,20,temperature_ave,Temp,15.91112363,1.623024343,0.015248524,172.0162064,0.994780598
090.0 070.0,30,temperature_ave,Temp,15.66371023,1.356942647,0.013651018,182.6070061,1.098753963
090.0 070.0,50,temperature_ave,Temp,14.88956293,0.827000456,0.006327424,359.9999965,1.280556149
090.0 070.0,75,temperature_ave,Temp,11.47278179,-1.322816607,0.005026171,359.9960893,1.274458346
090.0 070.0,100,temperature_ave,Temp,10.35521805,-0.85818576,0.005325083,359.9999856,1.092061205
090.0 070.0,125,temperature_ave,Temp,9.630358666,-0.517414793,0.006048199,359.9998374,0.784413297
090.0 070.0,150,temperature_ave,Temp,9.355948635,-0.167690797,0.020838472,173.87609,0.495298514
090.0 070.0,200,temperature_ave,Temp,8.536847454,-0.070767872,0.025704434,153.128225,0.329977274
090.0 070.0,250,temperature_ave,Temp,7.869921482,-0.041081723,0.019998198,165.8345214,0.322788703
090.0 070.0,300,temperature_ave,Temp,7.275553499,0.023471458,0.017632363,186.6096477,0.307252443
090.0 070.0,400,temperature_ave,Temp,6.405544182,0.021232671,0.021697976,202.0054662,0.257303336
090.0 070.0,500,temperature_ave,Temp,5.804964472,0.012989758,0.016337205,208.6964682,0.202415468
090.0 080.0,0,temperature_ave,Temp,16.3324392,1.822624466,0.016126419,168.6717178,0.834697397
090.0 080.0,10,temperature_ave,Temp,16.28088284,1.781324387,0.01614228,169,0.841717744
090.0 080.0,20,temperature_ave,Temp,16.16729905,1.68088408,0.016062743,170,0.881260201
090.0 080.0,30,temperature_ave,Temp,15.94130973,1.483729922,0.015749401,176,0.983165126
090.0 080.0,50,temperature_ave,Temp,14.79073643,0.563939333,0.015759609,204.5257588,1.239107731
090.0 080.0,75,temperature_ave,Temp,12.51866915,-0.866886195,0.005956043,360,1.385259608
090.0 080.0,100,temperature_ave,Temp,10.99590086,-0.811530201,0.005545783,360,1.299332992
090.0 080.0,125,temperature_ave,Temp,9.982665754,-0.485501596,0.005963971,360,0.875642956
090.0 080.0,150,temperature_ave,Temp,9.281677151,-0.371221055,0.006386844,360,0.56574926
090.0 080.0,200,temperature_ave,Temp,8.524960072,-0.117080435,0.007323431,349.628527,0.271593462
090.0 080.0,250,temperature_ave,Temp,7.884419986,-0.073144583,0.005732167,359.9999998,0.248061867
090.0 080.0,300,temperature_ave,Temp,7.318375642,-0.027305016,0.022025490000000002,187.5379167,0.251259529
090.0 080.0,400,temperature_ave,Temp,6.491654339,0.132217351,0.007269626,359.7254997,0.267594567
090.0 080.0,500,temperature_ave,Temp,5.8822166,0.12093153,0.00442657,359.9994667,0.252210008
090.0 090.0,0,temperature_ave,Temp,16.65367642,1.875169349,0.016600435,164.4340465,0.891438228
090.0 090.0,10,temperature_ave,Temp,16.60931988,1.832696628,0.016421863,165.7847656,0.907874541
090.0 090.0,20,temperature_ave,Temp,16.52169743,1.770591586,0.016235406,168.3132788,0.93574501
090.0 090.0,30,temperature_ave,Temp,16.36140385,1.63118015,0.015529237,174.6286875,0.968936936
090.0 090.0,50,temperature_ave,Temp,15.37580863,0.79727464,0.017110692,177.3254984,1.323111656
090.0 090.0,75,temperature_ave,Temp,13.19968836,-0.872262256,0.004878254,359.9956898,1.480296166
090.0 090.0,100,temperature_ave,Temp,11.47033262,-1.232338254,0.006682146,359.9988051,1.546442706
090.0 090.0,125,temperature_ave,Temp,10.32886136,-0.935061599,0.00616262,359.9998649,1.248652319
090.0 090.0,150,temperature_ave,Temp,9.532731154,-0.474931094,0.005563345,359.999772,0.743531055
090.0 090.0,200,temperature_ave,Temp,8.732066546,-0.12669263,0.01315603,219.50592,0.321164344
090.0 090.0,250,temperature_ave,Temp,8.013018269,-0.083925049,0.016735693,210.8557111,0.301589169
090.0 090.0,300,temperature_ave,Temp,7.354335946,-0.059093643,0.015192489,219.5536762,0.258384842
090.0 090.0,400,temperature_ave,Temp,6.408364833,-0.092746686,0.027728238,217.5185735,0.252783316
090.0 090.0,500,temperature_ave,Temp,5.762081189,-0.06601856,0.028693414,220.375895,0.211981007
090.0 100.0,0,temperature_ave,Temp,17.09062254,1.930423033,0.016576307,163.1533081,0.824418559
090.0 100.0,10,temperature_ave,Temp,17.05730121,1.916322626,0.016519174,163.9023896,0.824940671
090.0 100.0,20,temperature_ave,Temp,16.98512062,1.885096467,0.016369055,166.1308692,0.850228174
090.0 100.0,30,temperature_ave,Temp,16.84182564,1.759124386,0.015960766,171.4902205,0.941003007
090.0 100.0,50,temperature_ave,Temp,15.8589304,0.860239262,0.018102624,173.1359817,1.359891484
090.0 100.0,75,temperature_ave,Temp,14.65617144,-3.924945259,6.56544e-4,89.22174055,1.527794652
090.0 100.0,100,temperature_ave,Temp,13.40923364,-8.981638571,2.60439e-4,87.6971856,1.710294919
090.0 100.0,125,temperature_ave,Temp,11.88227616,-6.239745299,2.53905e-4,93.53066152,1.520608836
090.0 100.0,150,temperature_ave,Temp,10.50386472,-4.170201501,2.56263e-4,93.53704658,0.973471112
090.0 100.0,200,temperature_ave,Temp,9.029257621,-3.012872229,2.79903e-4,120.2104668,0.376377211
090.0 100.0,250,temperature_ave,Temp,8.233588142,-2.879467106,2.86306e-4,120.3070202,0.320109817
090.0 100.0,300,temperature_ave,Temp,7.531705715,-3.082495118,2.61903e-4,134.998843,0.318837684
090.0 100.0,400,temperature_ave,Temp,6.451762809,-2.448156884,2.49957e-4,142.6021277,0.302089658
090.0 100.0,500,temperature_ave,Temp,5.752761708,-1.967696162,2.54837e-4,142.5855281,0.288289141
090.0 110.0,0,temperature_ave,Temp,17.42251264,1.956525599,0.015882713,158.0325551,0.729360429
090.0 110.0,10,temperature_ave,Temp,17.37102644,1.937976307,0.015823537,159.5251853,0.736043761
090.0 110.0,20,temperature_ave,Temp,17.30643954,1.884478778,0.015566014,161.743505,0.74396447
090.0 110.0,30,temperature_ave,Temp,17.20887515,1.76726979,0.014951334,166.1323135,0.796815352
090.0 110.0,50,temperature_ave,Temp,17.21102101,1.587275682,0.007546542,259.440179,1.160060957
090.0 110.0,75,temperature_ave,Temp,14.94001019,-0.294770215,0.012245717,183.1777284,1.350833422
090.0 110.0,100,temperature_ave,Temp,13.54525009,-0.586752618,0.0151,234.7203158,1.554788407
090.0 110.0,125,temperature_ave,Temp,12.05218294,-0.648366323,0.0144,247.7584746,1.564934224
090.0 110.0,150,temperature_ave,Temp,10.84341209,-0.451071421,0.018,217.9537286,1.194819889
090.0 110.0,200,temperature_ave,Temp,9.19769944,-0.277907899,0.0218,196.7525853,0.473407874
090.0 110.0,250,temperature_ave,Temp,8.279867689,-0.167308672,0.0187,194.3208171,0.325365195
090.0 110.0,300,temperature_ave,Temp,7.538235818,-0.132558279,0.0186,192.9093616,0.298403694
090.0 110.0,400,temperature_ave,Temp,6.422458321,-0.127190737,0.0174,189.0416028,0.249616222
090.0 110.0,500,temperature_ave,Temp,5.536539088,-0.242267181,0.00701,359.9999221,0.237371767
090.0 120.0,0,temperature_ave,Temp,17.72850072,1.728280022,0.015770558,159.7967807,0.809675177
090.0 120.0,10,temperature_ave,Temp,17.6854026,1.612865303,0.015290324,160.0496768,0.735900616
090.0 120.0,20,temperature_ave,Temp,17.61482628,1.531346571,0.015030662,162.3018219,0.758159951
090.0 120.0,30,temperature_ave,Temp,17.52755442,1.514256352,0.015056606,167.7423052,0.817459419
090.0 120.0,50,temperature_ave,Temp,17.55930988,1.496109072,0.009624486,239.0681201,0.965219985
090.0 120.0,75,temperature_ave,Temp,15.65794606,-0.227092876,0.018108096,132.7082402,1.308411338
090.0 120.0,100,temperature_ave,Temp,14.54231087,-0.491011142,0.018273065,206.9815914,1.712612809
090.0 120.0,125,temperature_ave,Temp,13.03312775,-0.471201442,0.015260916,221.2484165,1.729404564
090.0 120.0,150,temperature_ave,Temp,11.50771871,-0.403879862,0.01414035,229,1.442559977
090.0 120.0,200,temperature_ave,Temp,9.439430848,-0.19592166,0.019471383,206.914991,0.548426697
090.0 120.0,250,temperature_ave,Temp,8.448621789,-0.142632695,0.021590159,185.0902125,0.32655114
090.0 120.0,300,temperature_ave,Temp,7.715277558,-0.118162506,0.023961227,194.5238662,0.27766214
090.0 120.0,400,temperature_ave,Temp,6.509159797,-0.051302619,0.020234831000000002,198.7446774,0.22591847
090.0 120.0,500,temperature_ave,Temp,5.777644517,-0.051492506,0.021206973,205.5935764,0.218037249
093.3 026.7,0,temperature_ave,Temp,17.73499955,3.177420085,0.016774611,127.8070786,1.216380188
093.3 026.7,10,temperature_ave,Temp,15.98307364,1.339849351,0.010569656,181.5107644,1.536908489
093.3 026.7,20,temperature_ave,Temp,13.93122777,1.186247977,0.016560798,240.2450925,1.322198183
093.3 026.7,30,temperature_ave,Temp,12.53554529,1.282232573,0.021382163,220.5709063,1.014107586
093.3 026.7,50,temperature_ave,Temp,11.54140883,1.189715842,0.02210909,213.1908899,0.963949234
093.3 028.0,0,temperature_ave,Temp,17.91817291,3.290756027,0.016313197,130.8342764,0.981793718
093.3 028.0,10,temperature_ave,Temp,16.7996211,2.017739339,0.013278012,155.9140394,1.172530302
093.3 028.0,20,temperature_ave,Temp,15.97551055,2.186320798,0.009793391,275.0385701,1.216025573
093.3 028.0,30,temperature_ave,Temp,13.50041159,1.12933154,0.01870471,221.5085264,1.132301488
093.3 028.0,50,temperature_ave,Temp,11.8393373,1.17029414,0.021991173,213.6567341,0.961012543
093.3 028.0,75,temperature_ave,Temp,10.9535171,0.899647676,0.021747417,213.7119028,0.698218041
093.3 028.0,100,temperature_ave,Temp,10.420142,0.674486226,0.021596545,210.4472861,0.539593346
093.3 028.0,125,temperature_ave,Temp,10.13510957,0.585883938,0.020206334,213.1196449,0.492969384
093.3 028.0,150,temperature_ave,Temp,9.90652939,0.506727038,0.018541197,213.3797158,0.412144343
093.3 028.0,200,temperature_ave,Temp,9.4320094310000009,0.366228472,0.0198366,187.9383037,0.402639181
093.3 028.0,250,temperature_ave,Temp,8.983488538,0.306225492,0.020278521,174.266678,0.334259757
093.3 028.0,300,temperature_ave,Temp,8.53024101,0.297931779,0.021354473,163.3552061,0.347443963
093.3 028.0,400,temperature_ave,Temp,7.551770956,0.348750307,0.022611372,145.0463648,0.314226662
093.3 028.0,500,temperature_ave,Temp,6.641547262,0.246485422,0.023227468,138.147531,0.229604687
093.3 030.0,0,temperature_ave,Temp,17.86750978,3.172034429,0.01642628,137,0.897100778
093.3 030.0,10,temperature_ave,Temp,17.31676252,2.506620808,0.015700752,144,0.999951506
093.3 030.0,20,temperature_ave,Temp,15.79551938,1.374866153,0.014690625,184,1.245606906
093.3 030.0,30,temperature_ave,Temp,14.04663736,0.982359009,0.021421724,209.3717404,1.363675545
093.3 030.0,50,temperature_ave,Temp,12.22910065,0.990825653,0.024220749,204.1018014,1.0108541
093.3 030.0,75,temperature_ave,Temp,11.08147906,0.761477824,0.023118013,210.8233032,0.752492626
093.3 030.0,100,temperature_ave,Temp,10.48454956,0.590682642,0.021429299,217.5488519,0.558792441
093.3 030.0,125,temperature_ave,Temp,10.10288076,0.437778681,0.021229862,217.2940426,0.482537983
093.3 030.0,150,temperature_ave,Temp,9.841101881,0.350549364,0.021035991,206.1901721,0.444939944
093.3 030.0,200,temperature_ave,Temp,9.397956968,0.279198935,0.02147736,183.7996307,0.409421055
093.3 030.0,250,temperature_ave,Temp,8.953732076,0.274558167,0.020392953,173.6595563,0.348518844
093.3 030.0,300,temperature_ave,Temp,8.505532251,0.331990636,0.021562314,158.6287841,0.376662591
093.3 030.0,400,temperature_ave,Temp,7.503871401,0.316327294,0.021508625,144,0.329373294
093.3 030.0,500,temperature_ave,Temp,6.613003875,0.196208198,0.021040261,143,0.235982452
093.3 035.0,0,temperature_ave,Temp,17.46628408,2.649720343,0.015777602,139,0.836364634
093.3 035.0,10,temperature_ave,Temp,17.18006638,2.309236671,0.015505975,146,0.917687684
093.3 035.0,20,temperature_ave,Temp,16.58466298,1.749912212,0.011083361,204,1.104980554
093.3 035.0,30,temperature_ave,Temp,16.27551874,2.247186445,0.009061253,297,1.403390678
093.3 035.0,50,temperature_ave,Temp,12.77198872,0.882000282,0.023730603,214.2882076,1.169158843
093.3 035.0,75,temperature_ave,Temp,11.29882096,0.774948152,0.026283344,211.7761394,0.848853646
093.3 035.0,100,temperature_ave,Temp,10.4427093,0.430820511,0.022746222,231.1502632,0.509410223
093.3 035.0,125,temperature_ave,Temp,9.956727844,0.304181803,0.02245706,234.4904814,0.464198644
093.3 035.0,150,temperature_ave,Temp,9.587442951,0.324763094,0.024659035,230.2806336,0.474446351
093.3 035.0,200,temperature_ave,Temp,9.006064034,0.256127697,0.02661674,215.5365153,0.511318035
093.3 035.0,250,temperature_ave,Temp,8.504921029,0.201831076,0.027522404,218.2104788,0.511529518
093.3 035.0,300,temperature_ave,Temp,8.023871344,0.15903628,0.029618852,217.1125101,0.464373566
093.3 035.0,400,temperature_ave,Temp,7.153730494,0.137839866,0.016769176,191.2900083,0.329609456
093.3 035.0,500,temperature_ave,Temp,6.450520333,0.117988654,0.014478105,182,0.221009047
093.3 040.0,0,temperature_ave,Temp,17.17034396,2.412370677,0.016273174,147,0.752232974
093.3 040.0,10,temperature_ave,Temp,17.05482324,2.302568412,0.016168181,147,0.760649014
093.3 040.0,20,temperature_ave,Temp,16.42773348,1.57979038,0.012971158,181,1.11583233
093.3 040.0,30,temperature_ave,Temp,16.56942995,2.38493838,0.008689653,301,1.320481241
093.3 040.0,50,temperature_ave,Temp,12.74334891,1.224019756,0.027198182,217.4693108,1.064266115
093.3 040.0,75,temperature_ave,Temp,11.25773596,0.847965272,0.028422361,214.7840812,0.835721798
093.3 040.0,100,temperature_ave,Temp,10.38623005,0.425750128,0.024659833,232.557022,0.618723398
093.3 040.0,125,temperature_ave,Temp,9.813506932,0.315210979,0.022054598,250.1468716,0.442302228
093.3 040.0,150,temperature_ave,Temp,9.3803885,0.254423903,0.022050488,256.9201106,0.38323894
093.3 040.0,200,temperature_ave,Temp,8.770022522,0.173052915,0.022373976,245.3804991,0.426402593
093.3 040.0,250,temperature_ave,Temp,8.253426164,0.156264883,0.02138202,246.8127177,0.394395183
093.3 040.0,300,temperature_ave,Temp,7.779934922,0.144954401,0.024690608,233.419324,0.394318546
093.3 040.0,400,temperature_ave,Temp,6.925755895,0.117806544,0.027811972,208.9517083,0.315929283
093.3 040.0,500,temperature_ave,Temp,6.559662564,0.34619919,0.006954509,359.9999921,0.214018597
093.3 045.0,0,temperature_ave,Temp,16.790851580000002,2.297745448,0.016159591,150.6370135,0.818131061
093.3 045.0,10,temperature_ave,Temp,16.64641931,2.255150825,0.016195109,154.2309682,0.843297783
093.3 045.0,20,temperature_ave,Temp,16.16600792,1.733812161,0.013596189,183.2364604,1.174128346
093.3 045.0,30,temperature_ave,Temp,15.88706466,1.849683645,0.010108592,265.8324291,1.360130209
093.3 045.0,50,temperature_ave,Temp,12.70792828,0.916871418,0.027182515,224.2284901,1.275298684
093.3 045.0,75,temperature_ave,Temp,11.06784511,0.686045635,0.027090884,224.2177456,0.920327166
093.3 045.0,100,temperature_ave,Temp,10.17764986,0.488790952,0.027145137,226.2365927,0.667089283
093.3 045.0,125,temperature_ave,Temp,9.622668314,0.31528508,0.025592601,245.0337276,0.50968726
093.3 045.0,150,temperature_ave,Temp,9.216304361,0.25396281,0.024280759,252.1653646,0.40878494
093.3 045.0,200,temperature_ave,Temp,8.621526523,0.296802605,0.023251304,246.4026451,0.427319232
093.3 045.0,250,temperature_ave,Temp,8.084189837,0.278390362,0.025737335,232.8853673,0.436721192
093.3 045.0,300,temperature_ave,Temp,7.621222567,0.204466281,0.025990066,236.2913796,0.369864609
093.3 045.0,400,temperature_ave,Temp,6.811662338,0.168030877,0.027325895,227.5237396,0.275890111
093.3 045.0,500,temperature_ave,Temp,6.149889759,0.117452387,0.025695174,229.4627171,0.189610194
093.3 050.0,0,temperature_ave,Temp,16.6329032,2.152991387,0.015791366,153.8361928,0.897215356
093.3 050.0,10,temperature_ave,Temp,16.44719191,2.097090964,0.015691355,159.728303,0.937786017
093.3 050.0,20,temperature_ave,Temp,16.15620639,1.849117225,0.013771314,184.6133077,1.188239775
093.3 050.0,30,temperature_ave,Temp,16.65910494,2.728549047,0.009012714,279.2448382,1.403011155
093.3 050.0,50,temperature_ave,Temp,12.81631726,1.218576547,0.02742376,232.0359671,1.263859723
093.3 050.0,75,temperature_ave,Temp,11.25118893,0.822751367,0.029081917,232.8298584,1.017385634
093.3 050.0,100,temperature_ave,Temp,10.19127714,0.567242337,0.029446418,230.2457183,0.684108575
093.3 050.0,125,temperature_ave,Temp,9.573897448,0.406148428,0.028413741,235.7377825,0.469278002
093.3 050.0,150,temperature_ave,Temp,9.15676453,0.375221897,0.027320134,244.1474639,0.42357934
093.3 050.0,200,temperature_ave,Temp,8.535309987,0.303651809,0.021472552,276.2949131,0.355926704
093.3 050.0,250,temperature_ave,Temp,8.019085055,0.236327992,0.022811915,270.0250669,0.30563006
093.3 050.0,300,temperature_ave,Temp,7.551500868,0.190907035,0.02694121,236.8709573,0.278233829
093.3 050.0,400,temperature_ave,Temp,6.790004164,0.138228049,0.027957284,225.6049539,0.245234542
093.3 050.0,500,temperature_ave,Temp,6.197596728,0.119961189,0.03,210.0296072,0.196146942
093.3 055.0,0,temperature_ave,Temp,16.45264658,1.979742294,0.01464811,162.2048366,0.916964145
093.3 055.0,10,temperature_ave,Temp,16.32517283,1.925516295,0.01457007,165.7386412,0.942807823
093.3 055.0,20,temperature_ave,Temp,16.13500909,1.700384316,0.01172785,194.2940459,0.987533336
093.3 055.0,30,temperature_ave,Temp,18.54867161,4.499602899,0.006063978,359.9968601,1.099522373
093.3 055.0,50,temperature_ave,Temp,13.11845048,1.058541221,0.025375049,243.322986,1.151357037
093.3 055.0,75,temperature_ave,Temp,11.44929302,0.775080042,0.025468662,250.1135357,1.050171395
093.3 055.0,100,temperature_ave,Temp,10.2839887,0.601062033,0.025401104,249.0558515,0.723850108
093.3 055.0,125,temperature_ave,Temp,9.599403739,0.376259327,0.0251886,252.6391284,0.504641417
093.3 055.0,150,temperature_ave,Temp,9.159167037,0.318050784,0.025290136,256.6104865,0.37600957
093.3 055.0,200,temperature_ave,Temp,8.516941008,0.231108533,0.02506133,251.5538925,0.307631699
093.3 055.0,250,temperature_ave,Temp,7.963226841,0.218008831,0.024510905,255.8629161,0.304718441
093.3 055.0,300,temperature_ave,Temp,7.490731396,0.1821089,0.025165847,250.4240899,0.334917585
093.3 055.0,400,temperature_ave,Temp,6.709056532,0.101890221,0.025216112,253.3212434,0.241229616
093.3 055.0,500,temperature_ave,Temp,6.153970971,0.034133524,0.028131016,246.2330344,0.200698133
093.3 060.0,0,temperature_ave,Temp,16.49851408,1.823114263,0.013906765,164.9618599,0.825878638
093.3 060.0,10,temperature_ave,Temp,16.41353769,1.799437512,0.014162545,165,0.827972353
093.3 060.0,20,temperature_ave,Temp,16.23345443,1.709615109,0.013930176,173,0.81020278
093.3 060.0,30,temperature_ave,Temp,18.03336457,3.490466133,0.005847805,344,0.937321641
093.3 060.0,50,temperature_ave,Temp,13.79419634,0.478351041,0.021616829,258.3322762,1.22961558
093.3 060.0,75,temperature_ave,Temp,12.21615883,0.666509588,0.015521285,338.8969056,1.20790123
093.3 060.0,100,temperature_ave,Temp,10.71540954,0.367068285,0.019497576,305.739157,0.875949914
093.3 060.0,125,temperature_ave,Temp,9.871184701,0.352844584,0.020404855,300.2804749,0.601843166
093.3 060.0,150,temperature_ave,Temp,9.277387064,0.18234099,0.021793967,281.0102108,0.361916242
093.3 060.0,200,temperature_ave,Temp,8.573632467,0.13283134,0.023672545,256.4869339,0.313902515
093.3 060.0,250,temperature_ave,Temp,7.967060963,0.070362025,0.021918403,262.5559689,0.307837491
093.3 060.0,300,temperature_ave,Temp,7.490416575,0.056536114,0.03,299.7210538,0.314939779
093.3 060.0,400,temperature_ave,Temp,6.656124045,0.046130794,0.027105681,313.571286,0.256912663
093.3 060.0,500,temperature_ave,Temp,6.05569662,0.054697524,0.03,300.8590728,0.209589922
093.3 070.0,0,temperature_ave,Temp,16.48841471,1.60065449,0.015038939,161.8871978,0.852297835
093.3 070.0,10,temperature_ave,Temp,16.45504021,1.587531863,0.014996394,162.3386667,0.865451192
093.3 070.0,20,temperature_ave,Temp,16.35019013,1.511221077,0.01442315,165.7532721,0.841192538
093.3 070.0,30,temperature_ave,Temp,16.12526081,1.386097909,0.01423605,167.0819567,0.91296119
093.3 070.0,50,temperature_ave,Temp,14.55770575,-0.232100929,0.022698746,153.6195508,1.29126544
093.3 070.0,75,temperature_ave,Temp,12.64063029,-0.851435274,0.007750943,217.2750005,1.386686076
093.3 070.0,100,temperature_ave,Temp,10.46564496,-1.207637026,0.004971407,359.9952675,1.177605795
093.3 070.0,125,temperature_ave,Temp,10.00163136,-8.666767361,2.8e-4,247.8071213,0.821315893
093.3 070.0,150,temperature_ave,Temp,9.357023579,-6.993695019,2.47889e-4,240.8516841,0.561381904
093.3 070.0,200,temperature_ave,Temp,8.528314794,-13.5098517,1e-4,223.9812078,0.361870828
093.3 070.0,250,temperature_ave,Temp,7.94177052,-10.165481,1e-4,183,0.331919928
093.3 070.0,300,temperature_ave,Temp,7.377458613,-7.681480156,1e-4,143,0.309620943
093.3 070.0,400,temperature_ave,Temp,6.471929526,-6.918199709,1e-4,179.0235466,0.292143601
093.3 070.0,500,temperature_ave,Temp,5.845046082,-5.212069014,1e-4,229,0.244349984
093.3 080.0,0,temperature_ave,Temp,16.6825305,1.723332603,0.016056461,166.1424961,0.828421571
093.3 080.0,10,temperature_ave,Temp,16.63577194,1.699443825,0.015964894,167.1078829,0.839416381
093.3 080.0,20,temperature_ave,Temp,16.54488714,1.662906021,0.015726644,170.1802949,0.851654761
093.3 080.0,30,temperature_ave,Temp,16.35100986,1.473525845,0.01441997,181.3277813,0.919348044
093.3 080.0,50,temperature_ave,Temp,15.9906535,1.201026789,0.006539147,356.0732218,1.303507193
093.3 080.0,75,temperature_ave,Temp,13.02357992,-21.19620853,1.54881e-4,313.274581,1.527852406
093.3 080.0,100,temperature_ave,Temp,11.76470067,-13.72823587,1.37573e-4,313.7857354,1.544183385
093.3 080.0,125,temperature_ave,Temp,10.5156845,-3.707098426,4.69e-4,314.4133541,1.195491152
093.3 080.0,150,temperature_ave,Temp,9.788053058,-0.145988999,0.0142,189.649769,0.722022421
093.3 080.0,200,temperature_ave,Temp,8.783216006,-0.152890541,0.00918,128.8912238,0.386407703
093.3 080.0,250,temperature_ave,Temp,8.055243115,-0.107518838,0.0126,150.3681762,0.301158145
093.3 080.0,300,temperature_ave,Temp,7.421589869,-0.098143974,0.0147,156.3331751,0.303436385
093.3 080.0,400,temperature_ave,Temp,6.433469551,-0.070728336,0.017,142.1755144,0.26214165
093.3 080.0,500,temperature_ave,Temp,5.902510068,-0.15336042,0.00759,4.95e-6,0.214799955
093.3 090.0,0,temperature_ave,Temp,17.01390794,1.998156374,0.016615629,164.0789964,0.85016678
093.3 090.0,10,temperature_ave,Temp,16.95055688,1.932411149,0.016476404,164.3056471,0.847157331
093.3 090.0,20,temperature_ave,Temp,16.83562759,1.833247129,0.016025899,168.2025973,0.841598944
093.3 090.0,30,temperature_ave,Temp,16.68617998,1.729227326,0.015593645,174.0942087,0.919641198
093.3 090.0,50,temperature_ave,Temp,15.7253217,0.943367897,0.016249809,184.7779701,1.100765764
093.3 090.0,75,temperature_ave,Temp,13.63058721,-0.774905404,0.004597132,359.9999996,1.360518562
093.3 090.0,100,temperature_ave,Temp,12.02567263,-1.081808817,0.006291497,359.9999945,1.478011185
093.3 090.0,125,temperature_ave,Temp,10.69647857,-0.982601606,0.006419764,359.9999995,1.27215114
093.3 090.0,150,temperature_ave,Temp,9.724806443,-0.734212297,0.006942594,359.9999455,0.90346499
093.3 090.0,200,temperature_ave,Temp,8.577365884,-0.416329961,0.006498461,359.9994682,0.345771477
093.3 090.0,250,temperature_ave,Temp,8.130168138,-0.074200021,0.014901928,208.4423306,0.317893324
093.3 090.0,300,temperature_ave,Temp,7.345249321,-0.140870041,0.00509185,359.9996615,0.277918521
093.3 090.0,400,temperature_ave,Temp,6.375883885,-1.155019669,3.23363e-4,299.1546172,0.267301958
093.3 090.0,500,temperature_ave,Temp,5.719205328,-0.970657341,2.99274e-4,292.7213299,0.217044465
093.3 100.0,0,temperature_ave,Temp,17.32527244,1.815929007,0.015896379,164.3826328,0.747919626
093.3 100.0,10,temperature_ave,Temp,17.27133159,1.753152125,0.015881517,163.7403663,0.75522568
093.3 100.0,20,temperature_ave,Temp,17.19560217,1.693140405,0.015600617,166.5546593,0.766015112
093.3 100.0,30,temperature_ave,Temp,17.09442276,1.624090812,0.015289695,170.5667898,0.806753797
093.3 100.0,50,temperature_ave,Temp,16.62281897,1.002787395,0.011198164,214.8272428,1.154038513
093.3 100.0,75,temperature_ave,Temp,14.68967319,-0.664993138,0.004457531,359.9893057,1.329703286
093.3 100.0,100,temperature_ave,Temp,12.72679141,-1.547986819,0.006127746,359.9387259,1.495671707
093.3 100.0,125,temperature_ave,Temp,11.70956643,-0.932424903,0.005844973,359.9984741,1.410711694
093.3 100.0,150,temperature_ave,Temp,10.38765383,-0.782139591,0.005800759,359.9999966,1.126315534
093.3 100.0,200,temperature_ave,Temp,9.141964868,-0.244590079,0.010851798,268.0142639,0.474832456
093.3 100.0,250,temperature_ave,Temp,8.368934556,-0.133559648,0.018294525,186.844388,0.30229323
093.3 100.0,300,temperature_ave,Temp,7.636859403,-0.137165129,0.018558233,190.7225128,0.282543363
093.3 100.0,400,temperature_ave,Temp,6.516834149,-0.096457594,0.017405619,201.1872459,0.262274692
093.3 100.0,500,temperature_ave,Temp,5.795192934,-0.082255126,0.017751337,205.9748489,0.239475348
093.3 110.0,0,temperature_ave,Temp,17.70329537,1.858089072,0.015530489,159.7862477,0.690197291
093.3 110.0,10,temperature_ave,Temp,17.68014191,1.836113642,0.01544029,160.0964774,0.688206719
093.3 110.0,20,temperature_ave,Temp,17.63884045,1.824515807,0.015364231,162.4238399,0.686744268
093.3 110.0,30,temperature_ave,Temp,17.53755618,1.711091594,0.014770056,167.2790133,0.749416972
093.3 110.0,50,temperature_ave,Temp,17.44475728,1.638122756,0.009694514,237.4923613,0.98660773
093.3 110.0,75,temperature_ave,Temp,15.47882953,-0.28329768,0.015922049,183.8612085,1.143800061
093.3 110.0,100,temperature_ave,Temp,14.13118193,-0.395123723,0.013886202,235.8811853,1.576413815
093.3 110.0,125,temperature_ave,Temp,12.71000541,-0.120172264,0.022254194,192.2643771,1.644706375
093.3 110.0,150,temperature_ave,Temp,10.7766974,-0.592443738,0.0054587,359.9949312,1.2584052
093.3 110.0,200,temperature_ave,Temp,9.333475438,-0.130527659,0.016958754,221.8993777,0.483630825
093.3 110.0,250,temperature_ave,Temp,8.421660817,-0.097997085,0.019955137,203.6613097,0.307544076
093.3 110.0,300,temperature_ave,Temp,7.689015892,-0.094158785,0.02335338,198.3499196,0.260839627
093.3 110.0,400,temperature_ave,Temp,6.535810701,-0.070746179,0.019146283,207.933199,0.231925481
093.3 110.0,500,temperature_ave,Temp,5.780047786,-0.033267833,0.013035046,183.2827709,0.175224624
093.3 120.0,0,temperature_ave,Temp,17.94761848,1.835706363,0.015704185,158.4524074,0.739220259
093.3 120.0,10,temperature_ave,Temp,17.86590404,1.78637014,0.015540763,161.7230664,0.73613286
093.3 120.0,20,temperature_ave,Temp,17.81388198,1.731697094,0.015318129,163.7562651,0.733757345
093.3 120.0,30,temperature_ave,Temp,17.73944086,1.647035159,0.014857762,166.8934928,0.779320757
093.3 120.0,50,temperature_ave,Temp,18.67558511,2.457163783,0.006443654,307.5602838,0.973342986
093.3 120.0,75,temperature_ave,Temp,15.98290613,-0.689072183,9.96154e-4,184.0221308,1.100135898
093.3 120.0,100,temperature_ave,Temp,14.34042004,-0.754684864,0.007152866,359.9802809,1.535786526
093.3 120.0,125,temperature_ave,Temp,12.98300755,-0.705640184,0.008172886,359.9699045,1.710771865
093.3 120.0,150,temperature_ave,Temp,11.60871954,-0.410101682,0.008181773,359.8821926,1.463765623
093.3 120.0,200,temperature_ave,Temp,9.653898645,-0.119277372,0.018790218,218.9000226,0.657829008
093.3 120.0,250,temperature_ave,Temp,8.576952909,-0.092645864,0.01983,196.3509663,0.358241365
093.3 120.0,300,temperature_ave,Temp,7.794860451,-0.080039327,0.022867699,212.6242773,0.271515685
093.3 120.0,400,temperature_ave,Temp,6.576906227,-0.08210521,0.022150364,202,0.238416462
093.3 120.0,500,temperature_ave,Temp,5.822663136,-0.114611091,0.023382256,211.9860688,0.205027462
