cruise_key,data_stage,column,measurement_type,n_casts_with_values,n_judged,n_constant,pct_constant,const_value_min,const_value_max
9803SP,final,EstChl_CruiseCorr,est_chl_cruise_corr,16,15,2,13.3,14.9514,14.9514
0001NH,final,EstChl_CruiseCorr,est_chl_cruise_corr,66,64,0,0,,
0004JD,final,EstChl_CruiseCorr,est_chl_cruise_corr,66,60,0,0,,
0007NH,final,EstChl_CruiseCorr,est_chl_cruise_corr,66,64,0,0,,
0010NH,final,EstChl_CruiseCorr,est_chl_cruise_corr,62,61,0,0,,
0101JD,final,EstChl_CruiseCorr,est_chl_cruise_corr,65,59,0,0,,
0104JD,final,EstChl_CruiseCorr,est_chl_cruise_corr,66,56,0,0,,
0107NH,final,EstChl_CruiseCorr,est_chl_cruise_corr,61,60,0,0,,
0110NH,final,EstChl_CruiseCorr,est_chl_cruise_corr,66,64,0,0,,
0201JD,final,EstChl_CruiseCorr,est_chl_cruise_corr,66,63,0,0,,
0204JD,final,EstChl_CruiseCorr,est_chl_cruise_corr,128,122,0,0,,
0207NH,final,EstChl_CruiseCorr,est_chl_cruise_corr,66,64,0,0,,
0211NH,final,EstChl_CruiseCorr,est_chl_cruise_corr,66,65,0,0,,
0302JD,final,EstChl_CruiseCorr,est_chl_cruise_corr,192,184,0,0,,
0304RR,final,EstChl_CruiseCorr,est_chl_cruise_corr,67,18,0,0,,
0307NH,final,EstChl_CruiseCorr,est_chl_cruise_corr,63,62,0,0,,
0310NH,final,EstChl_CruiseCorr,est_chl_cruise_corr,66,64,0,0,,
0401JD,final,EstChl_CruiseCorr,est_chl_cruise_corr,97,94,0,0,,
0404NHJD,final,EstChl_CruiseCorr,est_chl_cruise_corr,93,89,0,0,,
0407JD,final,EstChl_CruiseCorr,est_chl_cruise_corr,148,126,0,0,,
0411RR,final,EstChl_CruiseCorr,est_chl_cruise_corr,77,65,0,0,,
0501NH,final,EstChl_CruiseCorr,est_chl_cruise_corr,75,64,0,0,,
0504NH,final,EstChl_CruiseCorr,est_chl_cruise_corr,75,64,0,0,,
0507NH,final,EstChl_CruiseCorr,est_chl_cruise_corr,74,63,0,0,,
0511NH,final,EstChl_CruiseCorr,est_chl_cruise_corr,72,60,0,0,,
0602JD,final,EstChl_CruiseCorr,est_chl_cruise_corr,96,85,0,0,,
0604NH,final,EstChl_CruiseCorr,est_chl_cruise_corr,76,65,0,0,,
0607NH,final,EstChl_CruiseCorr,est_chl_cruise_corr,74,64,0,0,,
0610RR,final,EstChl_CruiseCorr,est_chl_cruise_corr,76,66,0,0,,
0701JD,final,EstChl_CruiseCorr,est_chl_cruise_corr,84,75,0,0,,
0704JD,final,EstChl_CruiseCorr,est_chl_cruise_corr,79,73,0,0,,
0707NH,final,EstChl_CruiseCorr,est_chl_cruise_corr,146,126,0,0,,
0711NH,final,EstChl_CruiseCorr,est_chl_cruise_corr,67,61,0,0,,
0801JD,final,EstChl_CruiseCorr,est_chl_cruise_corr,210,192,0,0,,
0804JD,final,EstChl_CruiseCorr,est_chl_cruise_corr,80,76,0,0,,
0808NH,final,EstChl_CruiseCorr,est_chl_cruise_corr,69,64,0,0,,
0810NH,final,EstChl_CruiseCorr,est_chl_cruise_corr,73,64,0,0,,
0901NH,final,EstChl_CruiseCorr,est_chl_cruise_corr,75,64,0,0,,
0903JD,final,EstChl_CruiseCorr,est_chl_cruise_corr,71,61,0,0,,
0907M2,final,EstChl_CruiseCorr,est_chl_cruise_corr,100,89,0,0,,
0911NH,final,EstChl_CruiseCorr,est_chl_cruise_corr,75,64,0,0,,
1001NH,final,EstChl_CruiseCorr,est_chl_cruise_corr,92,83,0,0,,
1004MF,final,EstChl_CruiseCorr,est_chl_cruise_corr,75,66,0,0,,
1008NH,final,EstChl_CruiseCorr,est_chl_cruise_corr,76,66,0,0,,
1011NH,final,EstChl_CruiseCorr,est_chl_cruise_corr,67,57,0,0,,
1101NH,final,EstChl_CruiseCorr,est_chl_cruise_corr,104,92,0,0,,
1104SH,final,EstChl_CruiseCorr,est_chl_cruise_corr,132,112,0,0,,
1108NH,final,EstChl_CruiseCorr,est_chl_cruise_corr,72,64,0,0,,
1110NH,final,EstChl_CruiseCorr,est_chl_cruise_corr,76,66,0,0,,
1202NH,final,EstChl_CruiseCorr,est_chl_cruise_corr,74,64,0,0,,
1203SH,final,EstChl_CruiseCorr,est_chl_cruise_corr,57,54,0,0,,
1207OS,final,EstChl_CruiseCorr,est_chl_cruise_corr,75,63,0,0,,
1210NH,final,EstChl_CruiseCorr,est_chl_cruise_corr,75,64,0,0,,
1301SH,final,EstChl_CruiseCorr,est_chl_cruise_corr,90,80,0,0,,
1304SH,final,EstChl_CruiseCorr,est_chl_cruise_corr,80,64,0,0,,
1307NH,final,EstChl_CruiseCorr,est_chl_cruise_corr,74,64,0,0,,
1311NH,final,EstChl_CruiseCorr,est_chl_cruise_corr,82,71,0,0,,
1402SH,final,EstChl_CruiseCorr,est_chl_cruise_corr,36,28,0,0,,
1404OS,final,EstChl_CruiseCorr,est_chl_cruise_corr,70,56,0,0,,
1407NH,final,EstChl_CruiseCorr,est_chl_cruise_corr,75,65,0,0,,
1411NH,final,EstChl_CruiseCorr,est_chl_cruise_corr,76,66,0,0,,
1501NH,final,EstChl_CruiseCorr,est_chl_cruise_corr,200,180,0,0,,
1504NH,final,EstChl_CruiseCorr,est_chl_cruise_corr,70,59,0,0,,
1507OC,final,EstChl_CruiseCorr,est_chl_cruise_corr,70,61,0,0,,
1511OC,final,EstChl_CruiseCorr,est_chl_cruise_corr,69,59,0,0,,
1601RL,final,EstChl_CruiseCorr,est_chl_cruise_corr,104,92,0,0,,
1604SH,final,EstChl_CruiseCorr,est_chl_cruise_corr,101,89,0,0,,
1607OS,final,EstChl_CruiseCorr,est_chl_cruise_corr,68,58,0,0,,
1611SR,final,EstChl_CruiseCorr,est_chl_cruise_corr,75,64,0,0,,
1701RL,final,EstChl_CruiseCorr,est_chl_cruise_corr,164,140,0,0,,
1704SH,final,EstChl_CruiseCorr,est_chl_cruise_corr,208,180,0,0,,
1708SR,final,EstChl_CruiseCorr,est_chl_cruise_corr,73,63,0,0,,
1711SR,final,EstChl_CruiseCorr,est_chl_cruise_corr,74,63,0,0,,
1802SH,final,EstChl_CruiseCorr,est_chl_cruise_corr,45,43,0,0,,
1804SH,final,EstChl_CruiseCorr,est_chl_cruise_corr,103,90,0,0,,
1806SR,final,EstChl_CruiseCorr,est_chl_cruise_corr,72,64,0,0,,
1810SR,final,EstChl_CruiseCorr,est_chl_cruise_corr,74,64,0,0,,
1902RL,final,EstChl_CruiseCorr,est_chl_cruise_corr,29,27,0,0,,
1904RL,final,EstChl_CruiseCorr,est_chl_cruise_corr,68,57,0,0,,
1907BH,final,EstChl_CruiseCorr,est_chl_cruise_corr,70,59,0,0,,
1911OC,final,EstChl_CruiseCorr,est_chl_cruise_corr,75,64,0,0,,
2001RL,final,EstChl_CruiseCorr,est_chl_cruise_corr,104,92,0,0,,
2007SR,final,EstChl_CruiseCorr,est_chl_cruise_corr,75,64,0,0,,
2010SR,final,EstChl_CruiseCorr,est_chl_cruise_corr,71,59,0,0,,
2101RL,final,EstChl_CruiseCorr,est_chl_cruise_corr,78,66,0,0,,
2105SH,final,EstChl_CruiseCorr,est_chl_cruise_corr,44,40,0,0,,
2107SR,preliminary_with_bottle,EstChl_CruiseCorr,est_chl_cruise_corr,71,61,0,0,,
2111SR,preliminary_with_bottle,EstChl_CruiseCorr,est_chl_cruise_corr,75,64,0,0,,
2204SH,preliminary_with_bottle,EstChl_CruiseCorr,est_chl_cruise_corr,101,86,0,0,,
2208BH,preliminary_with_bottle,EstChl_CruiseCorr,est_chl_cruise_corr,55,45,0,0,,
2211SR,preliminary_with_bottle,EstChl_CruiseCorr,est_chl_cruise_corr,73,62,0,0,,
2301RL,preliminary_with_bottle,EstChl_CruiseCorr,est_chl_cruise_corr,72,61,0,0,,
2304SH,preliminary_with_bottle,EstChl_CruiseCorr,est_chl_cruise_corr,113,100,0,0,,
2307SR,preliminary_with_bottle,EstChl_CruiseCorr,est_chl_cruise_corr,69,59,0,0,,
2311SR,preliminary_with_bottle,EstChl_CruiseCorr,est_chl_cruise_corr,71,59,0,0,,
2401RL,preliminary_with_bottle,EstChl_CruiseCorr,est_chl_cruise_corr,33,26,0,0,,
2404SH,preliminary_with_bottle,EstChl_CruiseCorr,est_chl_cruise_corr,116,104,0,0,,
2408SR,preliminary_with_bottle,EstChl_CruiseCorr,est_chl_cruise_corr,75,64,0,0,,
2411SR,preliminary_with_bottle,EstChl_CruiseCorr,est_chl_cruise_corr,47,41,0,0,,
2501RL,preliminary_with_bottle,EstChl_CruiseCorr,est_chl_cruise_corr,116,104,0,0,,
2502RL,preliminary_with_bottle,EstChl_CruiseCorr,est_chl_cruise_corr,3,2,0,0,,
2504SH,preliminary_with_bottle,EstChl_CruiseCorr,est_chl_cruise_corr,113,101,0,0,,
9308NH,final,EstChl_CruiseCorr,est_chl_cruise_corr,65,63,0,0,,
9310NH,final,EstChl_CruiseCorr,est_chl_cruise_corr,66,64,0,0,,
9401JD,final,EstChl_CruiseCorr,est_chl_cruise_corr,132,130,0,0,,
9403JD,final,EstChl_CruiseCorr,est_chl_cruise_corr,132,128,0,0,,
9408NH,final,EstChl_CruiseCorr,est_chl_cruise_corr,66,64,0,0,,
9410NH,final,EstChl_CruiseCorr,est_chl_cruise_corr,66,64,0,0,,
9501JD,final,EstChl_CruiseCorr,est_chl_cruise_corr,67,65,0,0,,
9504NH,final,EstChl_CruiseCorr,est_chl_cruise_corr,126,124,0,0,,
9507JD,final,EstChl_CruiseCorr,est_chl_cruise_corr,130,126,0,0,,
9510NH,final,EstChl_CruiseCorr,est_chl_cruise_corr,140,136,0,0,,
9602JD,final,EstChl_CruiseCorr,est_chl_cruise_corr,134,130,0,0,,
9604JD,final,EstChl_CruiseCorr,est_chl_cruise_corr,130,126,0,0,,
9608NH,final,EstChl_CruiseCorr,est_chl_cruise_corr,146,142,0,0,,
9610RR,final,EstChl_CruiseCorr,est_chl_cruise_corr,171,167,0,0,,
9702JD,final,EstChl_CruiseCorr,est_chl_cruise_corr,140,136,0,0,,
9704NH,final,EstChl_CruiseCorr,est_chl_cruise_corr,140,136,0,0,,
9707JD,final,EstChl_CruiseCorr,est_chl_cruise_corr,66,65,0,0,,
9709NH,final,EstChl_CruiseCorr,est_chl_cruise_corr,63,62,0,0,,
9712SP,final,EstChl_CruiseCorr,est_chl_cruise_corr,9,9,0,0,,
9802JD,final,EstChl_CruiseCorr,est_chl_cruise_corr,66,65,0,0,,
9804JD,final,EstChl_CruiseCorr,est_chl_cruise_corr,170,164,0,0,,
9805SP,final,EstChl_CruiseCorr,est_chl_cruise_corr,19,18,0,0,,
9806SP,final,EstChl_CruiseCorr,est_chl_cruise_corr,20,19,0,0,,
9807NH,final,EstChl_CruiseCorr,est_chl_cruise_corr,70,68,0,0,,
9808SP,final,EstChl_CruiseCorr,est_chl_cruise_corr,20,19,0,0,,
9809NH,final,EstChl_CruiseCorr,est_chl_cruise_corr,66,63,0,0,,
9810SP,final,EstChl_CruiseCorr,est_chl_cruise_corr,19,18,0,0,,
9811SP,final,EstChl_CruiseCorr,est_chl_cruise_corr,20,19,0,0,,
9812SP,final,EstChl_CruiseCorr,est_chl_cruise_corr,16,15,0,0,,
9901RR,final,EstChl_CruiseCorr,est_chl_cruise_corr,66,65,0,0,,
9904JD,final,EstChl_CruiseCorr,est_chl_cruise_corr,66,63,0,0,,
9908NH,final,EstChl_CruiseCorr,est_chl_cruise_corr,66,63,0,0,,
9910NH,final,EstChl_CruiseCorr,est_chl_cruise_corr,68,67,0,0,,
0204JD,final,EstChl_StaCorr,est_chl_sta_corr,130,126,4,3.2,0,0
2208BH,preliminary_with_bottle,EstChl_StaCorr,est_chl_sta_corr,53,44,1,2.3,0,0
2404SH,preliminary_with_bottle,EstChl_StaCorr,est_chl_sta_corr,116,104,1,1,0,0
0001NH,final,EstChl_StaCorr,est_chl_sta_corr,66,65,0,0,,
0004JD,final,EstChl_StaCorr,est_chl_sta_corr,66,64,0,0,,
0007NH,final,EstChl_StaCorr,est_chl_sta_corr,66,64,0,0,,
0010NH,final,EstChl_StaCorr,est_chl_sta_corr,60,59,0,0,,
0101JD,final,EstChl_StaCorr,est_chl_sta_corr,64,61,0,0,,
0104JD,final,EstChl_StaCorr,est_chl_sta_corr,66,64,0,0,,
0107NH,final,EstChl_StaCorr,est_chl_sta_corr,61,60,0,0,,
0110NH,final,EstChl_StaCorr,est_chl_sta_corr,66,64,0,0,,
0201JD,final,EstChl_StaCorr,est_chl_sta_corr,66,63,0,0,,
0207NH,final,EstChl_StaCorr,est_chl_sta_corr,66,64,0,0,,
0211NH,final,EstChl_StaCorr,est_chl_sta_corr,65,64,0,0,,
0302JD,final,EstChl_StaCorr,est_chl_sta_corr,132,126,0,0,,
0304RR,final,EstChl_StaCorr,est_chl_sta_corr,66,63,0,0,,
0307NH,final,EstChl_StaCorr,est_chl_sta_corr,62,61,0,0,,
0310NH,final,EstChl_StaCorr,est_chl_sta_corr,66,64,0,0,,
0401JD,final,EstChl_StaCorr,est_chl_sta_corr,65,63,0,0,,
0404NHJD,final,EstChl_StaCorr,est_chl_sta_corr,66,64,0,0,,
0407JD,final,EstChl_StaCorr,est_chl_sta_corr,148,130,0,0,,
0411RR,final,EstChl_StaCorr,est_chl_sta_corr,72,61,0,0,,
0501NH,final,EstChl_StaCorr,est_chl_sta_corr,75,64,0,0,,
0504NH,final,EstChl_StaCorr,est_chl_sta_corr,74,63,0,0,,
0507NH,final,EstChl_StaCorr,est_chl_sta_corr,74,63,0,0,,
0511NH,final,EstChl_StaCorr,est_chl_sta_corr,72,60,0,0,,
0602JD,final,EstChl_StaCorr,est_chl_sta_corr,72,62,0,0,,
0604NH,final,EstChl_StaCorr,est_chl_sta_corr,76,65,0,0,,
0607NH,final,EstChl_StaCorr,est_chl_sta_corr,74,64,0,0,,
0610RR,final,EstChl_StaCorr,est_chl_sta_corr,75,65,0,0,,
0701JD,final,EstChl_StaCorr,est_chl_sta_corr,83,74,0,0,,
0704JD,final,EstChl_StaCorr,est_chl_sta_corr,78,72,0,0,,
0707NH,final,EstChl_StaCorr,est_chl_sta_corr,146,126,0,0,,
0711NH,final,EstChl_StaCorr,est_chl_sta_corr,67,61,0,0,,
0801JD,final,EstChl_StaCorr,est_chl_sta_corr,207,189,0,0,,
0804JD,final,EstChl_StaCorr,est_chl_sta_corr,80,76,0,0,,
0808NH,final,EstChl_StaCorr,est_chl_sta_corr,69,64,0,0,,
0810NH,final,EstChl_StaCorr,est_chl_sta_corr,73,64,0,0,,
0901NH,final,EstChl_StaCorr,est_chl_sta_corr,75,64,0,0,,
0903JD,final,EstChl_StaCorr,est_chl_sta_corr,71,61,0,0,,
0907M2,final,EstChl_StaCorr,est_chl_sta_corr,91,80,0,0,,
0911NH,final,EstChl_StaCorr,est_chl_sta_corr,75,64,0,0,,
1001NH,final,EstChl_StaCorr,est_chl_sta_corr,92,83,0,0,,
1004MF,final,EstChl_StaCorr,est_chl_sta_corr,74,68,0,0,,
1008NH,final,EstChl_StaCorr,est_chl_sta_corr,76,66,0,0,,
1011NH,final,EstChl_StaCorr,est_chl_sta_corr,67,57,0,0,,
1101NH,final,EstChl_StaCorr,est_chl_sta_corr,104,92,0,0,,
1104SH,final,EstChl_StaCorr,est_chl_sta_corr,132,112,0,0,,
1108NH,final,EstChl_StaCorr,est_chl_sta_corr,72,64,0,0,,
1110NH,final,EstChl_StaCorr,est_chl_sta_corr,76,66,0,0,,
1202NH,final,EstChl_StaCorr,est_chl_sta_corr,74,64,0,0,,
1203SH,final,EstChl_StaCorr,est_chl_sta_corr,57,54,0,0,,
1207OS,final,EstChl_StaCorr,est_chl_sta_corr,74,62,0,0,,
1210NH,final,EstChl_StaCorr,est_chl_sta_corr,75,64,0,0,,
1301SH,final,EstChl_StaCorr,est_chl_sta_corr,90,81,0,0,,
1304SH,final,EstChl_StaCorr,est_chl_sta_corr,80,71,0,0,,
1307NH,final,EstChl_StaCorr,est_chl_sta_corr,74,64,0,0,,
1311NH,final,EstChl_StaCorr,est_chl_sta_corr,82,71,0,0,,
1402SH,final,EstChl_StaCorr,est_chl_sta_corr,36,28,0,0,,
1404OS,final,EstChl_StaCorr,est_chl_sta_corr,70,58,0,0,,
1407NH,final,EstChl_StaCorr,est_chl_sta_corr,74,64,0,0,,
1411NH,final,EstChl_StaCorr,est_chl_sta_corr,76,66,0,0,,
1501NH,final,EstChl_StaCorr,est_chl_sta_corr,198,178,0,0,,
1504NH,final,EstChl_StaCorr,est_chl_sta_corr,70,59,0,0,,
1507OC,final,EstChl_StaCorr,est_chl_sta_corr,70,61,0,0,,
1511OC,final,EstChl_StaCorr,est_chl_sta_corr,67,57,0,0,,
1601RL,final,EstChl_StaCorr,est_chl_sta_corr,104,92,0,0,,
1604SH,final,EstChl_StaCorr,est_chl_sta_corr,101,89,0,0,,
1607OS,final,EstChl_StaCorr,est_chl_sta_corr,68,58,0,0,,
1611SR,final,EstChl_StaCorr,est_chl_sta_corr,75,64,0,0,,
1701RL,final,EstChl_StaCorr,est_chl_sta_corr,150,128,0,0,,
1704SH,final,EstChl_StaCorr,est_chl_sta_corr,208,182,0,0,,
1708SR,final,EstChl_StaCorr,est_chl_sta_corr,73,63,0,0,,
1711SR,final,EstChl_StaCorr,est_chl_sta_corr,74,63,0,0,,
1802SH,final,EstChl_StaCorr,est_chl_sta_corr,45,43,0,0,,
1804SH,final,EstChl_StaCorr,est_chl_sta_corr,103,91,0,0,,
1806SR,final,EstChl_StaCorr,est_chl_sta_corr,72,64,0,0,,
1810SR,final,EstChl_StaCorr,est_chl_sta_corr,74,64,0,0,,
1902RL,final,EstChl_StaCorr,est_chl_sta_corr,29,27,0,0,,
1904RL,final,EstChl_StaCorr,est_chl_sta_corr,67,56,0,0,,
1907BH,final,EstChl_StaCorr,est_chl_sta_corr,70,59,0,0,,
1911OC,final,EstChl_StaCorr,est_chl_sta_corr,75,64,0,0,,
2001RL,final,EstChl_StaCorr,est_chl_sta_corr,84,77,0,0,,
2007SR,final,EstChl_StaCorr,est_chl_sta_corr,75,65,0,0,,
2010SR,final,EstChl_StaCorr,est_chl_sta_corr,71,59,0,0,,
2101RL,final,EstChl_StaCorr,est_chl_sta_corr,75,65,0,0,,
2105SH,final,EstChl_StaCorr,est_chl_sta_corr,44,40,0,0,,
2107SR,preliminary_with_bottle,EstChl_StaCorr,est_chl_sta_corr,71,61,0,0,,
2111SR,preliminary_with_bottle,EstChl_StaCorr,est_chl_sta_corr,75,64,0,0,,
2204SH,preliminary_with_bottle,EstChl_StaCorr,est_chl_sta_corr,100,87,0,0,,
2211SR,preliminary_with_bottle,EstChl_StaCorr,est_chl_sta_corr,73,62,0,0,,
2301RL,preliminary_with_bottle,EstChl_StaCorr,est_chl_sta_corr,71,60,0,0,,
2304SH,preliminary_with_bottle,EstChl_StaCorr,est_chl_sta_corr,113,100,0,0,,
2307SR,preliminary_with_bottle,EstChl_StaCorr,est_chl_sta_corr,67,58,0,0,,
2311SR,preliminary_with_bottle,EstChl_StaCorr,est_chl_sta_corr,70,59,0,0,,
2401RL,preliminary_with_bottle,EstChl_StaCorr,est_chl_sta_corr,33,26,0,0,,
2408SR,preliminary_with_bottle,EstChl_StaCorr,est_chl_sta_corr,75,65,0,0,,
2411SR,preliminary_with_bottle,EstChl_StaCorr,est_chl_sta_corr,45,41,0,0,,
2501RL,preliminary_with_bottle,EstChl_StaCorr,est_chl_sta_corr,115,103,0,0,,
2502RL,preliminary_with_bottle,EstChl_StaCorr,est_chl_sta_corr,3,2,0,0,,
2504SH,preliminary_with_bottle,EstChl_StaCorr,est_chl_sta_corr,113,101,0,0,,
9308NH,final,EstChl_StaCorr,est_chl_sta_corr,65,63,0,0,,
9310NH,final,EstChl_StaCorr,est_chl_sta_corr,66,64,0,0,,
9401JD,final,EstChl_StaCorr,est_chl_sta_corr,132,130,0,0,,
9403JD,final,EstChl_StaCorr,est_chl_sta_corr,132,128,0,0,,
9408NH,final,EstChl_StaCorr,est_chl_sta_corr,66,64,0,0,,
9410NH,final,EstChl_StaCorr,est_chl_sta_corr,66,64,0,0,,
9501JD,final,EstChl_StaCorr,est_chl_sta_corr,66,64,0,0,,
9504NH,final,EstChl_StaCorr,est_chl_sta_corr,126,124,0,0,,
9507JD,final,EstChl_StaCorr,est_chl_sta_corr,130,126,0,0,,
9510NH,final,EstChl_StaCorr,est_chl_sta_corr,140,136,0,0,,
9602JD,final,EstChl_StaCorr,est_chl_sta_corr,132,128,0,0,,
9604JD,final,EstChl_StaCorr,est_chl_sta_corr,128,126,0,0,,
9608NH,final,EstChl_StaCorr,est_chl_sta_corr,132,128,0,0,,
9610RR,final,EstChl_StaCorr,est_chl_sta_corr,152,148,0,0,,
9702JD,final,EstChl_StaCorr,est_chl_sta_corr,140,136,0,0,,
9704NH,final,EstChl_StaCorr,est_chl_sta_corr,130,126,0,0,,
9707JD,final,EstChl_StaCorr,est_chl_sta_corr,66,65,0,0,,
9709NH,final,EstChl_StaCorr,est_chl_sta_corr,63,62,0,0,,
9712SP,final,EstChl_StaCorr,est_chl_sta_corr,9,9,0,0,,
9802JD,final,EstChl_StaCorr,est_chl_sta_corr,66,65,0,0,,
9803SP,final,EstChl_StaCorr,est_chl_sta_corr,14,13,0,0,,
9804JD,final,EstChl_StaCorr,est_chl_sta_corr,170,164,0,0,,
9805SP,final,EstChl_StaCorr,est_chl_sta_corr,15,14,0,0,,
9806SP,final,EstChl_StaCorr,est_chl_sta_corr,20,19,0,0,,
9807NH,final,EstChl_StaCorr,est_chl_sta_corr,70,68,0,0,,
9808SP,final,EstChl_StaCorr,est_chl_sta_corr,20,19,0,0,,
9809NH,final,EstChl_StaCorr,est_chl_sta_corr,66,63,0,0,,
9810SP,final,EstChl_StaCorr,est_chl_sta_corr,19,18,0,0,,
9811SP,final,EstChl_StaCorr,est_chl_sta_corr,20,19,0,0,,
9812SP,final,EstChl_StaCorr,est_chl_sta_corr,15,14,0,0,,
9901RR,final,EstChl_StaCorr,est_chl_sta_corr,65,64,0,0,,
9904JD,final,EstChl_StaCorr,est_chl_sta_corr,66,63,0,0,,
9908NH,final,EstChl_StaCorr,est_chl_sta_corr,66,65,0,0,,
9910NH,final,EstChl_StaCorr,est_chl_sta_corr,66,65,0,0,,
2304SH,preliminary_with_bottle,EstNO3_CruiseCorr,est_no3_cruise_corr,113,100,100,100,0,0
2504SH,preliminary_with_bottle,EstNO3_CruiseCorr,est_no3_cruise_corr,107,95,95,100,0,24.5416
2301RL,preliminary_with_bottle,EstNO3_CruiseCorr,est_no3_cruise_corr,56,53,53,100,0,0
2307SR,preliminary_with_bottle,EstNO3_CruiseCorr,est_no3_cruise_corr,56,50,50,100,0,0
2105SH,final,EstNO3_CruiseCorr,est_no3_cruise_corr,44,40,40,100,0,9.0067
2411SR,preliminary_with_bottle,EstNO3_CruiseCorr,est_no3_cruise_corr,42,38,38,100,0,0
0810NH,final,EstNO3_CruiseCorr,est_no3_cruise_corr,30,22,22,100,0,33.0152
2007SR,final,EstNO3_CruiseCorr,est_no3_cruise_corr,48,34,16,47.1,0,0
2111SR,preliminary_with_bottle,EstNO3_CruiseCorr,est_no3_cruise_corr,75,64,9,14.1,0,0
1701RL,final,EstNO3_CruiseCorr,est_no3_cruise_corr,158,136,4,2.9,0,0
1004MF,final,EstNO3_CruiseCorr,est_no3_cruise_corr,74,68,3,4.4,0,0
0707NH,final,EstNO3_CruiseCorr,est_no3_cruise_corr,134,122,2,1.6,0,0
0911NH,final,EstNO3_CruiseCorr,est_no3_cruise_corr,74,63,2,3.2,0,0
0610RR,final,EstNO3_CruiseCorr,est_no3_cruise_corr,70,60,1,1.7,0,0
1001NH,final,EstNO3_CruiseCorr,est_no3_cruise_corr,41,35,1,2.9,0,0
1311NH,final,EstNO3_CruiseCorr,est_no3_cruise_corr,81,70,1,1.4,0,0
1411NH,final,EstNO3_CruiseCorr,est_no3_cruise_corr,73,63,1,1.6,0,0
1507OC,final,EstNO3_CruiseCorr,est_no3_cruise_corr,69,61,1,1.6,0,0
1511OC,final,EstNO3_CruiseCorr,est_no3_cruise_corr,65,56,1,1.8,0,0
1810SR,final,EstNO3_CruiseCorr,est_no3_cruise_corr,74,64,1,1.6,0,0
0411RR,final,EstNO3_CruiseCorr,est_no3_cruise_corr,76,64,0,0,,
0501NH,final,EstNO3_CruiseCorr,est_no3_cruise_corr,72,62,0,0,,
0504NH,final,EstNO3_CruiseCorr,est_no3_cruise_corr,58,50,0,0,,
0507NH,final,EstNO3_CruiseCorr,est_no3_cruise_corr,60,54,0,0,,
0511NH,final,EstNO3_CruiseCorr,est_no3_cruise_corr,69,57,0,0,,
0602JD,final,EstNO3_CruiseCorr,est_no3_cruise_corr,89,81,0,0,,
0604NH,final,EstNO3_CruiseCorr,est_no3_cruise_corr,69,58,0,0,,
0701JD,final,EstNO3_CruiseCorr,est_no3_cruise_corr,81,72,0,0,,
0704JD,final,EstNO3_CruiseCorr,est_no3_cruise_corr,62,52,0,0,,
0711NH,final,EstNO3_CruiseCorr,est_no3_cruise_corr,65,58,0,0,,
0801JD,final,EstNO3_CruiseCorr,est_no3_cruise_corr,207,192,0,0,,
0804JD,final,EstNO3_CruiseCorr,est_no3_cruise_corr,55,51,0,0,,
0808NH,final,EstNO3_CruiseCorr,est_no3_cruise_corr,61,56,0,0,,
0901NH,final,EstNO3_CruiseCorr,est_no3_cruise_corr,74,64,0,0,,
0903JD,final,EstNO3_CruiseCorr,est_no3_cruise_corr,70,61,0,0,,
0907M2,final,EstNO3_CruiseCorr,est_no3_cruise_corr,101,89,0,0,,
1008NH,final,EstNO3_CruiseCorr,est_no3_cruise_corr,74,63,0,0,,
1011NH,final,EstNO3_CruiseCorr,est_no3_cruise_corr,65,55,0,0,,
1101NH,final,EstNO3_CruiseCorr,est_no3_cruise_corr,84,69,0,0,,
1104SH,final,EstNO3_CruiseCorr,est_no3_cruise_corr,134,114,0,0,,
1108NH,final,EstNO3_CruiseCorr,est_no3_cruise_corr,69,61,0,0,,
1110NH,final,EstNO3_CruiseCorr,est_no3_cruise_corr,74,64,0,0,,
1202NH,final,EstNO3_CruiseCorr,est_no3_cruise_corr,73,63,0,0,,
1203SH,final,EstNO3_CruiseCorr,est_no3_cruise_corr,55,52,0,0,,
1207OS,final,EstNO3_CruiseCorr,est_no3_cruise_corr,74,63,0,0,,
1210NH,final,EstNO3_CruiseCorr,est_no3_cruise_corr,70,60,0,0,,
1301SH,final,EstNO3_CruiseCorr,est_no3_cruise_corr,90,81,0,0,,
1304SH,final,EstNO3_CruiseCorr,est_no3_cruise_corr,79,70,0,0,,
1307NH,final,EstNO3_CruiseCorr,est_no3_cruise_corr,65,59,0,0,,
1402SH,final,EstNO3_CruiseCorr,est_no3_cruise_corr,35,28,0,0,,
1404OS,final,EstNO3_CruiseCorr,est_no3_cruise_corr,69,57,0,0,,
1407NH,final,EstNO3_CruiseCorr,est_no3_cruise_corr,74,64,0,0,,
1501NH,final,EstNO3_CruiseCorr,est_no3_cruise_corr,194,178,0,0,,
1504NH,final,EstNO3_CruiseCorr,est_no3_cruise_corr,69,59,0,0,,
1601RL,final,EstNO3_CruiseCorr,est_no3_cruise_corr,103,91,0,0,,
1604SH,final,EstNO3_CruiseCorr,est_no3_cruise_corr,96,86,0,0,,
1607OS,final,EstNO3_CruiseCorr,est_no3_cruise_corr,66,57,0,0,,
1611SR,final,EstNO3_CruiseCorr,est_no3_cruise_corr,69,58,0,0,,
1704SH,final,EstNO3_CruiseCorr,est_no3_cruise_corr,206,180,0,0,,
1708SR,final,EstNO3_CruiseCorr,est_no3_cruise_corr,35,30,0,0,,
1711SR,final,EstNO3_CruiseCorr,est_no3_cruise_corr,73,63,0,0,,
1802SH,final,EstNO3_CruiseCorr,est_no3_cruise_corr,45,43,0,0,,
1804SH,final,EstNO3_CruiseCorr,est_no3_cruise_corr,103,91,0,0,,
1806SR,final,EstNO3_CruiseCorr,est_no3_cruise_corr,72,64,0,0,,
1902RL,final,EstNO3_CruiseCorr,est_no3_cruise_corr,24,23,0,0,,
1904RL,final,EstNO3_CruiseCorr,est_no3_cruise_corr,68,57,0,0,,
1907BH,final,EstNO3_CruiseCorr,est_no3_cruise_corr,64,55,0,0,,
1911OC,final,EstNO3_CruiseCorr,est_no3_cruise_corr,75,64,0,0,,
2001RL,final,EstNO3_CruiseCorr,est_no3_cruise_corr,100,88,0,0,,
2010SR,final,EstNO3_CruiseCorr,est_no3_cruise_corr,70,58,0,0,,
2107SR,preliminary_with_bottle,EstNO3_CruiseCorr,est_no3_cruise_corr,58,51,0,0,,
2507SR,preliminary_without_bottle,EstNO3_CruiseCorr,est_no3_cruise_corr,50,45,0,0,,
2511SR,preliminary_without_bottle,EstNO3_CruiseCorr,est_no3_cruise_corr,40,35,0,0,,
2601RL,preliminary_without_bottle,EstNO3_CruiseCorr,est_no3_cruise_corr,104,95,0,0,,
2604SH,preliminary_without_bottle,EstNO3_CruiseCorr,est_no3_cruise_corr,1,1,0,0,,
2607SH,preliminary_without_bottle,EstNO3_CruiseCorr,est_no3_cruise_corr,64,56,0,0,,
0411RR,final,EstNO3_StaCorr,est_no3_sta_corr,68,60,0,0,,
0501NH,final,EstNO3_StaCorr,est_no3_sta_corr,65,61,0,0,,
0504NH,final,EstNO3_StaCorr,est_no3_sta_corr,53,49,0,0,,
0507NH,final,EstNO3_StaCorr,est_no3_sta_corr,60,54,0,0,,
0511NH,final,EstNO3_StaCorr,est_no3_sta_corr,60,57,0,0,,
0602JD,final,EstNO3_StaCorr,est_no3_sta_corr,63,59,0,0,,
0604NH,final,EstNO3_StaCorr,est_no3_sta_corr,67,58,0,0,,
0610RR,final,EstNO3_StaCorr,est_no3_sta_corr,63,59,0,0,,
0701JD,final,EstNO3_StaCorr,est_no3_sta_corr,73,71,0,0,,
0704JD,final,EstNO3_StaCorr,est_no3_sta_corr,58,52,0,0,,
0707NH,final,EstNO3_StaCorr,est_no3_sta_corr,122,118,0,0,,
0711NH,final,EstNO3_StaCorr,est_no3_sta_corr,65,58,0,0,,
0801JD,final,EstNO3_StaCorr,est_no3_sta_corr,195,183,0,0,,
0804JD,final,EstNO3_StaCorr,est_no3_sta_corr,52,48,0,0,,
0808NH,final,EstNO3_StaCorr,est_no3_sta_corr,60,56,0,0,,
0810NH,final,EstNO3_StaCorr,est_no3_sta_corr,3,2,0,0,,
0901NH,final,EstNO3_StaCorr,est_no3_sta_corr,70,64,0,0,,
0903JD,final,EstNO3_StaCorr,est_no3_sta_corr,70,61,0,0,,
0907M2,final,EstNO3_StaCorr,est_no3_sta_corr,90,79,0,0,,
0911NH,final,EstNO3_StaCorr,est_no3_sta_corr,69,62,0,0,,
1001NH,final,EstNO3_StaCorr,est_no3_sta_corr,35,35,0,0,,
1004MF,final,EstNO3_StaCorr,est_no3_sta_corr,66,61,0,0,,
1008NH,final,EstNO3_StaCorr,est_no3_sta_corr,70,60,0,0,,
1011NH,final,EstNO3_StaCorr,est_no3_sta_corr,65,55,0,0,,
1101NH,final,EstNO3_StaCorr,est_no3_sta_corr,76,66,0,0,,
1104SH,final,EstNO3_StaCorr,est_no3_sta_corr,134,114,0,0,,
1108NH,final,EstNO3_StaCorr,est_no3_sta_corr,66,59,0,0,,
1110NH,final,EstNO3_StaCorr,est_no3_sta_corr,74,64,0,0,,
1202NH,final,EstNO3_StaCorr,est_no3_sta_corr,68,63,0,0,,
1203SH,final,EstNO3_StaCorr,est_no3_sta_corr,55,52,0,0,,
1207OS,final,EstNO3_StaCorr,est_no3_sta_corr,69,62,0,0,,
1210NH,final,EstNO3_StaCorr,est_no3_sta_corr,67,60,0,0,,
1301SH,final,EstNO3_StaCorr,est_no3_sta_corr,72,64,0,0,,
1304SH,final,EstNO3_StaCorr,est_no3_sta_corr,66,58,0,0,,
1307NH,final,EstNO3_StaCorr,est_no3_sta_corr,64,59,0,0,,
1311NH,final,EstNO3_StaCorr,est_no3_sta_corr,77,69,0,0,,
1402SH,final,EstNO3_StaCorr,est_no3_sta_corr,32,28,0,0,,
1404OS,final,EstNO3_StaCorr,est_no3_sta_corr,66,57,0,0,,
1407NH,final,EstNO3_StaCorr,est_no3_sta_corr,69,64,0,0,,
1411NH,final,EstNO3_StaCorr,est_no3_sta_corr,64,63,0,0,,
1501NH,final,EstNO3_StaCorr,est_no3_sta_corr,154,148,0,0,,
1504NH,final,EstNO3_StaCorr,est_no3_sta_corr,63,59,0,0,,
1507OC,final,EstNO3_StaCorr,est_no3_sta_corr,62,61,0,0,,
1511OC,final,EstNO3_StaCorr,est_no3_sta_corr,55,53,0,0,,
1601RL,final,EstNO3_StaCorr,est_no3_sta_corr,82,73,0,0,,
1604SH,final,EstNO3_StaCorr,est_no3_sta_corr,67,60,0,0,,
1607OS,final,EstNO3_StaCorr,est_no3_sta_corr,62,57,0,0,,
1611SR,final,EstNO3_StaCorr,est_no3_sta_corr,61,56,0,0,,
1701RL,final,EstNO3_StaCorr,est_no3_sta_corr,134,122,0,0,,
1704SH,final,EstNO3_StaCorr,est_no3_sta_corr,178,154,0,0,,
1708SR,final,EstNO3_StaCorr,est_no3_sta_corr,32,30,0,0,,
1711SR,final,EstNO3_StaCorr,est_no3_sta_corr,69,62,0,0,,
1802SH,final,EstNO3_StaCorr,est_no3_sta_corr,44,42,0,0,,
1804SH,final,EstNO3_StaCorr,est_no3_sta_corr,79,68,0,0,,
1806SR,final,EstNO3_StaCorr,est_no3_sta_corr,68,64,0,0,,
1810SR,final,EstNO3_StaCorr,est_no3_sta_corr,64,63,0,0,,
1902RL,final,EstNO3_StaCorr,est_no3_sta_corr,24,23,0,0,,
1904RL,final,EstNO3_StaCorr,est_no3_sta_corr,67,56,0,0,,
1907BH,final,EstNO3_StaCorr,est_no3_sta_corr,55,52,0,0,,
1911OC,final,EstNO3_StaCorr,est_no3_sta_corr,65,63,0,0,,
2001RL,final,EstNO3_StaCorr,est_no3_sta_corr,76,71,0,0,,
2007SR,final,EstNO3_StaCorr,est_no3_sta_corr,23,22,0,0,,
2010SR,final,EstNO3_StaCorr,est_no3_sta_corr,61,57,0,0,,
2107SR,preliminary_with_bottle,EstNO3_StaCorr,est_no3_sta_corr,56,51,0,0,,
2111SR,preliminary_with_bottle,EstNO3_StaCorr,est_no3_sta_corr,62,57,0,0,,
2504SH,preliminary_with_bottle,EstNO3_StaCorr,est_no3_sta_corr,105,93,0,0,,
0001NH,final,Ox1_CruiseCorr,ox1_cruise_corr,66,65,0,0,,
0004JD,final,Ox1_CruiseCorr,ox1_cruise_corr,66,64,0,0,,
0007NH,final,Ox1_CruiseCorr,ox1_cruise_corr,66,64,0,0,,
0010NH,final,Ox1_CruiseCorr,ox1_cruise_corr,62,61,0,0,,
0101JD,final,Ox1_CruiseCorr,ox1_cruise_corr,65,62,0,0,,
0104JD,final,Ox1_CruiseCorr,ox1_cruise_corr,67,64,0,0,,
0107NH,final,Ox1_CruiseCorr,ox1_cruise_corr,61,59,0,0,,
0110NH,final,Ox1_CruiseCorr,ox1_cruise_corr,66,64,0,0,,
0201JD,final,Ox1_CruiseCorr,ox1_cruise_corr,66,63,0,0,,
0204JD,final,Ox1_CruiseCorr,ox1_cruise_corr,134,128,0,0,,
0207NH,final,Ox1_CruiseCorr,ox1_cruise_corr,66,64,0,0,,
0211NH,final,Ox1_CruiseCorr,ox1_cruise_corr,66,65,0,0,,
0302JD,final,Ox1_CruiseCorr,ox1_cruise_corr,192,184,0,0,,
0304RR,final,Ox1_CruiseCorr,ox1_cruise_corr,67,64,0,0,,
0307NH,final,Ox1_CruiseCorr,ox1_cruise_corr,63,62,0,0,,
0310NH,final,Ox1_CruiseCorr,ox1_cruise_corr,66,64,0,0,,
0401JD,final,Ox1_CruiseCorr,ox1_cruise_corr,98,94,0,0,,
0404NHJD,final,Ox1_CruiseCorr,ox1_cruise_corr,93,90,0,0,,
0407JD,final,Ox1_CruiseCorr,ox1_cruise_corr,148,130,0,0,,
0411RR,final,Ox1_CruiseCorr,ox1_cruise_corr,72,60,0,0,,
0501NH,final,Ox1_CruiseCorr,ox1_cruise_corr,75,64,0,0,,
0504NH,final,Ox1_CruiseCorr,ox1_cruise_corr,75,64,0,0,,
0507NH,final,Ox1_CruiseCorr,ox1_cruise_corr,74,63,0,0,,
0511NH,final,Ox1_CruiseCorr,ox1_cruise_corr,72,60,0,0,,
0602JD,final,Ox1_CruiseCorr,ox1_cruise_corr,96,85,0,0,,
0604NH,final,Ox1_CruiseCorr,ox1_cruise_corr,76,65,0,0,,
0607NH,final,Ox1_CruiseCorr,ox1_cruise_corr,74,64,0,0,,
0610RR,final,Ox1_CruiseCorr,ox1_cruise_corr,76,66,0,0,,
0701JD,final,Ox1_CruiseCorr,ox1_cruise_corr,84,75,0,0,,
0704JD,final,Ox1_CruiseCorr,ox1_cruise_corr,79,73,0,0,,
0707NH,final,Ox1_CruiseCorr,ox1_cruise_corr,146,126,0,0,,
0711NH,final,Ox1_CruiseCorr,ox1_cruise_corr,67,61,0,0,,
0801JD,final,Ox1_CruiseCorr,ox1_cruise_corr,210,192,0,0,,
0804JD,final,Ox1_CruiseCorr,ox1_cruise_corr,80,76,0,0,,
0808NH,final,Ox1_CruiseCorr,ox1_cruise_corr,69,64,0,0,,
0810NH,final,Ox1_CruiseCorr,ox1_cruise_corr,73,64,0,0,,
0901NH,final,Ox1_CruiseCorr,ox1_cruise_corr,75,64,0,0,,
0903JD,final,Ox1_CruiseCorr,ox1_cruise_corr,71,61,0,0,,
0907M2,final,Ox1_CruiseCorr,ox1_cruise_corr,101,89,0,0,,
0911NH,final,Ox1_CruiseCorr,ox1_cruise_corr,75,64,0,0,,
1001NH,final,Ox1_CruiseCorr,ox1_cruise_corr,92,83,0,0,,
1004MF,final,Ox1_CruiseCorr,ox1_cruise_corr,75,69,0,0,,
1008NH,final,Ox1_CruiseCorr,ox1_cruise_corr,76,66,0,0,,
1011NH,final,Ox1_CruiseCorr,ox1_cruise_corr,67,57,0,0,,
1101NH,final,Ox1_CruiseCorr,ox1_cruise_corr,105,93,0,0,,
1104SH,final,Ox1_CruiseCorr,ox1_cruise_corr,134,114,0,0,,
1108NH,final,Ox1_CruiseCorr,ox1_cruise_corr,72,64,0,0,,
1110NH,final,Ox1_CruiseCorr,ox1_cruise_corr,76,66,0,0,,
1202NH,final,Ox1_CruiseCorr,ox1_cruise_corr,74,64,0,0,,
1203SH,final,Ox1_CruiseCorr,ox1_cruise_corr,57,54,0,0,,
1207OS,final,Ox1_CruiseCorr,ox1_cruise_corr,75,63,0,0,,
1210NH,final,Ox1_CruiseCorr,ox1_cruise_corr,75,64,0,0,,
1301SH,final,Ox1_CruiseCorr,ox1_cruise_corr,90,81,0,0,,
1304SH,final,Ox1_CruiseCorr,ox1_cruise_corr,80,71,0,0,,
1307NH,final,Ox1_CruiseCorr,ox1_cruise_corr,74,64,0,0,,
1311NH,final,Ox1_CruiseCorr,ox1_cruise_corr,82,71,0,0,,
1402SH,final,Ox1_CruiseCorr,ox1_cruise_corr,36,28,0,0,,
1404OS,final,Ox1_CruiseCorr,ox1_cruise_corr,70,58,0,0,,
1407NH,final,Ox1_CruiseCorr,ox1_cruise_corr,75,65,0,0,,
1411NH,final,Ox1_CruiseCorr,ox1_cruise_corr,76,66,0,0,,
1501NH,final,Ox1_CruiseCorr,ox1_cruise_corr,200,180,0,0,,
1504NH,final,Ox1_CruiseCorr,ox1_cruise_corr,70,59,0,0,,
1507OC,final,Ox1_CruiseCorr,ox1_cruise_corr,68,59,0,0,,
1511OC,final,Ox1_CruiseCorr,ox1_cruise_corr,67,56,0,0,,
1601RL,final,Ox1_CruiseCorr,ox1_cruise_corr,104,92,0,0,,
1604SH,final,Ox1_CruiseCorr,ox1_cruise_corr,101,89,0,0,,
1607OS,final,Ox1_CruiseCorr,ox1_cruise_corr,68,58,0,0,,
1611SR,final,Ox1_CruiseCorr,ox1_cruise_corr,75,64,0,0,,
1701RL,final,Ox1_CruiseCorr,ox1_cruise_corr,164,140,0,0,,
1704SH,final,Ox1_CruiseCorr,ox1_cruise_corr,208,182,0,0,,
1708SR,final,Ox1_CruiseCorr,ox1_cruise_corr,73,63,0,0,,
1711SR,final,Ox1_CruiseCorr,ox1_cruise_corr,74,63,0,0,,
1802SH,final,Ox1_CruiseCorr,ox1_cruise_corr,45,43,0,0,,
1804SH,final,Ox1_CruiseCorr,ox1_cruise_corr,103,91,0,0,,
1806SR,final,Ox1_CruiseCorr,ox1_cruise_corr,72,64,0,0,,
1810SR,final,Ox1_CruiseCorr,ox1_cruise_corr,74,64,0,0,,
1902RL,final,Ox1_CruiseCorr,ox1_cruise_corr,29,27,0,0,,
1904RL,final,Ox1_CruiseCorr,ox1_cruise_corr,68,57,0,0,,
1907BH,final,Ox1_CruiseCorr,ox1_cruise_corr,70,59,0,0,,
1911OC,final,Ox1_CruiseCorr,ox1_cruise_corr,70,60,0,0,,
2001RL,final,Ox1_CruiseCorr,ox1_cruise_corr,104,92,0,0,,
2007SR,final,Ox1_CruiseCorr,ox1_cruise_corr,75,65,0,0,,
2010SR,final,Ox1_CruiseCorr,ox1_cruise_corr,71,59,0,0,,
2101RL,final,Ox1_CruiseCorr,ox1_cruise_corr,78,66,0,0,,
2105SH,final,Ox1_CruiseCorr,ox1_cruise_corr,44,40,0,0,,
2107SR,preliminary_with_bottle,Ox1_CruiseCorr,ox1_cruise_corr,71,60,0,0,,
2111SR,preliminary_with_bottle,Ox1_CruiseCorr,ox1_cruise_corr,75,64,0,0,,
2204SH,preliminary_with_bottle,Ox1_CruiseCorr,ox1_cruise_corr,101,87,0,0,,
2208BH,preliminary_with_bottle,Ox1_CruiseCorr,ox1_cruise_corr,55,45,0,0,,
2211SR,preliminary_with_bottle,Ox1_CruiseCorr,ox1_cruise_corr,66,55,0,0,,
2301RL,preliminary_with_bottle,Ox1_CruiseCorr,ox1_cruise_corr,72,61,0,0,,
2304SH,preliminary_with_bottle,Ox1_CruiseCorr,ox1_cruise_corr,113,100,0,0,,
2307SR,preliminary_with_bottle,Ox1_CruiseCorr,ox1_cruise_corr,69,59,0,0,,
2311SR,preliminary_with_bottle,Ox1_CruiseCorr,ox1_cruise_corr,71,60,0,0,,
2401RL,preliminary_with_bottle,Ox1_CruiseCorr,ox1_cruise_corr,33,26,0,0,,
2404SH,preliminary_with_bottle,Ox1_CruiseCorr,ox1_cruise_corr,116,104,0,0,,
2408SR,preliminary_with_bottle,Ox1_CruiseCorr,ox1_cruise_corr,75,65,0,0,,
2411SR,preliminary_with_bottle,Ox1_CruiseCorr,ox1_cruise_corr,47,41,0,0,,
2501RL,preliminary_with_bottle,Ox1_CruiseCorr,ox1_cruise_corr,116,104,0,0,,
2502RL,preliminary_with_bottle,Ox1_CruiseCorr,ox1_cruise_corr,3,2,0,0,,
2504SH,preliminary_with_bottle,Ox1_CruiseCorr,ox1_cruise_corr,112,100,0,0,,
9308NH,final,Ox1_CruiseCorr,ox1_cruise_corr,65,63,0,0,,
9310NH,final,Ox1_CruiseCorr,ox1_cruise_corr,66,64,0,0,,
9401JD,final,Ox1_CruiseCorr,ox1_cruise_corr,132,130,0,0,,
9403JD,final,Ox1_CruiseCorr,ox1_cruise_corr,132,128,0,0,,
9408NH,final,Ox1_CruiseCorr,ox1_cruise_corr,63,61,0,0,,
9410NH,final,Ox1_CruiseCorr,ox1_cruise_corr,66,64,0,0,,
9501JD,final,Ox1_CruiseCorr,ox1_cruise_corr,66,64,0,0,,
9504NH,final,Ox1_CruiseCorr,ox1_cruise_corr,126,124,0,0,,
9507JD,final,Ox1_CruiseCorr,ox1_cruise_corr,130,126,0,0,,
9510NH,final,Ox1_CruiseCorr,ox1_cruise_corr,140,136,0,0,,
9602JD,final,Ox1_CruiseCorr,ox1_cruise_corr,134,130,0,0,,
9604JD,final,Ox1_CruiseCorr,ox1_cruise_corr,130,128,0,0,,
9608NH,final,Ox1_CruiseCorr,ox1_cruise_corr,146,142,0,0,,
9610RR,final,Ox1_CruiseCorr,ox1_cruise_corr,171,167,0,0,,
9702JD,final,Ox1_CruiseCorr,ox1_cruise_corr,140,136,0,0,,
9704NH,final,Ox1_CruiseCorr,ox1_cruise_corr,140,136,0,0,,
9707JD,final,Ox1_CruiseCorr,ox1_cruise_corr,66,65,0,0,,
9709NH,final,Ox1_CruiseCorr,ox1_cruise_corr,63,62,0,0,,
9712SP,final,Ox1_CruiseCorr,ox1_cruise_corr,9,9,0,0,,
9802JD,final,Ox1_CruiseCorr,ox1_cruise_corr,66,65,0,0,,
9803SP,final,Ox1_CruiseCorr,ox1_cruise_corr,16,15,0,0,,
9804JD,final,Ox1_CruiseCorr,ox1_cruise_corr,170,164,0,0,,
9805SP,final,Ox1_CruiseCorr,ox1_cruise_corr,19,18,0,0,,
9806SP,final,Ox1_CruiseCorr,ox1_cruise_corr,20,19,0,0,,
9807NH,final,Ox1_CruiseCorr,ox1_cruise_corr,70,68,0,0,,
9808SP,final,Ox1_CruiseCorr,ox1_cruise_corr,20,19,0,0,,
9809NH,final,Ox1_CruiseCorr,ox1_cruise_corr,66,63,0,0,,
9810SP,final,Ox1_CruiseCorr,ox1_cruise_corr,19,18,0,0,,
9811SP,final,Ox1_CruiseCorr,ox1_cruise_corr,20,19,0,0,,
9812SP,final,Ox1_CruiseCorr,ox1_cruise_corr,16,15,0,0,,
9901RR,final,Ox1_CruiseCorr,ox1_cruise_corr,66,65,0,0,,
9904JD,final,Ox1_CruiseCorr,ox1_cruise_corr,66,63,0,0,,
9908NH,final,Ox1_CruiseCorr,ox1_cruise_corr,70,69,0,0,,
9910NH,final,Ox1_CruiseCorr,ox1_cruise_corr,68,67,0,0,,
2404SH,preliminary_with_bottle,Ox1_StaCorr,ox1_sta_corr,112,100,2,2,0,0
0001NH,final,Ox1_StaCorr,ox1_sta_corr,66,65,0,0,,
0004JD,final,Ox1_StaCorr,ox1_sta_corr,66,64,0,0,,
0007NH,final,Ox1_StaCorr,ox1_sta_corr,66,64,0,0,,
0010NH,final,Ox1_StaCorr,ox1_sta_corr,60,59,0,0,,
0101JD,final,Ox1_StaCorr,ox1_sta_corr,65,62,0,0,,
0104JD,final,Ox1_StaCorr,ox1_sta_corr,66,64,0,0,,
0107NH,final,Ox1_StaCorr,ox1_sta_corr,60,59,0,0,,
0110NH,final,Ox1_StaCorr,ox1_sta_corr,66,64,0,0,,
0201JD,final,Ox1_StaCorr,ox1_sta_corr,66,63,0,0,,
0204JD,final,Ox1_StaCorr,ox1_sta_corr,130,126,0,0,,
0207NH,final,Ox1_StaCorr,ox1_sta_corr,66,64,0,0,,
0211NH,final,Ox1_StaCorr,ox1_sta_corr,66,65,0,0,,
0302JD,final,Ox1_StaCorr,ox1_sta_corr,132,126,0,0,,
0304RR,final,Ox1_StaCorr,ox1_sta_corr,67,64,0,0,,
0307NH,final,Ox1_StaCorr,ox1_sta_corr,62,61,0,0,,
0310NH,final,Ox1_StaCorr,ox1_sta_corr,66,64,0,0,,
0401JD,final,Ox1_StaCorr,ox1_sta_corr,65,63,0,0,,
0404NHJD,final,Ox1_StaCorr,ox1_sta_corr,66,64,0,0,,
0407JD,final,Ox1_StaCorr,ox1_sta_corr,148,130,0,0,,
0411RR,final,Ox1_StaCorr,ox1_sta_corr,69,61,0,0,,
0501NH,final,Ox1_StaCorr,ox1_sta_corr,73,64,0,0,,
0504NH,final,Ox1_StaCorr,ox1_sta_corr,75,64,0,0,,
0507NH,final,Ox1_StaCorr,ox1_sta_corr,74,63,0,0,,
0511NH,final,Ox1_StaCorr,ox1_sta_corr,72,60,0,0,,
0602JD,final,Ox1_StaCorr,ox1_sta_corr,72,62,0,0,,
0604NH,final,Ox1_StaCorr,ox1_sta_corr,76,65,0,0,,
0607NH,final,Ox1_StaCorr,ox1_sta_corr,74,64,0,0,,
0610RR,final,Ox1_StaCorr,ox1_sta_corr,75,65,0,0,,
0701JD,final,Ox1_StaCorr,ox1_sta_corr,84,75,0,0,,
0704JD,final,Ox1_StaCorr,ox1_sta_corr,79,73,0,0,,
0707NH,final,Ox1_StaCorr,ox1_sta_corr,146,126,0,0,,
0711NH,final,Ox1_StaCorr,ox1_sta_corr,67,61,0,0,,
0801JD,final,Ox1_StaCorr,ox1_sta_corr,207,189,0,0,,
0804JD,final,Ox1_StaCorr,ox1_sta_corr,80,76,0,0,,
0808NH,final,Ox1_StaCorr,ox1_sta_corr,69,64,0,0,,
0810NH,final,Ox1_StaCorr,ox1_sta_corr,73,64,0,0,,
0901NH,final,Ox1_StaCorr,ox1_sta_corr,75,64,0,0,,
0903JD,final,Ox1_StaCorr,ox1_sta_corr,71,61,0,0,,
0907M2,final,Ox1_StaCorr,ox1_sta_corr,91,80,0,0,,
0911NH,final,Ox1_StaCorr,ox1_sta_corr,75,64,0,0,,
1001NH,final,Ox1_StaCorr,ox1_sta_corr,89,80,0,0,,
1004MF,final,Ox1_StaCorr,ox1_sta_corr,74,68,0,0,,
1008NH,final,Ox1_StaCorr,ox1_sta_corr,76,66,0,0,,
1011NH,final,Ox1_StaCorr,ox1_sta_corr,67,57,0,0,,
1101NH,final,Ox1_StaCorr,ox1_sta_corr,105,93,0,0,,
1104SH,final,Ox1_StaCorr,ox1_sta_corr,134,114,0,0,,
1108NH,final,Ox1_StaCorr,ox1_sta_corr,72,64,0,0,,
1110NH,final,Ox1_StaCorr,ox1_sta_corr,76,66,0,0,,
1202NH,final,Ox1_StaCorr,ox1_sta_corr,74,64,0,0,,
1203SH,final,Ox1_StaCorr,ox1_sta_corr,57,54,0,0,,
1207OS,final,Ox1_StaCorr,ox1_sta_corr,74,62,0,0,,
1210NH,final,Ox1_StaCorr,ox1_sta_corr,75,64,0,0,,
1301SH,final,Ox1_StaCorr,ox1_sta_corr,90,81,0,0,,
1304SH,final,Ox1_StaCorr,ox1_sta_corr,80,71,0,0,,
1307NH,final,Ox1_StaCorr,ox1_sta_corr,74,64,0,0,,
1311NH,final,Ox1_StaCorr,ox1_sta_corr,82,71,0,0,,
1402SH,final,Ox1_StaCorr,ox1_sta_corr,36,28,0,0,,
1404OS,final,Ox1_StaCorr,ox1_sta_corr,70,58,0,0,,
1407NH,final,Ox1_StaCorr,ox1_sta_corr,74,64,0,0,,
1411NH,final,Ox1_StaCorr,ox1_sta_corr,76,66,0,0,,
1501NH,final,Ox1_StaCorr,ox1_sta_corr,200,180,0,0,,
1504NH,final,Ox1_StaCorr,ox1_sta_corr,70,59,0,0,,
1507OC,final,Ox1_StaCorr,ox1_sta_corr,68,59,0,0,,
1511OC,final,Ox1_StaCorr,ox1_sta_corr,64,54,0,0,,
1601RL,final,Ox1_StaCorr,ox1_sta_corr,104,92,0,0,,
1604SH,final,Ox1_StaCorr,ox1_sta_corr,101,89,0,0,,
1607OS,final,Ox1_StaCorr,ox1_sta_corr,68,58,0,0,,
1611SR,final,Ox1_StaCorr,ox1_sta_corr,75,64,0,0,,
1701RL,final,Ox1_StaCorr,ox1_sta_corr,150,128,0,0,,
1704SH,final,Ox1_StaCorr,ox1_sta_corr,208,182,0,0,,
1708SR,final,Ox1_StaCorr,ox1_sta_corr,73,63,0,0,,
1711SR,final,Ox1_StaCorr,ox1_sta_corr,74,63,0,0,,
1802SH,final,Ox1_StaCorr,ox1_sta_corr,45,43,0,0,,
1804SH,final,Ox1_StaCorr,ox1_sta_corr,103,91,0,0,,
1806SR,final,Ox1_StaCorr,ox1_sta_corr,72,64,0,0,,
1810SR,final,Ox1_StaCorr,ox1_sta_corr,74,64,0,0,,
1902RL,final,Ox1_StaCorr,ox1_sta_corr,29,27,0,0,,
1904RL,final,Ox1_StaCorr,ox1_sta_corr,67,56,0,0,,
1907BH,final,Ox1_StaCorr,ox1_sta_corr,69,59,0,0,,
1911OC,final,Ox1_StaCorr,ox1_sta_corr,69,60,0,0,,
2001RL,final,Ox1_StaCorr,ox1_sta_corr,103,92,0,0,,
2007SR,final,Ox1_StaCorr,ox1_sta_corr,73,65,0,0,,
2010SR,final,Ox1_StaCorr,ox1_sta_corr,71,59,0,0,,
2101RL,final,Ox1_StaCorr,ox1_sta_corr,71,65,0,0,,
2105SH,final,Ox1_StaCorr,ox1_sta_corr,33,33,0,0,,
2107SR,preliminary_with_bottle,Ox1_StaCorr,ox1_sta_corr,71,61,0,0,,
2111SR,preliminary_with_bottle,Ox1_StaCorr,ox1_sta_corr,75,64,0,0,,
2204SH,preliminary_with_bottle,Ox1_StaCorr,ox1_sta_corr,95,84,0,0,,
2208BH,preliminary_with_bottle,Ox1_StaCorr,ox1_sta_corr,55,45,0,0,,
2211SR,preliminary_with_bottle,Ox1_StaCorr,ox1_sta_corr,65,55,0,0,,
2301RL,preliminary_with_bottle,Ox1_StaCorr,ox1_sta_corr,70,60,0,0,,
2304SH,preliminary_with_bottle,Ox1_StaCorr,ox1_sta_corr,113,100,0,0,,
2307SR,preliminary_with_bottle,Ox1_StaCorr,ox1_sta_corr,67,58,0,0,,
2311SR,preliminary_with_bottle,Ox1_StaCorr,ox1_sta_corr,70,59,0,0,,
2401RL,preliminary_with_bottle,Ox1_StaCorr,ox1_sta_corr,33,26,0,0,,
2408SR,preliminary_with_bottle,Ox1_StaCorr,ox1_sta_corr,75,65,0,0,,
2411SR,preliminary_with_bottle,Ox1_StaCorr,ox1_sta_corr,45,41,0,0,,
2501RL,preliminary_with_bottle,Ox1_StaCorr,ox1_sta_corr,116,104,0,0,,
2504SH,preliminary_with_bottle,Ox1_StaCorr,ox1_sta_corr,99,89,0,0,,
9308NH,final,Ox1_StaCorr,ox1_sta_corr,65,63,0,0,,
9310NH,final,Ox1_StaCorr,ox1_sta_corr,66,64,0,0,,
9401JD,final,Ox1_StaCorr,ox1_sta_corr,132,130,0,0,,
9403JD,final,Ox1_StaCorr,ox1_sta_corr,132,128,0,0,,
9408NH,final,Ox1_StaCorr,ox1_sta_corr,63,61,0,0,,
9410NH,final,Ox1_StaCorr,ox1_sta_corr,66,64,0,0,,
9501JD,final,Ox1_StaCorr,ox1_sta_corr,65,63,0,0,,
9504NH,final,Ox1_StaCorr,ox1_sta_corr,126,124,0,0,,
9507JD,final,Ox1_StaCorr,ox1_sta_corr,130,126,0,0,,
9510NH,final,Ox1_StaCorr,ox1_sta_corr,140,136,0,0,,
9602JD,final,Ox1_StaCorr,ox1_sta_corr,132,128,0,0,,
9604JD,final,Ox1_StaCorr,ox1_sta_corr,128,126,0,0,,
9608NH,final,Ox1_StaCorr,ox1_sta_corr,132,128,0,0,,
9610RR,final,Ox1_StaCorr,ox1_sta_corr,152,148,0,0,,
9702JD,final,Ox1_StaCorr,ox1_sta_corr,140,136,0,0,,
9704NH,final,Ox1_StaCorr,ox1_sta_corr,130,126,0,0,,
9707JD,final,Ox1_StaCorr,ox1_sta_corr,66,65,0,0,,
9709NH,final,Ox1_StaCorr,ox1_sta_corr,63,62,0,0,,
9712SP,final,Ox1_StaCorr,ox1_sta_corr,9,9,0,0,,
9802JD,final,Ox1_StaCorr,ox1_sta_corr,66,65,0,0,,
9803SP,final,Ox1_StaCorr,ox1_sta_corr,14,13,0,0,,
9804JD,final,Ox1_StaCorr,ox1_sta_corr,170,164,0,0,,
9805SP,final,Ox1_StaCorr,ox1_sta_corr,15,14,0,0,,
9806SP,final,Ox1_StaCorr,ox1_sta_corr,20,19,0,0,,
9807NH,final,Ox1_StaCorr,ox1_sta_corr,70,68,0,0,,
9808SP,final,Ox1_StaCorr,ox1_sta_corr,20,19,0,0,,
9809NH,final,Ox1_StaCorr,ox1_sta_corr,66,63,0,0,,
9810SP,final,Ox1_StaCorr,ox1_sta_corr,19,18,0,0,,
9811SP,final,Ox1_StaCorr,ox1_sta_corr,20,19,0,0,,
9812SP,final,Ox1_StaCorr,ox1_sta_corr,16,15,0,0,,
9901RR,final,Ox1_StaCorr,ox1_sta_corr,65,64,0,0,,
9904JD,final,Ox1_StaCorr,ox1_sta_corr,66,63,0,0,,
9908NH,final,Ox1_StaCorr,ox1_sta_corr,66,65,0,0,,
9910NH,final,Ox1_StaCorr,ox1_sta_corr,66,65,0,0,,
0801JD,final,Ox1uM_CruiseCorr,ox1u_m_cruise_corr,210,192,192,100,0,0
0804JD,final,Ox1uM_CruiseCorr,ox1u_m_cruise_corr,80,76,76,100,0,0
0711NH,final,Ox1uM_CruiseCorr,ox1u_m_cruise_corr,67,61,61,100,0,0
0001NH,final,Ox1uM_CruiseCorr,ox1u_m_cruise_corr,66,65,0,0,,
0004JD,final,Ox1uM_CruiseCorr,ox1u_m_cruise_corr,66,64,0,0,,
0007NH,final,Ox1uM_CruiseCorr,ox1u_m_cruise_corr,66,64,0,0,,
0010NH,final,Ox1uM_CruiseCorr,ox1u_m_cruise_corr,62,61,0,0,,
0101JD,final,Ox1uM_CruiseCorr,ox1u_m_cruise_corr,65,62,0,0,,
0104JD,final,Ox1uM_CruiseCorr,ox1u_m_cruise_corr,67,64,0,0,,
0107NH,final,Ox1uM_CruiseCorr,ox1u_m_cruise_corr,61,59,0,0,,
0110NH,final,Ox1uM_CruiseCorr,ox1u_m_cruise_corr,66,64,0,0,,
0201JD,final,Ox1uM_CruiseCorr,ox1u_m_cruise_corr,66,63,0,0,,
0204JD,final,Ox1uM_CruiseCorr,ox1u_m_cruise_corr,134,128,0,0,,
0207NH,final,Ox1uM_CruiseCorr,ox1u_m_cruise_corr,66,64,0,0,,
0211NH,final,Ox1uM_CruiseCorr,ox1u_m_cruise_corr,66,65,0,0,,
0302JD,final,Ox1uM_CruiseCorr,ox1u_m_cruise_corr,192,184,0,0,,
0304RR,final,Ox1uM_CruiseCorr,ox1u_m_cruise_corr,67,63,0,0,,
0307NH,final,Ox1uM_CruiseCorr,ox1u_m_cruise_corr,63,62,0,0,,
0310NH,final,Ox1uM_CruiseCorr,ox1u_m_cruise_corr,66,64,0,0,,
0401JD,final,Ox1uM_CruiseCorr,ox1u_m_cruise_corr,98,94,0,0,,
0404NHJD,final,Ox1uM_CruiseCorr,ox1u_m_cruise_corr,93,90,0,0,,
0407JD,final,Ox1uM_CruiseCorr,ox1u_m_cruise_corr,148,130,0,0,,
0411RR,final,Ox1uM_CruiseCorr,ox1u_m_cruise_corr,72,60,0,0,,
0501NH,final,Ox1uM_CruiseCorr,ox1u_m_cruise_corr,75,64,0,0,,
0504NH,final,Ox1uM_CruiseCorr,ox1u_m_cruise_corr,75,63,0,0,,
0507NH,final,Ox1uM_CruiseCorr,ox1u_m_cruise_corr,74,63,0,0,,
0511NH,final,Ox1uM_CruiseCorr,ox1u_m_cruise_corr,72,60,0,0,,
0602JD,final,Ox1uM_CruiseCorr,ox1u_m_cruise_corr,96,85,0,0,,
0604NH,final,Ox1uM_CruiseCorr,ox1u_m_cruise_corr,76,65,0,0,,
0607NH,final,Ox1uM_CruiseCorr,ox1u_m_cruise_corr,74,64,0,0,,
0610RR,final,Ox1uM_CruiseCorr,ox1u_m_cruise_corr,76,66,0,0,,
0701JD,final,Ox1uM_CruiseCorr,ox1u_m_cruise_corr,84,75,0,0,,
0704JD,final,Ox1uM_CruiseCorr,ox1u_m_cruise_corr,79,73,0,0,,
0707NH,final,Ox1uM_CruiseCorr,ox1u_m_cruise_corr,146,126,0,0,,
0808NH,final,Ox1uM_CruiseCorr,ox1u_m_cruise_corr,69,64,0,0,,
0810NH,final,Ox1uM_CruiseCorr,ox1u_m_cruise_corr,73,64,0,0,,
0901NH,final,Ox1uM_CruiseCorr,ox1u_m_cruise_corr,75,64,0,0,,
0903JD,final,Ox1uM_CruiseCorr,ox1u_m_cruise_corr,71,61,0,0,,
0907M2,final,Ox1uM_CruiseCorr,ox1u_m_cruise_corr,101,89,0,0,,
0911NH,final,Ox1uM_CruiseCorr,ox1u_m_cruise_corr,75,64,0,0,,
1001NH,final,Ox1uM_CruiseCorr,ox1u_m_cruise_corr,92,83,0,0,,
1004MF,final,Ox1uM_CruiseCorr,ox1u_m_cruise_corr,75,69,0,0,,
1008NH,final,Ox1uM_CruiseCorr,ox1u_m_cruise_corr,76,66,0,0,,
1011NH,final,Ox1uM_CruiseCorr,ox1u_m_cruise_corr,67,57,0,0,,
1101NH,final,Ox1uM_CruiseCorr,ox1u_m_cruise_corr,105,93,0,0,,
1104SH,final,Ox1uM_CruiseCorr,ox1u_m_cruise_corr,134,114,0,0,,
1108NH,final,Ox1uM_CruiseCorr,ox1u_m_cruise_corr,72,64,0,0,,
1110NH,final,Ox1uM_CruiseCorr,ox1u_m_cruise_corr,76,66,0,0,,
1202NH,final,Ox1uM_CruiseCorr,ox1u_m_cruise_corr,74,64,0,0,,
1203SH,final,Ox1uM_CruiseCorr,ox1u_m_cruise_corr,57,54,0,0,,
1207OS,final,Ox1uM_CruiseCorr,ox1u_m_cruise_corr,75,63,0,0,,
1301SH,final,Ox1uM_CruiseCorr,ox1u_m_cruise_corr,90,81,0,0,,
1304SH,final,Ox1uM_CruiseCorr,ox1u_m_cruise_corr,80,71,0,0,,
1307NH,final,Ox1uM_CruiseCorr,ox1u_m_cruise_corr,74,64,0,0,,
1311NH,final,Ox1uM_CruiseCorr,ox1u_m_cruise_corr,82,71,0,0,,
1402SH,final,Ox1uM_CruiseCorr,ox1u_m_cruise_corr,36,28,0,0,,
1404OS,final,Ox1uM_CruiseCorr,ox1u_m_cruise_corr,70,58,0,0,,
1407NH,final,Ox1uM_CruiseCorr,ox1u_m_cruise_corr,75,65,0,0,,
1411NH,final,Ox1uM_CruiseCorr,ox1u_m_cruise_corr,76,66,0,0,,
1501NH,final,Ox1uM_CruiseCorr,ox1u_m_cruise_corr,200,180,0,0,,
1504NH,final,Ox1uM_CruiseCorr,ox1u_m_cruise_corr,70,59,0,0,,
1507OC,final,Ox1uM_CruiseCorr,ox1u_m_cruise_corr,68,59,0,0,,
1511OC,final,Ox1uM_CruiseCorr,ox1u_m_cruise_corr,67,56,0,0,,
1601RL,final,Ox1uM_CruiseCorr,ox1u_m_cruise_corr,104,92,0,0,,
1604SH,final,Ox1uM_CruiseCorr,ox1u_m_cruise_corr,101,89,0,0,,
1607OS,final,Ox1uM_CruiseCorr,ox1u_m_cruise_corr,68,58,0,0,,
1611SR,final,Ox1uM_CruiseCorr,ox1u_m_cruise_corr,75,64,0,0,,
1701RL,final,Ox1uM_CruiseCorr,ox1u_m_cruise_corr,164,140,0,0,,
1704SH,final,Ox1uM_CruiseCorr,ox1u_m_cruise_corr,208,182,0,0,,
1708SR,final,Ox1uM_CruiseCorr,ox1u_m_cruise_corr,73,63,0,0,,
1711SR,final,Ox1uM_CruiseCorr,ox1u_m_cruise_corr,74,63,0,0,,
1802SH,final,Ox1uM_CruiseCorr,ox1u_m_cruise_corr,45,43,0,0,,
1804SH,final,Ox1uM_CruiseCorr,ox1u_m_cruise_corr,103,91,0,0,,
1806SR,final,Ox1uM_CruiseCorr,ox1u_m_cruise_corr,72,64,0,0,,
1810SR,final,Ox1uM_CruiseCorr,ox1u_m_cruise_corr,74,64,0,0,,
1902RL,final,Ox1uM_CruiseCorr,ox1u_m_cruise_corr,29,27,0,0,,
1904RL,final,Ox1uM_CruiseCorr,ox1u_m_cruise_corr,68,57,0,0,,
1907BH,final,Ox1uM_CruiseCorr,ox1u_m_cruise_corr,70,59,0,0,,
2001RL,final,Ox1uM_CruiseCorr,ox1u_m_cruise_corr,104,92,0,0,,
2007SR,final,Ox1uM_CruiseCorr,ox1u_m_cruise_corr,75,65,0,0,,
2010SR,final,Ox1uM_CruiseCorr,ox1u_m_cruise_corr,71,59,0,0,,
2101RL,final,Ox1uM_CruiseCorr,ox1u_m_cruise_corr,78,66,0,0,,
2105SH,final,Ox1uM_CruiseCorr,ox1u_m_cruise_corr,44,40,0,0,,
2107SR,preliminary_with_bottle,Ox1uM_CruiseCorr,ox1u_m_cruise_corr,71,60,0,0,,
2111SR,preliminary_with_bottle,Ox1uM_CruiseCorr,ox1u_m_cruise_corr,75,64,0,0,,
2204SH,preliminary_with_bottle,Ox1uM_CruiseCorr,ox1u_m_cruise_corr,101,87,0,0,,
2208BH,preliminary_with_bottle,Ox1uM_CruiseCorr,ox1u_m_cruise_corr,55,45,0,0,,
2301RL,preliminary_with_bottle,Ox1uM_CruiseCorr,ox1u_m_cruise_corr,72,61,0,0,,
2304SH,preliminary_with_bottle,Ox1uM_CruiseCorr,ox1u_m_cruise_corr,113,100,0,0,,
2311SR,preliminary_with_bottle,Ox1uM_CruiseCorr,ox1u_m_cruise_corr,71,60,0,0,,
2401RL,preliminary_with_bottle,Ox1uM_CruiseCorr,ox1u_m_cruise_corr,33,26,0,0,,
2404SH,preliminary_with_bottle,Ox1uM_CruiseCorr,ox1u_m_cruise_corr,116,104,0,0,,
2408SR,preliminary_with_bottle,Ox1uM_CruiseCorr,ox1u_m_cruise_corr,75,65,0,0,,
2411SR,preliminary_with_bottle,Ox1uM_CruiseCorr,ox1u_m_cruise_corr,47,41,0,0,,
2501RL,preliminary_with_bottle,Ox1uM_CruiseCorr,ox1u_m_cruise_corr,116,104,0,0,,
2504SH,preliminary_with_bottle,Ox1uM_CruiseCorr,ox1u_m_cruise_corr,112,100,0,0,,
9308NH,final,Ox1uM_CruiseCorr,ox1u_m_cruise_corr,65,63,0,0,,
9310NH,final,Ox1uM_CruiseCorr,ox1u_m_cruise_corr,66,64,0,0,,
9401JD,final,Ox1uM_CruiseCorr,ox1u_m_cruise_corr,132,130,0,0,,
9403JD,final,Ox1uM_CruiseCorr,ox1u_m_cruise_corr,132,128,0,0,,
9408NH,final,Ox1uM_CruiseCorr,ox1u_m_cruise_corr,63,61,0,0,,
9410NH,final,Ox1uM_CruiseCorr,ox1u_m_cruise_corr,66,64,0,0,,
9501JD,final,Ox1uM_CruiseCorr,ox1u_m_cruise_corr,66,64,0,0,,
9504NH,final,Ox1uM_CruiseCorr,ox1u_m_cruise_corr,126,124,0,0,,
9507JD,final,Ox1uM_CruiseCorr,ox1u_m_cruise_corr,130,126,0,0,,
9510NH,final,Ox1uM_CruiseCorr,ox1u_m_cruise_corr,140,136,0,0,,
9602JD,final,Ox1uM_CruiseCorr,ox1u_m_cruise_corr,134,130,0,0,,
9604JD,final,Ox1uM_CruiseCorr,ox1u_m_cruise_corr,130,128,0,0,,
9608NH,final,Ox1uM_CruiseCorr,ox1u_m_cruise_corr,146,142,0,0,,
9610RR,final,Ox1uM_CruiseCorr,ox1u_m_cruise_corr,171,167,0,0,,
9702JD,final,Ox1uM_CruiseCorr,ox1u_m_cruise_corr,140,136,0,0,,
9704NH,final,Ox1uM_CruiseCorr,ox1u_m_cruise_corr,140,136,0,0,,
9707JD,final,Ox1uM_CruiseCorr,ox1u_m_cruise_corr,66,65,0,0,,
9709NH,final,Ox1uM_CruiseCorr,ox1u_m_cruise_corr,63,62,0,0,,
9712SP,final,Ox1uM_CruiseCorr,ox1u_m_cruise_corr,9,9,0,0,,
9802JD,final,Ox1uM_CruiseCorr,ox1u_m_cruise_corr,66,65,0,0,,
9803SP,final,Ox1uM_CruiseCorr,ox1u_m_cruise_corr,16,15,0,0,,
9804JD,final,Ox1uM_CruiseCorr,ox1u_m_cruise_corr,170,164,0,0,,
9805SP,final,Ox1uM_CruiseCorr,ox1u_m_cruise_corr,19,18,0,0,,
9806SP,final,Ox1uM_CruiseCorr,ox1u_m_cruise_corr,20,19,0,0,,
9807NH,final,Ox1uM_CruiseCorr,ox1u_m_cruise_corr,70,68,0,0,,
9808SP,final,Ox1uM_CruiseCorr,ox1u_m_cruise_corr,20,19,0,0,,
9809NH,final,Ox1uM_CruiseCorr,ox1u_m_cruise_corr,66,63,0,0,,
9810SP,final,Ox1uM_CruiseCorr,ox1u_m_cruise_corr,19,18,0,0,,
9811SP,final,Ox1uM_CruiseCorr,ox1u_m_cruise_corr,20,19,0,0,,
9812SP,final,Ox1uM_CruiseCorr,ox1u_m_cruise_corr,16,15,0,0,,
9901RR,final,Ox1uM_CruiseCorr,ox1u_m_cruise_corr,66,65,0,0,,
9904JD,final,Ox1uM_CruiseCorr,ox1u_m_cruise_corr,66,63,0,0,,
9908NH,final,Ox1uM_CruiseCorr,ox1u_m_cruise_corr,70,69,0,0,,
9910NH,final,Ox1uM_CruiseCorr,ox1u_m_cruise_corr,68,67,0,0,,
2404SH,preliminary_with_bottle,Ox1uM_StaCorr,ox1u_m_sta_corr,116,104,6,5.8,0,0
1004MF,final,Ox1uM_StaCorr,ox1u_m_sta_corr,74,68,2,2.9,0,0
0001NH,final,Ox1uM_StaCorr,ox1u_m_sta_corr,66,65,0,0,,
0004JD,final,Ox1uM_StaCorr,ox1u_m_sta_corr,66,64,0,0,,
0007NH,final,Ox1uM_StaCorr,ox1u_m_sta_corr,66,64,0,0,,
0010NH,final,Ox1uM_StaCorr,ox1u_m_sta_corr,60,59,0,0,,
0101JD,final,Ox1uM_StaCorr,ox1u_m_sta_corr,65,62,0,0,,
0104JD,final,Ox1uM_StaCorr,ox1u_m_sta_corr,66,64,0,0,,
0107NH,final,Ox1uM_StaCorr,ox1u_m_sta_corr,60,59,0,0,,
0110NH,final,Ox1uM_StaCorr,ox1u_m_sta_corr,66,64,0,0,,
0201JD,final,Ox1uM_StaCorr,ox1u_m_sta_corr,66,63,0,0,,
0204JD,final,Ox1uM_StaCorr,ox1u_m_sta_corr,130,126,0,0,,
0207NH,final,Ox1uM_StaCorr,ox1u_m_sta_corr,66,64,0,0,,
0211NH,final,Ox1uM_StaCorr,ox1u_m_sta_corr,66,65,0,0,,
0302JD,final,Ox1uM_StaCorr,ox1u_m_sta_corr,132,126,0,0,,
0304RR,final,Ox1uM_StaCorr,ox1u_m_sta_corr,67,63,0,0,,
0307NH,final,Ox1uM_StaCorr,ox1u_m_sta_corr,62,61,0,0,,
0310NH,final,Ox1uM_StaCorr,ox1u_m_sta_corr,66,64,0,0,,
0401JD,final,Ox1uM_StaCorr,ox1u_m_sta_corr,65,63,0,0,,
0404NHJD,final,Ox1uM_StaCorr,ox1u_m_sta_corr,66,64,0,0,,
0407JD,final,Ox1uM_StaCorr,ox1u_m_sta_corr,148,130,0,0,,
0411RR,final,Ox1uM_StaCorr,ox1u_m_sta_corr,64,56,0,0,,
0501NH,final,Ox1uM_StaCorr,ox1u_m_sta_corr,73,64,0,0,,
0504NH,final,Ox1uM_StaCorr,ox1u_m_sta_corr,75,63,0,0,,
0507NH,final,Ox1uM_StaCorr,ox1u_m_sta_corr,74,63,0,0,,
0511NH,final,Ox1uM_StaCorr,ox1u_m_sta_corr,72,60,0,0,,
0602JD,final,Ox1uM_StaCorr,ox1u_m_sta_corr,72,62,0,0,,
0604NH,final,Ox1uM_StaCorr,ox1u_m_sta_corr,76,65,0,0,,
0607NH,final,Ox1uM_StaCorr,ox1u_m_sta_corr,74,64,0,0,,
0610RR,final,Ox1uM_StaCorr,ox1u_m_sta_corr,75,65,0,0,,
0701JD,final,Ox1uM_StaCorr,ox1u_m_sta_corr,84,75,0,0,,
0704JD,final,Ox1uM_StaCorr,ox1u_m_sta_corr,79,73,0,0,,
0707NH,final,Ox1uM_StaCorr,ox1u_m_sta_corr,146,126,0,0,,
0711NH,final,Ox1uM_StaCorr,ox1u_m_sta_corr,67,61,0,0,,
0801JD,final,Ox1uM_StaCorr,ox1u_m_sta_corr,207,189,0,0,,
0804JD,final,Ox1uM_StaCorr,ox1u_m_sta_corr,80,76,0,0,,
0808NH,final,Ox1uM_StaCorr,ox1u_m_sta_corr,69,64,0,0,,
0810NH,final,Ox1uM_StaCorr,ox1u_m_sta_corr,73,64,0,0,,
0901NH,final,Ox1uM_StaCorr,ox1u_m_sta_corr,75,64,0,0,,
0903JD,final,Ox1uM_StaCorr,ox1u_m_sta_corr,71,61,0,0,,
0907M2,final,Ox1uM_StaCorr,ox1u_m_sta_corr,91,80,0,0,,
0911NH,final,Ox1uM_StaCorr,ox1u_m_sta_corr,75,64,0,0,,
1001NH,final,Ox1uM_StaCorr,ox1u_m_sta_corr,89,80,0,0,,
1008NH,final,Ox1uM_StaCorr,ox1u_m_sta_corr,76,66,0,0,,
1011NH,final,Ox1uM_StaCorr,ox1u_m_sta_corr,67,57,0,0,,
1101NH,final,Ox1uM_StaCorr,ox1u_m_sta_corr,105,93,0,0,,
1104SH,final,Ox1uM_StaCorr,ox1u_m_sta_corr,134,114,0,0,,
1108NH,final,Ox1uM_StaCorr,ox1u_m_sta_corr,72,64,0,0,,
1110NH,final,Ox1uM_StaCorr,ox1u_m_sta_corr,76,66,0,0,,
1202NH,final,Ox1uM_StaCorr,ox1u_m_sta_corr,74,64,0,0,,
1203SH,final,Ox1uM_StaCorr,ox1u_m_sta_corr,57,54,0,0,,
1207OS,final,Ox1uM_StaCorr,ox1u_m_sta_corr,74,62,0,0,,
1301SH,final,Ox1uM_StaCorr,ox1u_m_sta_corr,90,81,0,0,,
1304SH,final,Ox1uM_StaCorr,ox1u_m_sta_corr,80,71,0,0,,
1307NH,final,Ox1uM_StaCorr,ox1u_m_sta_corr,74,64,0,0,,
1311NH,final,Ox1uM_StaCorr,ox1u_m_sta_corr,82,71,0,0,,
1402SH,final,Ox1uM_StaCorr,ox1u_m_sta_corr,36,28,0,0,,
1404OS,final,Ox1uM_StaCorr,ox1u_m_sta_corr,70,58,0,0,,
1407NH,final,Ox1uM_StaCorr,ox1u_m_sta_corr,75,65,0,0,,
1411NH,final,Ox1uM_StaCorr,ox1u_m_sta_corr,76,66,0,0,,
1501NH,final,Ox1uM_StaCorr,ox1u_m_sta_corr,200,180,0,0,,
1504NH,final,Ox1uM_StaCorr,ox1u_m_sta_corr,70,59,0,0,,
1507OC,final,Ox1uM_StaCorr,ox1u_m_sta_corr,68,59,0,0,,
1511OC,final,Ox1uM_StaCorr,ox1u_m_sta_corr,65,55,0,0,,
1601RL,final,Ox1uM_StaCorr,ox1u_m_sta_corr,104,92,0,0,,
1604SH,final,Ox1uM_StaCorr,ox1u_m_sta_corr,101,89,0,0,,
1607OS,final,Ox1uM_StaCorr,ox1u_m_sta_corr,68,58,0,0,,
1611SR,final,Ox1uM_StaCorr,ox1u_m_sta_corr,75,64,0,0,,
1701RL,final,Ox1uM_StaCorr,ox1u_m_sta_corr,151,128,0,0,,
1704SH,final,Ox1uM_StaCorr,ox1u_m_sta_corr,208,182,0,0,,
1708SR,final,Ox1uM_StaCorr,ox1u_m_sta_corr,73,63,0,0,,
1711SR,final,Ox1uM_StaCorr,ox1u_m_sta_corr,74,63,0,0,,
1802SH,final,Ox1uM_StaCorr,ox1u_m_sta_corr,45,43,0,0,,
1804SH,final,Ox1uM_StaCorr,ox1u_m_sta_corr,103,91,0,0,,
1806SR,final,Ox1uM_StaCorr,ox1u_m_sta_corr,72,64,0,0,,
1810SR,final,Ox1uM_StaCorr,ox1u_m_sta_corr,74,64,0,0,,
1902RL,final,Ox1uM_StaCorr,ox1u_m_sta_corr,29,27,0,0,,
1904RL,final,Ox1uM_StaCorr,ox1u_m_sta_corr,67,56,0,0,,
1907BH,final,Ox1uM_StaCorr,ox1u_m_sta_corr,70,59,0,0,,
2001RL,final,Ox1uM_StaCorr,ox1u_m_sta_corr,104,92,0,0,,
2007SR,final,Ox1uM_StaCorr,ox1u_m_sta_corr,75,65,0,0,,
2010SR,final,Ox1uM_StaCorr,ox1u_m_sta_corr,71,59,0,0,,
2101RL,final,Ox1uM_StaCorr,ox1u_m_sta_corr,75,65,0,0,,
2105SH,final,Ox1uM_StaCorr,ox1u_m_sta_corr,44,40,0,0,,
2107SR,preliminary_with_bottle,Ox1uM_StaCorr,ox1u_m_sta_corr,71,61,0,0,,
2111SR,preliminary_with_bottle,Ox1uM_StaCorr,ox1u_m_sta_corr,75,64,0,0,,
2204SH,preliminary_with_bottle,Ox1uM_StaCorr,ox1u_m_sta_corr,101,87,0,0,,
2208BH,preliminary_with_bottle,Ox1uM_StaCorr,ox1u_m_sta_corr,55,45,0,0,,
2301RL,preliminary_with_bottle,Ox1uM_StaCorr,ox1u_m_sta_corr,71,60,0,0,,
2304SH,preliminary_with_bottle,Ox1uM_StaCorr,ox1u_m_sta_corr,113,100,0,0,,
2311SR,preliminary_with_bottle,Ox1uM_StaCorr,ox1u_m_sta_corr,70,59,0,0,,
2401RL,preliminary_with_bottle,Ox1uM_StaCorr,ox1u_m_sta_corr,33,26,0,0,,
2408SR,preliminary_with_bottle,Ox1uM_StaCorr,ox1u_m_sta_corr,75,65,0,0,,
2411SR,preliminary_with_bottle,Ox1uM_StaCorr,ox1u_m_sta_corr,46,41,0,0,,
2501RL,preliminary_with_bottle,Ox1uM_StaCorr,ox1u_m_sta_corr,116,104,0,0,,
2504SH,preliminary_with_bottle,Ox1uM_StaCorr,ox1u_m_sta_corr,112,100,0,0,,
9308NH,final,Ox1uM_StaCorr,ox1u_m_sta_corr,65,63,0,0,,
9310NH,final,Ox1uM_StaCorr,ox1u_m_sta_corr,66,64,0,0,,
9401JD,final,Ox1uM_StaCorr,ox1u_m_sta_corr,132,130,0,0,,
9403JD,final,Ox1uM_StaCorr,ox1u_m_sta_corr,132,128,0,0,,
9408NH,final,Ox1uM_StaCorr,ox1u_m_sta_corr,63,61,0,0,,
9410NH,final,Ox1uM_StaCorr,ox1u_m_sta_corr,66,64,0,0,,
9501JD,final,Ox1uM_StaCorr,ox1u_m_sta_corr,65,63,0,0,,
9504NH,final,Ox1uM_StaCorr,ox1u_m_sta_corr,126,124,0,0,,
9507JD,final,Ox1uM_StaCorr,ox1u_m_sta_corr,130,126,0,0,,
9510NH,final,Ox1uM_StaCorr,ox1u_m_sta_corr,140,136,0,0,,
9602JD,final,Ox1uM_StaCorr,ox1u_m_sta_corr,132,128,0,0,,
9604JD,final,Ox1uM_StaCorr,ox1u_m_sta_corr,128,126,0,0,,
9608NH,final,Ox1uM_StaCorr,ox1u_m_sta_corr,132,128,0,0,,
9610RR,final,Ox1uM_StaCorr,ox1u_m_sta_corr,152,148,0,0,,
9702JD,final,Ox1uM_StaCorr,ox1u_m_sta_corr,140,136,0,0,,
9704NH,final,Ox1uM_StaCorr,ox1u_m_sta_corr,130,126,0,0,,
9707JD,final,Ox1uM_StaCorr,ox1u_m_sta_corr,66,65,0,0,,
9709NH,final,Ox1uM_StaCorr,ox1u_m_sta_corr,63,62,0,0,,
9712SP,final,Ox1uM_StaCorr,ox1u_m_sta_corr,9,9,0,0,,
9803SP,final,Ox1uM_StaCorr,ox1u_m_sta_corr,14,13,0,0,,
9805SP,final,Ox1uM_StaCorr,ox1u_m_sta_corr,15,14,0,0,,
9806SP,final,Ox1uM_StaCorr,ox1u_m_sta_corr,20,19,0,0,,
9808SP,final,Ox1uM_StaCorr,ox1u_m_sta_corr,20,19,0,0,,
9809NH,final,Ox1uM_StaCorr,ox1u_m_sta_corr,66,63,0,0,,
9810SP,final,Ox1uM_StaCorr,ox1u_m_sta_corr,19,18,0,0,,
9811SP,final,Ox1uM_StaCorr,ox1u_m_sta_corr,20,19,0,0,,
9812SP,final,Ox1uM_StaCorr,ox1u_m_sta_corr,16,15,0,0,,
9901RR,final,Ox1uM_StaCorr,ox1u_m_sta_corr,65,64,0,0,,
9904JD,final,Ox1uM_StaCorr,ox1u_m_sta_corr,66,63,0,0,,
9908NH,final,Ox1uM_StaCorr,ox1u_m_sta_corr,66,65,0,0,,
9910NH,final,Ox1uM_StaCorr,ox1u_m_sta_corr,66,65,0,0,,
0907M2,final,Ox2_CruiseCorr,ox2_cruise_corr,101,89,0,0,,
0911NH,final,Ox2_CruiseCorr,ox2_cruise_corr,75,64,0,0,,
1001NH,final,Ox2_CruiseCorr,ox2_cruise_corr,92,83,0,0,,
1004MF,final,Ox2_CruiseCorr,ox2_cruise_corr,75,69,0,0,,
1008NH,final,Ox2_CruiseCorr,ox2_cruise_corr,76,66,0,0,,
1011NH,final,Ox2_CruiseCorr,ox2_cruise_corr,67,57,0,0,,
1101NH,final,Ox2_CruiseCorr,ox2_cruise_corr,105,93,0,0,,
1104SH,final,Ox2_CruiseCorr,ox2_cruise_corr,134,114,0,0,,
1108NH,final,Ox2_CruiseCorr,ox2_cruise_corr,72,64,0,0,,
1110NH,final,Ox2_CruiseCorr,ox2_cruise_corr,76,66,0,0,,
1202NH,final,Ox2_CruiseCorr,ox2_cruise_corr,74,64,0,0,,
1203SH,final,Ox2_CruiseCorr,ox2_cruise_corr,57,54,0,0,,
1207OS,final,Ox2_CruiseCorr,ox2_cruise_corr,75,63,0,0,,
1301SH,final,Ox2_CruiseCorr,ox2_cruise_corr,90,81,0,0,,
1304SH,final,Ox2_CruiseCorr,ox2_cruise_corr,80,71,0,0,,
1307NH,final,Ox2_CruiseCorr,ox2_cruise_corr,74,64,0,0,,
1311NH,final,Ox2_CruiseCorr,ox2_cruise_corr,82,71,0,0,,
1402SH,final,Ox2_CruiseCorr,ox2_cruise_corr,36,28,0,0,,
1404OS,final,Ox2_CruiseCorr,ox2_cruise_corr,70,58,0,0,,
1407NH,final,Ox2_CruiseCorr,ox2_cruise_corr,75,65,0,0,,
1411NH,final,Ox2_CruiseCorr,ox2_cruise_corr,76,66,0,0,,
1501NH,final,Ox2_CruiseCorr,ox2_cruise_corr,112,94,0,0,,
1504NH,final,Ox2_CruiseCorr,ox2_cruise_corr,70,59,0,0,,
1507OC,final,Ox2_CruiseCorr,ox2_cruise_corr,70,61,0,0,,
1511OC,final,Ox2_CruiseCorr,ox2_cruise_corr,70,59,0,0,,
1601RL,final,Ox2_CruiseCorr,ox2_cruise_corr,104,92,0,0,,
1604SH,final,Ox2_CruiseCorr,ox2_cruise_corr,101,89,0,0,,
1607OS,final,Ox2_CruiseCorr,ox2_cruise_corr,68,58,0,0,,
1611SR,final,Ox2_CruiseCorr,ox2_cruise_corr,75,64,0,0,,
1701RL,final,Ox2_CruiseCorr,ox2_cruise_corr,164,140,0,0,,
1704SH,final,Ox2_CruiseCorr,ox2_cruise_corr,208,182,0,0,,
1708SR,final,Ox2_CruiseCorr,ox2_cruise_corr,73,63,0,0,,
1711SR,final,Ox2_CruiseCorr,ox2_cruise_corr,74,63,0,0,,
1802SH,final,Ox2_CruiseCorr,ox2_cruise_corr,45,43,0,0,,
1804SH,final,Ox2_CruiseCorr,ox2_cruise_corr,103,91,0,0,,
1806SR,final,Ox2_CruiseCorr,ox2_cruise_corr,72,64,0,0,,
1810SR,final,Ox2_CruiseCorr,ox2_cruise_corr,74,64,0,0,,
1902RL,final,Ox2_CruiseCorr,ox2_cruise_corr,29,27,0,0,,
1904RL,final,Ox2_CruiseCorr,ox2_cruise_corr,68,57,0,0,,
1907BH,final,Ox2_CruiseCorr,ox2_cruise_corr,70,59,0,0,,
1911OC,final,Ox2_CruiseCorr,ox2_cruise_corr,75,64,0,0,,
2001RL,final,Ox2_CruiseCorr,ox2_cruise_corr,104,92,0,0,,
2007SR,final,Ox2_CruiseCorr,ox2_cruise_corr,75,65,0,0,,
2010SR,final,Ox2_CruiseCorr,ox2_cruise_corr,71,59,0,0,,
2101RL,final,Ox2_CruiseCorr,ox2_cruise_corr,78,66,0,0,,
2105SH,final,Ox2_CruiseCorr,ox2_cruise_corr,44,40,0,0,,
2107SR,preliminary_with_bottle,Ox2_CruiseCorr,ox2_cruise_corr,71,61,0,0,,
2111SR,preliminary_with_bottle,Ox2_CruiseCorr,ox2_cruise_corr,75,64,0,0,,
2204SH,preliminary_with_bottle,Ox2_CruiseCorr,ox2_cruise_corr,101,87,0,0,,
2208BH,preliminary_with_bottle,Ox2_CruiseCorr,ox2_cruise_corr,55,45,0,0,,
2211SR,preliminary_with_bottle,Ox2_CruiseCorr,ox2_cruise_corr,73,62,0,0,,
2301RL,preliminary_with_bottle,Ox2_CruiseCorr,ox2_cruise_corr,72,61,0,0,,
2304SH,preliminary_with_bottle,Ox2_CruiseCorr,ox2_cruise_corr,113,100,0,0,,
2307SR,preliminary_with_bottle,Ox2_CruiseCorr,ox2_cruise_corr,56,50,0,0,,
2311SR,preliminary_with_bottle,Ox2_CruiseCorr,ox2_cruise_corr,71,60,0,0,,
2401RL,preliminary_with_bottle,Ox2_CruiseCorr,ox2_cruise_corr,33,26,0,0,,
2404SH,preliminary_with_bottle,Ox2_CruiseCorr,ox2_cruise_corr,116,104,0,0,,
2408SR,preliminary_with_bottle,Ox2_CruiseCorr,ox2_cruise_corr,75,65,0,0,,
2411SR,preliminary_with_bottle,Ox2_CruiseCorr,ox2_cruise_corr,47,41,0,0,,
2501RL,preliminary_with_bottle,Ox2_CruiseCorr,ox2_cruise_corr,116,104,0,0,,
2502RL,preliminary_with_bottle,Ox2_CruiseCorr,ox2_cruise_corr,3,2,0,0,,
2504SH,preliminary_with_bottle,Ox2_CruiseCorr,ox2_cruise_corr,113,101,0,0,,
9901RR,final,Ox2_CruiseCorr,ox2_cruise_corr,32,32,0,0,,
2404SH,preliminary_with_bottle,Ox2_StaCorr,ox2_sta_corr,112,100,2,2,0,0
0907M2,final,Ox2_StaCorr,ox2_sta_corr,91,80,0,0,,
0911NH,final,Ox2_StaCorr,ox2_sta_corr,75,64,0,0,,
1001NH,final,Ox2_StaCorr,ox2_sta_corr,89,80,0,0,,
1004MF,final,Ox2_StaCorr,ox2_sta_corr,74,68,0,0,,
1008NH,final,Ox2_StaCorr,ox2_sta_corr,76,66,0,0,,
1011NH,final,Ox2_StaCorr,ox2_sta_corr,67,57,0,0,,
1101NH,final,Ox2_StaCorr,ox2_sta_corr,105,93,0,0,,
1104SH,final,Ox2_StaCorr,ox2_sta_corr,134,114,0,0,,
1108NH,final,Ox2_StaCorr,ox2_sta_corr,72,64,0,0,,
1110NH,final,Ox2_StaCorr,ox2_sta_corr,76,66,0,0,,
1202NH,final,Ox2_StaCorr,ox2_sta_corr,74,64,0,0,,
1203SH,final,Ox2_StaCorr,ox2_sta_corr,57,54,0,0,,
1207OS,final,Ox2_StaCorr,ox2_sta_corr,74,62,0,0,,
1301SH,final,Ox2_StaCorr,ox2_sta_corr,90,81,0,0,,
1304SH,final,Ox2_StaCorr,ox2_sta_corr,80,71,0,0,,
1307NH,final,Ox2_StaCorr,ox2_sta_corr,74,64,0,0,,
1311NH,final,Ox2_StaCorr,ox2_sta_corr,82,71,0,0,,
1402SH,final,Ox2_StaCorr,ox2_sta_corr,36,28,0,0,,
1404OS,final,Ox2_StaCorr,ox2_sta_corr,70,58,0,0,,
1407NH,final,Ox2_StaCorr,ox2_sta_corr,74,64,0,0,,
1411NH,final,Ox2_StaCorr,ox2_sta_corr,76,66,0,0,,
1501NH,final,Ox2_StaCorr,ox2_sta_corr,112,94,0,0,,
1504NH,final,Ox2_StaCorr,ox2_sta_corr,70,59,0,0,,
1507OC,final,Ox2_StaCorr,ox2_sta_corr,70,61,0,0,,
1511OC,final,Ox2_StaCorr,ox2_sta_corr,67,57,0,0,,
1601RL,final,Ox2_StaCorr,ox2_sta_corr,104,92,0,0,,
1604SH,final,Ox2_StaCorr,ox2_sta_corr,101,89,0,0,,
1607OS,final,Ox2_StaCorr,ox2_sta_corr,68,58,0,0,,
1611SR,final,Ox2_StaCorr,ox2_sta_corr,75,64,0,0,,
1701RL,final,Ox2_StaCorr,ox2_sta_corr,150,128,0,0,,
1704SH,final,Ox2_StaCorr,ox2_sta_corr,208,182,0,0,,
1708SR,final,Ox2_StaCorr,ox2_sta_corr,73,63,0,0,,
1711SR,final,Ox2_StaCorr,ox2_sta_corr,74,63,0,0,,
1802SH,final,Ox2_StaCorr,ox2_sta_corr,45,43,0,0,,
1804SH,final,Ox2_StaCorr,ox2_sta_corr,103,91,0,0,,
1806SR,final,Ox2_StaCorr,ox2_sta_corr,72,64,0,0,,
1810SR,final,Ox2_StaCorr,ox2_sta_corr,74,64,0,0,,
1902RL,final,Ox2_StaCorr,ox2_sta_corr,29,27,0,0,,
1904RL,final,Ox2_StaCorr,ox2_sta_corr,67,56,0,0,,
1907BH,final,Ox2_StaCorr,ox2_sta_corr,69,59,0,0,,
1911OC,final,Ox2_StaCorr,ox2_sta_corr,74,64,0,0,,
2001RL,final,Ox2_StaCorr,ox2_sta_corr,103,92,0,0,,
2007SR,final,Ox2_StaCorr,ox2_sta_corr,73,65,0,0,,
2010SR,final,Ox2_StaCorr,ox2_sta_corr,71,59,0,0,,
2101RL,final,Ox2_StaCorr,ox2_sta_corr,71,65,0,0,,
2105SH,final,Ox2_StaCorr,ox2_sta_corr,33,33,0,0,,
2107SR,preliminary_with_bottle,Ox2_StaCorr,ox2_sta_corr,71,61,0,0,,
2111SR,preliminary_with_bottle,Ox2_StaCorr,ox2_sta_corr,75,64,0,0,,
2204SH,preliminary_with_bottle,Ox2_StaCorr,ox2_sta_corr,95,84,0,0,,
2208BH,preliminary_with_bottle,Ox2_StaCorr,ox2_sta_corr,55,45,0,0,,
2211SR,preliminary_with_bottle,Ox2_StaCorr,ox2_sta_corr,72,62,0,0,,
2301RL,preliminary_with_bottle,Ox2_StaCorr,ox2_sta_corr,70,60,0,0,,
2304SH,preliminary_with_bottle,Ox2_StaCorr,ox2_sta_corr,113,100,0,0,,
2307SR,preliminary_with_bottle,Ox2_StaCorr,ox2_sta_corr,54,49,0,0,,
2311SR,preliminary_with_bottle,Ox2_StaCorr,ox2_sta_corr,70,59,0,0,,
2401RL,preliminary_with_bottle,Ox2_StaCorr,ox2_sta_corr,33,26,0,0,,
2408SR,preliminary_with_bottle,Ox2_StaCorr,ox2_sta_corr,75,65,0,0,,
2411SR,preliminary_with_bottle,Ox2_StaCorr,ox2_sta_corr,45,41,0,0,,
2501RL,preliminary_with_bottle,Ox2_StaCorr,ox2_sta_corr,116,104,0,0,,
2504SH,preliminary_with_bottle,Ox2_StaCorr,ox2_sta_corr,100,90,0,0,,
9901RR,final,Ox2_StaCorr,ox2_sta_corr,32,32,0,0,,
0907M2,final,Ox2uM_CruiseCorr,ox2u_m_cruise_corr,101,89,0,0,,
0911NH,final,Ox2uM_CruiseCorr,ox2u_m_cruise_corr,75,64,0,0,,
1001NH,final,Ox2uM_CruiseCorr,ox2u_m_cruise_corr,92,83,0,0,,
1004MF,final,Ox2uM_CruiseCorr,ox2u_m_cruise_corr,75,69,0,0,,
1008NH,final,Ox2uM_CruiseCorr,ox2u_m_cruise_corr,76,66,0,0,,
1011NH,final,Ox2uM_CruiseCorr,ox2u_m_cruise_corr,67,57,0,0,,
1101NH,final,Ox2uM_CruiseCorr,ox2u_m_cruise_corr,105,93,0,0,,
1104SH,final,Ox2uM_CruiseCorr,ox2u_m_cruise_corr,134,114,0,0,,
1108NH,final,Ox2uM_CruiseCorr,ox2u_m_cruise_corr,72,64,0,0,,
1110NH,final,Ox2uM_CruiseCorr,ox2u_m_cruise_corr,76,66,0,0,,
1202NH,final,Ox2uM_CruiseCorr,ox2u_m_cruise_corr,74,64,0,0,,
1203SH,final,Ox2uM_CruiseCorr,ox2u_m_cruise_corr,57,54,0,0,,
1207OS,final,Ox2uM_CruiseCorr,ox2u_m_cruise_corr,75,63,0,0,,
1301SH,final,Ox2uM_CruiseCorr,ox2u_m_cruise_corr,90,81,0,0,,
1304SH,final,Ox2uM_CruiseCorr,ox2u_m_cruise_corr,80,71,0,0,,
1307NH,final,Ox2uM_CruiseCorr,ox2u_m_cruise_corr,74,64,0,0,,
1311NH,final,Ox2uM_CruiseCorr,ox2u_m_cruise_corr,82,71,0,0,,
1402SH,final,Ox2uM_CruiseCorr,ox2u_m_cruise_corr,36,28,0,0,,
1404OS,final,Ox2uM_CruiseCorr,ox2u_m_cruise_corr,70,58,0,0,,
1407NH,final,Ox2uM_CruiseCorr,ox2u_m_cruise_corr,75,65,0,0,,
1411NH,final,Ox2uM_CruiseCorr,ox2u_m_cruise_corr,76,66,0,0,,
1501NH,final,Ox2uM_CruiseCorr,ox2u_m_cruise_corr,112,94,0,0,,
1504NH,final,Ox2uM_CruiseCorr,ox2u_m_cruise_corr,70,59,0,0,,
1507OC,final,Ox2uM_CruiseCorr,ox2u_m_cruise_corr,68,59,0,0,,
1511OC,final,Ox2uM_CruiseCorr,ox2u_m_cruise_corr,70,59,0,0,,
1601RL,final,Ox2uM_CruiseCorr,ox2u_m_cruise_corr,104,92,0,0,,
1604SH,final,Ox2uM_CruiseCorr,ox2u_m_cruise_corr,101,89,0,0,,
1607OS,final,Ox2uM_CruiseCorr,ox2u_m_cruise_corr,68,58,0,0,,
1611SR,final,Ox2uM_CruiseCorr,ox2u_m_cruise_corr,75,64,0,0,,
1701RL,final,Ox2uM_CruiseCorr,ox2u_m_cruise_corr,164,140,0,0,,
1704SH,final,Ox2uM_CruiseCorr,ox2u_m_cruise_corr,208,182,0,0,,
1708SR,final,Ox2uM_CruiseCorr,ox2u_m_cruise_corr,73,63,0,0,,
1711SR,final,Ox2uM_CruiseCorr,ox2u_m_cruise_corr,74,63,0,0,,
1802SH,final,Ox2uM_CruiseCorr,ox2u_m_cruise_corr,45,43,0,0,,
1804SH,final,Ox2uM_CruiseCorr,ox2u_m_cruise_corr,103,91,0,0,,
1806SR,final,Ox2uM_CruiseCorr,ox2u_m_cruise_corr,72,64,0,0,,
1810SR,final,Ox2uM_CruiseCorr,ox2u_m_cruise_corr,74,64,0,0,,
1902RL,final,Ox2uM_CruiseCorr,ox2u_m_cruise_corr,29,27,0,0,,
1904RL,final,Ox2uM_CruiseCorr,ox2u_m_cruise_corr,68,57,0,0,,
1907BH,final,Ox2uM_CruiseCorr,ox2u_m_cruise_corr,70,59,0,0,,
2001RL,final,Ox2uM_CruiseCorr,ox2u_m_cruise_corr,104,92,0,0,,
2007SR,final,Ox2uM_CruiseCorr,ox2u_m_cruise_corr,75,65,0,0,,
2010SR,final,Ox2uM_CruiseCorr,ox2u_m_cruise_corr,71,59,0,0,,
2101RL,final,Ox2uM_CruiseCorr,ox2u_m_cruise_corr,78,66,0,0,,
2105SH,final,Ox2uM_CruiseCorr,ox2u_m_cruise_corr,44,40,0,0,,
2107SR,preliminary_with_bottle,Ox2uM_CruiseCorr,ox2u_m_cruise_corr,71,60,0,0,,
2111SR,preliminary_with_bottle,Ox2uM_CruiseCorr,ox2u_m_cruise_corr,75,64,0,0,,
2204SH,preliminary_with_bottle,Ox2uM_CruiseCorr,ox2u_m_cruise_corr,101,87,0,0,,
2208BH,preliminary_with_bottle,Ox2uM_CruiseCorr,ox2u_m_cruise_corr,55,45,0,0,,
2301RL,preliminary_with_bottle,Ox2uM_CruiseCorr,ox2u_m_cruise_corr,72,61,0,0,,
2304SH,preliminary_with_bottle,Ox2uM_CruiseCorr,ox2u_m_cruise_corr,113,100,0,0,,
2311SR,preliminary_with_bottle,Ox2uM_CruiseCorr,ox2u_m_cruise_corr,71,60,0,0,,
2401RL,preliminary_with_bottle,Ox2uM_CruiseCorr,ox2u_m_cruise_corr,33,26,0,0,,
2404SH,preliminary_with_bottle,Ox2uM_CruiseCorr,ox2u_m_cruise_corr,116,104,0,0,,
2408SR,preliminary_with_bottle,Ox2uM_CruiseCorr,ox2u_m_cruise_corr,75,65,0,0,,
2411SR,preliminary_with_bottle,Ox2uM_CruiseCorr,ox2u_m_cruise_corr,47,41,0,0,,
2501RL,preliminary_with_bottle,Ox2uM_CruiseCorr,ox2u_m_cruise_corr,116,104,0,0,,
2504SH,preliminary_with_bottle,Ox2uM_CruiseCorr,ox2u_m_cruise_corr,113,101,0,0,,
9901RR,final,Ox2uM_CruiseCorr,ox2u_m_cruise_corr,32,32,0,0,,
2404SH,preliminary_with_bottle,Ox2uM_StaCorr,ox2u_m_sta_corr,112,100,2,2,0,0
1004MF,final,Ox2uM_StaCorr,ox2u_m_sta_corr,74,68,1,1.5,0,0
1101NH,final,Ox2uM_StaCorr,ox2u_m_sta_corr,105,93,1,1.1,0,0
0907M2,final,Ox2uM_StaCorr,ox2u_m_sta_corr,91,80,0,0,,
0911NH,final,Ox2uM_StaCorr,ox2u_m_sta_corr,75,64,0,0,,
1001NH,final,Ox2uM_StaCorr,ox2u_m_sta_corr,89,80,0,0,,
1008NH,final,Ox2uM_StaCorr,ox2u_m_sta_corr,76,66,0,0,,
1011NH,final,Ox2uM_StaCorr,ox2u_m_sta_corr,67,57,0,0,,
1104SH,final,Ox2uM_StaCorr,ox2u_m_sta_corr,134,114,0,0,,
1108NH,final,Ox2uM_StaCorr,ox2u_m_sta_corr,72,64,0,0,,
1110NH,final,Ox2uM_StaCorr,ox2u_m_sta_corr,76,66,0,0,,
1202NH,final,Ox2uM_StaCorr,ox2u_m_sta_corr,74,64,0,0,,
1203SH,final,Ox2uM_StaCorr,ox2u_m_sta_corr,57,54,0,0,,
1207OS,final,Ox2uM_StaCorr,ox2u_m_sta_corr,74,62,0,0,,
1301SH,final,Ox2uM_StaCorr,ox2u_m_sta_corr,90,81,0,0,,
1304SH,final,Ox2uM_StaCorr,ox2u_m_sta_corr,80,71,0,0,,
1307NH,final,Ox2uM_StaCorr,ox2u_m_sta_corr,74,64,0,0,,
1311NH,final,Ox2uM_StaCorr,ox2u_m_sta_corr,82,71,0,0,,
1402SH,final,Ox2uM_StaCorr,ox2u_m_sta_corr,36,28,0,0,,
1404OS,final,Ox2uM_StaCorr,ox2u_m_sta_corr,70,58,0,0,,
1407NH,final,Ox2uM_StaCorr,ox2u_m_sta_corr,75,65,0,0,,
1411NH,final,Ox2uM_StaCorr,ox2u_m_sta_corr,76,66,0,0,,
1501NH,final,Ox2uM_StaCorr,ox2u_m_sta_corr,112,94,0,0,,
1504NH,final,Ox2uM_StaCorr,ox2u_m_sta_corr,70,59,0,0,,
1507OC,final,Ox2uM_StaCorr,ox2u_m_sta_corr,70,61,0,0,,
1511OC,final,Ox2uM_StaCorr,ox2u_m_sta_corr,68,58,0,0,,
1601RL,final,Ox2uM_StaCorr,ox2u_m_sta_corr,104,92,0,0,,
1604SH,final,Ox2uM_StaCorr,ox2u_m_sta_corr,101,89,0,0,,
1607OS,final,Ox2uM_StaCorr,ox2u_m_sta_corr,68,58,0,0,,
1611SR,final,Ox2uM_StaCorr,ox2u_m_sta_corr,75,64,0,0,,
1701RL,final,Ox2uM_StaCorr,ox2u_m_sta_corr,150,128,0,0,,
1704SH,final,Ox2uM_StaCorr,ox2u_m_sta_corr,208,182,0,0,,
1708SR,final,Ox2uM_StaCorr,ox2u_m_sta_corr,73,63,0,0,,
1711SR,final,Ox2uM_StaCorr,ox2u_m_sta_corr,74,63,0,0,,
1802SH,final,Ox2uM_StaCorr,ox2u_m_sta_corr,45,43,0,0,,
1804SH,final,Ox2uM_StaCorr,ox2u_m_sta_corr,103,91,0,0,,
1806SR,final,Ox2uM_StaCorr,ox2u_m_sta_corr,72,64,0,0,,
1810SR,final,Ox2uM_StaCorr,ox2u_m_sta_corr,74,64,0,0,,
1902RL,final,Ox2uM_StaCorr,ox2u_m_sta_corr,29,27,0,0,,
1904RL,final,Ox2uM_StaCorr,ox2u_m_sta_corr,67,56,0,0,,
1907BH,final,Ox2uM_StaCorr,ox2u_m_sta_corr,70,59,0,0,,
2001RL,final,Ox2uM_StaCorr,ox2u_m_sta_corr,104,92,0,0,,
2007SR,final,Ox2uM_StaCorr,ox2u_m_sta_corr,75,65,0,0,,
2010SR,final,Ox2uM_StaCorr,ox2u_m_sta_corr,71,59,0,0,,
2101RL,final,Ox2uM_StaCorr,ox2u_m_sta_corr,75,65,0,0,,
2105SH,final,Ox2uM_StaCorr,ox2u_m_sta_corr,44,40,0,0,,
2107SR,preliminary_with_bottle,Ox2uM_StaCorr,ox2u_m_sta_corr,71,61,0,0,,
2111SR,preliminary_with_bottle,Ox2uM_StaCorr,ox2u_m_sta_corr,75,64,0,0,,
2204SH,preliminary_with_bottle,Ox2uM_StaCorr,ox2u_m_sta_corr,101,87,0,0,,
2208BH,preliminary_with_bottle,Ox2uM_StaCorr,ox2u_m_sta_corr,55,45,0,0,,
2301RL,preliminary_with_bottle,Ox2uM_StaCorr,ox2u_m_sta_corr,71,60,0,0,,
2304SH,preliminary_with_bottle,Ox2uM_StaCorr,ox2u_m_sta_corr,113,100,0,0,,
2311SR,preliminary_with_bottle,Ox2uM_StaCorr,ox2u_m_sta_corr,70,59,0,0,,
2401RL,preliminary_with_bottle,Ox2uM_StaCorr,ox2u_m_sta_corr,33,26,0,0,,
2408SR,preliminary_with_bottle,Ox2uM_StaCorr,ox2u_m_sta_corr,75,65,0,0,,
2411SR,preliminary_with_bottle,Ox2uM_StaCorr,ox2u_m_sta_corr,46,41,0,0,,
2501RL,preliminary_with_bottle,Ox2uM_StaCorr,ox2u_m_sta_corr,116,104,0,0,,
2504SH,preliminary_with_bottle,Ox2uM_StaCorr,ox2u_m_sta_corr,113,101,0,0,,
9901RR,final,Ox2uM_StaCorr,ox2u_m_sta_corr,32,32,0,0,,
2404SH,preliminary_with_bottle,OxAve_StaCorr,ox_ave_sta_corr,112,100,2,2,0,0
0001NH,final,OxAve_StaCorr,ox_ave_sta_corr,66,65,0,0,,
0004JD,final,OxAve_StaCorr,ox_ave_sta_corr,66,64,0,0,,
0007NH,final,OxAve_StaCorr,ox_ave_sta_corr,66,64,0,0,,
0010NH,final,OxAve_StaCorr,ox_ave_sta_corr,60,59,0,0,,
0101JD,final,OxAve_StaCorr,ox_ave_sta_corr,65,62,0,0,,
0104JD,final,OxAve_StaCorr,ox_ave_sta_corr,66,64,0,0,,
0107NH,final,OxAve_StaCorr,ox_ave_sta_corr,60,59,0,0,,
0110NH,final,OxAve_StaCorr,ox_ave_sta_corr,66,64,0,0,,
0201JD,final,OxAve_StaCorr,ox_ave_sta_corr,66,63,0,0,,
0204JD,final,OxAve_StaCorr,ox_ave_sta_corr,130,126,0,0,,
0207NH,final,OxAve_StaCorr,ox_ave_sta_corr,66,64,0,0,,
0211NH,final,OxAve_StaCorr,ox_ave_sta_corr,66,65,0,0,,
0302JD,final,OxAve_StaCorr,ox_ave_sta_corr,132,126,0,0,,
0304RR,final,OxAve_StaCorr,ox_ave_sta_corr,67,64,0,0,,
0307NH,final,OxAve_StaCorr,ox_ave_sta_corr,62,61,0,0,,
0310NH,final,OxAve_StaCorr,ox_ave_sta_corr,66,64,0,0,,
0401JD,final,OxAve_StaCorr,ox_ave_sta_corr,65,63,0,0,,
0404NHJD,final,OxAve_StaCorr,ox_ave_sta_corr,66,64,0,0,,
0407JD,final,OxAve_StaCorr,ox_ave_sta_corr,148,130,0,0,,
0411RR,final,OxAve_StaCorr,ox_ave_sta_corr,64,56,0,0,,
0501NH,final,OxAve_StaCorr,ox_ave_sta_corr,73,64,0,0,,
0504NH,final,OxAve_StaCorr,ox_ave_sta_corr,75,64,0,0,,
0507NH,final,OxAve_StaCorr,ox_ave_sta_corr,74,63,0,0,,
0511NH,final,OxAve_StaCorr,ox_ave_sta_corr,72,60,0,0,,
0907M2,final,OxAve_StaCorr,ox_ave_sta_corr,91,80,0,0,,
0911NH,final,OxAve_StaCorr,ox_ave_sta_corr,75,64,0,0,,
1001NH,final,OxAve_StaCorr,ox_ave_sta_corr,89,80,0,0,,
1004MF,final,OxAve_StaCorr,ox_ave_sta_corr,74,68,0,0,,
1008NH,final,OxAve_StaCorr,ox_ave_sta_corr,76,66,0,0,,
1011NH,final,OxAve_StaCorr,ox_ave_sta_corr,67,57,0,0,,
1101NH,final,OxAve_StaCorr,ox_ave_sta_corr,105,93,0,0,,
1104SH,final,OxAve_StaCorr,ox_ave_sta_corr,134,114,0,0,,
1108NH,final,OxAve_StaCorr,ox_ave_sta_corr,72,64,0,0,,
1110NH,final,OxAve_StaCorr,ox_ave_sta_corr,76,66,0,0,,
1202NH,final,OxAve_StaCorr,ox_ave_sta_corr,74,64,0,0,,
1203SH,final,OxAve_StaCorr,ox_ave_sta_corr,57,54,0,0,,
1207OS,final,OxAve_StaCorr,ox_ave_sta_corr,74,62,0,0,,
1301SH,final,OxAve_StaCorr,ox_ave_sta_corr,90,81,0,0,,
1304SH,final,OxAve_StaCorr,ox_ave_sta_corr,80,71,0,0,,
1307NH,final,OxAve_StaCorr,ox_ave_sta_corr,74,64,0,0,,
1311NH,final,OxAve_StaCorr,ox_ave_sta_corr,82,71,0,0,,
1402SH,final,OxAve_StaCorr,ox_ave_sta_corr,36,28,0,0,,
1404OS,final,OxAve_StaCorr,ox_ave_sta_corr,70,58,0,0,,
1407NH,final,OxAve_StaCorr,ox_ave_sta_corr,74,64,0,0,,
1411NH,final,OxAve_StaCorr,ox_ave_sta_corr,76,66,0,0,,
1501NH,final,OxAve_StaCorr,ox_ave_sta_corr,200,180,0,0,,
1504NH,final,OxAve_StaCorr,ox_ave_sta_corr,70,59,0,0,,
1507OC,final,OxAve_StaCorr,ox_ave_sta_corr,70,61,0,0,,
1511OC,final,OxAve_StaCorr,ox_ave_sta_corr,64,54,0,0,,
1601RL,final,OxAve_StaCorr,ox_ave_sta_corr,104,92,0,0,,
1604SH,final,OxAve_StaCorr,ox_ave_sta_corr,101,89,0,0,,
1607OS,final,OxAve_StaCorr,ox_ave_sta_corr,68,58,0,0,,
1611SR,final,OxAve_StaCorr,ox_ave_sta_corr,75,64,0,0,,
1701RL,final,OxAve_StaCorr,ox_ave_sta_corr,150,128,0,0,,
1704SH,final,OxAve_StaCorr,ox_ave_sta_corr,208,182,0,0,,
1708SR,final,OxAve_StaCorr,ox_ave_sta_corr,73,63,0,0,,
1711SR,final,OxAve_StaCorr,ox_ave_sta_corr,74,63,0,0,,
1802SH,final,OxAve_StaCorr,ox_ave_sta_corr,45,43,0,0,,
1804SH,final,OxAve_StaCorr,ox_ave_sta_corr,103,91,0,0,,
1806SR,final,OxAve_StaCorr,ox_ave_sta_corr,72,64,0,0,,
1810SR,final,OxAve_StaCorr,ox_ave_sta_corr,74,64,0,0,,
1902RL,final,OxAve_StaCorr,ox_ave_sta_corr,29,27,0,0,,
1904RL,final,OxAve_StaCorr,ox_ave_sta_corr,67,56,0,0,,
1907BH,final,OxAve_StaCorr,ox_ave_sta_corr,69,59,0,0,,
1911OC,final,OxAve_StaCorr,ox_ave_sta_corr,73,63,0,0,,
2001RL,final,OxAve_StaCorr,ox_ave_sta_corr,103,92,0,0,,
2007SR,final,OxAve_StaCorr,ox_ave_sta_corr,73,65,0,0,,
2010SR,final,OxAve_StaCorr,ox_ave_sta_corr,71,59,0,0,,
2101RL,final,OxAve_StaCorr,ox_ave_sta_corr,71,65,0,0,,
2105SH,final,OxAve_StaCorr,ox_ave_sta_corr,33,33,0,0,,
2107SR,preliminary_with_bottle,OxAve_StaCorr,ox_ave_sta_corr,71,61,0,0,,
2111SR,preliminary_with_bottle,OxAve_StaCorr,ox_ave_sta_corr,75,64,0,0,,
2204SH,preliminary_with_bottle,OxAve_StaCorr,ox_ave_sta_corr,95,84,0,0,,
2208BH,preliminary_with_bottle,OxAve_StaCorr,ox_ave_sta_corr,55,45,0,0,,
2211SR,preliminary_with_bottle,OxAve_StaCorr,ox_ave_sta_corr,67,57,0,0,,
2301RL,preliminary_with_bottle,OxAve_StaCorr,ox_ave_sta_corr,70,60,0,0,,
2304SH,preliminary_with_bottle,OxAve_StaCorr,ox_ave_sta_corr,113,100,0,0,,
2307SR,preliminary_with_bottle,OxAve_StaCorr,ox_ave_sta_corr,67,58,0,0,,
2311SR,preliminary_with_bottle,OxAve_StaCorr,ox_ave_sta_corr,70,59,0,0,,
2401RL,preliminary_with_bottle,OxAve_StaCorr,ox_ave_sta_corr,33,26,0,0,,
2408SR,preliminary_with_bottle,OxAve_StaCorr,ox_ave_sta_corr,75,65,0,0,,
2411SR,preliminary_with_bottle,OxAve_StaCorr,ox_ave_sta_corr,45,41,0,0,,
2501RL,preliminary_with_bottle,OxAve_StaCorr,ox_ave_sta_corr,116,104,0,0,,
2504SH,preliminary_with_bottle,OxAve_StaCorr,ox_ave_sta_corr,99,89,0,0,,
9308NH,final,OxAve_StaCorr,ox_ave_sta_corr,65,63,0,0,,
9310NH,final,OxAve_StaCorr,ox_ave_sta_corr,66,64,0,0,,
9401JD,final,OxAve_StaCorr,ox_ave_sta_corr,132,130,0,0,,
9403JD,final,OxAve_StaCorr,ox_ave_sta_corr,132,128,0,0,,
9408NH,final,OxAve_StaCorr,ox_ave_sta_corr,63,61,0,0,,
9410NH,final,OxAve_StaCorr,ox_ave_sta_corr,66,64,0,0,,
9501JD,final,OxAve_StaCorr,ox_ave_sta_corr,65,63,0,0,,
9504NH,final,OxAve_StaCorr,ox_ave_sta_corr,126,124,0,0,,
9507JD,final,OxAve_StaCorr,ox_ave_sta_corr,130,126,0,0,,
9510NH,final,OxAve_StaCorr,ox_ave_sta_corr,140,136,0,0,,
9602JD,final,OxAve_StaCorr,ox_ave_sta_corr,132,128,0,0,,
9604JD,final,OxAve_StaCorr,ox_ave_sta_corr,128,126,0,0,,
9608NH,final,OxAve_StaCorr,ox_ave_sta_corr,132,128,0,0,,
9610RR,final,OxAve_StaCorr,ox_ave_sta_corr,152,148,0,0,,
9702JD,final,OxAve_StaCorr,ox_ave_sta_corr,140,136,0,0,,
9704NH,final,OxAve_StaCorr,ox_ave_sta_corr,130,126,0,0,,
9707JD,final,OxAve_StaCorr,ox_ave_sta_corr,66,65,0,0,,
9709NH,final,OxAve_StaCorr,ox_ave_sta_corr,63,62,0,0,,
9712SP,final,OxAve_StaCorr,ox_ave_sta_corr,9,9,0,0,,
9803SP,final,OxAve_StaCorr,ox_ave_sta_corr,14,13,0,0,,
9805SP,final,OxAve_StaCorr,ox_ave_sta_corr,15,14,0,0,,
9806SP,final,OxAve_StaCorr,ox_ave_sta_corr,20,19,0,0,,
9808SP,final,OxAve_StaCorr,ox_ave_sta_corr,20,19,0,0,,
9809NH,final,OxAve_StaCorr,ox_ave_sta_corr,66,63,0,0,,
9810SP,final,OxAve_StaCorr,ox_ave_sta_corr,19,18,0,0,,
9811SP,final,OxAve_StaCorr,ox_ave_sta_corr,20,19,0,0,,
9812SP,final,OxAve_StaCorr,ox_ave_sta_corr,16,15,0,0,,
9901RR,final,OxAve_StaCorr,ox_ave_sta_corr,65,64,0,0,,
9904JD,final,OxAve_StaCorr,ox_ave_sta_corr,66,63,0,0,,
9908NH,final,OxAve_StaCorr,ox_ave_sta_corr,66,65,0,0,,
9910NH,final,OxAve_StaCorr,ox_ave_sta_corr,66,65,0,0,,
2211SR,preliminary_with_bottle,OxAveuM_StaCorr,ox_aveu_m_sta_corr,70,60,60,100,0,0
2307SR,preliminary_with_bottle,OxAveuM_StaCorr,ox_aveu_m_sta_corr,67,58,58,100,0,0
2404SH,preliminary_with_bottle,OxAveuM_StaCorr,ox_aveu_m_sta_corr,116,104,6,5.8,0,0
0907M2,final,OxAveuM_StaCorr,ox_aveu_m_sta_corr,91,80,0,0,,
0911NH,final,OxAveuM_StaCorr,ox_aveu_m_sta_corr,75,64,0,0,,
1001NH,final,OxAveuM_StaCorr,ox_aveu_m_sta_corr,89,80,0,0,,
1004MF,final,OxAveuM_StaCorr,ox_aveu_m_sta_corr,74,68,0,0,,
1008NH,final,OxAveuM_StaCorr,ox_aveu_m_sta_corr,76,66,0,0,,
1011NH,final,OxAveuM_StaCorr,ox_aveu_m_sta_corr,67,57,0,0,,
1101NH,final,OxAveuM_StaCorr,ox_aveu_m_sta_corr,105,93,0,0,,
1104SH,final,OxAveuM_StaCorr,ox_aveu_m_sta_corr,134,114,0,0,,
1108NH,final,OxAveuM_StaCorr,ox_aveu_m_sta_corr,72,64,0,0,,
1110NH,final,OxAveuM_StaCorr,ox_aveu_m_sta_corr,76,66,0,0,,
1202NH,final,OxAveuM_StaCorr,ox_aveu_m_sta_corr,74,64,0,0,,
1203SH,final,OxAveuM_StaCorr,ox_aveu_m_sta_corr,57,54,0,0,,
1207OS,final,OxAveuM_StaCorr,ox_aveu_m_sta_corr,74,62,0,0,,
1301SH,final,OxAveuM_StaCorr,ox_aveu_m_sta_corr,90,81,0,0,,
1304SH,final,OxAveuM_StaCorr,ox_aveu_m_sta_corr,80,71,0,0,,
1307NH,final,OxAveuM_StaCorr,ox_aveu_m_sta_corr,74,64,0,0,,
1311NH,final,OxAveuM_StaCorr,ox_aveu_m_sta_corr,82,71,0,0,,
1402SH,final,OxAveuM_StaCorr,ox_aveu_m_sta_corr,36,28,0,0,,
1404OS,final,OxAveuM_StaCorr,ox_aveu_m_sta_corr,70,58,0,0,,
1407NH,final,OxAveuM_StaCorr,ox_aveu_m_sta_corr,75,65,0,0,,
1411NH,final,OxAveuM_StaCorr,ox_aveu_m_sta_corr,76,66,0,0,,
1501NH,final,OxAveuM_StaCorr,ox_aveu_m_sta_corr,200,180,0,0,,
1504NH,final,OxAveuM_StaCorr,ox_aveu_m_sta_corr,70,59,0,0,,
1507OC,final,OxAveuM_StaCorr,ox_aveu_m_sta_corr,70,61,0,0,,
1511OC,final,OxAveuM_StaCorr,ox_aveu_m_sta_corr,65,55,0,0,,
1601RL,final,OxAveuM_StaCorr,ox_aveu_m_sta_corr,104,92,0,0,,
1604SH,final,OxAveuM_StaCorr,ox_aveu_m_sta_corr,101,89,0,0,,
1607OS,final,OxAveuM_StaCorr,ox_aveu_m_sta_corr,68,58,0,0,,
1611SR,final,OxAveuM_StaCorr,ox_aveu_m_sta_corr,75,64,0,0,,
1701RL,final,OxAveuM_StaCorr,ox_aveu_m_sta_corr,151,128,0,0,,
1704SH,final,OxAveuM_StaCorr,ox_aveu_m_sta_corr,208,182,0,0,,
1708SR,final,OxAveuM_StaCorr,ox_aveu_m_sta_corr,73,63,0,0,,
1711SR,final,OxAveuM_StaCorr,ox_aveu_m_sta_corr,74,63,0,0,,
1802SH,final,OxAveuM_StaCorr,ox_aveu_m_sta_corr,45,43,0,0,,
1804SH,final,OxAveuM_StaCorr,ox_aveu_m_sta_corr,103,91,0,0,,
1806SR,final,OxAveuM_StaCorr,ox_aveu_m_sta_corr,72,64,0,0,,
1810SR,final,OxAveuM_StaCorr,ox_aveu_m_sta_corr,74,64,0,0,,
1902RL,final,OxAveuM_StaCorr,ox_aveu_m_sta_corr,29,27,0,0,,
1904RL,final,OxAveuM_StaCorr,ox_aveu_m_sta_corr,67,56,0,0,,
1907BH,final,OxAveuM_StaCorr,ox_aveu_m_sta_corr,70,59,0,0,,
2001RL,final,OxAveuM_StaCorr,ox_aveu_m_sta_corr,104,92,0,0,,
2007SR,final,OxAveuM_StaCorr,ox_aveu_m_sta_corr,75,65,0,0,,
2010SR,final,OxAveuM_StaCorr,ox_aveu_m_sta_corr,71,59,0,0,,
2101RL,final,OxAveuM_StaCorr,ox_aveu_m_sta_corr,75,65,0,0,,
2105SH,final,OxAveuM_StaCorr,ox_aveu_m_sta_corr,44,40,0,0,,
2107SR,preliminary_with_bottle,OxAveuM_StaCorr,ox_aveu_m_sta_corr,71,61,0,0,,
2111SR,preliminary_with_bottle,OxAveuM_StaCorr,ox_aveu_m_sta_corr,75,64,0,0,,
2204SH,preliminary_with_bottle,OxAveuM_StaCorr,ox_aveu_m_sta_corr,101,87,0,0,,
2208BH,preliminary_with_bottle,OxAveuM_StaCorr,ox_aveu_m_sta_corr,55,45,0,0,,
2301RL,preliminary_with_bottle,OxAveuM_StaCorr,ox_aveu_m_sta_corr,71,60,0,0,,
2304SH,preliminary_with_bottle,OxAveuM_StaCorr,ox_aveu_m_sta_corr,113,100,0,0,,
2311SR,preliminary_with_bottle,OxAveuM_StaCorr,ox_aveu_m_sta_corr,70,59,0,0,,
2401RL,preliminary_with_bottle,OxAveuM_StaCorr,ox_aveu_m_sta_corr,33,26,0,0,,
2408SR,preliminary_with_bottle,OxAveuM_StaCorr,ox_aveu_m_sta_corr,75,65,0,0,,
2411SR,preliminary_with_bottle,OxAveuM_StaCorr,ox_aveu_m_sta_corr,46,41,0,0,,
2501RL,preliminary_with_bottle,OxAveuM_StaCorr,ox_aveu_m_sta_corr,116,104,0,0,,
2504SH,preliminary_with_bottle,OxAveuM_StaCorr,ox_aveu_m_sta_corr,112,100,0,0,,
9901RR,final,OxAveuM_StaCorr,ox_aveu_m_sta_corr,32,32,0,0,,
0001NH,final,Salt1_Corr,salt1_corr,66,65,0,0,,
0004JD,final,Salt1_Corr,salt1_corr,66,64,0,0,,
0007NH,final,Salt1_Corr,salt1_corr,66,64,0,0,,
0010NH,final,Salt1_Corr,salt1_corr,62,61,0,0,,
0101JD,final,Salt1_Corr,salt1_corr,65,62,0,0,,
0104JD,final,Salt1_Corr,salt1_corr,67,64,0,0,,
0107NH,final,Salt1_Corr,salt1_corr,64,63,0,0,,
0110NH,final,Salt1_Corr,salt1_corr,66,64,0,0,,
0201JD,final,Salt1_Corr,salt1_corr,66,63,0,0,,
0204JD,final,Salt1_Corr,salt1_corr,134,128,0,0,,
0207NH,final,Salt1_Corr,salt1_corr,66,64,0,0,,
0211NH,final,Salt1_Corr,salt1_corr,66,65,0,0,,
0302JD,final,Salt1_Corr,salt1_corr,192,184,0,0,,
0304JD,final,Salt1_Corr,salt1_corr,33,32,0,0,,
0304RR,final,Salt1_Corr,salt1_corr,67,64,0,0,,
0307NH,final,Salt1_Corr,salt1_corr,63,62,0,0,,
0310NH,final,Salt1_Corr,salt1_corr,66,64,0,0,,
0401JD,final,Salt1_Corr,salt1_corr,98,94,0,0,,
0404NHJD,final,Salt1_Corr,salt1_corr,93,90,0,0,,
0407JD,final,Salt1_Corr,salt1_corr,148,130,0,0,,
0411RR,final,Salt1_Corr,salt1_corr,77,65,0,0,,
0501NH,final,Salt1_Corr,salt1_corr,75,64,0,0,,
0504NH,final,Salt1_Corr,salt1_corr,75,64,0,0,,
0507NH,final,Salt1_Corr,salt1_corr,74,63,0,0,,
0511NH,final,Salt1_Corr,salt1_corr,71,60,0,0,,
0602JD,final,Salt1_Corr,salt1_corr,96,85,0,0,,
0604NH,final,Salt1_Corr,salt1_corr,76,65,0,0,,
0607NH,final,Salt1_Corr,salt1_corr,74,64,0,0,,
0610RR,final,Salt1_Corr,salt1_corr,76,66,0,0,,
0701JD,final,Salt1_Corr,salt1_corr,84,75,0,0,,
0704JD,final,Salt1_Corr,salt1_corr,79,73,0,0,,
0707NH,final,Salt1_Corr,salt1_corr,146,126,0,0,,
0711NH,final,Salt1_Corr,salt1_corr,67,61,0,0,,
0801JD,final,Salt1_Corr,salt1_corr,210,192,0,0,,
0804JD,final,Salt1_Corr,salt1_corr,80,76,0,0,,
0808NH,final,Salt1_Corr,salt1_corr,69,64,0,0,,
0810NH,final,Salt1_Corr,salt1_corr,73,64,0,0,,
0901NH,final,Salt1_Corr,salt1_corr,75,64,0,0,,
0903JD,final,Salt1_Corr,salt1_corr,71,61,0,0,,
0907M2,final,Salt1_Corr,salt1_corr,101,89,0,0,,
0911NH,final,Salt1_Corr,salt1_corr,75,64,0,0,,
1001NH,final,Salt1_Corr,salt1_corr,92,83,0,0,,
1004MF,final,Salt1_Corr,salt1_corr,75,69,0,0,,
1008NH,final,Salt1_Corr,salt1_corr,76,66,0,0,,
1011NH,final,Salt1_Corr,salt1_corr,67,57,0,0,,
1101NH,final,Salt1_Corr,salt1_corr,105,93,0,0,,
1104SH,final,Salt1_Corr,salt1_corr,134,114,0,0,,
1108NH,final,Salt1_Corr,salt1_corr,72,64,0,0,,
1110NH,final,Salt1_Corr,salt1_corr,76,66,0,0,,
1202NH,final,Salt1_Corr,salt1_corr,74,64,0,0,,
1203SH,final,Salt1_Corr,salt1_corr,57,54,0,0,,
1207OS,final,Salt1_Corr,salt1_corr,75,63,0,0,,
1210NH,final,Salt1_Corr,salt1_corr,75,64,0,0,,
1301SH,final,Salt1_Corr,salt1_corr,90,81,0,0,,
1304SH,final,Salt1_Corr,salt1_corr,80,71,0,0,,
1307NH,final,Salt1_Corr,salt1_corr,74,64,0,0,,
1311NH,final,Salt1_Corr,salt1_corr,82,71,0,0,,
1402SH,final,Salt1_Corr,salt1_corr,36,28,0,0,,
1404OS,final,Salt1_Corr,salt1_corr,70,58,0,0,,
1407NH,final,Salt1_Corr,salt1_corr,75,65,0,0,,
1411NH,final,Salt1_Corr,salt1_corr,76,66,0,0,,
1501NH,final,Salt1_Corr,salt1_corr,200,180,0,0,,
1504NH,final,Salt1_Corr,salt1_corr,70,59,0,0,,
1507OC,final,Salt1_Corr,salt1_corr,70,61,0,0,,
1511OC,final,Salt1_Corr,salt1_corr,70,59,0,0,,
1601RL,final,Salt1_Corr,salt1_corr,104,92,0,0,,
1604SH,final,Salt1_Corr,salt1_corr,101,89,0,0,,
1607OS,final,Salt1_Corr,salt1_corr,68,58,0,0,,
1611SR,final,Salt1_Corr,salt1_corr,75,64,0,0,,
1701RL,final,Salt1_Corr,salt1_corr,164,140,0,0,,
1704SH,final,Salt1_Corr,salt1_corr,208,182,0,0,,
1708SR,final,Salt1_Corr,salt1_corr,73,63,0,0,,
1711SR,final,Salt1_Corr,salt1_corr,74,63,0,0,,
1802SH,final,Salt1_Corr,salt1_corr,45,43,0,0,,
1804SH,final,Salt1_Corr,salt1_corr,103,91,0,0,,
1806SR,final,Salt1_Corr,salt1_corr,72,64,0,0,,
1810SR,final,Salt1_Corr,salt1_corr,74,64,0,0,,
1902RL,final,Salt1_Corr,salt1_corr,29,27,0,0,,
1904RL,final,Salt1_Corr,salt1_corr,68,57,0,0,,
1907BH,final,Salt1_Corr,salt1_corr,70,59,0,0,,
1911OC,final,Salt1_Corr,salt1_corr,75,64,0,0,,
2001RL,final,Salt1_Corr,salt1_corr,104,92,0,0,,
2007SR,final,Salt1_Corr,salt1_corr,75,65,0,0,,
2010SR,final,Salt1_Corr,salt1_corr,71,59,0,0,,
2101RL,final,Salt1_Corr,salt1_corr,78,66,0,0,,
2105SH,final,Salt1_Corr,salt1_corr,44,40,0,0,,
2107SR,preliminary_with_bottle,Salt1_Corr,salt1_corr,71,61,0,0,,
2111SR,preliminary_with_bottle,Salt1_Corr,salt1_corr,75,64,0,0,,
2204SH,preliminary_with_bottle,Salt1_Corr,salt1_corr,101,87,0,0,,
2208BH,preliminary_with_bottle,Salt1_Corr,salt1_corr,55,45,0,0,,
2211SR,preliminary_with_bottle,Salt1_Corr,salt1_corr,73,62,0,0,,
2301RL,preliminary_with_bottle,Salt1_Corr,salt1_corr,72,61,0,0,,
2304SH,preliminary_with_bottle,Salt1_Corr,salt1_corr,113,100,0,0,,
2307SR,preliminary_with_bottle,Salt1_Corr,salt1_corr,69,59,0,0,,
2311SR,preliminary_with_bottle,Salt1_Corr,salt1_corr,71,60,0,0,,
2401RL,preliminary_with_bottle,Salt1_Corr,salt1_corr,33,26,0,0,,
2404SH,preliminary_with_bottle,Salt1_Corr,salt1_corr,116,104,0,0,,
2408SR,preliminary_with_bottle,Salt1_Corr,salt1_corr,75,65,0,0,,
2411SR,preliminary_with_bottle,Salt1_Corr,salt1_corr,47,41,0,0,,
2501RL,preliminary_with_bottle,Salt1_Corr,salt1_corr,116,104,0,0,,
2502RL,preliminary_with_bottle,Salt1_Corr,salt1_corr,3,2,0,0,,
2504SH,preliminary_with_bottle,Salt1_Corr,salt1_corr,112,100,0,0,,
9308NH,final,Salt1_Corr,salt1_corr,65,63,0,0,,
9310NH,final,Salt1_Corr,salt1_corr,66,64,0,0,,
9401JD,final,Salt1_Corr,salt1_corr,132,130,0,0,,
9403JD,final,Salt1_Corr,salt1_corr,132,128,0,0,,
9408NH,final,Salt1_Corr,salt1_corr,66,64,0,0,,
9410NH,final,Salt1_Corr,salt1_corr,66,64,0,0,,
9501JD,final,Salt1_Corr,salt1_corr,67,65,0,0,,
9504NH,final,Salt1_Corr,salt1_corr,126,124,0,0,,
9507JD,final,Salt1_Corr,salt1_corr,130,126,0,0,,
9510NH,final,Salt1_Corr,salt1_corr,140,136,0,0,,
9602JD,final,Salt1_Corr,salt1_corr,134,130,0,0,,
9604JD,final,Salt1_Corr,salt1_corr,130,128,0,0,,
9608NH,final,Salt1_Corr,salt1_corr,146,142,0,0,,
9610RR,final,Salt1_Corr,salt1_corr,171,167,0,0,,
9702JD,final,Salt1_Corr,salt1_corr,140,136,0,0,,
9704NH,final,Salt1_Corr,salt1_corr,140,136,0,0,,
9707JD,final,Salt1_Corr,salt1_corr,66,65,0,0,,
9709NH,final,Salt1_Corr,salt1_corr,63,62,0,0,,
9712SP,final,Salt1_Corr,salt1_corr,9,9,0,0,,
9802JD,final,Salt1_Corr,salt1_corr,66,65,0,0,,
9803SP,final,Salt1_Corr,salt1_corr,16,15,0,0,,
9804JD,final,Salt1_Corr,salt1_corr,170,164,0,0,,
9805SP,final,Salt1_Corr,salt1_corr,19,18,0,0,,
9806SP,final,Salt1_Corr,salt1_corr,20,19,0,0,,
9807NH,final,Salt1_Corr,salt1_corr,70,68,0,0,,
9808SP,final,Salt1_Corr,salt1_corr,20,19,0,0,,
9809NH,final,Salt1_Corr,salt1_corr,66,63,0,0,,
9810SP,final,Salt1_Corr,salt1_corr,19,18,0,0,,
9811SP,final,Salt1_Corr,salt1_corr,20,19,0,0,,
9812SP,final,Salt1_Corr,salt1_corr,16,15,0,0,,
9901RR,final,Salt1_Corr,salt1_corr,66,65,0,0,,
9904JD,final,Salt1_Corr,salt1_corr,66,63,0,0,,
9908NH,final,Salt1_Corr,salt1_corr,70,69,0,0,,
9910NH,final,Salt1_Corr,salt1_corr,68,67,0,0,,
0001NH,final,Salt2_Corr,salt2_corr,66,65,0,0,,
0004JD,final,Salt2_Corr,salt2_corr,66,64,0,0,,
0007NH,final,Salt2_Corr,salt2_corr,66,64,0,0,,
0010NH,final,Salt2_Corr,salt2_corr,62,61,0,0,,
0101JD,final,Salt2_Corr,salt2_corr,65,62,0,0,,
0104JD,final,Salt2_Corr,salt2_corr,67,64,0,0,,
0107NH,final,Salt2_Corr,salt2_corr,64,63,0,0,,
0110NH,final,Salt2_Corr,salt2_corr,66,64,0,0,,
0201JD,final,Salt2_Corr,salt2_corr,66,63,0,0,,
0204JD,final,Salt2_Corr,salt2_corr,134,128,0,0,,
0207NH,final,Salt2_Corr,salt2_corr,66,64,0,0,,
0211NH,final,Salt2_Corr,salt2_corr,61,60,0,0,,
0302JD,final,Salt2_Corr,salt2_corr,192,184,0,0,,
0307NH,final,Salt2_Corr,salt2_corr,63,62,0,0,,
0310NH,final,Salt2_Corr,salt2_corr,66,64,0,0,,
0401JD,final,Salt2_Corr,salt2_corr,98,94,0,0,,
0404NHJD,final,Salt2_Corr,salt2_corr,93,90,0,0,,
0407JD,final,Salt2_Corr,salt2_corr,148,130,0,0,,
0411RR,final,Salt2_Corr,salt2_corr,77,65,0,0,,
0501NH,final,Salt2_Corr,salt2_corr,75,64,0,0,,
0504NH,final,Salt2_Corr,salt2_corr,75,64,0,0,,
0507NH,final,Salt2_Corr,salt2_corr,63,58,0,0,,
0511NH,final,Salt2_Corr,salt2_corr,72,60,0,0,,
0602JD,final,Salt2_Corr,salt2_corr,96,85,0,0,,
0604NH,final,Salt2_Corr,salt2_corr,76,65,0,0,,
0607NH,final,Salt2_Corr,salt2_corr,74,64,0,0,,
0610RR,final,Salt2_Corr,salt2_corr,76,66,0,0,,
0701JD,final,Salt2_Corr,salt2_corr,84,75,0,0,,
0704JD,final,Salt2_Corr,salt2_corr,79,73,0,0,,
0707NH,final,Salt2_Corr,salt2_corr,146,126,0,0,,
0711NH,final,Salt2_Corr,salt2_corr,67,61,0,0,,
0801JD,final,Salt2_Corr,salt2_corr,210,192,0,0,,
0804JD,final,Salt2_Corr,salt2_corr,80,76,0,0,,
0808NH,final,Salt2_Corr,salt2_corr,69,64,0,0,,
0810NH,final,Salt2_Corr,salt2_corr,73,64,0,0,,
0901NH,final,Salt2_Corr,salt2_corr,75,64,0,0,,
0903JD,final,Salt2_Corr,salt2_corr,71,61,0,0,,
0907M2,final,Salt2_Corr,salt2_corr,101,89,0,0,,
0911NH,final,Salt2_Corr,salt2_corr,75,64,0,0,,
1001NH,final,Salt2_Corr,salt2_corr,92,83,0,0,,
1004MF,final,Salt2_Corr,salt2_corr,75,69,0,0,,
1008NH,final,Salt2_Corr,salt2_corr,76,66,0,0,,
1011NH,final,Salt2_Corr,salt2_corr,67,57,0,0,,
1101NH,final,Salt2_Corr,salt2_corr,105,93,0,0,,
1104SH,final,Salt2_Corr,salt2_corr,134,114,0,0,,
1108NH,final,Salt2_Corr,salt2_corr,72,64,0,0,,
1110NH,final,Salt2_Corr,salt2_corr,76,66,0,0,,
1202NH,final,Salt2_Corr,salt2_corr,74,64,0,0,,
1203SH,final,Salt2_Corr,salt2_corr,57,54,0,0,,
1207OS,final,Salt2_Corr,salt2_corr,75,63,0,0,,
1210NH,final,Salt2_Corr,salt2_corr,75,64,0,0,,
1301SH,final,Salt2_Corr,salt2_corr,90,81,0,0,,
1304SH,final,Salt2_Corr,salt2_corr,80,71,0,0,,
1307NH,final,Salt2_Corr,salt2_corr,74,64,0,0,,
1311NH,final,Salt2_Corr,salt2_corr,82,71,0,0,,
1402SH,final,Salt2_Corr,salt2_corr,36,28,0,0,,
1404OS,final,Salt2_Corr,salt2_corr,70,58,0,0,,
1407NH,final,Salt2_Corr,salt2_corr,75,65,0,0,,
1411NH,final,Salt2_Corr,salt2_corr,76,66,0,0,,
1501NH,final,Salt2_Corr,salt2_corr,112,94,0,0,,
1504NH,final,Salt2_Corr,salt2_corr,70,59,0,0,,
1507OC,final,Salt2_Corr,salt2_corr,70,61,0,0,,
1511OC,final,Salt2_Corr,salt2_corr,70,59,0,0,,
1601RL,final,Salt2_Corr,salt2_corr,104,92,0,0,,
1604SH,final,Salt2_Corr,salt2_corr,101,89,0,0,,
1607OS,final,Salt2_Corr,salt2_corr,68,58,0,0,,
1611SR,final,Salt2_Corr,salt2_corr,75,64,0,0,,
1701RL,final,Salt2_Corr,salt2_corr,164,140,0,0,,
1704SH,final,Salt2_Corr,salt2_corr,208,182,0,0,,
1708SR,final,Salt2_Corr,salt2_corr,73,63,0,0,,
1711SR,final,Salt2_Corr,salt2_corr,74,63,0,0,,
1802SH,final,Salt2_Corr,salt2_corr,45,43,0,0,,
1804SH,final,Salt2_Corr,salt2_corr,103,91,0,0,,
1806SR,final,Salt2_Corr,salt2_corr,72,64,0,0,,
1810SR,final,Salt2_Corr,salt2_corr,74,64,0,0,,
1902RL,final,Salt2_Corr,salt2_corr,29,27,0,0,,
1904RL,final,Salt2_Corr,salt2_corr,68,57,0,0,,
1907BH,final,Salt2_Corr,salt2_corr,70,59,0,0,,
1911OC,final,Salt2_Corr,salt2_corr,75,64,0,0,,
2001RL,final,Salt2_Corr,salt2_corr,104,92,0,0,,
2007SR,final,Salt2_Corr,salt2_corr,75,65,0,0,,
2010SR,final,Salt2_Corr,salt2_corr,71,59,0,0,,
2101RL,final,Salt2_Corr,salt2_corr,78,66,0,0,,
2105SH,final,Salt2_Corr,salt2_corr,44,40,0,0,,
2107SR,preliminary_with_bottle,Salt2_Corr,salt2_corr,71,61,0,0,,
2111SR,preliminary_with_bottle,Salt2_Corr,salt2_corr,75,64,0,0,,
2204SH,preliminary_with_bottle,Salt2_Corr,salt2_corr,101,87,0,0,,
2208BH,preliminary_with_bottle,Salt2_Corr,salt2_corr,55,45,0,0,,
2211SR,preliminary_with_bottle,Salt2_Corr,salt2_corr,73,62,0,0,,
2301RL,preliminary_with_bottle,Salt2_Corr,salt2_corr,72,61,0,0,,
2304SH,preliminary_with_bottle,Salt2_Corr,salt2_corr,113,100,0,0,,
2307SR,preliminary_with_bottle,Salt2_Corr,salt2_corr,69,59,0,0,,
2311SR,preliminary_with_bottle,Salt2_Corr,salt2_corr,71,60,0,0,,
2401RL,preliminary_with_bottle,Salt2_Corr,salt2_corr,17,12,0,0,,
2404SH,preliminary_with_bottle,Salt2_Corr,salt2_corr,116,104,0,0,,
2408SR,preliminary_with_bottle,Salt2_Corr,salt2_corr,75,65,0,0,,
2411SR,preliminary_with_bottle,Salt2_Corr,salt2_corr,47,41,0,0,,
2501RL,preliminary_with_bottle,Salt2_Corr,salt2_corr,116,104,0,0,,
2502RL,preliminary_with_bottle,Salt2_Corr,salt2_corr,3,2,0,0,,
2504SH,preliminary_with_bottle,Salt2_Corr,salt2_corr,113,101,0,0,,
9807NH,final,Salt2_Corr,salt2_corr,51,49,0,0,,
9809NH,final,Salt2_Corr,salt2_corr,66,63,0,0,,
9810SP,final,Salt2_Corr,salt2_corr,19,18,0,0,,
9811SP,final,Salt2_Corr,salt2_corr,20,19,0,0,,
9812SP,final,Salt2_Corr,salt2_corr,16,15,0,0,,
9901RR,final,Salt2_Corr,salt2_corr,65,64,0,0,,
9904JD,final,Salt2_Corr,salt2_corr,66,63,0,0,,
9908NH,final,Salt2_Corr,salt2_corr,70,69,0,0,,
9910NH,final,Salt2_Corr,salt2_corr,68,67,0,0,,
0001NH,final,SaltAve_Corr,salt_ave_corr,66,65,0,0,,
0004JD,final,SaltAve_Corr,salt_ave_corr,66,64,0,0,,
0007NH,final,SaltAve_Corr,salt_ave_corr,66,64,0,0,,
0010NH,final,SaltAve_Corr,salt_ave_corr,62,61,0,0,,
0101JD,final,SaltAve_Corr,salt_ave_corr,65,62,0,0,,
0104JD,final,SaltAve_Corr,salt_ave_corr,67,64,0,0,,
0107NH,final,SaltAve_Corr,salt_ave_corr,64,63,0,0,,
0110NH,final,SaltAve_Corr,salt_ave_corr,66,64,0,0,,
0201JD,final,SaltAve_Corr,salt_ave_corr,66,63,0,0,,
0204JD,final,SaltAve_Corr,salt_ave_corr,134,128,0,0,,
0207NH,final,SaltAve_Corr,salt_ave_corr,66,64,0,0,,
0211NH,final,SaltAve_Corr,salt_ave_corr,66,65,0,0,,
0302JD,final,SaltAve_Corr,salt_ave_corr,192,184,0,0,,
0304JD,final,SaltAve_Corr,salt_ave_corr,33,32,0,0,,
0304RR,final,SaltAve_Corr,salt_ave_corr,67,64,0,0,,
0307NH,final,SaltAve_Corr,salt_ave_corr,63,62,0,0,,
0310NH,final,SaltAve_Corr,salt_ave_corr,66,64,0,0,,
0401JD,final,SaltAve_Corr,salt_ave_corr,98,94,0,0,,
0404NHJD,final,SaltAve_Corr,salt_ave_corr,93,90,0,0,,
0407JD,final,SaltAve_Corr,salt_ave_corr,148,130,0,0,,
0411RR,final,SaltAve_Corr,salt_ave_corr,77,65,0,0,,
0501NH,final,SaltAve_Corr,salt_ave_corr,75,64,0,0,,
0504NH,final,SaltAve_Corr,salt_ave_corr,75,64,0,0,,
0507NH,final,SaltAve_Corr,salt_ave_corr,74,63,0,0,,
0511NH,final,SaltAve_Corr,salt_ave_corr,72,60,0,0,,
0602JD,final,SaltAve_Corr,salt_ave_corr,96,85,0,0,,
0604NH,final,SaltAve_Corr,salt_ave_corr,76,65,0,0,,
0607NH,final,SaltAve_Corr,salt_ave_corr,74,64,0,0,,
0610RR,final,SaltAve_Corr,salt_ave_corr,76,66,0,0,,
0701JD,final,SaltAve_Corr,salt_ave_corr,84,75,0,0,,
0704JD,final,SaltAve_Corr,salt_ave_corr,79,73,0,0,,
0707NH,final,SaltAve_Corr,salt_ave_corr,146,126,0,0,,
0711NH,final,SaltAve_Corr,salt_ave_corr,67,61,0,0,,
0801JD,final,SaltAve_Corr,salt_ave_corr,210,192,0,0,,
0804JD,final,SaltAve_Corr,salt_ave_corr,80,76,0,0,,
0808NH,final,SaltAve_Corr,salt_ave_corr,69,64,0,0,,
0810NH,final,SaltAve_Corr,salt_ave_corr,73,64,0,0,,
0901NH,final,SaltAve_Corr,salt_ave_corr,75,64,0,0,,
0903JD,final,SaltAve_Corr,salt_ave_corr,71,61,0,0,,
0907M2,final,SaltAve_Corr,salt_ave_corr,101,89,0,0,,
0911NH,final,SaltAve_Corr,salt_ave_corr,75,64,0,0,,
1001NH,final,SaltAve_Corr,salt_ave_corr,92,83,0,0,,
1004MF,final,SaltAve_Corr,salt_ave_corr,75,69,0,0,,
1008NH,final,SaltAve_Corr,salt_ave_corr,76,66,0,0,,
1011NH,final,SaltAve_Corr,salt_ave_corr,67,57,0,0,,
1101NH,final,SaltAve_Corr,salt_ave_corr,105,93,0,0,,
1104SH,final,SaltAve_Corr,salt_ave_corr,134,114,0,0,,
1108NH,final,SaltAve_Corr,salt_ave_corr,72,64,0,0,,
1110NH,final,SaltAve_Corr,salt_ave_corr,76,66,0,0,,
1202NH,final,SaltAve_Corr,salt_ave_corr,74,64,0,0,,
1203SH,final,SaltAve_Corr,salt_ave_corr,57,54,0,0,,
1207OS,final,SaltAve_Corr,salt_ave_corr,75,63,0,0,,
1210NH,final,SaltAve_Corr,salt_ave_corr,75,64,0,0,,
1301SH,final,SaltAve_Corr,salt_ave_corr,90,81,0,0,,
1304SH,final,SaltAve_Corr,salt_ave_corr,80,71,0,0,,
1307NH,final,SaltAve_Corr,salt_ave_corr,74,64,0,0,,
1311NH,final,SaltAve_Corr,salt_ave_corr,82,71,0,0,,
1402SH,final,SaltAve_Corr,salt_ave_corr,36,28,0,0,,
1404OS,final,SaltAve_Corr,salt_ave_corr,70,58,0,0,,
1407NH,final,SaltAve_Corr,salt_ave_corr,75,65,0,0,,
1411NH,final,SaltAve_Corr,salt_ave_corr,76,66,0,0,,
1501NH,final,SaltAve_Corr,salt_ave_corr,200,180,0,0,,
1504NH,final,SaltAve_Corr,salt_ave_corr,70,59,0,0,,
1507OC,final,SaltAve_Corr,salt_ave_corr,70,61,0,0,,
1511OC,final,SaltAve_Corr,salt_ave_corr,70,59,0,0,,
1601RL,final,SaltAve_Corr,salt_ave_corr,104,92,0,0,,
1604SH,final,SaltAve_Corr,salt_ave_corr,101,89,0,0,,
1607OS,final,SaltAve_Corr,salt_ave_corr,68,58,0,0,,
1611SR,final,SaltAve_Corr,salt_ave_corr,75,64,0,0,,
1701RL,final,SaltAve_Corr,salt_ave_corr,164,140,0,0,,
1704SH,final,SaltAve_Corr,salt_ave_corr,208,182,0,0,,
1708SR,final,SaltAve_Corr,salt_ave_corr,73,63,0,0,,
1711SR,final,SaltAve_Corr,salt_ave_corr,74,63,0,0,,
1802SH,final,SaltAve_Corr,salt_ave_corr,45,43,0,0,,
1804SH,final,SaltAve_Corr,salt_ave_corr,103,91,0,0,,
1806SR,final,SaltAve_Corr,salt_ave_corr,72,64,0,0,,
1810SR,final,SaltAve_Corr,salt_ave_corr,74,64,0,0,,
1902RL,final,SaltAve_Corr,salt_ave_corr,29,27,0,0,,
1904RL,final,SaltAve_Corr,salt_ave_corr,68,57,0,0,,
1907BH,final,SaltAve_Corr,salt_ave_corr,70,59,0,0,,
1911OC,final,SaltAve_Corr,salt_ave_corr,75,64,0,0,,
2001RL,final,SaltAve_Corr,salt_ave_corr,104,92,0,0,,
2007SR,final,SaltAve_Corr,salt_ave_corr,75,65,0,0,,
2010SR,final,SaltAve_Corr,salt_ave_corr,71,59,0,0,,
2101RL,final,SaltAve_Corr,salt_ave_corr,78,66,0,0,,
2105SH,final,SaltAve_Corr,salt_ave_corr,44,40,0,0,,
2107SR,preliminary_with_bottle,SaltAve_Corr,salt_ave_corr,71,61,0,0,,
2111SR,preliminary_with_bottle,SaltAve_Corr,salt_ave_corr,75,64,0,0,,
2204SH,preliminary_with_bottle,SaltAve_Corr,salt_ave_corr,101,87,0,0,,
2208BH,preliminary_with_bottle,SaltAve_Corr,salt_ave_corr,55,45,0,0,,
2211SR,preliminary_with_bottle,SaltAve_Corr,salt_ave_corr,73,62,0,0,,
2301RL,preliminary_with_bottle,SaltAve_Corr,salt_ave_corr,72,61,0,0,,
2304SH,preliminary_with_bottle,SaltAve_Corr,salt_ave_corr,113,100,0,0,,
2307SR,preliminary_with_bottle,SaltAve_Corr,salt_ave_corr,69,59,0,0,,
2311SR,preliminary_with_bottle,SaltAve_Corr,salt_ave_corr,71,60,0,0,,
2401RL,preliminary_with_bottle,SaltAve_Corr,salt_ave_corr,33,26,0,0,,
2404SH,preliminary_with_bottle,SaltAve_Corr,salt_ave_corr,116,104,0,0,,
2408SR,preliminary_with_bottle,SaltAve_Corr,salt_ave_corr,75,65,0,0,,
2411SR,preliminary_with_bottle,SaltAve_Corr,salt_ave_corr,47,41,0,0,,
2501RL,preliminary_with_bottle,SaltAve_Corr,salt_ave_corr,116,104,0,0,,
2502RL,preliminary_with_bottle,SaltAve_Corr,salt_ave_corr,3,2,0,0,,
2504SH,preliminary_with_bottle,SaltAve_Corr,salt_ave_corr,112,100,0,0,,
9308NH,final,SaltAve_Corr,salt_ave_corr,65,63,0,0,,
9310NH,final,SaltAve_Corr,salt_ave_corr,66,64,0,0,,
9401JD,final,SaltAve_Corr,salt_ave_corr,132,130,0,0,,
9403JD,final,SaltAve_Corr,salt_ave_corr,132,128,0,0,,
9408NH,final,SaltAve_Corr,salt_ave_corr,66,64,0,0,,
9410NH,final,SaltAve_Corr,salt_ave_corr,66,64,0,0,,
9501JD,final,SaltAve_Corr,salt_ave_corr,67,65,0,0,,
9504NH,final,SaltAve_Corr,salt_ave_corr,126,124,0,0,,
9507JD,final,SaltAve_Corr,salt_ave_corr,130,126,0,0,,
9510NH,final,SaltAve_Corr,salt_ave_corr,140,136,0,0,,
9602JD,final,SaltAve_Corr,salt_ave_corr,134,130,0,0,,
9604JD,final,SaltAve_Corr,salt_ave_corr,130,128,0,0,,
9608NH,final,SaltAve_Corr,salt_ave_corr,146,142,0,0,,
9610RR,final,SaltAve_Corr,salt_ave_corr,171,167,0,0,,
9702JD,final,SaltAve_Corr,salt_ave_corr,140,136,0,0,,
9704NH,final,SaltAve_Corr,salt_ave_corr,140,136,0,0,,
9707JD,final,SaltAve_Corr,salt_ave_corr,66,65,0,0,,
9709NH,final,SaltAve_Corr,salt_ave_corr,63,62,0,0,,
9712SP,final,SaltAve_Corr,salt_ave_corr,9,9,0,0,,
9802JD,final,SaltAve_Corr,salt_ave_corr,66,65,0,0,,
9803SP,final,SaltAve_Corr,salt_ave_corr,16,15,0,0,,
9804JD,final,SaltAve_Corr,salt_ave_corr,170,164,0,0,,
9805SP,final,SaltAve_Corr,salt_ave_corr,19,18,0,0,,
9806SP,final,SaltAve_Corr,salt_ave_corr,20,19,0,0,,
9807NH,final,SaltAve_Corr,salt_ave_corr,70,68,0,0,,
9808SP,final,SaltAve_Corr,salt_ave_corr,20,19,0,0,,
9809NH,final,SaltAve_Corr,salt_ave_corr,66,63,0,0,,
9810SP,final,SaltAve_Corr,salt_ave_corr,19,18,0,0,,
9811SP,final,SaltAve_Corr,salt_ave_corr,20,19,0,0,,
9812SP,final,SaltAve_Corr,salt_ave_corr,16,15,0,0,,
9901RR,final,SaltAve_Corr,salt_ave_corr,66,65,0,0,,
9904JD,final,SaltAve_Corr,salt_ave_corr,66,63,0,0,,
9908NH,final,SaltAve_Corr,salt_ave_corr,70,69,0,0,,
9910NH,final,SaltAve_Corr,salt_ave_corr,68,67,0,0,,
